season,seed,slot_0,slot_1,slot_2,slot_3,slot_4,slot_5,slot_6,slot_7,slot_8,slot_9,slot_10,slot_11,slot_12,slot_13,slot_14,slot_15,slot_16,slot_17,slot_18,slot_19,slot_20,slot_21,slot_22,slot_23,slot_24,slot_25,slot_26,slot_27,slot_28,slot_29,slot_30,slot_31,slot_32,slot_33,slot_34,slot_35,slot_36,slot_37,slot_38,slot_39,slot_40,slot_41,slot_42,slot_43,slot_44,slot_45,slot_46,slot_47,slot_48,slot_49,slot_50,slot_51,slot_52,slot_53,slot_54,slot_55,slot_56,slot_57,slot_58,slot_59,slot_60,slot_61,slot_62,slot_63,slot_64,slot_65,slot_66,slot_67,slot_68,slot_69,slot_70,slot_71,slot_72,slot_73,slot_74,slot_75,slot_76,slot_77,slot_78,slot_79,slot_80,slot_81,slot_82,slot_83,slot_84,slot_85,slot_86,slot_87,slot_88,slot_89,slot_90,slot_91,slot_92,slot_93,slot_94,slot_95
Dry season,0,0.8571428571428579,0.8571428571428579,0.8571428571428579,0.8571428571428579,0.8571428571428579,0.8571428571428579,0.8571428571428579,0.8571428571428579,0.8571428571428579,0.8571428571428579,0.8571428571428579,0.8571428571428579,0.8571428571428579,0.8571428571428579,0.8571428571428579,0.8571428571428579,0.8571428571428579,0.8571428571428579,0.8571428571428579,0.8571428571428579,0.8571428571428579,0.8571428571428579,0.8571428571428579,0.8571428571428579,0.8571428571428579,0.8571428571428579,0.8571428571428579,0.8571428571428579,0.8571428571428579,292.35791139235295,301.52288261938156,210.63854579600599,498.57152225570945,591.5982096926817,656.678333521983,522.5898303283817,449.9717456751698,438.2460209561405,549.4094638147666,521.9437522273943,491.95152927820305,603.3064749087794,526.6291472419831,409.9722142665825,494.28623782805687,563.7607491067706,373.85124115688296,329.5092337080542,392.6197476434348,0.8571428571428579,384.73648840775274,287.04580243819476,229.4457461458082,313.515869849045,763.3540404535231,663.2567960736441,591.5251444389276,323.9761199948289,478.56114193665593,598.9811607510346,453.63464001174174,512.4255380938927,453.3372945830323,402.3839998465074,403.5494963979167,369.27419568098384,429.65622362516916,490.7269202320276,512.2622374277375,964.6829544430127,1188.3561991351676,907.8256764537255,773.5149498198631,905.4882596775975,1032.5291836503197,935.2720936632053,691.115364782231,822.9378282488901,1017.3430614182894,840.8668731750811,487.44391304579426,561.4543727200531,508.8604590293107,0.8571428571428579,0.8571428571428579,0.8571428571428579,0.8571428571428579,0.8571428571428579,0.8571428571428579,0.8571428571428579,0.8571428571428579,0.8571428571428579,0.8571428571428579,0.8571428571428579,0.8571428571428579,0.8571428571428579
Dry season,1,0.8571428571428579,0.8571428571428579,0.8571428571428579,0.8571428571428579,0.8571428571428579,0.8571428571428579,0.8571428571428579,0.8571428571428579,0.8571428571428579,0.8571428571428579,0.8571428571428579,0.8571428571428579,0.8571428571428579,0.8571428571428579,0.8571428571428579,0.8571428571428579,0.8571428571428579,0.8571428571428579,0.8571428571428579,0.8571428571428579,0.8571428571428579,0.8571428571428579,0.8571428571428579,0.8571428571428579,0.8571428571428579,0.8571428571428579,0.8571428571428579,0.8571428571428579,0.8571428571428579,371.44548209380093,289.3493326928569,100.20409314155675,462.88171079397887,651.4102661077114,539.1262253991268,562.1746261012952,455.56416231429813,536.3806982538188,510.2385518316013,552.2731742281321,366.9618543842646,444.8887096601609,502.7413632250902,569.210380411257,470.2846622560446,557.989412290017,484.5331284481763,308.5103093514635,310.9884020916547,0.8571428571428579,448.657258784709,382.1096813761788,101.85460869633525,536.0864782191572,835.9346757060814,683.2892704252744,333.56583643605796,558.1363694347907,588.1622286577939,568.8583540038143,418.7683650335809,507.3827788916071,628.1447104292373,338.5790741010955,344.5494987249649,376.97586365111965,462.4317404214386,626.7885616283614,280.8533746301197,735.0787294496038,963.0136338410999,1112.9478950677108,866.2379089189851,723.5592207594553,848.0225404723159,828.6219958384538,884.6798042064905,700.7310206202957,906.9551883984167,965.1205433996583,654.4347717585003,578.4188085256337,652.2271197712805,0.8571428571428579,0.8571428571428579,0.8571428571428579,0.8571428571428579,0.8571428571428579,0.8571428571428579,0.8571428571428579,0.8571428571428579,0.8571428571428579,0.8571428571428579,0.8571428571428579,0.8571428571428579,0.8571428571428579
Dry season,2,0.8571428571428579,0.8571428571428579,0.8571428571428579,0.8571428571428579,0.8571428571428579,0.8571428571428579,0.8571428571428579,0.8571428571428579,0.8571428571428579,0.8571428571428579,0.8571428571428579,0.8571428571428579,0.8571428571428579,0.8571428571428579,0.8571428571428579,0.8571428571428579,0.8571428571428579,0.8571428571428579,0.8571428571428579,0.8571428571428579,0.8571428571428579,0.8571428571428579,0.8571428571428579,0.8571428571428579,0.8571428571428579,0.8571428571428579,0.8571428571428579,0.8571428571428579,0.8571428571428579,365.88962292492397,294.6593331755938,162.4638312963365,476.6133658003574,735.970278268768,509.18229780651814,456.4757451616617,519.6399349768151,652.7901938696618,511.3733582520532,417.93324395673585,411.41189358558347,613.5814678111802,511.12158834080986,548.792730128782,535.1476049269796,537.9348364217553,322.4305249999898,356.0589609596899,481.19408602394583,0.8571428571428579,325.72770160548214,220.44058365501488,340.38545807405166,396.6970563368169,616.8730161794178,542.7029137482601,500.51203902190616,539.6457471865529,536.3102205691439,338.83325262209536,406.56775564666924,599.5745584325011,485.9709328092391,250.66087225733514,392.08971351974094,175.2973059858849,516.3344633455733,523.9742308049008,447.4565917908816,700.9090132375743,1066.8083867672894,921.770004553107,875.4607345677092,722.2477330321792,851.2741628620076,800.2332929606058,868.5957560656693,860.6936601959155,895.1517635648357,877.2888067570597,687.083693581682,468.21908203990995,468.0513734046616,0.8571428571428579,0.8571428571428579,0.8571428571428579,0.8571428571428579,0.8571428571428579,0.8571428571428579,0.8571428571428579,0.8571428571428579,0.8571428571428579,0.8571428571428579,0.8571428571428579,0.8571428571428579,0.8571428571428579
Dry season,3,0.8571428571428579,0.8571428571428579,0.8571428571428579,0.8571428571428579,0.8571428571428579,0.8571428571428579,0.8571428571428579,0.8571428571428579,0.8571428571428579,0.8571428571428579,0.8571428571428579,0.8571428571428579,0.8571428571428579,0.8571428571428579,0.8571428571428579,0.8571428571428579,0.8571428571428579,0.8571428571428579,0.8571428571428579,0.8571428571428579,0.8571428571428579,0.8571428571428579,0.8571428571428579,0.8571428571428579,0.8571428571428579,0.8571428571428579,0.8571428571428579,0.8571428571428579,0.8571428571428579,404.5186983180371,329.74639567692367,181.42093071124313,438.1262432165701,725.2093813112696,559.7972042802493,581.8921541305317,501.0676755539893,555.3478707874649,434.10328469713045,555.5077695758549,458.6011512403329,480.8597683244057,473.0971631053051,557.1751688979746,653.6938627318578,485.09761314430045,279.8172684219686,421.68625408516675,433.6071280018528,0.8571428571428579,444.22442892362056,212.49970386990722,215.16002122171403,553.6556013317424,656.5135479648445,487.68637420087896,511.8709856514653,668.7482246853173,548.5031566596434,480.3266333396574,438.2309496577602,607.3526472149157,531.2568457371757,319.4957843764656,336.08277643817456,342.1449128626624,590.2917772997458,401.84199425432774,299.1267381186311,612.536262451807,1172.7887197975433,980.2062948874055,797.7564176893494,764.992652167489,892.4264525474453,889.2729957347566,823.2053660991754,811.9397508645586,888.0300669141436,860.566655039425,606.8322032275811,714.0876774785417,545.6543684504924,0.8571428571428579,0.8571428571428579,0.8571428571428579,0.8571428571428579,0.8571428571428579,0.8571428571428579,0.8571428571428579,0.8571428571428579,0.8571428571428579,0.8571428571428579,0.8571428571428579,0.8571428571428579,0.8571428571428579
Dry season,4,0.8571428571428579,0.8571428571428579,0.8571428571428579,0.8571428571428579,0.8571428571428579,0.8571428571428579,0.8571428571428579,0.8571428571428579,0.8571428571428579,0.8571428571428579,0.8571428571428579,0.8571428571428579,0.8571428571428579,0.8571428571428579,0.8571428571428579,0.8571428571428579,0.8571428571428579,0.8571428571428579,0.8571428571428579,0.8571428571428579,0.8571428571428579,0.8571428571428579,0.8571428571428579,0.8571428571428579,0.8571428571428579,0.8571428571428579,0.8571428571428579,0.8571428571428579,0.8571428571428579,326.25030583791687,266.7970310768103,267.34150651823853,558.5583785105148,669.1908958727846,620.3437423549553,472.9203250097591,589.2818794838381,490.0934897977268,466.7954614654711,513.8361479156048,591.9848594882745,439.47219251980636,485.89318842335155,528.0497102643988,573.5995891653695,499.6787457033524,366.17861042050083,465.4264289868236,471.66118392741095,0.8571428571428579,523.9192887973588,282.9813745278776,210.9578895399651,478.851568797408,782.4666498222286,634.8068717710822,515.1077490839883,443.3310662655497,452.78680246665266,589.5337453054375,524.2291179751736,561.7290521005393,525.2882240116645,359.059022107341,343.98338221402963,372.61312230846426,494.3107244425311,388.4608925601242,256.4570380207804,816.9258984134672,1351.9121174634636,635.9099546043373,755.4387887983013,947.9638286853792,852.641698265541,808.2545824707788,663.1599193898566,687.1193312583811,1050.461943123411,915.6500322322646,507.4170640426092,533.0388773425047,520.963225111365,0.8571428571428579,0.8571428571428579,0.8571428571428579,0.8571428571428579,0.8571428571428579,0.8571428571428579,0.8571428571428579,0.8571428571428579,0.8571428571428579,0.8571428571428579,0.8571428571428579,0.8571428571428579,0.8571428571428579
Dry season,5,0.8571428571428579,0.8571428571428579,0.8571428571428579,0.8571428571428579,0.8571428571428579,0.8571428571428579,0.8571428571428579,0.8571428571428579,0.8571428571428579,0.8571428571428579,0.8571428571428579,0.8571428571428579,0.8571428571428579,0.8571428571428579,0.8571428571428579,0.8571428571428579,0.8571428571428579,0.8571428571428579,0.8571428571428579,0.8571428571428579,0.8571428571428579,0.8571428571428579,0.8571428571428579,0.8571428571428579,0.8571428571428579,0.8571428571428579,0.8571428571428579,0.8571428571428579,0.8571428571428579,249.68960690283214,315.37500960370886,263.2491331786753,496.44794290797216,598.5800848411737,614.5255951869934,433.04043194788545,545.2957991676641,493.31382794144673,489.3810537649459,475.2629196886579,567.1223352332116,603.1689490980773,394.17703568820065,541.5948062872001,657.3708574506766,398.9163972320551,299.62761936659814,329.7617567847676,367.27302413233775,0.8571428571428579,377.4327046227435,295.85387333592377,224.56170063259665,480.74027329987166,677.7341938182128,565.1229574607313,502.0233395597994,632.8223915828602,473.82067829450864,570.404204608374,474.49754749588817,641.0591536361173,489.0258101702065,333.06232133052964,364.0817168697132,419.48048958242777,414.2885085264905,455.2310474900163,416.56568135824784,947.6892752735645,958.6978732369505,835.8174955172269,972.6792057946826,742.4551768038968,771.6756980120239,874.3475929179647,892.5897877792376,837.5621783367122,889.5891222166434,871.564879799372,592.2748400275556,536.6530106095086,504.469805680451,0.8571428571428579,0.8571428571428579,0.8571428571428579,0.8571428571428579,0.8571428571428579,0.8571428571428579,0.8571428571428579,0.8571428571428579,0.8571428571428579,0.8571428571428579,0.8571428571428579,0.8571428571428579,0.8571428571428579
Dry season,6,0.8571428571428579,0.8571428571428579,0.8571428571428579,0.8571428571428579,0.8571428571428579,0.8571428571428579,0.8571428571428579,0.8571428571428579,0.8571428571428579,0.8571428571428579,0.8571428571428579,0.8571428571428579,0.8571428571428579,0.8571428571428579,0.8571428571428579,0.8571428571428579,0.8571428571428579,0.8571428571428579,0.8571428571428579,0.8571428571428579,0.8571428571428579,0.8571428571428579,0.8571428571428579,0.8571428571428579,0.8571428571428579,0.8571428571428579,0.8571428571428579,0.8571428571428579,0.8571428571428579,441.2224740295836,347.7445743358138,159.21098211209838,448.8126557676099,839.863895231734,677.3641141868205,409.6433370033449,514.1739363878285,518.5939735101142,522.2528461138332,396.53816579139504,674.3751124564021,481.11511473462946,466.34416490559914,618.4876770310669,568.9209607520651,505.381637924457,327.813709943872,347.0475867311079,338.33152831411945,0.8571428571428579,364.9364335373091,315.21100585808364,170.53864481433638,443.1793468484667,784.5744608957851,514.8626594791435,436.5964851998122,526.2111631099814,482.96752202584844,436.28408784736115,530.1974118698172,539.3653875532515,502.39944618392843,295.2039646301218,399.4808009575114,368.64013684426897,443.38474676841946,469.31588142071996,391.8274714006145,921.1031208027151,1097.2996792132947,760.4924292610168,832.9850518319793,791.2447594445068,789.8128424089008,938.1455135325034,682.2293184031325,853.0196213878419,870.9286577058623,1054.3674253233144,563.4317810888008,585.3642805784799,718.5251638490697,0.8571428571428579,0.8571428571428579,0.8571428571428579,0.8571428571428579,0.8571428571428579,0.8571428571428579,0.8571428571428579,0.8571428571428579,0.8571428571428579,0.8571428571428579,0.8571428571428579,0.8571428571428579,0.8571428571428579
Dry season,7,0.8571428571428579,0.8571428571428579,0.8571428571428579,0.8571428571428579,0.8571428571428579,0.8571428571428579,0.8571428571428579,0.8571428571428579,0.8571428571428579,0.8571428571428579,0.8571428571428579,0.8571428571428579,0.8571428571428579,0.8571428571428579,0.8571428571428579,0.8571428571428579,0.8571428571428579,0.8571428571428579,0.8571428571428579,0.8571428571428579,0.8571428571428579,0.8571428571428579,0.8571428571428579,0.8571428571428579,0.8571428571428579,0.8571428571428579,0.8571428571428579,0.8571428571428579,0.8571428571428579,393.9703922927817,281.55917775098885,227.0865814412842,386.0965215665584,835.426489714328,390.0353767214207,492.59858850563717,448.8266061345907,754.7269638661454,401.93390262202377,547.2943227396937,481.0150247937861,575.845546280079,350.44055395428876,583.1361396336105,665.8176503736447,579.091093292828,298.50500733890635,401.7044468229855,331.92222317761906,0.8571428571428579,477.11782001541667,300.0777725549795,192.45468595814188,551.413620096824,799.6493336659411,485.61063052119266,367.3413281663628,608.6404416969252,625.3981940325441,382.01727038185885,537.3892708366271,636.4186093073025,538.3016962556812,345.65770659596507,382.1603577094001,427.7391555076726,542.3289472715411,431.62107109308283,255.26680616876163,811.554186421757,1053.6421530106995,815.2395834259333,642.2611379131687,818.1726967362013,801.0195786994293,710.62542803242,830.3083106105839,928.728799871176,847.6623235751057,755.2345828675873,681.3678328295097,661.5042657074604,451.8242067060231,0.8571428571428579,0.8571428571428579,0.8571428571428579,0.8571428571428579,0.8571428571428579,0.8571428571428579,0.8571428571428579,0.8571428571428579,0.8571428571428579,0.8571428571428579,0.8571428571428579,0.8571428571428579,0.8571428571428579
Dry season,8,0.8571428571428579,0.8571428571428579,0.8571428571428579,0.8571428571428579,0.8571428571428579,0.8571428571428579,0.8571428571428579,0.8571428571428579,0.8571428571428579,0.8571428571428579,0.8571428571428579,0.8571428571428579,0.8571428571428579,0.8571428571428579,0.8571428571428579,0.8571428571428579,0.8571428571428579,0.8571428571428579,0.8571428571428579,0.8571428571428579,0.8571428571428579,0.8571428571428579,0.8571428571428579,0.8571428571428579,0.8571428571428579,0.8571428571428579,0.8571428571428579,0.8571428571428579,0.8571428571428579,487.9243990907236,398.03123481673094,131.12977906932466,452.99234079638035,904.5438977374464,581.6445355842396,367.04385778078614,571.6352891183702,546.8538581166008,511.25083392881345,520.4051226933072,516.225954425779,601.1046277796054,433.615141294662,473.09204906659113,630.4738509305746,487.98685300952656,375.48927636674154,482.0978278380897,394.0373854379507,0.8571428571428579,441.7751512209093,210.7980130708823,117.70788564616204,484.61126269075635,724.2646518243367,629.4779339503032,430.5259467541955,430.49947169173356,651.6637513524198,544.4753192913377,509.2911092110507,437.9639572268072,599.7482787604966,337.75393783906236,449.7398325310466,329.6188636670404,310.8662719303991,588.2209964884051,390.7340328381579,705.8000963883394,1134.8370030346543,926.5087707898075,860.680629822757,668.260011267845,860.260469923365,784.507049888372,937.3367846463394,719.9491723717032,729.2758035190021,988.3878867493517,781.9527126931564,669.2357420434529,412.0362163594799,0.8571428571428579,0.8571428571428579,0.8571428571428579,0.8571428571428579,0.8571428571428579,0.8571428571428579,0.8571428571428579,0.8571428571428579,0.8571428571428579,0.8571428571428579,0.8571428571428579,0.8571428571428579,0.8571428571428579
Dry season,9,0.8571428571428579,0.8571428571428579,0.8571428571428579,0.8571428571428579,0.8571428571428579,0.8571428571428579,0.8571428571428579,0.8571428571428579,0.8571428571428579,0.8571428571428579,0.8571428571428579,0.8571428571428579,0.8571428571428579,0.8571428571428579,0.8571428571428579,0.8571428571428579,0.8571428571428579,0.8571428571428579,0.8571428571428579,0.8571428571428579,0.8571428571428579,0.8571428571428579,0.8571428571428579,0.8571428571428579,0.8571428571428579,0.8571428571428579,0.8571428571428579,0.8571428571428579,0.8571428571428579,306.3445306203848,246.77019662023625,185.3348712918747,425.8755659849581,617.6827060623004,494.24228021302855,470.98111598638087,562.9746200284382,419.57078264406977,498.6288214134844,487.24333343374565,547.3241724388259,509.6668392611852,333.38652900777896,588.8013431068025,541.000353616633,349.7226652323594,312.9706330745269,544.1892074716557,377.9542045638617,0.8571428571428579,350.98206356094505,267.54627788746035,208.39458687601257,438.6424166515686,818.2510709927894,505.0262492949781,397.4109430274448,394.0938972511401,534.5527173072421,463.66095981964577,580.4416919654919,554.0368257883382,529.9004313517205,304.8499869333369,477.7188215225497,221.42593650467842,393.80460262062576,536.9729686149615,394.9373846742388,815.7697517463437,953.7927884918887,813.9108028051957,838.7300073149631,829.882136023263,963.4047658002311,745.4288710576675,756.2506606374092,772.6969315378145,1036.903205006586,881.5441336425621,551.1340443959399,650.1989453629359,499.2308495517928,0.8571428571428579,0.8571428571428579,0.8571428571428579,0.8571428571428579,0.8571428571428579,0.8571428571428579,0.8571428571428579,0.8571428571428579,0.8571428571428579,0.8571428571428579,0.8571428571428579,0.8571428571428579,0.8571428571428579
Dry season,10,0.8571428571428579,0.8571428571428579,0.8571428571428579,0.8571428571428579,0.8571428571428579,0.8571428571428579,0.8571428571428579,0.8571428571428579,0.8571428571428579,0.8571428571428579,0.8571428571428579,0.8571428571428579,0.8571428571428579,0.8571428571428579,0.8571428571428579,0.8571428571428579,0.8571428571428579,0.8571428571428579,0.8571428571428579,0.8571428571428579,0.8571428571428579,0.8571428571428579,0.8571428571428579,0.8571428571428579,0.8571428571428579,0.8571428571428579,0.8571428571428579,0.8571428571428579,0.8571428571428579,304.6215554056578,215.42993158727646,291.53357798196015,454.82557183930527,702.8716584085466,553.7151870581656,457.99614263605457,595.2330009415256,481.0879413433793,428.7844585034626,375.2688735926326,663.2548057910849,550.619907355537,430.60115930391567,371.6517082763414,593.3446304286662,424.9891604084288,384.27633968758227,381.52091865939906,463.8665969191323,0.8571428571428579,354.9730079118898,307.837457520913,121.63886090314675,430.001066781039,697.9270562664212,568.77275840615,504.4904760552075,378.7026200199006,518.2310128128556,426.70639617965077,585.9480034611933,507.1963553987601,502.91897990977753,257.66786436493027,418.03241207049916,378.15407644222756,486.41581605724315,519.5607485578132,528.4114299209652,707.0850252247433,898.9002285648506,941.2188870355395,937.202094669664,863.3034418051918,871.1458186615445,785.0059603544304,900.5956726863491,809.1977996104561,978.3633062038709,881.2283294685417,430.8577072385925,738.7111983133439,543.8132368657832,0.8571428571428579,0.8571428571428579,0.8571428571428579,0.8571428571428579,0.8571428571428579,0.8571428571428579,0.8571428571428579,0.8571428571428579,0.8571428571428579,0.8571428571428579,0.8571428571428579,0.8571428571428579,0.8571428571428579
Dry season,11,0.8571428571428579,0.8571428571428579,0.8571428571428579,0.8571428571428579,0.8571428571428579,0.8571428571428579,0.8571428571428579,0.8571428571428579,0.8571428571428579,0.8571428571428579,0.8571428571428579,0.8571428571428579,0.8571428571428579,0.8571428571428579,0.8571428571428579,0.8571428571428579,0.8571428571428579,0.8571428571428579,0.8571428571428579,0.8571428571428579,0.8571428571428579,0.8571428571428579,0.8571428571428579,0.8571428571428579,0.8571428571428579,0.8571428571428579,0.8571428571428579,0.8571428571428579,0.8571428571428579,560.1389342748095,205.93510260265924,89.77966846989747,516.2678797055364,897.4243812451224,559.6542225994078,314.3206078843865,565.163411550968,624.2869022545223,463.3380141680053,467.4510681938925,570.2507362491259,544.5327002189238,448.229771696435,544.5934620930446,658.6524489653189,499.12480082057454,318.31082528233395,447.73640117296844,423.09861517193735,0.8571428571428579,264.993695615947,254.83461989820006,212.4110790451838,595.0156622288363,658.5213821455046,608.1330857844644,439.2090179842882,663.5337663001353,513.1108757076843,474.6931608612018,488.35851783760705,617.5231300872209,600.4493130062219,330.22188699543693,406.0171649248924,272.5419836149156,579.9453831947344,491.5865624938807,358.64992058846553,885.9624876016788,1126.4211455279683,793.8284563980563,764.3259255540011,813.0048951920577,845.6385798163531,834.3851338426961,844.8792778476711,879.1543707641923,782.2799830731929,875.635252631661,595.6029835415434,614.3091718913753,579.7966944458308,0.8571428571428579,0.8571428571428579,0.8571428571428579,0.8571428571428579,0.8571428571428579,0.8571428571428579,0.8571428571428579,0.8571428571428579,0.8571428571428579,0.8571428571428579,0.8571428571428579,0.8571428571428579,0.8571428571428579
Dry season,12,0.8571428571428579,0.8571428571428579,0.8571428571428579,0.8571428571428579,0.8571428571428579,0.8571428571428579,0.8571428571428579,0.8571428571428579,0.8571428571428579,0.8571428571428579,0.8571428571428579,0.8571428571428579,0.8571428571428579,0.8571428571428579,0.8571428571428579,0.8571428571428579,0.8571428571428579,0.8571428571428579,0.8571428571428579,0.8571428571428579,0.8571428571428579,0.8571428571428579,0.8571428571428579,0.8571428571428579,0.8571428571428579,0.8571428571428579,0.8571428571428579,0.8571428571428579,0.8571428571428579,315.96801391810646,250.45192472111563,137.1030088427628,494.98145951471713,721.5739408684697,589.3605135545985,400.92661017785156,483.5619085805001,516.5322666416268,463.73233093251054,434.0724656170404,543.515273955042,546.8193281905332,415.47625222645877,418.352332635155,520.0229585169678,542.3051276441142,402.5291442335465,371.428849820666,306.148726868706,0.8571428571428579,383.27882258507515,348.2366829267685,239.7224834384348,547.0707882680381,741.3121037333793,660.6481933261923,418.30109740376247,520.0232687227091,531.8751878633104,646.5176799312388,431.793824768069,551.9155134955028,520.3980160880335,365.4358883245812,380.6019596490847,363.4894858395786,493.90177276411816,481.5301246200408,311.71799777495636,711.3252363818341,1021.6112664731614,885.9904639585774,768.3781460370705,801.3647435325663,851.5555183512091,741.535325245239,763.9110995284312,754.2527313549718,1044.5574814831584,781.3114623259357,613.1320446100676,602.2107681510589,567.7448592334671,0.8571428571428579,0.8571428571428579,0.8571428571428579,0.8571428571428579,0.8571428571428579,0.8571428571428579,0.8571428571428579,0.8571428571428579,0.8571428571428579,0.8571428571428579,0.8571428571428579,0.8571428571428579,0.8571428571428579
Dry season,13,0.8571428571428579,0.8571428571428579,0.8571428571428579,0.8571428571428579,0.8571428571428579,0.8571428571428579,0.8571428571428579,0.8571428571428579,0.8571428571428579,0.8571428571428579,0.8571428571428579,0.8571428571428579,0.8571428571428579,0.8571428571428579,0.8571428571428579,0.8571428571428579,0.8571428571428579,0.8571428571428579,0.8571428571428579,0.8571428571428579,0.8571428571428579,0.8571428571428579,0.8571428571428579,0.8571428571428579,0.8571428571428579,0.8571428571428579,0.8571428571428579,0.8571428571428579,0.8571428571428579,410.4798708897103,291.49301740591466,180.89406061073865,449.71536302157426,760.210270582413,621.4780224784015,452.3323602223963,456.9424691453964,536.2128179259333,581.0607148677584,537.7555151261589,543.7031344009664,467.9996995141921,471.9288892331188,589.5773202825102,590.1013029994358,540.1998612072586,382.7922691991752,309.1377609227858,343.23549685835934,0.8571428571428579,261.91001465192653,265.6998440163974,293.7310407614187,383.85709483675413,588.7435473196862,544.5739659831582,628.4147665281226,467.2623220310134,328.7375581181235,587.5091546126235,529.3150893608309,502.37856268200807,381.4778504155443,439.3459747071728,378.4336810487077,343.45725083488884,345.2634913003525,466.2504993426477,423.39759074592354,795.3683052381332,1212.3187605369503,893.3547897961539,818.7816523774995,616.1909230871082,782.2183781200448,857.520737681236,781.0141348006832,715.5726757837575,838.3386099049545,880.1901306942647,693.4135476116638,672.9849570237442,534.299926310847,0.8571428571428579,0.8571428571428579,0.8571428571428579,0.8571428571428579,0.8571428571428579,0.8571428571428579,0.8571428571428579,0.8571428571428579,0.8571428571428579,0.8571428571428579,0.8571428571428579,0.8571428571428579,0.8571428571428579
Dry season,14,0.8571428571428579,0.8571428571428579,0.8571428571428579,0.8571428571428579,0.8571428571428579,0.8571428571428579,0.8571428571428579,0.8571428571428579,0.8571428571428579,0.8571428571428579,0.8571428571428579,0.8571428571428579,0.8571428571428579,0.8571428571428579,0.8571428571428579,0.8571428571428579,0.8571428571428579,0.8571428571428579,0.8571428571428579,0.8571428571428579,0.8571428571428579,0.8571428571428579,0.8571428571428579,0.8571428571428579,0.8571428571428579,0.8571428571428579,0.8571428571428579,0.8571428571428579,0.8571428571428579,515.3230768489045,298.0341142615994,160.52362990010928,395.5317641310739,887.5695003510267,589.6958636487344,413.6799710829976,402.92693402146625,667.9420496976379,431.7204006250031,465.57051594317267,563.7409932375666,473.68079630313247,512.5145771862952,479.0852218434339,593.0157325162181,492.28702433822,406.96367834605695,441.2151451782327,322.6042842628092,0.8571428571428579,284.0248755422926,323.24243613317884,274.6131376698293,431.953405219197,603.2881884110983,621.5446738189712,550.9239427231684,462.6602834483729,393.6123146836102,510.49320158377657,534.8873342195428,642.4938594067925,517.8002965220902,333.59504425015234,359.5390155672084,360.26696686936737,431.7303384497949,418.8732033024796,421.70733326777935,777.8685588165032,1021.0024236671474,929.9929780275863,764.3085994585854,692.4619858689116,904.6729238435125,850.101442912129,734.257258661371,835.6035246626095,1059.869330001856,926.1316324288124,546.7023430033128,579.1652846757946,546.5298051205835,0.8571428571428579,0.8571428571428579,0.8571428571428579,0.8571428571428579,0.8571428571428579,0.8571428571428579,0.8571428571428579,0.8571428571428579,0.8571428571428579,0.8571428571428579,0.8571428571428579,0.8571428571428579,0.8571428571428579
Dry season,15,0.8571428571428579,0.8571428571428579,0.8571428571428579,0.8571428571428579,0.8571428571428579,0.8571428571428579,0.8571428571428579,0.8571428571428579,0.8571428571428579,0.8571428571428579,0.8571428571428579,0.8571428571428579,0.8571428571428579,0.8571428571428579,0.8571428571428579,0.8571428571428579,0.8571428571428579,0.8571428571428579,0.8571428571428579,0.8571428571428579,0.8571428571428579,0.8571428571428579,0.8571428571428579,0.8571428571428579,0.8571428571428579,0.8571428571428579,0.8571428571428579,0.8571428571428579,0.8571428571428579,353.81360845291874,242.18805802755696,288.4511032271266,507.61241913015937,621.5392655690255,506.5552973715358,591.96106446104,565.6451841684434,472.61323791075995,562.2825506209889,599.5204076426069,440.6607988736721,409.4175677169547,456.89792418933007,582.2969885217694,523.7659830022361,474.1637802620463,317.0683888015036,371.5060779944694,384.4269490043714,0.8571428571428579,222.3699999341776,286.43755626634567,303.9495671537186,434.53845996932216,695.54085564408,576.8887867335254,442.27111061877105,546.8514706726471,483.5050985238871,547.1636846312332,460.7433247080902,635.6121724471393,359.331919683652,318.2220822081587,434.1230920865173,447.7461495388634,403.2722303511311,368.9533258361658,537.0669536811046,842.3586774404056,1003.341699267918,645.2830232866675,1041.0273761697645,717.4380494401518,671.9270977155087,879.3322356142111,846.535050528322,704.9616968045252,827.1699206072532,930.8668879722112,570.0591800675345,440.7938728115813,487.83558547416044,0.8571428571428579,0.8571428571428579,0.8571428571428579,0.8571428571428579,0.8571428571428579,0.8571428571428579,0.8571428571428579,0.8571428571428579,0.8571428571428579,0.8571428571428579,0.8571428571428579,0.8571428571428579,0.8571428571428579
Dry season,16,0.8571428571428579,0.8571428571428579,0.8571428571428579,0.8571428571428579,0.8571428571428579,0.8571428571428579,0.8571428571428579,0.8571428571428579,0.8571428571428579,0.8571428571428579,0.8571428571428579,0.8571428571428579,0.8571428571428579,0.8571428571428579,0.8571428571428579,0.8571428571428579,0.8571428571428579,0.8571428571428579,0.8571428571428579,0.8571428571428579,0.8571428571428579,0.8571428571428579,0.8571428571428579,0.8571428571428579,0.8571428571428579,0.8571428571428579,0.8571428571428579,0.8571428571428579,0.8571428571428579,338.81154647041865,305.9862585606103,201.7484572626387,528.4668192555508,643.2323508707972,635.25261630067,564.4541100207159,536.8241395941537,481.8719916538023,474.913251428145,644.7688763522575,403.66280642131636,599.4290671879327,485.3810637145887,601.2136041508888,427.654209968368,533.2391901761553,331.63547306052084,476.1134242773866,347.51100066312415,0.8571428571428579,300.8985402092639,184.0585666651942,186.13586753896828,527.8017269098351,637.3688085122998,429.96584018275456,496.7052991093982,475.1736436824486,447.3312453709517,526.5462054849039,505.0465290909627,439.55713711235865,414.579808664888,434.13691779020576,476.3064986561339,401.6652495157143,360.6191944684813,509.477394964647,280.6194585431982,755.6459268730584,1035.379178827626,897.7052608864986,854.731450955266,942.5757435628578,750.596312109114,612.444906934023,842.4486716638447,835.0013794716195,817.6556289016207,837.1528560389507,595.3590478767562,676.458544595374,487.3004602293399,0.8571428571428579,0.8571428571428579,0.8571428571428579,0.8571428571428579,0.8571428571428579,0.8571428571428579,0.8571428571428579,0.8571428571428579,0.8571428571428579,0.8571428571428579,0.8571428571428579,0.8571428571428579,0.8571428571428579
Dry season,17,0.8571428571428579,0.8571428571428579,0.8571428571428579,0.8571428571428579,0.8571428571428579,0.8571428571428579,0.8571428571428579,0.8571428571428579,0.8571428571428579,0.8571428571428579,0.8571428571428579,0.8571428571428579,0.8571428571428579,0.8571428571428579,0.8571428571428579,0.8571428571428579,0.8571428571428579,0.8571428571428579,0.8571428571428579,0.8571428571428579,0.8571428571428579,0.8571428571428579,0.8571428571428579,0.8571428571428579,0.8571428571428579,0.8571428571428579,0.8571428571428579,0.8571428571428579,0.8571428571428579,339.98328323956775,202.25940392417968,223.54038387397623,566.486992696406,703.9608769006737,480.4660129161433,391.3635829127333,664.669279440415,415.2309527770689,496.7829561686384,487.32064614252795,569.6386740264265,528.7510772549025,442.07688991614566,589.8711778592984,665.2127739730854,436.2065156569422,445.7377739012673,345.62659210922527,411.88761841001576,0.8571428571428579,366.7957569366826,275.9798139809746,157.89935071844587,517.0006055482839,679.4599027800369,499.2187830532367,523.8937168739161,539.6675140894105,437.8302404284115,473.9040892947333,520.3503796482577,573.7960859342145,414.4431202063122,273.48798810151595,451.1485893201934,485.0945965763228,584.420311415842,553.7859819848253,475.48416191992186,726.4233733126518,1177.4011553573532,855.7529419897498,755.6236007831146,841.7582995449591,960.1866574274683,826.3016346123676,720.2562068711561,853.1541129497624,1028.6398039540918,996.4347348259747,507.38097738807693,509.71264803949106,585.5380460033533,0.8571428571428579,0.8571428571428579,0.8571428571428579,0.8571428571428579,0.8571428571428579,0.8571428571428579,0.8571428571428579,0.8571428571428579,0.8571428571428579,0.8571428571428579,0.8571428571428579,0.8571428571428579,0.8571428571428579
Dry season,18,0.8571428571428579,0.8571428571428579,0.8571428571428579,0.8571428571428579,0.8571428571428579,0.8571428571428579,0.8571428571428579,0.8571428571428579,0.8571428571428579,0.8571428571428579,0.8571428571428579,0.8571428571428579,0.8571428571428579,0.8571428571428579,0.8571428571428579,0.8571428571428579,0.8571428571428579,0.8571428571428579,0.8571428571428579,0.8571428571428579,0.8571428571428579,0.8571428571428579,0.8571428571428579,0.8571428571428579,0.8571428571428579,0.8571428571428579,0.8571428571428579,0.8571428571428579,0.8571428571428579,520.9742638309115,226.062288149021,191.90431183176136,425.81883291345986,709.3223481866718,644.8159200896894,428.26240182293805,511.01072073981567,582.8770944403135,484.7528255993326,469.68254090310063,481.3220628505507,487.54912216555437,602.3039604197861,544.4348025705696,546.5848581673415,383.99497609266695,502.67611142510424,363.1920704263697,375.8474141135914,0.8571428571428579,415.7087118007266,340.2670245598421,205.2927830919717,303.01191309569805,828.8154987779569,678.4536353911564,428.9234136412922,338.23309155071087,540.6694145161365,625.7264694393276,369.4756492370342,609.3041469049612,435.6367760169775,373.1932984477907,369.138069847654,304.7877980919979,280.647196782146,454.85975046730704,483.78686540560307,922.0351763609625,891.4515324221059,814.4788404768518,837.8893125238087,902.9984875377478,699.6964717056583,708.4090659824383,902.9140200765548,937.25585337088,984.4825080916738,717.0132083768387,652.5531908281397,654.8706278796395,512.0997873130219,0.8571428571428579,0.8571428571428579,0.8571428571428579,0.8571428571428579,0.8571428571428579,0.8571428571428579,0.8571428571428579,0.8571428571428579,0.8571428571428579,0.8571428571428579,0.8571428571428579,0.8571428571428579,0.8571428571428579
Dry season,19,0.8571428571428579,0.8571428571428579,0.8571428571428579,0.8571428571428579,0.8571428571428579,0.8571428571428579,0.8571428571428579,0.8571428571428579,0.8571428571428579,0.8571428571428579,0.8571428571428579,0.8571428571428579,0.8571428571428579,0.8571428571428579,0.8571428571428579,0.8571428571428579,0.8571428571428579,0.8571428571428579,0.8571428571428579,0.8571428571428579,0.8571428571428579,0.8571428571428579,0.8571428571428579,0.8571428571428579,0.8571428571428579,0.8571428571428579,0.8571428571428579,0.8571428571428579,0.8571428571428579,268.28720140084755,294.2098187523737,185.10694855400544,455.51527004763165,658.2838105328294,490.7580521900497,487.5592172285982,517.2075021215927,503.55388526018794,501.81843787691537,529.0245011974166,470.52486056822164,534.5721574150529,527.9541496593663,445.1656245077205,530.8671751311066,582.0948783632289,345.8353968432965,322.5149545808889,263.3592987711464,0.8571428571428579,379.64126599167696,209.5209230822963,221.00217830639164,414.2223234464017,807.657509638424,510.10402241327967,475.59721488292377,481.07592458621536,478.30579878706214,490.8742400066003,531.6562160850066,529.8960275897566,465.09539370439524,314.6253791879863,405.67539184431695,326.3765730443096,565.667812224759,478.8575083574336,241.5937377931683,886.7079658248327,1154.4926320781485,740.0510807068944,803.4593159670757,750.5519575696406,1141.8047009638713,628.084880788991,695.6536038125528,786.4026772941745,1270.1812337579297,737.0731779748311,452.64108474761457,512.0544820358238,576.8035845273257,0.8571428571428579,0.8571428571428579,0.8571428571428579,0.8571428571428579,0.8571428571428579,0.8571428571428579,0.8571428571428579,0.8571428571428579,0.8571428571428579,0.8571428571428579,0.8571428571428579,0.8571428571428579,0.8571428571428579
May,0,0.0,0.0,0.0,0.0,0.0,0.0,0.0,0.0,0.0,0.0,0.0,0.0,0.0,0.0,0.0,0.0,0.0,0.0,0.0,0.0,0.0,0.0,0.0,0.0,0.0,0.0,0.0,0.0,0.0,261.8224849168131,466.5971415095748,237.74085889085913,271.89978479832655,326.468331976125,162.94248276758424,139.5896829403561,301.5963172911282,297.5935968121834,237.60786828925606,446.9643094013231,285.8554729451732,312.83856013429045,322.14831621195145,359.4505638657142,338.0518472020977,325.90866030186197,304.0283845751247,214.03489490627717,177.7718640041094,121.35870629167015,131.6673546566183,262.16817015551493,116.6170816938446,153.7962514452116,59.58162299950497,0.0,559.462807589469,1241.8144367538362,1149.732065539157,745.7553015561604,743.967583080122,867.7287102597577,831.848497757143,978.9966963752781,1025.5392271566307,1106.8080467704503,1221.4121309739855,1087.020121009187,977.5904285251837,917.8028120890268,821.9386808179369,1055.045483126087,1193.7155839281045,1081.8758172894645,1029.0507109730231,1305.7772016631332,1417.96496069372,1282.0432414982956,940.2611270807341,567.8718325033352,601.2336212127601,556.8827589178303,735.5860659005267,691.080961012823,363.0690225340005,198.78439095551622,0.0,0.0,0.0,0.0,0.0,0.0,0.0,0.0,0.0,0.0
May,1,0.0,0.0,0.0,0.0,0.0,0.0,0.0,0.0,0.0,0.0,0.0,0.0,0.0,0.0,0.0,0.0,0.0,0.0,0.0,0.0,0.0,0.0,0.0,0.0,0.0,0.0,0.0,0.0,0.0,206.6211298191013,329.3287750905622,282.7485200221112,247.88773657860855,314.9828389372532,285.53604165489435,297.0048933888871,279.9661906259698,177.94768255978911,197.37123670529976,243.66524906836224,360.5762614137856,321.21859254365216,436.32462045112476,338.55422510318243,344.43305398947996,338.88427914814184,385.5174470486815,258.5565371007452,148.20182969123067,157.99596430690343,135.90143802316146,151.90774326265745,219.17288401054617,190.64003029417668,100.10652810658321,0.0,595.9305106194303,1358.44855015941,1346.392654851753,747.153186303972,463.4813447644453,763.1934736676159,805.1068112882508,745.6556788920155,1012.3192430445051,1291.1666166472455,1170.9490971528103,923.1759267931624,837.1082705650381,883.5110563384982,1056.76012305884,1075.9433448885784,855.2623618327123,921.3107103610057,1151.9553513140806,1161.6496071061556,1144.9468871326937,1295.9016082929443,954.8184888987278,600.552105446509,645.4406100137626,660.5397662841001,487.5830651390595,555.1082922517293,603.7843973244285,304.9962414857592,0.0,0.0,0.0,0.0,0.0,0.0,0.0,0.0,0.0,0.0
May,2,0.0,0.0,0.0,0.0,0.0,0.0,0.0,0.0,0.0,0.0,0.0,0.0,0.0,0.0,0.0,0.0,0.0,0.0,0.0,0.0,0.0,0.0,0.0,0.0,0.0,0.0,0.0,0.0,0.0,267.4638467955544,432.85239965068797,319.04008251078073,336.4286867936134,268.1454764523271,246.16726808250507,201.9523266755371,217.0420981922367,319.37039715445644,351.561357823733,392.5675944699023,385.79858374103355,408.27206062619223,441.559620862155,259.4096673465639,289.1309928194392,339.1640368415737,414.7489585845533,320.41552586385103,198.35082771123294,196.92164636626143,299.4308696149294,171.70257405021175,178.4468244293434,157.7540839605948,133.15063309837564,0.0,731.4484908671558,1377.329144883689,1425.883835253842,1033.7450378177496,811.9788957690834,656.9611441359616,603.3778894955283,630.2436214422452,1003.3357232319302,1254.7322509594599,1054.737462752447,1125.2810801906235,1294.2645323065108,948.9295554543395,771.0274909281201,1084.3854150343273,1011.2005105671435,920.0562741173163,1128.5223736441096,1053.278932260557,899.4977643815107,1499.2083928710367,1421.0045222060066,774.2259050320947,560.0155509758514,584.3551559105166,347.35385550943624,274.2120930083381,351.4846052514027,334.04920651012884,0.0,0.0,0.0,0.0,0.0,0.0,0.0,0.0,0.0,0.0
May,3,0.0,0.0,0.0,0.0,0.0,0.0,0.0,0.0,0.0,0.0,0.0,0.0,0.0,0.0,0.0,0.0,0.0,0.0,0.0,0.0,0.0,0.0,0.0,0.0,0.0,0.0,0.0,0.0,0.0,233.84619976339334,444.20069221086743,343.75568663846605,283.30192529614357,143.74693741964435,194.9523734442566,245.1753693009828,228.40496262791493,273.8784890285387,282.6523384204198,318.41292071111104,383.4944971236549,322.6047670577713,270.4745813940097,318.2782830756635,344.54525781229165,306.06416195932957,445.11644151162034,269.80981188323534,127.32943183490333,154.43950991181785,176.50855272430002,166.73226514248935,182.43838522569942,184.7835663323876,78.26351338208256,0.0,527.742963735793,1211.3275656204928,1149.8640893707475,842.816309575514,706.0805336869552,933.0027519194098,868.4143362403028,757.7339373196918,893.1890808676587,1126.8760804245924,963.5379395487612,936.2900199420285,1029.5446300499073,1024.3245868274873,814.1617679588907,828.979453019824,910.81811097896,985.0200653041084,973.5284044471939,1162.388741212079,1255.7775823682207,1200.218228413683,1051.756418050108,701.9804289245327,655.3523374580998,477.1730009161121,397.93293275271014,412.2826072575081,493.7920960165467,348.8910064899581,0.0,0.0,0.0,0.0,0.0,0.0,0.0,0.0,0.0,0.0
May,4,0.0,0.0,0.0,0.0,0.0,0.0,0.0,0.0,0.0,0.0,0.0,0.0,0.0,0.0,0.0,0.0,0.0,0.0,0.0,0.0,0.0,0.0,0.0,0.0,0.0,0.0,0.0,0.0,0.0,304.2365752364541,433.6637542619264,347.6509893471151,353.2332775018011,236.6105428215271,181.89111076037986,227.3235312556748,194.2449515344098,195.0800239935514,306.9506938596474,413.5668239662363,411.1432830139883,293.1162788721042,335.14256270593967,300.1896433880611,311.7775248257809,269.53909350487845,389.11604108029474,238.426757772028,248.62580222072546,222.46787710989867,160.0865749925867,224.97981708825168,154.32822548211146,129.74426656948498,114.53074514901692,0.0,501.42171315472456,1086.7064086740584,1049.9774181492098,889.2226253675634,765.3414331811024,677.9346115807746,742.7346663284505,906.4033237032106,1085.5682117293322,854.2426642233655,844.1959617178856,1093.9560725745584,990.0702881214186,948.4169946134311,804.8782817321472,872.5335999962608,1030.3586741561373,993.2347339289282,1212.4255835626584,967.3698012225727,918.8761490181447,1237.540034357445,1120.2539372850458,705.4105689999196,492.4518332705089,416.24530441552037,475.8348676279394,459.0401896454985,405.31732097637183,210.7240660748231,0.0,0.0,0.0,0.0,0.0,0.0,0.0,0.0,0.0,0.0
May,5,0.0,0.0,0.0,0.0,0.0,0.0,0.0,0.0,0.0,0.0,0.0,0.0,0.0,0.0,0.0,0.0,0.0,0.0,0.0,0.0,0.0,0.0,0.0,0.0,0.0,0.0,0.0,0.0,0.0,253.62260840652942,426.8464690258032,273.6089150230103,303.12240089106825,316.39443499161996,277.61912992206385,153.67675009944625,264.6881129782522,306.28323243261457,288.00229886413547,334.32794696584284,360.03993663881744,393.42441672640354,382.55075985028753,288.847294633042,224.61405820201566,331.91643088821553,521.4367287043,255.800369261629,230.77502172545323,146.93579190214942,98.2226574091243,175.4867227243845,138.39972513978032,122.82226809712816,121.32765825168326,0.0,441.81192713662284,1449.2842213172075,1433.2193438476556,1187.6805602074282,1019.3297253482018,854.2963931895443,570.0433707837491,613.6934598495953,1047.0896395169636,1025.7605415429268,1262.2766645596619,1236.0536271393025,1255.4722290523941,1167.2228031947461,1067.6746953091106,909.9630637511785,751.3562537567248,889.0024998298662,1162.5101115894108,1213.8004672919544,1306.6064227972745,1388.5820620299598,1110.2294463254204,634.9251779099194,498.6681719004024,595.8222281918632,619.3656621193874,442.6704130627757,467.0490784972226,227.1507816698658,0.0,0.0,0.0,0.0,0.0,0.0,0.0,0.0,0.0,0.0
May,6,0.0,0.0,0.0,0.0,0.0,0.0,0.0,0.0,0.0,0.0,0.0,0.0,0.0,0.0,0.0,0.0,0.0,0.0,0.0,0.0,0.0,0.0,0.0,0.0,0.0,0.0,0.0,0.0,0.0,335.080683457969,510.3910194194387,238.49958460960752,277.6719739452709,205.63252343713114,158.72273886307377,174.72677633928322,300.62928619949327,400.7991564595767,332.676237488361,368.1969245120885,346.67608447190554,267.43876366940714,484.02977791429004,332.02625040517734,249.76801130593188,357.9958185146664,354.52009531082683,215.34890041421747,161.67475392179418,219.23935187543597,204.25468860373587,189.53747329929394,194.27621085137665,211.71340223662204,39.49952970543124,0.0,576.3996902803221,1271.078429017723,1442.134352931272,1188.5950053560716,771.8290852950576,645.7747489360446,390.058576569251,588.6586032369811,1000.3988525941306,1211.5090625872024,1180.3296432065267,1058.267612213958,1208.0567815942618,1184.8537761432194,862.2504775063616,791.4664623804099,709.4725308994161,810.7051484206839,914.6172960692276,1043.5433466074755,1089.78925976828,1431.9867624456197,1270.9617775053025,682.9706072435022,643.673788355507,521.004532664595,451.02945233097574,414.00169595335063,446.77117044576494,325.94364519812314,0.0,0.0,0.0,0.0,0.0,0.0,0.0,0.0,0.0,0.0
May,7,0.0,0.0,0.0,0.0,0.0,0.0,0.0,0.0,0.0,0.0,0.0,0.0,0.0,0.0,0.0,0.0,0.0,0.0,0.0,0.0,0.0,0.0,0.0,0.0,0.0,0.0,0.0,0.0,0.0,326.0274169389614,379.769547557812,318.97469107416515,319.8463449593706,220.48347074527643,165.19989206304496,182.20499349383167,190.25071445553104,382.3144162176917,385.66547352924664,349.47348867582735,251.30168076628556,282.33209265192085,296.5798070847192,343.54326872009824,284.65967979990916,288.63339304092904,482.23499374406197,273.03198490784865,155.15012280714447,212.0409995861395,188.74499796212305,135.02392009014414,104.55708375214338,136.26657903645136,110.4802813224559,0.0,347.9045845260083,772.8388674642179,982.704442688576,824.3152468679108,629.8153622803953,684.346336207044,1058.382910939491,1292.541297158557,1233.2087329358774,918.1828130483557,951.3900934039833,906.5791606956052,692.8925247841909,842.3607382203305,1235.7789545539335,1417.5485795454026,1129.5430792425593,862.0674958344233,918.8627882412255,1065.1119720092113,1267.5298015866572,1365.5114637091108,1017.5930703409784,552.657143530836,631.2044930419128,635.2073929343434,534.8293427324435,539.9651954228927,550.6724818206106,245.22877296887276,0.0,0.0,0.0,0.0,0.0,0.0,0.0,0.0,0.0,0.0
May,8,0.0,0.0,0.0,0.0,0.0,0.0,0.0,0.0,0.0,0.0,0.0,0.0,0.0,0.0,0.0,0.0,0.0,0.0,0.0,0.0,0.0,0.0,0.0,0.0,0.0,0.0,0.0,0.0,0.0,294.8475160468628,437.2945553811585,368.6271005619473,231.99113354239034,256.07253622880694,203.22615773987027,175.07766189891606,146.87920847632262,332.47999301708256,338.6713247452335,262.1229112682457,468.9168908954097,355.04622716416276,300.1186105386002,262.4084837495017,365.6302044431665,334.4287782482815,291.7555549538433,179.43917010291435,207.56323999214248,186.30832946479228,160.4721186499384,198.63318226662963,183.7061941962377,150.0726113506253,86.91363245866464,0.0,721.841519219953,1582.200121083418,1394.546397201914,943.7222196967712,740.6098200873205,580.7372324046611,636.1939327584116,928.5359167422379,987.2306025287367,1088.5731733807152,1592.923929084654,1319.3842302569233,878.1132196111914,768.9412590407023,873.8688027132561,862.0512781874221,961.7463291265833,1127.1965605656503,1160.580597013459,1274.1265138722167,1244.231757181642,1177.7095787141245,917.9711859700492,596.0111081794518,550.3294781462802,695.8734448741576,654.2466830680438,509.90355765451824,519.108840507062,269.143917163322,0.0,0.0,0.0,0.0,0.0,0.0,0.0,0.0,0.0,0.0
May,9,0.0,0.0,0.0,0.0,0.0,0.0,0.0,0.0,0.0,0.0,0.0,0.0,0.0,0.0,0.0,0.0,0.0,0.0,0.0,0.0,0.0,0.0,0.0,0.0,0.0,0.0,0.0,0.0,0.0,228.7548568542885,428.4494177964404,282.8757155285375,226.0450840128564,204.74452109780952,294.90462366489254,241.2953601194695,320.4542339893152,310.02212933191254,262.0070687434929,360.2417423912039,282.8235275181939,295.4153951791172,396.1957769901136,344.5074389716389,416.1470105855636,326.27790407004835,432.3080144502446,338.965302895378,208.80725254387335,178.66593162626748,149.83574646126462,97.81482283673425,118.02030553926241,203.22133550264232,88.01128431573153,0.0,406.0369813817941,1125.2387992777499,1271.8122700182682,934.6449232331194,861.6901108603076,709.2430717850974,649.5727368871718,969.3140580495837,1141.999970552852,998.0160676417644,973.7373474292732,1046.5778242541355,993.8267486879946,1010.3883782387255,1131.6625707109781,1175.6600301193685,1022.2402261840726,1175.8836396143147,1153.5163549817255,992.1629172393241,1000.4592720025607,1162.6169036755846,1092.3569990218057,895.6977341915082,796.0223559290405,629.080763637468,619.8515366848779,774.0709441275402,496.49395304424695,169.69332463500305,0.0,0.0,0.0,0.0,0.0,0.0,0.0,0.0,0.0,0.0
May,10,0.0,0.0,0.0,0.0,0.0,0.0,0.0,0.0,0.0,0.0,0.0,0.0,0.0,0.0,0.0,0.0,0.0,0.0,0.0,0.0,0.0,0.0,0.0,0.0,0.0,0.0,0.0,0.0,0.0,232.25035994901583,438.1045712713703,336.9220615083689,201.2574426521786,264.0854444732482,216.7154127158102,179.07764767112346,193.68262056259053,348.3570764387421,293.3602432075904,403.24939914763655,284.249351303326,346.47857351231585,253.01999923056871,382.2752642796042,345.81935841825174,251.17563611662624,407.8412054455461,237.3280650503029,192.04600630002264,243.91686090003944,223.1117906956269,213.25979045227186,174.72542327135824,137.1211549520191,84.22133308574838,0.0,767.769152678112,1550.824634973771,1384.7836931316824,1009.0864256702652,821.0476492762441,721.093461269499,730.775955883728,826.7816321344396,917.2004794340725,1111.8266447478366,1411.2414524900828,1180.7793190565535,721.4385153309498,837.4709931543869,1160.75438111829,1067.4088054002298,883.0367377606141,976.0316353232976,1331.570514856436,1385.4095923483294,1208.4689056973805,1276.4112059601393,956.6694311491436,650.6008688621546,490.22154880755113,584.0180413346208,730.6205990207079,725.7900232992904,700.4380576876694,381.43172048388266,0.0,0.0,0.0,0.0,0.0,0.0,0.0,0.0,0.0,0.0
May,11,0.0,0.0,0.0,0.0,0.0,0.0,0.0,0.0,0.0,0.0,0.0,0.0,0.0,0.0,0.0,0.0,0.0,0.0,0.0,0.0,0.0,0.0,0.0,0.0,0.0,0.0,0.0,0.0,0.0,253.03418408778853,503.78031315168084,420.81639153649684,317.42970461461863,260.7245980656209,167.48722480248986,123.36411968925897,259.31108282882195,335.22319148300875,446.45915666964123,387.0938926945892,290.8658216991065,353.46611131853547,317.11509052780855,342.5124969476691,266.0568592115625,371.7666759500839,481.74782300111406,188.65042618073605,180.38938733551473,211.20510089081372,180.89672295336135,176.64069232224912,225.4365282138769,122.17597737635288,100.55374309403646,0.0,454.8207708408526,1313.8996827701362,1451.248161092923,1064.7236060718537,896.2160524276411,727.4526317321983,642.9275969753259,805.9066493477716,1059.5334458090015,1074.4920622040827,1204.8713953871713,1320.3631554117658,1083.1901178001394,1256.2121351978228,1083.441083281294,1036.3518581826231,1044.0307864616714,985.8243940548715,896.3008323365265,825.4126544833676,1285.5222193352818,1559.371924172828,1445.2840552745008,865.587170730992,579.9805414202314,454.308986577655,227.67984523749152,417.97887302316957,567.1258616568192,338.2475180666823,0.0,0.0,0.0,0.0,0.0,0.0,0.0,0.0,0.0,0.0
May,12,0.0,0.0,0.0,0.0,0.0,0.0,0.0,0.0,0.0,0.0,0.0,0.0,0.0,0.0,0.0,0.0,0.0,0.0,0.0,0.0,0.0,0.0,0.0,0.0,0.0,0.0,0.0,0.0,0.0,241.7570679408481,463.742786889843,285.834975474222,190.4345228857774,328.55784673262923,236.60964432395193,192.80026749786853,326.1891626940604,233.1952176476202,331.60756148890397,320.37321060810103,442.4868142154789,313.77460765601495,295.91276734172254,284.81625867757106,306.0138074585651,314.2153603173218,426.8522529916027,267.42801010657405,152.9266320559692,141.3922754494634,194.05121191494354,231.21600846306464,167.68936457937951,171.07002555020372,72.5102715293261,0.0,321.4832943675953,985.3692445262405,1200.5517858808005,1008.1373313272862,1027.4604997880572,859.8676663798171,810.8660648303638,849.2218553134637,829.7047898316309,790.9123758894898,1030.957618561067,1192.3934903781512,1088.6988211639657,1058.0846124889654,886.1945585573533,1078.131328018112,903.4680722699936,871.9708867935244,943.4054306335,1052.7488638196994,1150.6066426040243,1512.1955416770093,1394.8013197923904,875.2046704429159,401.09153018584556,477.515274457956,513.6756820676562,587.1866985420639,501.1736873978502,278.5983796969167,0.0,0.0,0.0,0.0,0.0,0.0,0.0,0.0,0.0,0.0
May,13,0.0,0.0,0.0,0.0,0.0,0.0,0.0,0.0,0.0,0.0,0.0,0.0,0.0,0.0,0.0,0.0,0.0,0.0,0.0,0.0,0.0,0.0,0.0,0.0,0.0,0.0,0.0,0.0,0.0,248.78292400394943,483.8769051799205,285.8716593453927,325.7534532785893,176.70006811895882,130.4839698068204,181.10841928193702,309.23225677560043,330.64119336880674,352.2757470846814,405.5934928950746,399.0615442400758,237.11977417848095,258.618388076354,268.5858778775607,315.7087713664439,291.3415279127467,424.23277330843115,284.62961689052406,160.85439690972714,154.49675794402484,212.62481514951594,165.78413137416788,98.49469851525149,113.10839533878409,81.28842035369873,0.0,553.9364576223495,1442.4756243757859,1407.7778726883744,1017.7050387958224,792.5755947137371,669.3007613458477,655.9236925738993,787.9528637467375,945.8812131063728,910.1514458268482,1376.5168198353342,1289.3300904682835,978.6633066648517,913.2111447715524,962.2903852172939,974.9238583958366,960.5958811751727,1029.269124532585,1045.8416872154296,979.6971912463378,1044.1241182376916,1207.8937102479128,1176.0327782326788,876.7026663381077,694.7139543441054,396.6202355645795,407.7293145533664,600.1990614677818,630.4895152695254,312.9109815282415,0.0,0.0,0.0,0.0,0.0,0.0,0.0,0.0,0.0,0.0
May,14,0.0,0.0,0.0,0.0,0.0,0.0,0.0,0.0,0.0,0.0,0.0,0.0,0.0,0.0,0.0,0.0,0.0,0.0,0.0,0.0,0.0,0.0,0.0,0.0,0.0,0.0,0.0,0.0,0.0,223.65900106897206,331.1016843221996,369.6193102759111,286.09191647029525,249.3715892912098,247.86052712492727,263.1264271373335,205.90634444261693,284.14009942989264,296.7594125643499,330.7112835245442,382.3297991661842,305.1984037355348,256.8193517570801,314.0097243382869,357.4462076184784,439.03843806970843,352.52623556471815,235.79200810572542,212.69256225681465,197.48462620189335,147.23776811097358,157.25927199821314,129.71318502407283,214.19804142745076,97.25421064909025,0.0,511.80288550532117,1194.6411408317858,1450.1975810462425,1059.8973735066506,631.212654287794,555.5471789403471,662.1930587443543,740.9576941409155,1115.1844227657305,1356.4456314543636,1015.7909916170549,1026.757599455931,1113.9235457591587,901.041753435409,792.3426803810088,951.7272701143471,989.339895996726,953.0350037175169,1174.893796155739,1145.7740945255093,1065.6058669113622,1465.942420044298,1029.6341967339547,476.2603376013471,494.91368687768846,595.9595970124477,640.3482008996612,756.2529436692627,589.1184679699843,212.76761845511106,0.0,0.0,0.0,0.0,0.0,0.0,0.0,0.0,0.0,0.0
May,15,0.0,0.0,0.0,0.0,0.0,0.0,0.0,0.0,0.0,0.0,0.0,0.0,0.0,0.0,0.0,0.0,0.0,0.0,0.0,0.0,0.0,0.0,0.0,0.0,0.0,0.0,0.0,0.0,0.0,402.5242643953928,358.86246101506737,358.9827067820343,276.3167384897178,300.7174998221917,170.21028501805569,226.7415534128223,226.8011159372192,300.7739629643133,303.86147243279134,305.59249755847213,368.72370511779457,374.5800738681611,341.02432787527613,340.49571114478357,313.42078643679207,302.1670859218856,472.7138082068104,267.26058380064995,162.84001528140718,185.0944866853047,161.41386277760446,203.71430162581663,173.94372854455045,184.94551832841933,97.7753466549999,0.0,667.1012364846339,1364.4206616387623,1251.7442711894666,988.6984914411775,640.921149789146,612.2773563468548,563.5910663015039,809.7621939802941,1141.2495073923978,1069.1961965356531,1189.5083438742565,1142.5484824661435,1057.5428716594522,1098.9502143545271,843.5470174837538,667.587579821244,837.2059968628167,1080.146617947328,1284.9421140125821,1364.1171945322458,1119.235308498749,1211.0318399500231,1000.384293815511,743.7225959503556,686.5235625419723,698.0290525470828,519.9734875464736,455.9321457720741,576.038124002359,270.8340146111117,0.0,0.0,0.0,0.0,0.0,0.0,0.0,0.0,0.0,0.0
May,16,0.0,0.0,0.0,0.0,0.0,0.0,0.0,0.0,0.0,0.0,0.0,0.0,0.0,0.0,0.0,0.0,0.0,0.0,0.0,0.0,0.0,0.0,0.0,0.0,0.0,0.0,0.0,0.0,0.0,313.64797051799354,558.4032729937458,369.6022232031938,226.1338280328278,195.1081795133612,160.36147099754655,178.31522642802597,281.7928492171216,333.4063649159777,333.2783491187845,313.6070122881726,431.49730158405634,404.8055078168499,361.3108038742119,280.84684822850085,197.46330384402955,297.90014608514775,361.03357998559494,313.8790826346701,222.12224663407486,205.36200375690794,224.73162577680125,74.24999453297069,92.67222541884007,85.28593307977032,60.26842341087221,0.0,608.8440072469132,1475.1746921315598,1390.258976484747,993.3931310936302,702.8698924607053,642.6098290993814,602.4580153168623,797.7659638223649,969.1303524216651,1319.5472306144286,1224.3158951952953,1068.4044042851367,919.1047632865406,1165.0587113725285,1170.9725226375767,834.6184762624445,823.0249844916408,909.0354360072148,1061.3011582937222,1186.1645933430586,1095.6506321793863,1413.4010287230474,1142.1529218023768,705.8170846176287,563.5347786376899,350.86255915229475,477.66711693850823,463.9877041527935,365.9544995598007,198.5402528914751,0.0,0.0,0.0,0.0,0.0,0.0,0.0,0.0,0.0,0.0
May,17,0.0,0.0,0.0,0.0,0.0,0.0,0.0,0.0,0.0,0.0,0.0,0.0,0.0,0.0,0.0,0.0,0.0,0.0,0.0,0.0,0.0,0.0,0.0,0.0,0.0,0.0,0.0,0.0,0.0,276.9791823790664,373.5086019706514,272.7004594934396,198.6722056577526,316.0248450561381,245.93461386457682,210.21754638886384,268.97856020065876,302.65239328630355,308.4010126995207,271.63502359771996,278.33241189764624,367.33332642458976,273.6978625457175,368.2927484143802,452.89908805792504,337.0845591587268,307.76751416635835,189.07769085564397,133.04160138592553,215.398477372022,179.77041106621058,171.81850289388407,156.1045077013061,167.40504926259257,62.2528331043847,0.0,506.61937493440416,1113.1244304941602,1265.370002424324,997.7842268929921,670.0603037324129,582.0717376224642,586.5819904396891,838.5274786332587,1225.897786714069,1050.8588508543487,1147.4582204131118,1386.5801230916027,1105.7778170342733,711.3808992472786,779.5746039130876,862.906365765042,958.202942183739,1177.3166021463164,1024.143102083994,1090.2319308144492,1195.7841626815643,1317.8924782704091,1110.657200427595,810.2045843405045,592.4416206809667,474.91366247992084,442.67559270012885,517.0220855561109,476.94942678986456,182.12754284604182,0.0,0.0,0.0,0.0,0.0,0.0,0.0,0.0,0.0,0.0
May,18,0.0,0.0,0.0,0.0,0.0,0.0,0.0,0.0,0.0,0.0,0.0,0.0,0.0,0.0,0.0,0.0,0.0,0.0,0.0,0.0,0.0,0.0,0.0,0.0,0.0,0.0,0.0,0.0,0.0,294.63810999249085,473.13847592307815,275.5144804988317,294.1185049092802,233.23262160775909,252.58712550552775,171.11981149586833,281.99906045236975,304.7619750592003,266.98224304589246,254.6125232636703,365.0785843353185,395.7676629719745,302.76343046256096,393.2447015331087,315.5638165728196,350.94036024319666,335.64855823107405,245.55659815557271,162.43434297516896,151.20500707221592,166.18271289359726,185.0296474190248,189.56432660610596,169.9592746928285,89.67176704145052,0.0,563.9348009296758,1048.2972130092558,1168.3747561757048,823.4023878714647,669.3411162167067,1007.4394460288885,1112.3547727610958,870.6676599103653,880.1218230938571,955.1057770154421,976.922900584662,1070.5291243723343,1002.2715778725568,975.9130457595699,1015.3394517735755,1095.5578129624,971.1103250103064,1121.8203751531519,1144.508359677246,951.6828635999879,1079.4364537352665,1315.4105285455105,1162.4805596524502,676.3711311779741,511.15637296916265,651.77159021702,611.9173998161609,426.79368829576816,644.0968897136734,414.9250751712272,0.0,0.0,0.0,0.0,0.0,0.0,0.0,0.0,0.0,0.0
May,19,0.0,0.0,0.0,0.0,0.0,0.0,0.0,0.0,0.0,0.0,0.0,0.0,0.0,0.0,0.0,0.0,0.0,0.0,0.0,0.0,0.0,0.0,0.0,0.0,0.0,0.0,0.0,0.0,0.0,253.78503311105746,407.8130589239952,438.9142315922432,326.55506039791976,269.14578449221153,188.55953907705262,93.02842026125283,300.72460464460676,309.967800266629,349.4831611681869,265.26351489255813,254.16162874300073,308.0754289942568,336.9476650121473,501.8588695565924,316.4400980805816,337.2637998334752,539.1522310445996,248.84725134993084,129.9226056114681,183.71924568381874,154.78055144685123,176.3568242635615,295.56339670455014,209.1522968778162,148.64895662340365,0.0,564.5738363539664,1250.425408310512,1258.5388999769368,1229.1052044968187,924.7801602139978,698.5828332475077,573.0765916898282,536.3602651008601,883.4757124136574,1101.6029212226317,1230.5667327898295,971.3702637902862,997.3485891794535,1090.787815015698,1085.850769107559,913.9550080109042,931.1470093067475,892.2389249146316,851.0901539633629,938.708730479309,1206.2057867085562,1516.373230006627,1345.5698349946108,704.6602280384129,339.4892316836459,284.27603586724945,427.1091659693016,571.9170360008517,497.670875650006,343.5662918734146,0.0,0.0,0.0,0.0,0.0,0.0,0.0,0.0,0.0,0.0
Rainy season,0,0.0,0.0,0.0,0.0,0.0,0.0,0.0,0.0,0.0,0.0,0.0,0.0,0.0,0.0,0.0,0.0,0.0,0.0,0.0,0.0,0.0,0.0,0.0,0.0,0.0,0.0,0.0,0.0,0.0,0.0,0.0,262.52247140512094,217.63644281854738,158.97031351823125,466.2076420514113,412.75977309820723,312.34582785642266,343.2226829454837,370.1096349927913,293.82812278686663,348.57659864561333,412.49468070623493,319.4093536464752,381.94927302448536,394.9063849788217,309.69147749808207,420.6292494260084,336.41501366539546,334.0716411532064,437.97324514302124,349.76340951642464,327.81515541276696,377.8190036167005,310.09472297378403,381.28218957650057,349.06219643060894,348.10830506823544,360.11705609583555,348.19970381358104,342.293012898597,349.8297518059484,293.9143123679326,402.94604279967166,359.68117837630393,305.8451507419778,228.51140217875155,215.2597669653608,590.0808016362239,908.9088248560257,1130.5163554950275,1279.2197443453358,1553.3999602534275,1509.6791825069763,939.39068245706,723.1082823949805,609.8236171895948,572.1951381686981,630.1106305528311,1252.0178288753925,1223.5624555043837,661.3551775650255,754.8996889268899,656.1803870580864,0.0,0.0,0.0,0.0,0.0,0.0,0.0,0.0,0.0,0.0,0.0,0.0,0.0
Rainy season,1,0.0,0.0,0.0,0.0,0.0,0.0,0.0,0.0,0.0,0.0,0.0,0.0,0.0,0.0,0.0,0.0,0.0,0.0,0.0,0.0,0.0,0.0,0.0,0.0,0.0,0.0,0.0,0.0,0.0,0.0,0.0,290.8498676210236,117.17423588021529,227.90151798556536,424.9112355411945,314.15765695076294,339.9574382855334,327.30354494075556,374.31854919082986,289.20248434640155,312.85696985576703,416.78044090534314,290.17562362956664,287.1447000996534,388.07651521845054,292.37581956108374,336.7489738046715,370.05412517518926,294.67840046625787,359.29288738868075,354.11186216188395,323.4157418932683,398.70481843385215,390.417848892011,298.4930031686617,282.02600963264064,353.70850625880956,361.2096227772996,280.7751674674848,315.3401353629406,336.74316474666256,266.4591275316598,391.7099597441762,315.5049041414504,242.76776537991026,303.2429745918472,218.4258696543682,409.4327095031527,780.825652695169,1290.0777022352245,1170.907355303539,1291.773805289843,1569.3924371288408,1011.4885038562414,487.5084469174928,691.2936154155342,684.9456794350384,795.025822347375,1189.9669861187406,1135.5063349844183,813.5769367771733,836.7580939118433,542.6262235210921,0.0,0.0,0.0,0.0,0.0,0.0,0.0,0.0,0.0,0.0,0.0,0.0,0.0
Rainy season,2,0.0,0.0,0.0,0.0,0.0,0.0,0.0,0.0,0.0,0.0,0.0,0.0,0.0,0.0,0.0,0.0,0.0,0.0,0.0,0.0,0.0,0.0,0.0,0.0,0.0,0.0,0.0,0.0,0.0,0.0,0.0,208.13012465687663,216.26751159220717,199.55448915449446,427.977062209938,412.9559625512098,302.1413208807452,318.9243147581922,394.26682382295974,327.9791086848487,366.9932931753223,388.1884235882396,315.8807577992007,401.40757253260193,374.2154355187607,309.32639314974955,378.9299875446244,303.0500929513451,388.0236344496505,400.1386974514849,346.95810967032884,384.63584175054183,314.4689538658692,279.7958119208916,358.85756196360245,361.9349932057139,285.17300915842435,400.15850069726906,344.5461452284035,268.1993795418223,394.1190744159687,333.9056024500888,312.92071530734785,355.1662963981943,268.9944113077421,283.87239441007773,239.89032997514246,462.82821210278473,902.9002424725905,1403.025799673201,1204.3144263033514,1356.9881561881016,1624.5279130579636,948.8127351054085,503.8575662192367,570.3315143501851,510.4298559849197,822.1177305924102,1204.586236576717,1156.903480029111,821.2676929018306,795.1478573490366,524.3937437281755,0.0,0.0,0.0,0.0,0.0,0.0,0.0,0.0,0.0,0.0,0.0,0.0,0.0
Rainy season,3,0.0,0.0,0.0,0.0,0.0,0.0,0.0,0.0,0.0,0.0,0.0,0.0,0.0,0.0,0.0,0.0,0.0,0.0,0.0,0.0,0.0,0.0,0.0,0.0,0.0,0.0,0.0,0.0,0.0,0.0,0.0,179.93956137851146,162.45814058304313,265.28069235132773,398.9357422470987,352.59489625562367,366.4589333057745,330.5213840395851,313.14238337255534,438.4522295229322,318.48675352010645,347.55932491431525,310.63861671307944,381.54416715196555,295.7279858265514,306.75920943461557,362.4455928113499,343.57749692730584,316.7258782144317,343.37944388752004,315.04622739467027,363.0160859433275,333.8883441756509,362.88935123037453,317.11700862796044,294.03694620664254,406.89113200497815,350.9717164000177,266.8406043151335,331.527139590354,396.03474242702634,317.13665288919543,355.4202490128659,380.84356317822096,169.83266591147893,296.74155399386393,247.39788911750784,489.11403691012663,916.355254179592,1056.0414888754779,1448.995005417521,1420.2828445892992,1380.256564257561,987.8659902638776,682.687367875254,364.84566135881073,541.5061408193918,979.7932436845423,960.627495430928,978.0928472719443,1082.1569425654877,641.2263144890557,415.00424875004376,0.0,0.0,0.0,0.0,0.0,0.0,0.0,0.0,0.0,0.0,0.0,0.0,0.0
Rainy season,4,0.0,0.0,0.0,0.0,0.0,0.0,0.0,0.0,0.0,0.0,0.0,0.0,0.0,0.0,0.0,0.0,0.0,0.0,0.0,0.0,0.0,0.0,0.0,0.0,0.0,0.0,0.0,0.0,0.0,0.0,0.0,300.4283799320827,160.3454219187946,189.92175922500957,527.8130313341541,390.8817837030177,303.52477355043044,382.7076070351949,343.15382012524117,318.1842712838167,324.6676395467357,377.87116734974654,369.93063340228156,319.2631070019559,378.7064121632451,381.57805164183475,353.52023521494834,360.40535653208747,408.40303921813216,319.70899214905177,365.4431725557448,378.68794805850087,329.28884440796287,374.05022789833583,424.9921042296576,292.2040609524416,307.0986608272978,385.1651323656521,349.57538526657635,322.39707765299437,368.0572433280377,376.0739154011072,253.04339962918644,436.8653155674413,256.7705839328017,224.52157009118503,259.46875183568176,480.401178851495,771.7023987127934,1063.9809590075909,1585.4285587336037,1503.4342515027906,1294.186816667477,1170.8906404314444,533.1008435653366,492.80327479529285,533.053742304114,775.6543866757531,1097.87219337971,1084.639944120359,1050.059820514008,766.4137286592508,543.334416053492,0.0,0.0,0.0,0.0,0.0,0.0,0.0,0.0,0.0,0.0,0.0,0.0,0.0
Rainy season,5,0.0,0.0,0.0,0.0,0.0,0.0,0.0,0.0,0.0,0.0,0.0,0.0,0.0,0.0,0.0,0.0,0.0,0.0,0.0,0.0,0.0,0.0,0.0,0.0,0.0,0.0,0.0,0.0,0.0,0.0,0.0,243.84261336842147,141.65424129257755,211.99948810221193,492.38348499507066,320.60522428897275,373.10376049576683,339.55092440224246,370.6409704749169,386.1041649466166,325.61761252924384,290.14119257653795,431.2660717703813,356.9154076840379,250.10843201129452,386.1592860167844,376.21514282189906,301.08934014628994,371.54273025635706,385.7692726034907,312.90064033198723,331.14628534429045,394.24430263809234,286.6425162225862,437.3786795023583,356.4538318625831,288.1275326282691,425.45010910109494,329.72937696677997,312.2790854473624,371.55496304008426,406.58390348952514,340.8168396968426,368.9272787519639,242.90316971804495,257.6690694909578,239.37503656871428,550.1530228733008,868.8991644119766,963.0943748991255,1431.4693694940117,1571.3012524452342,1178.7342477465284,1119.0246053846283,626.2313517350004,631.104064544215,784.919672106973,785.2309058106351,1108.2876456668685,1183.4378518583608,1061.0874948456412,624.5853349095352,485.57762424722216,0.0,0.0,0.0,0.0,0.0,0.0,0.0,0.0,0.0,0.0,0.0,0.0,0.0
Rainy season,6,0.0,0.0,0.0,0.0,0.0,0.0,0.0,0.0,0.0,0.0,0.0,0.0,0.0,0.0,0.0,0.0,0.0,0.0,0.0,0.0,0.0,0.0,0.0,0.0,0.0,0.0,0.0,0.0,0.0,0.0,0.0,259.3139595086002,200.77793325637495,124.7846946512318,466.83346506224274,417.53359494369056,309.6413783585248,296.2810296927335,325.13983848758687,389.12642225481505,285.9765990848456,273.01869758932736,429.7796327697624,331.3755102398472,335.5644265034081,425.2168072332272,315.598994323431,340.6161714074715,389.4160671519031,405.61084315852247,293.35925918989,291.3273838793445,403.63288154998514,399.24718889977356,288.8292780319587,358.3971155117459,382.7392100870354,333.15704183819486,367.90653544943234,335.5777947583316,298.5954579365135,412.7471687345211,339.36582583308643,329.76711808686434,296.07723944717054,250.7143858002901,219.14052019643586,374.4964528019229,745.5554079403877,1238.1413919820868,1382.2393321760871,1293.2682081499154,1319.8075802423257,997.663265954843,530.7894361766635,460.1346951302643,678.7632426531313,756.9555181491577,1036.87211480559,1271.3350951926343,934.5673072768728,698.1599705233161,528.381598878399,0.0,0.0,0.0,0.0,0.0,0.0,0.0,0.0,0.0,0.0,0.0,0.0,0.0
Rainy season,7,0.0,0.0,0.0,0.0,0.0,0.0,0.0,0.0,0.0,0.0,0.0,0.0,0.0,0.0,0.0,0.0,0.0,0.0,0.0,0.0,0.0,0.0,0.0,0.0,0.0,0.0,0.0,0.0,0.0,0.0,0.0,193.8255018174085,260.1792515716891,187.4281031282927,424.5408686558423,454.05831737869323,314.4731087372064,396.7592529806298,307.7682079392012,272.2956013889671,464.50597534229513,352.0566914308189,344.2568459173131,365.89220882934586,281.3569725006643,396.2920967705323,304.82731767449513,293.4203859869106,403.2359385658027,369.9322890555271,322.0435725640634,323.9066553853775,380.8723708579912,337.86375147284406,324.0632456749625,369.86848970756023,404.63276925316103,334.51044193018527,331.7488542085487,314.5375091452855,336.6766761856312,364.2131169334394,334.2322203278801,391.6775489719017,267.52286703512965,179.18403108269183,281.56224302778514,348.72528352140705,780.6288290055836,1174.2898047190542,1311.917313593426,1307.1613336270482,1336.1112102097366,1148.747789604039,686.8804910532787,734.7536318218475,608.5940078799445,774.809585507155,1155.7138155446546,1001.7385037578796,856.8293359678171,853.3096546577999,573.5960581345475,0.0,0.0,0.0,0.0,0.0,0.0,0.0,0.0,0.0,0.0,0.0,0.0,0.0
Rainy season,8,0.0,0.0,0.0,0.0,0.0,0.0,0.0,0.0,0.0,0.0,0.0,0.0,0.0,0.0,0.0,0.0,0.0,0.0,0.0,0.0,0.0,0.0,0.0,0.0,0.0,0.0,0.0,0.0,0.0,0.0,0.0,210.73298020958327,194.85523689853744,228.3773185863138,465.84134153915386,350.0557122264614,289.60036317246954,354.5784400814116,365.49650239796847,341.7623432193197,350.0877040310121,291.8814505820835,373.91117274198666,428.3915014938446,301.73950770844834,396.6479046618407,281.18592046603374,336.8872892866604,373.38170284181786,330.7150106878541,332.60629014793244,318.94449678248367,370.0033658015637,336.6078038284589,392.47521912432063,299.4670037313296,333.14096696033357,376.27102304126464,352.20052396306875,377.8699665207943,324.84942559755285,333.0201207946176,354.2252562626355,423.00082016976035,310.94564081212985,213.73934718718039,303.73347444127637,485.19061947477024,844.82686862391,1155.4165683216536,1491.7764687465494,1410.680480651785,1457.8199705549303,915.8780125853206,542.34073447932,661.7291610731768,602.4664865459514,497.94532250299545,1265.2819089194613,1361.9814376930592,732.6356881130117,714.3330607900347,566.7726154831197,0.0,0.0,0.0,0.0,0.0,0.0,0.0,0.0,0.0,0.0,0.0,0.0,0.0
Rainy season,9,0.0,0.0,0.0,0.0,0.0,0.0,0.0,0.0,0.0,0.0,0.0,0.0,0.0,0.0,0.0,0.0,0.0,0.0,0.0,0.0,0.0,0.0,0.0,0.0,0.0,0.0,0.0,0.0,0.0,0.0,0.0,222.6578957220581,131.8169578998576,178.44968131369205,539.705651811834,283.73584963395103,233.97620057353194,424.15857170283806,324.1414408409799,238.18650096042353,296.21954431534175,339.4006880738355,266.07197481248585,309.7025736552611,419.34903056959195,320.22439501456205,318.5467586897728,292.91843122569037,343.6180012608001,405.3537207669697,257.73093216444903,314.94452048847023,326.00335440698836,259.92830465601276,318.3237974067631,334.64828778647535,339.4964797105403,371.3059768942394,281.8001196017704,369.2693465401489,294.2391140204711,281.34981284570654,388.71661488508875,296.7564824670589,197.33943989637132,216.87050432881242,278.9535215397188,484.37290330306394,748.3039682145285,1142.6609841309992,1635.2052441227886,1219.2708465420467,1282.3338369952046,1281.3189373529306,704.5316400897144,410.4296556592695,591.0122505872034,925.324565641153,1051.6881262714053,1021.6304899013335,1017.5686474028793,746.4030316035772,388.77832251290937,0.0,0.0,0.0,0.0,0.0,0.0,0.0,0.0,0.0,0.0,0.0,0.0,0.0
Rainy season,10,0.0,0.0,0.0,0.0,0.0,0.0,0.0,0.0,0.0,0.0,0.0,0.0,0.0,0.0,0.0,0.0,0.0,0.0,0.0,0.0,0.0,0.0,0.0,0.0,0.0,0.0,0.0,0.0,0.0,0.0,0.0,264.31794099112136,121.74679554225214,167.56895471052522,501.05272291532276,416.3512711401253,258.05430185447466,299.52272373884006,365.61195996163616,341.2910684531359,313.6763866861163,312.58613202655476,382.13402550429146,314.1330592826287,313.70802158561617,337.08724909067166,407.3371942325828,286.1522885135953,335.8941668192185,390.99426881312786,339.4933517912957,314.5607409864109,332.24108278011664,392.6751687812201,286.4420586965541,333.00917380833226,371.1904840301412,397.7349442561662,275.6588686556667,362.20646201921335,374.9304875540725,323.53155681821136,308.8909441575625,392.6511653374072,280.683154108336,228.82531562220305,222.62733856306718,508.3856072320741,786.8467008842523,1239.273755448263,1434.161817893736,1436.8471467693043,1318.4968178049955,918.416770185074,667.033925316219,469.579294943316,703.407984155892,941.8433671983935,1126.6111868213322,1084.9424561409587,1027.8860175251832,744.8668205332898,567.4060252214088,0.0,0.0,0.0,0.0,0.0,0.0,0.0,0.0,0.0,0.0,0.0,0.0,0.0
Rainy season,11,0.0,0.0,0.0,0.0,0.0,0.0,0.0,0.0,0.0,0.0,0.0,0.0,0.0,0.0,0.0,0.0,0.0,0.0,0.0,0.0,0.0,0.0,0.0,0.0,0.0,0.0,0.0,0.0,0.0,0.0,0.0,244.8672193173821,144.23170744739895,204.56262381762042,430.2852725605499,345.1530058626978,304.69654998335056,413.0629846838375,321.0933674111201,287.0077826424727,367.88086426052104,338.34767446988013,308.58952417878623,372.5054753902786,338.6124947323804,320.36632957529685,361.4648617828121,321.2972774862559,400.30762721669083,269.3969390815102,293.98279053592466,368.36801075972306,295.1438480053043,311.97650131190807,367.9481322265196,289.1436955877355,316.58991322103856,354.0044465365201,334.7681998860943,318.97138974349224,271.2464468993511,316.364304379868,322.5966378242546,421.4297326856801,240.4735237544754,213.63342664759537,253.20781338195445,582.8003377725438,799.8567114256246,1046.501139109972,1448.1023039420177,1429.428803009191,1339.4299816209948,893.1595040925989,512.4065055458931,651.1727680879413,580.5814749312792,819.2484273820103,1223.6329977339124,1041.806164777935,868.7382985018058,799.8625942083374,566.1634439673858,0.0,0.0,0.0,0.0,0.0,0.0,0.0,0.0,0.0,0.0,0.0,0.0,0.0
Rainy season,12,0.0,0.0,0.0,0.0,0.0,0.0,0.0,0.0,0.0,0.0,0.0,0.0,0.0,0.0,0.0,0.0,0.0,0.0,0.0,0.0,0.0,0.0,0.0,0.0,0.0,0.0,0.0,0.0,0.0,0.0,0.0,299.9519328086627,111.23809462831615,171.6289554148543,547.7277814379414,317.4150928603156,334.23406660946256,299.2233888903893,390.3063169629249,361.3801471430485,289.6144968884595,304.4553386435564,389.5163235128815,406.8144736154803,240.44443382745436,357.4486797295145,419.1842328372597,310.11035335795344,384.7563949098692,326.8479259155213,379.0365462778977,299.07113182370614,337.96184727793235,374.0952169851682,307.06052421677606,275.2290961688389,448.29574096862626,364.53802090643984,234.80014625699994,428.00976570386047,347.53758688513295,241.6816520868243,346.789411607875,389.46454211176416,254.2245643397537,261.7251326545543,258.58878037628114,496.8152270145791,769.2773263890598,1121.4963557762624,1603.2206849357292,1622.7198444962787,1248.0563410167003,955.4060447611713,631.1745616307089,637.2971539719539,578.3237265805758,773.5747921619147,1202.6385647570887,970.1961529019144,867.6681856440349,907.8322498585715,615.2181727959594,0.0,0.0,0.0,0.0,0.0,0.0,0.0,0.0,0.0,0.0,0.0,0.0,0.0
Rainy season,13,0.0,0.0,0.0,0.0,0.0,0.0,0.0,0.0,0.0,0.0,0.0,0.0,0.0,0.0,0.0,0.0,0.0,0.0,0.0,0.0,0.0,0.0,0.0,0.0,0.0,0.0,0.0,0.0,0.0,0.0,0.0,238.6131879430642,99.67986522239717,195.75019111402324,504.72431510731275,345.3661620276044,301.5237662427255,385.7976834000134,314.7879831655898,304.16540533270995,379.5931761639371,303.29923168525755,310.8839299865542,354.435017179834,328.3617317533047,327.36925357145066,371.32176869321137,355.86752166270304,343.96487516488804,330.3077806752153,265.25853639902135,368.98848639390474,335.1753579317653,317.6120058644473,381.15873895448544,242.00821060517134,360.0306242499393,373.9806387525565,261.19146797041935,407.23099060182517,413.0762171648268,232.76049144147132,419.3193386790364,347.41512871758147,254.45526485407623,250.01047154570927,281.00258270814356,557.3828072461096,806.6622204351887,1144.572380803923,1617.151765100815,1396.1894157409056,1271.686128207963,1126.2080085221294,687.5136111637615,630.4875817318022,446.32095871628843,725.9591771130251,1234.972460559424,1002.7203174497955,891.8729657447637,1009.1958607295218,587.8721304322748,0.0,0.0,0.0,0.0,0.0,0.0,0.0,0.0,0.0,0.0,0.0,0.0,0.0
Rainy season,14,0.0,0.0,0.0,0.0,0.0,0.0,0.0,0.0,0.0,0.0,0.0,0.0,0.0,0.0,0.0,0.0,0.0,0.0,0.0,0.0,0.0,0.0,0.0,0.0,0.0,0.0,0.0,0.0,0.0,0.0,0.0,192.25369330027254,167.47358601908428,216.48919273758628,437.5825010589013,434.53646168114955,268.4874920570584,347.8359311263281,384.98347870172023,259.03078128409464,344.2781676528473,370.2810031624922,325.98700122065867,336.353883236631,321.7583767563239,445.7070457378953,306.21773538932604,250.2564225204002,487.3059538149738,303.8894817588315,332.635325232226,463.5557911545528,300.52505879987456,331.9209578286925,457.1611050632925,299.79757597599655,294.7425822447656,409.6978114371399,350.15002641270036,320.0913378254607,327.6615942095087,352.7912573777836,322.01185861048515,430.81900444598256,199.17367799337205,245.31124227275282,272.5756204715038,499.2042921718816,712.4087000253985,1149.443816196922,1110.8114988801346,1371.7733256136626,1625.714103388773,865.5502560510689,508.9004887114955,648.2356321018713,618.0074883903111,894.6868811574808,1095.49275851558,1127.9900479401442,1080.6630789151664,622.1159815881819,466.3739037059639,0.0,0.0,0.0,0.0,0.0,0.0,0.0,0.0,0.0,0.0,0.0,0.0,0.0
Rainy season,15,0.0,0.0,0.0,0.0,0.0,0.0,0.0,0.0,0.0,0.0,0.0,0.0,0.0,0.0,0.0,0.0,0.0,0.0,0.0,0.0,0.0,0.0,0.0,0.0,0.0,0.0,0.0,0.0,0.0,0.0,0.0,289.31267567946713,242.43771430602632,199.0906996737761,480.98475132513175,448.6909951990474,350.10115073304434,322.3804476237791,351.02878672407326,387.0364170127703,343.28302881468807,348.6261448370284,377.5639939112458,376.81599666471107,367.87378440071456,419.1614137917038,376.24791185386135,307.73286474322373,395.24870093706875,398.71475223840554,285.7209464720191,380.45695017178576,378.06427021974497,360.6323603183495,395.2572105603735,303.56353336932284,384.6896252220727,345.97890733813546,366.7490069436334,356.7781422994196,299.7677489850438,377.860730532792,401.60399184103403,424.95109418466706,196.60507837407198,316.2399730054014,257.5259038213028,372.1177439787396,642.8473316231331,1173.6194734681799,1309.7209271124375,1560.608866208512,1193.8716742759316,967.7837682148346,789.276437852838,351.80716520788684,631.9560523547406,869.5578207087393,1030.437965753911,1102.3835506529933,966.2065052566737,636.3683551866391,588.2225770116821,0.0,0.0,0.0,0.0,0.0,0.0,0.0,0.0,0.0,0.0,0.0,0.0,0.0
Rainy season,16,0.0,0.0,0.0,0.0,0.0,0.0,0.0,0.0,0.0,0.0,0.0,0.0,0.0,0.0,0.0,0.0,0.0,0.0,0.0,0.0,0.0,0.0,0.0,0.0,0.0,0.0,0.0,0.0,0.0,0.0,0.0,222.72776100482034,145.74540636471323,198.16522722363243,569.8932586598233,300.18660419115525,251.66696709881202,389.2379010133019,319.9396916632449,291.9091704598422,389.614898292115,363.5164422204906,363.7150013771948,407.15557636177226,334.07923224183645,299.6052054094535,359.1350098280602,351.1118840340752,378.85804915673947,319.8271246960294,258.4959542892854,427.7528104484143,337.8495301710424,321.3619132218528,445.7256186279129,295.7287876279874,330.0220202940743,340.58234280987546,333.8314681146763,402.4652965551511,329.5071066145368,270.68386707979715,387.6907690716444,369.1783178268687,208.6611327187092,287.131948899479,245.3038558277235,493.1554353298297,766.5142601977077,1201.6060607257584,1521.472110654903,1462.3279866571268,1311.3929262861013,907.4016910487587,391.9038421973209,473.4638308617486,658.4003387386593,855.8958209690292,1223.238082806546,961.6246694564004,1082.9458077944216,879.7183324232275,443.8061643851749,0.0,0.0,0.0,0.0,0.0,0.0,0.0,0.0,0.0,0.0,0.0,0.0,0.0
Rainy season,17,0.0,0.0,0.0,0.0,0.0,0.0,0.0,0.0,0.0,0.0,0.0,0.0,0.0,0.0,0.0,0.0,0.0,0.0,0.0,0.0,0.0,0.0,0.0,0.0,0.0,0.0,0.0,0.0,0.0,0.0,0.0,233.8555480336491,130.84767439787134,229.90900241148697,492.73270763470265,388.20297412708703,273.5798267018086,360.1030097016467,347.5422675456882,280.896857491642,351.35126584934204,403.81485890565057,295.5557849076038,311.66560595338984,349.06781435801014,309.5150722712066,361.1324886760051,332.0929538325625,369.31506141142324,373.4016729750013,344.8357067112917,323.74453471904167,406.6024383032848,326.5191637252627,312.45544789073637,387.68135140945236,325.17615626743043,324.76651746301405,281.03170595380465,434.9365439031613,299.1533388562417,275.5757423107439,411.4187644289695,363.531645665645,247.26408464361384,253.87272157710711,239.9664379471548,336.5237977504895,775.2638092004682,1079.9725495572272,1384.7430166430313,1403.8215541072523,1312.4738272486295,1011.3407226395543,606.294931711755,560.0437337629609,624.2869787717677,780.8694628570315,1229.352333973248,1203.9445659821433,722.572668268605,1003.5979703715136,651.1264481626409,0.0,0.0,0.0,0.0,0.0,0.0,0.0,0.0,0.0,0.0,0.0,0.0,0.0
Rainy season,18,0.0,0.0,0.0,0.0,0.0,0.0,0.0,0.0,0.0,0.0,0.0,0.0,0.0,0.0,0.0,0.0,0.0,0.0,0.0,0.0,0.0,0.0,0.0,0.0,0.0,0.0,0.0,0.0,0.0,0.0,0.0,201.2708116927912,123.13106960554683,191.23495360141658,420.1212521832442,383.34198515198665,321.6488781636735,326.6190477799886,358.8316549818448,307.96121631190186,345.02463853759167,278.3918056178389,352.89227624107417,345.15358840738566,360.57878543354803,338.3866374553042,334.47969014932966,355.61941711394843,307.1391878004632,388.52514469797484,309.8234889505929,282.764436842338,310.8652076077737,351.311540337835,360.4329873981648,270.3343549972979,397.4257889354192,213.11649753158835,294.2581864764467,418.3745650115156,256.6627261420998,271.7966753417354,354.7764475865594,396.51813635625484,209.63133495512523,261.4898024654066,253.7867007591397,450.9907873035779,788.8941537163274,1083.006724606598,1460.3959118935252,1354.8212133535433,1288.62298841967,1005.2303224748043,662.4747827982508,794.6557585676376,602.0851231881476,647.7255076922161,1296.061358651669,1206.268045705349,929.2093110297347,669.1721645540036,564.7684840669343,0.0,0.0,0.0,0.0,0.0,0.0,0.0,0.0,0.0,0.0,0.0,0.0,0.0
Rainy season,19,0.0,0.0,0.0,0.0,0.0,0.0,0.0,0.0,0.0,0.0,0.0,0.0,0.0,0.0,0.0,0.0,0.0,0.0,0.0,0.0,0.0,0.0,0.0,0.0,0.0,0.0,0.0,0.0,0.0,0.0,0.0,235.06580440358942,166.68835539144726,144.35240399692378,437.6085514577378,365.3443087150123,395.65954952118904,328.66416457476896,255.23153528660447,420.4946678751713,345.88484140053,273.89634420261865,334.22649564355754,405.9953426429603,258.161207581519,381.5549631899293,353.242577899997,271.9055394474356,334.88834993768944,408.10168856185743,271.1837775114676,300.1048088858759,357.2336026708106,341.2481395597791,350.62926433847645,341.20366483109296,299.8851547782473,327.12697047525177,338.08963681645844,313.28961399068703,386.0846088287022,315.09531767322255,348.191287684174,397.15048279586193,232.35304151104572,192.1792402351209,262.61099525531006,532.3385661615428,637.5525447246367,1117.6381248231578,1431.7257287496573,1254.6257543174495,1309.1071109502366,1165.5249375801172,581.3656640151047,441.5135418033498,566.1712393177202,819.3789180048952,1141.78622360535,966.310233372218,937.8423259414059,848.8482566696734,622.4156242873544,0.0,0.0,0.0,0.0,0.0,0.0,0.0,0.0,0.0,0.0,0.0,0.0,0.0
October,0,3.3999999999999937,3.3999999999999937,3.3999999999999937,3.3999999999999937,3.3999999999999937,3.3999999999999937,3.3999999999999937,3.3999999999999937,3.3999999999999937,3.3999999999999937,3.3999999999999937,3.3999999999999937,3.3999999999999937,3.3999999999999937,3.3999999999999937,3.3999999999999937,3.3999999999999937,3.3999999999999937,3.3999999999999937,3.3999999999999937,3.3999999999999937,3.3999999999999937,3.3999999999999937,3.3999999999999937,3.3999999999999937,3.3999999999999937,3.3999999999999937,3.3999999999999937,3.3999999999999937,3.3999999999999937,3.3999999999999937,3.3999999999999937,3.3999999999999937,3.3999999999999937,3.3999999999999937,3.3999999999999937,333.3055055670669,603.9754483719867,931.137323803858,1087.6370734759162,956.1891206780291,996.9705524938255,830.1147711885861,922.146571953296,1097.8963431794646,938.6300821658755,872.7754002232704,1002.4377306737285,890.3856062509196,754.3278389245047,1012.2621856288027,1024.5209078142425,791.3966218013684,837.5017374996969,579.3444111640929,3.3999999999999937,587.9842550708364,489.6002486798158,1149.350066227231,1146.7145691361873,1193.733283856738,1283.1475266886634,1230.89917143783,866.7153242189876,1185.8513803665037,1415.15648377969,892.199654432609,1002.6684859649035,1503.0108121350688,729.5292805256901,1006.8633804884736,843.7453566770466,609.5782345379178,309.4255897664034,370.1823698614307,945.2032804960626,635.6077747716344,374.0785930407692,491.65787530156234,3.3999999999999937,3.3999999999999937,3.3999999999999937,3.3999999999999937,3.3999999999999937,3.3999999999999937,3.3999999999999937,3.3999999999999937,3.3999999999999937,3.3999999999999937,3.3999999999999937,3.3999999999999937,3.3999999999999937,3.3999999999999937,3.3999999999999937,3.3999999999999937,3.3999999999999937
October,1,3.3999999999999937,3.3999999999999937,3.3999999999999937,3.3999999999999937,3.3999999999999937,3.3999999999999937,3.3999999999999937,3.3999999999999937,3.3999999999999937,3.3999999999999937,3.3999999999999937,3.3999999999999937,3.3999999999999937,3.3999999999999937,3.3999999999999937,3.3999999999999937,3.3999999999999937,3.3999999999999937,3.3999999999999937,3.3999999999999937,3.3999999999999937,3.3999999999999937,3.3999999999999937,3.3999999999999937,3.3999999999999937,3.3999999999999937,3.3999999999999937,3.3999999999999937,3.3999999999999937,3.3999999999999937,3.3999999999999937,3.3999999999999937,3.3999999999999937,3.3999999999999937,3.3999999999999937,3.3999999999999937,247.05431988845766,690.8286724401664,862.7209970694005,804.5958513672242,1070.2023259052833,964.7899561690931,859.3090685443372,911.9183681622366,981.9351672359536,1020.756199117977,828.456206771562,981.5654798826431,993.516968599945,914.7590743200196,902.6602956511584,1027.7537260942552,902.1193624182673,658.227939969984,353.19424265179555,3.3999999999999937,629.9430299546377,635.4321014994085,915.3468533939526,1290.5359222178183,1153.6328985263565,1362.412016764108,1149.7880872532091,949.6811763741135,1134.1651506533271,1312.6037455697808,1070.199413019484,1033.6545324145181,1326.246867017026,1038.6406387039644,816.7007213507061,658.1136315303487,585.3520378696164,211.71528493930072,491.9524561537853,964.440127147764,543.3963827816937,521.8290642300269,410.2050580196368,3.3999999999999937,3.3999999999999937,3.3999999999999937,3.3999999999999937,3.3999999999999937,3.3999999999999937,3.3999999999999937,3.3999999999999937,3.3999999999999937,3.3999999999999937,3.3999999999999937,3.3999999999999937,3.3999999999999937,3.3999999999999937,3.3999999999999937,3.3999999999999937,3.3999999999999937
October,2,3.3999999999999937,3.3999999999999937,3.3999999999999937,3.3999999999999937,3.3999999999999937,3.3999999999999937,3.3999999999999937,3.3999999999999937,3.3999999999999937,3.3999999999999937,3.3999999999999937,3.3999999999999937,3.3999999999999937,3.3999999999999937,3.3999999999999937,3.3999999999999937,3.3999999999999937,3.3999999999999937,3.3999999999999937,3.3999999999999937,3.3999999999999937,3.3999999999999937,3.3999999999999937,3.3999999999999937,3.3999999999999937,3.3999999999999937,3.3999999999999937,3.3999999999999937,3.3999999999999937,3.3999999999999937,3.3999999999999937,3.3999999999999937,3.3999999999999937,3.3999999999999937,3.3999999999999937,3.3999999999999937,242.2846680116742,576.3005661596131,828.2076086788212,980.624304423775,1032.981712701058,938.8028517393909,982.0653606362665,960.0600308058857,915.6640355278784,894.9954134077904,977.5939408795724,867.1722659070431,927.8275699644685,983.6673874069148,865.2140448602581,904.5727682285636,955.6746872946744,906.3342295083462,461.230236429211,3.3999999999999937,716.7681042780005,553.5694855267526,945.8172088388358,1531.2203746058838,1294.7715182714792,1077.9459168566796,1079.0756407242036,1317.7494237288306,1064.8030874266396,1044.1230897936791,1166.6091214655073,1116.8129822987169,1618.4982289562092,834.6247623131592,700.4416343822945,888.467206394047,406.6956352974047,310.0985125091502,498.3014974837607,821.2646429126494,636.9170824775016,461.4983122149467,465.7796519310438,3.3999999999999937,3.3999999999999937,3.3999999999999937,3.3999999999999937,3.3999999999999937,3.3999999999999937,3.3999999999999937,3.3999999999999937,3.3999999999999937,3.3999999999999937,3.3999999999999937,3.3999999999999937,3.3999999999999937,3.3999999999999937,3.3999999999999937,3.3999999999999937,3.3999999999999937
October,3,3.3999999999999937,3.3999999999999937,3.3999999999999937,3.3999999999999937,3.3999999999999937,3.3999999999999937,3.3999999999999937,3.3999999999999937,3.3999999999999937,3.3999999999999937,3.3999999999999937,3.3999999999999937,3.3999999999999937,3.3999999999999937,3.3999999999999937,3.3999999999999937,3.3999999999999937,3.3999999999999937,3.3999999999999937,3.3999999999999937,3.3999999999999937,3.3999999999999937,3.3999999999999937,3.3999999999999937,3.3999999999999937,3.3999999999999937,3.3999999999999937,3.3999999999999937,3.3999999999999937,3.3999999999999937,3.3999999999999937,3.3999999999999937,3.3999999999999937,3.3999999999999937,3.3999999999999937,3.3999999999999937,294.13733330732236,680.1150747698703,943.4253710721233,1024.3728273475492,971.5707844184144,842.6029803219714,979.4965641319008,878.2951914205017,799.667552853224,1103.979261609095,1085.8406390667046,841.095726980135,808.2424911996026,903.7384316281193,960.9974912178443,1016.9251341745947,847.9735817553625,699.2983774431825,477.01243015853635,3.3999999999999937,530.2063202639628,720.0096423564476,914.6212185867976,1400.7791686049145,1239.1654618866987,987.5312697005653,1027.3719450385959,1255.057312000268,1157.1294483522613,944.1344402820621,1279.8149599524136,1270.9856148671677,1240.6585838877302,776.9318888736615,889.6808542408146,980.9016654437784,466.6091206812971,310.4949098603536,431.22502449530634,869.7460606385436,523.7649164033296,456.34818845352004,460.5162422484566,3.3999999999999937,3.3999999999999937,3.3999999999999937,3.3999999999999937,3.3999999999999937,3.3999999999999937,3.3999999999999937,3.3999999999999937,3.3999999999999937,3.3999999999999937,3.3999999999999937,3.3999999999999937,3.3999999999999937,3.3999999999999937,3.3999999999999937,3.3999999999999937,3.3999999999999937
October,4,3.3999999999999937,3.3999999999999937,3.3999999999999937,3.3999999999999937,3.3999999999999937,3.3999999999999937,3.3999999999999937,3.3999999999999937,3.3999999999999937,3.3999999999999937,3.3999999999999937,3.3999999999999937,3.3999999999999937,3.3999999999999937,3.3999999999999937,3.3999999999999937,3.3999999999999937,3.3999999999999937,3.3999999999999937,3.3999999999999937,3.3999999999999937,3.3999999999999937,3.3999999999999937,3.3999999999999937,3.3999999999999937,3.3999999999999937,3.3999999999999937,3.3999999999999937,3.3999999999999937,3.3999999999999937,3.3999999999999937,3.3999999999999937,3.3999999999999937,3.3999999999999937,3.3999999999999937,3.3999999999999937,399.2176315132284,788.6149267902389,965.240872262997,910.5606351296302,1041.8503192778592,974.6124143720419,872.4344079416044,915.8197038294333,999.3675752919987,1001.9741261209314,861.6396666335694,1049.742228301125,1077.9608643598167,950.2550884075174,933.1259303846903,1103.0787235856008,934.0415091958658,671.761602027672,421.69877433243306,3.3999999999999937,462.8720064667562,714.8471514068174,959.2755638079074,1364.7480371568386,1101.6034199001806,1170.1031304252517,1412.794815474718,1000.6039752330252,1061.0398873058175,1149.090232575924,1088.6837352382474,922.752084073346,1352.471928135246,1089.723716175103,823.2289709354708,804.6804238022926,439.42492089613063,346.82109685650113,597.7182938383964,790.6799844393721,483.4191939732667,679.6516058180348,465.53477867646524,3.3999999999999937,3.3999999999999937,3.3999999999999937,3.3999999999999937,3.3999999999999937,3.3999999999999937,3.3999999999999937,3.3999999999999937,3.3999999999999937,3.3999999999999937,3.3999999999999937,3.3999999999999937,3.3999999999999937,3.3999999999999937,3.3999999999999937,3.3999999999999937,3.3999999999999937
October,5,3.3999999999999937,3.3999999999999937,3.3999999999999937,3.3999999999999937,3.3999999999999937,3.3999999999999937,3.3999999999999937,3.3999999999999937,3.3999999999999937,3.3999999999999937,3.3999999999999937,3.3999999999999937,3.3999999999999937,3.3999999999999937,3.3999999999999937,3.3999999999999937,3.3999999999999937,3.3999999999999937,3.3999999999999937,3.3999999999999937,3.3999999999999937,3.3999999999999937,3.3999999999999937,3.3999999999999937,3.3999999999999937,3.3999999999999937,3.3999999999999937,3.3999999999999937,3.3999999999999937,3.3999999999999937,3.3999999999999937,3.3999999999999937,3.3999999999999937,3.3999999999999937,3.3999999999999937,3.3999999999999937,429.45852537809554,729.9709585263658,760.2626408936534,1177.2402429366898,1082.406712079725,911.9912016602822,1006.1767780350913,1041.4220144555368,886.8140482116376,1081.1020617756212,1042.720061986364,980.7016528896224,1059.5960785206566,1024.3410470926774,926.7215493542901,937.5958409055677,932.7798345851778,802.1127721277826,475.95446638511584,3.3999999999999937,683.3897674927944,662.5380637358292,828.2815196004614,1514.830784866093,1247.1470252430786,1283.0815744748002,1064.0679679667803,1066.0758331177435,1141.181074126701,1140.0337185905569,1196.6559093399849,1163.884273666922,1386.4975896425071,818.9082979873267,695.8186880124387,800.2086651259149,269.03651969148086,312.65824421942193,387.819990570768,816.5623047056387,594.1610792462122,450.53196665949275,541.863885630465,3.3999999999999937,3.3999999999999937,3.3999999999999937,3.3999999999999937,3.3999999999999937,3.3999999999999937,3.3999999999999937,3.3999999999999937,3.3999999999999937,3.3999999999999937,3.3999999999999937,3.3999999999999937,3.3999999999999937,3.3999999999999937,3.3999999999999937,3.3999999999999937,3.3999999999999937
October,6,3.3999999999999937,3.3999999999999937,3.3999999999999937,3.3999999999999937,3.3999999999999937,3.3999999999999937,3.3999999999999937,3.3999999999999937,3.3999999999999937,3.3999999999999937,3.3999999999999937,3.3999999999999937,3.3999999999999937,3.3999999999999937,3.3999999999999937,3.3999999999999937,3.3999999999999937,3.3999999999999937,3.3999999999999937,3.3999999999999937,3.3999999999999937,3.3999999999999937,3.3999999999999937,3.3999999999999937,3.3999999999999937,3.3999999999999937,3.3999999999999937,3.3999999999999937,3.3999999999999937,3.3999999999999937,3.3999999999999937,3.3999999999999937,3.3999999999999937,3.3999999999999937,3.3999999999999937,3.3999999999999937,282.9613270599489,678.777086471195,934.4786573140481,1002.4527137826234,898.8933123329971,1049.0163269894822,843.5610383605812,941.7080848669001,986.3055623581345,885.2638730631422,916.674293029017,986.931816698955,830.8132840975696,867.673373223627,1043.836319562918,932.6397248847643,882.6773321974067,782.5636009385638,404.6899733315697,3.3999999999999937,509.90952992365396,545.6278163105886,906.4475260399842,1476.9670286793257,1191.978933663987,1104.7846060502163,1359.152349256395,1160.2722546270998,1107.1137691664442,1024.5080183691957,1074.7407593964676,1124.208794375489,1182.3362053406513,878.5970318406164,780.5130661655493,694.0791315495718,400.43224192014196,291.7948591191126,441.3712243386207,873.5045821159414,535.4385334259498,504.647102923475,476.8120019016358,3.3999999999999937,3.3999999999999937,3.3999999999999937,3.3999999999999937,3.3999999999999937,3.3999999999999937,3.3999999999999937,3.3999999999999937,3.3999999999999937,3.3999999999999937,3.3999999999999937,3.3999999999999937,3.3999999999999937,3.3999999999999937,3.3999999999999937,3.3999999999999937,3.3999999999999937
October,7,3.3999999999999937,3.3999999999999937,3.3999999999999937,3.3999999999999937,3.3999999999999937,3.3999999999999937,3.3999999999999937,3.3999999999999937,3.3999999999999937,3.3999999999999937,3.3999999999999937,3.3999999999999937,3.3999999999999937,3.3999999999999937,3.3999999999999937,3.3999999999999937,3.3999999999999937,3.3999999999999937,3.3999999999999937,3.3999999999999937,3.3999999999999937,3.3999999999999937,3.3999999999999937,3.3999999999999937,3.3999999999999937,3.3999999999999937,3.3999999999999937,3.3999999999999937,3.3999999999999937,3.3999999999999937,3.3999999999999937,3.3999999999999937,3.3999999999999937,3.3999999999999937,3.3999999999999937,3.3999999999999937,297.2226426230166,640.6812762497018,927.4572674526955,947.5801793474644,1004.676819138753,1018.825304885198,863.9658886055441,1008.8923272384765,1062.2276900345798,838.8147643466913,906.1653509920448,1091.3029860739302,943.6504322673676,833.868227350365,1042.4707305199584,970.6421726372887,824.2491126780716,837.7863914526193,446.70397631647324,3.3999999999999937,599.0679228161599,579.7712689003038,867.0538214634948,1394.7296322722127,1167.8803600880453,1058.382977892594,1394.009144826999,1241.363157598544,965.5220190020839,1259.1193086420767,1076.9128195340254,1065.6958714172047,1158.2749487103076,1010.1937046721429,956.9672517358043,759.9434569751371,499.38366655568564,141.52236437286035,576.6387023722652,1012.9994504909379,326.13199157955853,626.5655792208715,452.12560006643236,3.3999999999999937,3.3999999999999937,3.3999999999999937,3.3999999999999937,3.3999999999999937,3.3999999999999937,3.3999999999999937,3.3999999999999937,3.3999999999999937,3.3999999999999937,3.3999999999999937,3.3999999999999937,3.3999999999999937,3.3999999999999937,3.3999999999999937,3.3999999999999937,3.3999999999999937
October,8,3.3999999999999937,3.3999999999999937,3.3999999999999937,3.3999999999999937,3.3999999999999937,3.3999999999999937,3.3999999999999937,3.3999999999999937,3.3999999999999937,3.3999999999999937,3.3999999999999937,3.3999999999999937,3.3999999999999937,3.3999999999999937,3.3999999999999937,3.3999999999999937,3.3999999999999937,3.3999999999999937,3.3999999999999937,3.3999999999999937,3.3999999999999937,3.3999999999999937,3.3999999999999937,3.3999999999999937,3.3999999999999937,3.3999999999999937,3.3999999999999937,3.3999999999999937,3.3999999999999937,3.3999999999999937,3.3999999999999937,3.3999999999999937,3.3999999999999937,3.3999999999999937,3.3999999999999937,3.3999999999999937,314.2362127828283,754.2436430100578,932.2324064507486,944.6539994652134,1013.4098720401672,938.3692857713031,851.2548420207027,984.0269231283371,921.6900466550346,912.5527197347157,1061.7332152584488,903.6076644946314,836.541886454273,1002.0081741709654,924.0944306379739,897.2925247231256,955.9297388455568,678.6521013308883,348.69819313349893,3.3999999999999937,529.2704090144878,561.5010875840994,868.8178949331934,1498.5220311695853,1249.6302326837317,960.7655890652591,972.1809782574485,1223.63935593343,1104.8574385186332,979.5345761538113,1477.6727210884758,1034.400272737316,959.1007119096289,1238.4231699170714,821.6324489096443,496.99433114045434,416.5015422862016,294.91203212241305,395.15711272914467,724.7656044478042,696.7239851726564,585.7345376605297,412.0154372209379,3.3999999999999937,3.3999999999999937,3.3999999999999937,3.3999999999999937,3.3999999999999937,3.3999999999999937,3.3999999999999937,3.3999999999999937,3.3999999999999937,3.3999999999999937,3.3999999999999937,3.3999999999999937,3.3999999999999937,3.3999999999999937,3.3999999999999937,3.3999999999999937,3.3999999999999937
October,9,3.3999999999999937,3.3999999999999937,3.3999999999999937,3.3999999999999937,3.3999999999999937,3.3999999999999937,3.3999999999999937,3.3999999999999937,3.3999999999999937,3.3999999999999937,3.3999999999999937,3.3999999999999937,3.3999999999999937,3.3999999999999937,3.3999999999999937,3.3999999999999937,3.3999999999999937,3.3999999999999937,3.3999999999999937,3.3999999999999937,3.3999999999999937,3.3999999999999937,3.3999999999999937,3.3999999999999937,3.3999999999999937,3.3999999999999937,3.3999999999999937,3.3999999999999937,3.3999999999999937,3.3999999999999937,3.3999999999999937,3.3999999999999937,3.3999999999999937,3.3999999999999937,3.3999999999999937,3.3999999999999937,315.65767219168737,630.4382080272844,979.4754792229501,1177.3162449079086,866.1021921995903,880.0422207202905,960.9785518547066,883.7204348950064,988.6366968681086,923.1318913330681,881.4295658296471,892.5719258357022,843.3081902591473,818.1115790669392,1089.093676309204,1076.794632113538,847.1808375348563,760.049136798871,368.40237009625514,3.3999999999999937,550.9736839130107,790.0102919139327,709.3361021711115,1428.0440688500507,1325.8645466418327,1024.796858740417,1134.3524588127325,963.6595117210877,1060.8018667259123,1351.6262587545634,1178.7080977200862,897.7187424207016,1169.3860023923698,1118.3472140102351,813.7581171753009,723.3783223489746,390.901002107137,248.87673667095578,470.76457743077316,896.1168504151652,546.358924014695,476.0743226095224,455.662188253027,3.3999999999999937,3.3999999999999937,3.3999999999999937,3.3999999999999937,3.3999999999999937,3.3999999999999937,3.3999999999999937,3.3999999999999937,3.3999999999999937,3.3999999999999937,3.3999999999999937,3.3999999999999937,3.3999999999999937,3.3999999999999937,3.3999999999999937,3.3999999999999937,3.3999999999999937
October,10,3.3999999999999937,3.3999999999999937,3.3999999999999937,3.3999999999999937,3.3999999999999937,3.3999999999999937,3.3999999999999937,3.3999999999999937,3.3999999999999937,3.3999999999999937,3.3999999999999937,3.3999999999999937,3.3999999999999937,3.3999999999999937,3.3999999999999937,3.3999999999999937,3.3999999999999937,3.3999999999999937,3.3999999999999937,3.3999999999999937,3.3999999999999937,3.3999999999999937,3.3999999999999937,3.3999999999999937,3.3999999999999937,3.3999999999999937,3.3999999999999937,3.3999999999999937,3.3999999999999937,3.3999999999999937,3.3999999999999937,3.3999999999999937,3.3999999999999937,3.3999999999999937,3.3999999999999937,3.3999999999999937,281.93141517210876,630.0597844984105,957.0837085191158,1010.0149331793933,918.3323489902189,1027.751954854279,960.5811797608295,912.945313319699,946.8483440754597,864.8689580322294,888.6764538526277,1001.6554315161229,1032.9915839175715,741.7533364036135,903.8406398003734,1238.1005890447575,803.2019138981358,725.4738500571068,470.61414837017963,3.3999999999999937,758.4398161377972,647.477774642255,620.9438522476787,1601.5084251529504,1283.4494080987747,836.2901478154615,1396.6985031322558,1260.900926005867,804.3686237252745,1321.5727248393152,1189.1867058216949,874.925462056356,1106.382525009112,881.3038410367185,838.5944085504777,675.7528978615621,457.7231089241313,235.9970598143447,613.0113846369478,851.0158797448992,597.394118918344,546.0299144727346,475.76125329687653,3.3999999999999937,3.3999999999999937,3.3999999999999937,3.3999999999999937,3.3999999999999937,3.3999999999999937,3.3999999999999937,3.3999999999999937,3.3999999999999937,3.3999999999999937,3.3999999999999937,3.3999999999999937,3.3999999999999937,3.3999999999999937,3.3999999999999937,3.3999999999999937,3.3999999999999937
October,11,3.3999999999999937,3.3999999999999937,3.3999999999999937,3.3999999999999937,3.3999999999999937,3.3999999999999937,3.3999999999999937,3.3999999999999937,3.3999999999999937,3.3999999999999937,3.3999999999999937,3.3999999999999937,3.3999999999999937,3.3999999999999937,3.3999999999999937,3.3999999999999937,3.3999999999999937,3.3999999999999937,3.3999999999999937,3.3999999999999937,3.3999999999999937,3.3999999999999937,3.3999999999999937,3.3999999999999937,3.3999999999999937,3.3999999999999937,3.3999999999999937,3.3999999999999937,3.3999999999999937,3.3999999999999937,3.3999999999999937,3.3999999999999937,3.3999999999999937,3.3999999999999937,3.3999999999999937,3.3999999999999937,371.2484509085635,716.3389739594884,792.2509754635684,1009.391816845235,1049.3576498846578,886.5334721775772,833.1517587388802,1027.4776263210783,1118.3306803357748,767.5606974596891,993.8803777483693,1059.5353783580697,955.4490414450767,1003.3226916722541,974.0205471297613,919.7838527033736,1086.0515744426375,783.7255339643267,298.5243140679065,3.3999999999999937,692.3868443381559,665.60967269474,868.5214840697664,1462.2623978405018,1239.8243139487997,1157.495948385611,1176.4440797151537,1104.866799173125,1257.6579061171774,1184.613941575292,1023.3514672270661,1282.337104386582,1241.2526382729923,921.9193316248643,839.4903824391268,651.842438731341,358.69573547938484,285.59822688847356,418.89545400492545,881.845291079962,481.0665905921473,610.7891249869826,328.21947439265915,3.3999999999999937,3.3999999999999937,3.3999999999999937,3.3999999999999937,3.3999999999999937,3.3999999999999937,3.3999999999999937,3.3999999999999937,3.3999999999999937,3.3999999999999937,3.3999999999999937,3.3999999999999937,3.3999999999999937,3.3999999999999937,3.3999999999999937,3.3999999999999937,3.3999999999999937
October,12,3.3999999999999937,3.3999999999999937,3.3999999999999937,3.3999999999999937,3.3999999999999937,3.3999999999999937,3.3999999999999937,3.3999999999999937,3.3999999999999937,3.3999999999999937,3.3999999999999937,3.3999999999999937,3.3999999999999937,3.3999999999999937,3.3999999999999937,3.3999999999999937,3.3999999999999937,3.3999999999999937,3.3999999999999937,3.3999999999999937,3.3999999999999937,3.3999999999999937,3.3999999999999937,3.3999999999999937,3.3999999999999937,3.3999999999999937,3.3999999999999937,3.3999999999999937,3.3999999999999937,3.3999999999999937,3.3999999999999937,3.3999999999999937,3.3999999999999937,3.3999999999999937,3.3999999999999937,3.3999999999999937,240.67315393463298,569.8313541880641,986.5561967085291,1044.636883527125,909.8325764469324,955.9986361340525,944.0428739269039,907.1236436896213,965.0925581559067,1076.5663294608974,856.8635852980443,903.3017864365116,1040.6488053552605,799.5492596256574,902.3907962501943,1001.8108506136709,845.3912344087385,872.6903667332413,445.9566669921166,3.3999999999999937,745.9100347155653,697.0318667085666,685.226876996865,1307.4514081085754,1429.0710323560706,1324.7156887399497,1094.2585974281205,1024.4134186846456,1211.9152717717059,1388.2822444649541,1045.5564702842255,935.138398854144,1427.026709849774,1170.5499743246403,783.5079773033186,804.7473821010086,517.4584180733806,290.0201410061427,471.9249212191484,882.2587447595791,546.4621796484599,596.9672951312764,427.34329422919274,3.3999999999999937,3.3999999999999937,3.3999999999999937,3.3999999999999937,3.3999999999999937,3.3999999999999937,3.3999999999999937,3.3999999999999937,3.3999999999999937,3.3999999999999937,3.3999999999999937,3.3999999999999937,3.3999999999999937,3.3999999999999937,3.3999999999999937,3.3999999999999937,3.3999999999999937
October,13,3.3999999999999937,3.3999999999999937,3.3999999999999937,3.3999999999999937,3.3999999999999937,3.3999999999999937,3.3999999999999937,3.3999999999999937,3.3999999999999937,3.3999999999999937,3.3999999999999937,3.3999999999999937,3.3999999999999937,3.3999999999999937,3.3999999999999937,3.3999999999999937,3.3999999999999937,3.3999999999999937,3.3999999999999937,3.3999999999999937,3.3999999999999937,3.3999999999999937,3.3999999999999937,3.3999999999999937,3.3999999999999937,3.3999999999999937,3.3999999999999937,3.3999999999999937,3.3999999999999937,3.3999999999999937,3.3999999999999937,3.3999999999999937,3.3999999999999937,3.3999999999999937,3.3999999999999937,3.3999999999999937,299.4650234272392,574.2476671861662,998.9442794705584,1069.8145748155296,880.7878504742298,1085.524545467665,921.8044946692135,916.1328903355457,1134.6406574864966,828.2372281488853,853.6914903975272,1046.3176847315872,971.7988438772826,984.141354815771,997.6870997087154,903.8522968490114,775.1600605172554,915.1574235962677,421.6232025868141,3.3999999999999937,701.958948466676,585.5430584105669,837.8518020048629,1433.1875764765655,1262.62019620189,918.9942879072204,1282.531920326572,1299.8975242744382,992.0851099155869,1221.9110319928934,1172.6146566410293,1108.865982610588,1206.9959686380773,1117.7273885294696,935.4804761901312,785.9382117533672,480.4298046350648,191.00987012505456,349.9557395927324,1072.5172214836768,530.3431683555872,331.7437021539646,653.0293068144322,3.3999999999999937,3.3999999999999937,3.3999999999999937,3.3999999999999937,3.3999999999999937,3.3999999999999937,3.3999999999999937,3.3999999999999937,3.3999999999999937,3.3999999999999937,3.3999999999999937,3.3999999999999937,3.3999999999999937,3.3999999999999937,3.3999999999999937,3.3999999999999937,3.3999999999999937
October,14,3.3999999999999937,3.3999999999999937,3.3999999999999937,3.3999999999999937,3.3999999999999937,3.3999999999999937,3.3999999999999937,3.3999999999999937,3.3999999999999937,3.3999999999999937,3.3999999999999937,3.3999999999999937,3.3999999999999937,3.3999999999999937,3.3999999999999937,3.3999999999999937,3.3999999999999937,3.3999999999999937,3.3999999999999937,3.3999999999999937,3.3999999999999937,3.3999999999999937,3.3999999999999937,3.3999999999999937,3.3999999999999937,3.3999999999999937,3.3999999999999937,3.3999999999999937,3.3999999999999937,3.3999999999999937,3.3999999999999937,3.3999999999999937,3.3999999999999937,3.3999999999999937,3.3999999999999937,3.3999999999999937,286.80354188084885,686.8086588559049,884.3810625973856,1033.9993425095172,950.9402061257955,869.4730687251189,1015.3026274801321,972.7686961123928,948.3340825824497,1065.0080850943582,948.4818655047258,887.578453596773,923.9363627357139,993.6946985348548,947.683729637091,997.0595064960323,1083.6495345627384,639.4504173579995,298.9093187595186,3.3999999999999937,549.6348734258064,607.0727784578335,722.9375559827946,1678.206486187032,1217.1210532191249,1000.1936235028619,1207.9417309048886,961.673140404209,1142.4220051847792,1328.8440238117068,1175.7723239239922,882.780874599299,1258.5715268356355,943.147815680344,894.6024787424202,1019.479460558904,423.5216227089624,250.38525568678844,583.7659186256003,866.1563097732961,494.1915088514734,566.2186148523891,447.59672901699224,3.3999999999999937,3.3999999999999937,3.3999999999999937,3.3999999999999937,3.3999999999999937,3.3999999999999937,3.3999999999999937,3.3999999999999937,3.3999999999999937,3.3999999999999937,3.3999999999999937,3.3999999999999937,3.3999999999999937,3.3999999999999937,3.3999999999999937,3.3999999999999937,3.3999999999999937
October,15,3.3999999999999937,3.3999999999999937,3.3999999999999937,3.3999999999999937,3.3999999999999937,3.3999999999999937,3.3999999999999937,3.3999999999999937,3.3999999999999937,3.3999999999999937,3.3999999999999937,3.3999999999999937,3.3999999999999937,3.3999999999999937,3.3999999999999937,3.3999999999999937,3.3999999999999937,3.3999999999999937,3.3999999999999937,3.3999999999999937,3.3999999999999937,3.3999999999999937,3.3999999999999937,3.3999999999999937,3.3999999999999937,3.3999999999999937,3.3999999999999937,3.3999999999999937,3.3999999999999937,3.3999999999999937,3.3999999999999937,3.3999999999999937,3.3999999999999937,3.3999999999999937,3.3999999999999937,3.3999999999999937,349.6832318606346,719.2693829967585,920.9868879608449,991.5135814042902,993.7582464664085,1042.172040386306,992.9260015747799,939.3016655725744,960.0262636493286,940.481056824371,1013.5696255497118,945.9793354494254,879.9513461634884,1051.6814913801616,1021.2957156776363,872.9083018954909,1033.896832265888,814.9659931485036,423.7810186372255,3.3999999999999937,743.9004909776032,555.1162011832686,921.3036474397064,1476.6124414592962,1137.9593014089935,1069.0707332126879,1339.8464758469026,923.1022359064275,963.1863938131162,1420.1268280970728,1059.4639310441407,1170.8975002827963,1370.0664413144625,896.4896902186331,976.0340897333374,687.9129948179447,406.3643110785646,355.12180750965484,519.3775227287548,793.8871301787274,614.2416967505451,511.6001526572408,421.2335064262177,3.3999999999999937,3.3999999999999937,3.3999999999999937,3.3999999999999937,3.3999999999999937,3.3999999999999937,3.3999999999999937,3.3999999999999937,3.3999999999999937,3.3999999999999937,3.3999999999999937,3.3999999999999937,3.3999999999999937,3.3999999999999937,3.3999999999999937,3.3999999999999937,3.3999999999999937
October,16,3.3999999999999937,3.3999999999999937,3.3999999999999937,3.3999999999999937,3.3999999999999937,3.3999999999999937,3.3999999999999937,3.3999999999999937,3.3999999999999937,3.3999999999999937,3.3999999999999937,3.3999999999999937,3.3999999999999937,3.3999999999999937,3.3999999999999937,3.3999999999999937,3.3999999999999937,3.3999999999999937,3.3999999999999937,3.3999999999999937,3.3999999999999937,3.3999999999999937,3.3999999999999937,3.3999999999999937,3.3999999999999937,3.3999999999999937,3.3999999999999937,3.3999999999999937,3.3999999999999937,3.3999999999999937,3.3999999999999937,3.3999999999999937,3.3999999999999937,3.3999999999999937,3.3999999999999937,3.3999999999999937,351.37026166195506,655.0122750075501,892.9364077115472,1057.1149456307996,854.8311041650798,944.708841012946,1013.6716455167531,842.3514609491316,967.345106803758,977.4347386711671,904.2608311130703,1029.1619072295232,947.9462545770606,889.0821050835222,901.8332315504541,1000.3946340335235,975.8997416362611,837.8921067397945,376.27673009301714,3.3999999999999937,716.4127820056871,461.70892065663924,802.2333039844052,1576.6943102405269,1121.5877070949257,1002.5782665209462,1227.865498559867,1031.3788074861943,1181.8355167282957,1123.0852399071402,972.8207784159251,1253.703308347004,1148.9197879564692,760.4207259252875,945.4489714385858,691.5424019086051,491.6165064591441,201.9511625926163,423.8042320324842,856.406099054206,583.0260370116453,599.6136627389201,368.8661798458789,3.3999999999999937,3.3999999999999937,3.3999999999999937,3.3999999999999937,3.3999999999999937,3.3999999999999937,3.3999999999999937,3.3999999999999937,3.3999999999999937,3.3999999999999937,3.3999999999999937,3.3999999999999937,3.3999999999999937,3.3999999999999937,3.3999999999999937,3.3999999999999937,3.3999999999999937
October,17,3.3999999999999937,3.3999999999999937,3.3999999999999937,3.3999999999999937,3.3999999999999937,3.3999999999999937,3.3999999999999937,3.3999999999999937,3.3999999999999937,3.3999999999999937,3.3999999999999937,3.3999999999999937,3.3999999999999937,3.3999999999999937,3.3999999999999937,3.3999999999999937,3.3999999999999937,3.3999999999999937,3.3999999999999937,3.3999999999999937,3.3999999999999937,3.3999999999999937,3.3999999999999937,3.3999999999999937,3.3999999999999937,3.3999999999999937,3.3999999999999937,3.3999999999999937,3.3999999999999937,3.3999999999999937,3.3999999999999937,3.3999999999999937,3.3999999999999937,3.3999999999999937,3.3999999999999937,3.3999999999999937,340.7907200473309,569.3850818069385,842.9606285779703,1030.2932846854142,968.5286582780353,959.0676720194206,926.8825323206285,887.8222854669675,1136.09786795282,961.8095104252812,834.957265699299,1092.1732196783685,997.51507393405,894.0244915082005,904.4359670763697,932.8545359579725,1011.1666982122557,732.7264844779512,417.23365076737923,3.3999999999999937,577.5063516547509,584.6202100994564,785.6482004462903,1489.9342937051106,1169.040151629259,1046.5594742205228,1219.3603177602054,1023.4734182284682,1100.63548182046,878.2131892654362,1138.9802682414336,1315.0265986721204,1012.7438382066872,1058.4739367614961,849.0779808314512,826.1862885286664,584.4095026347724,175.29467523321676,604.177303848738,953.4141472837538,393.6007734769589,479.6543807747214,493.6505326804197,3.3999999999999937,3.3999999999999937,3.3999999999999937,3.3999999999999937,3.3999999999999937,3.3999999999999937,3.3999999999999937,3.3999999999999937,3.3999999999999937,3.3999999999999937,3.3999999999999937,3.3999999999999937,3.3999999999999937,3.3999999999999937,3.3999999999999937,3.3999999999999937,3.3999999999999937
October,18,3.3999999999999937,3.3999999999999937,3.3999999999999937,3.3999999999999937,3.3999999999999937,3.3999999999999937,3.3999999999999937,3.3999999999999937,3.3999999999999937,3.3999999999999937,3.3999999999999937,3.3999999999999937,3.3999999999999937,3.3999999999999937,3.3999999999999937,3.3999999999999937,3.3999999999999937,3.3999999999999937,3.3999999999999937,3.3999999999999937,3.3999999999999937,3.3999999999999937,3.3999999999999937,3.3999999999999937,3.3999999999999937,3.3999999999999937,3.3999999999999937,3.3999999999999937,3.3999999999999937,3.3999999999999937,3.3999999999999937,3.3999999999999937,3.3999999999999937,3.3999999999999937,3.3999999999999937,3.3999999999999937,280.18218904145425,650.9858448195087,1045.8683460876923,939.1725134548841,986.8263873868768,947.3747849522712,918.0610050975494,1115.3269711877713,940.5121410108669,847.2205306610755,911.6373748865639,856.371997445546,970.1933168914451,986.9711107931427,781.0206127742982,1030.5671848744444,1111.462881766253,659.6052134099053,362.7635892302414,3.3999999999999937,541.716843387667,797.8916397750774,858.4293709011573,1256.0353082882846,1466.8075538332844,1001.7285188770013,1193.7955551680861,1363.245826382611,979.1005233097928,1103.386103370972,1275.0023164051413,1227.8248797736458,1186.1879408114214,1073.4114053917415,1091.1613249143015,592.560341127736,433.10529875692356,347.5688855679486,492.63722906537,795.1429751526834,558.5062559801298,583.0220256668653,420.68963811413784,3.3999999999999937,3.3999999999999937,3.3999999999999937,3.3999999999999937,3.3999999999999937,3.3999999999999937,3.3999999999999937,3.3999999999999937,3.3999999999999937,3.3999999999999937,3.3999999999999937,3.3999999999999937,3.3999999999999937,3.3999999999999937,3.3999999999999937,3.3999999999999937,3.3999999999999937
October,19,3.3999999999999937,3.3999999999999937,3.3999999999999937,3.3999999999999937,3.3999999999999937,3.3999999999999937,3.3999999999999937,3.3999999999999937,3.3999999999999937,3.3999999999999937,3.3999999999999937,3.3999999999999937,3.3999999999999937,3.3999999999999937,3.3999999999999937,3.3999999999999937,3.3999999999999937,3.3999999999999937,3.3999999999999937,3.3999999999999937,3.3999999999999937,3.3999999999999937,3.3999999999999937,3.3999999999999937,3.3999999999999937,3.3999999999999937,3.3999999999999937,3.3999999999999937,3.3999999999999937,3.3999999999999937,3.3999999999999937,3.3999999999999937,3.3999999999999937,3.3999999999999937,3.3999999999999937,3.3999999999999937,416.559445209694,718.0526448795389,905.6268914484698,1156.0703128490172,981.0939484032218,884.7793988324926,979.9973209363567,1158.4507233002098,925.3755894382465,872.748132756316,1091.2971032718826,926.2483697945719,902.7017472562103,994.4099084400458,891.0626840180174,1033.8349648300045,992.8441522261444,678.1228479721856,502.33169454535374,3.3999999999999937,796.9726903517114,645.8386340697042,798.9730622814164,1708.7039737953555,1187.3632614270714,992.1389169523038,1217.7266998226066,1229.581310395096,1051.44834401727,1256.1742964111884,1109.7716924514004,945.9247241248662,1346.2310880726372,1015.9731259659213,800.6021436385628,1027.4713566660807,476.7835889974301,282.2495467311906,433.9409568492528,907.4239637497237,577.4479139918495,534.1903716583023,419.2889310215043,3.3999999999999937,3.3999999999999937,3.3999999999999937,3.3999999999999937,3.3999999999999937,3.3999999999999937,3.3999999999999937,3.3999999999999937,3.3999999999999937,3.3999999999999937,3.3999999999999937,3.3999999999999937,3.3999999999999937,3.3999999999999937,3.3999999999999937,3.3999999999999937,3.3999999999999937
