jour,mois,slot_0,slot_1,slot_2,slot_3,slot_4,slot_5,slot_6,slot_7,slot_8,slot_9,slot_10,slot_11,slot_12,slot_13,slot_14,slot_15,slot_16,slot_17,slot_18,slot_19,slot_20,slot_21,slot_22,slot_23,slot_24,slot_25,slot_26,slot_27,slot_28,slot_29,slot_30,slot_31,slot_32,slot_33,slot_34,slot_35,slot_36,slot_37,slot_38,slot_39,slot_40,slot_41,slot_42,slot_43,slot_44,slot_45,slot_46,slot_47,slot_48,slot_49,slot_50,slot_51,slot_52,slot_53,slot_54,slot_55,slot_56,slot_57,slot_58,slot_59,slot_60,slot_61,slot_62,slot_63,slot_64,slot_65,slot_66,slot_67,slot_68,slot_69,slot_70,slot_71,slot_72,slot_73,slot_74,slot_75,slot_76,slot_77,slot_78,slot_79,slot_80,slot_81,slot_82,slot_83,slot_84,slot_85,slot_86,slot_87,slot_88,slot_89,slot_90,slot_91,slot_92,slot_93,slot_94,slot_95
2024-02-01,2024-02,202.0,200.0,198.0,196.0,194.0,190.0,190.0,188.0,186.0,186.0,186.0,184.0,182.0,182.0,180.0,178.0,178.0,178.0,186.0,184.0,180.0,180.0,180.0,178.0,178.0,178.0,178.0,182.0,176.0,176.0,174.0,152.0,8.0,12.0,14.0,14.0,14.0,14.0,12.0,10.0,6.0,6.0,10.0,12.0,18.0,18.0,18.0,16.0,22.0,22.0,22.0,18.0,18.0,18.0,56.0,180.0,192.0,200.0,214.0,216.0,214.0,208.0,207.0,206.0,212.0,28.0,28.0,26.0,18.0,14.0,14.0,12.0,14.0,14.0,20.0,24.0,22.0,14.0,12.0,10.0,12.0,14.0,14.0,14.0,14.0,14.0,14.0,14.0,10.0,10.0,10.0,10.0,10.0,12.0,16.0,22.0
2024-02-02,2024-02,26.0,26.0,26.0,22.0,22.0,22.0,20.0,14.0,14.0,12.0,10.0,10.0,10.0,10.0,10.0,10.0,10.0,10.0,10.0,10.0,10.0,10.0,10.0,10.0,10.0,10.0,11.0,12.0,10.0,10.0,10.0,0.0,0.0,0.0,0.0,0.0,0.0,0.0,0.0,0.0,2.0,6.0,6.0,4.0,4.0,10.0,10.0,10.0,10.0,10.0,120.0,186.0,196.0,202.0,202.0,204.0,198.0,198.0,200.0,202.0,198.0,196.0,192.0,194.0,200.0,196.0,192.0,192.0,190.0,186.0,184.0,182.0,182.0,188.0,194.0,204.0,202.0,198.0,194.0,196.0,102.0,22.0,22.0,22.0,22.0,22.0,22.0,22.0,22.0,28.0,28.0,28.0,28.0,28.0,28.0,28.0
2024-02-03,2024-02,28.0,28.0,26.0,26.0,26.0,26.0,26.0,26.0,26.0,26.0,26.0,26.0,26.0,26.0,26.0,24.0,26.0,26.0,24.0,24.0,24.0,24.0,22.0,24.0,22.0,22.0,22.0,16.0,10.0,16.0,18.0,10.0,12.0,6.0,6.0,4.0,4.0,16.0,14.0,14.0,20.0,24.0,24.0,24.0,26.0,28.0,28.0,24.0,20.0,162.0,190.0,202.0,212.0,216.0,214.0,234.0,234.0,232.0,232.0,228.0,222.0,214.0,218.0,214.0,204.0,208.0,202.0,198.0,194.0,186.0,196.0,200.0,198.0,196.0,206.0,202.0,202.0,202.0,196.0,202.0,198.0,196.0,194.0,192.0,198.0,194.0,194.0,196.0,204.0,204.0,200.0,196.0,202.0,214.0,210.0,208.0
2024-02-04,2024-02,204.0,208.0,200.0,196.0,208.0,194.0,194.0,192.0,192.0,188.0,186.0,184.0,186.0,186.0,182.0,180.0,178.0,178.0,176.0,174.0,172.0,172.0,172.0,172.0,170.0,172.0,174.0,124.0,12.0,12.0,12.0,8.0,14.0,0.0,0.0,0.0,0.0,0.0,0.0,2.0,2.0,2.0,2.0,2.0,2.0,2.0,2.0,2.0,2.0,2.0,0.0,0.0,0.0,0.0,0.0,0.0,0.0,0.0,0.0,8.0,10.0,10.0,8.0,12.0,10.0,8.0,6.0,6.0,6.0,6.0,4.0,4.0,2.0,4.0,14.0,14.0,24.0,28.0,30.0,34.0,38.0,38.0,38.0,36.0,34.0,24.0,22.0,22.0,20.0,20.0,18.0,18.0,18.0,12.0,26.0,28.0
2024-02-06,2024-02,212.0,210.0,204.0,204.0,202.0,202.0,202.0,202.0,200.0,198.0,198.0,198.0,196.0,196.0,196.0,194.0,194.0,194.0,192.0,192.0,192.0,192.0,192.0,192.0,190.0,190.0,188.0,176.0,176.0,176.0,174.0,180.0,178.0,174.0,174.0,174.0,172.0,68.0,4.0,0.0,0.0,0.0,0.0,0.0,0.0,0.0,2.0,2.0,2.0,2.0,2.0,2.0,0.0,0.0,0.0,0.0,6.0,8.0,8.0,8.0,8.0,8.0,6.0,6.0,6.0,6.0,6.0,6.0,8.0,8.0,8.0,10.0,10.0,8.0,15.0,22.0,20.0,18.0,17.0,16.0,18.0,16.0,16.0,16.0,16.0,16.0,16.0,16.0,14.0,14.0,14.0,14.0,14.0,10.0,10.0,10.0
2024-02-07,2024-02,10.0,10.0,10.0,10.0,10.0,10.0,10.0,10.0,10.0,10.0,10.0,10.0,10.0,10.0,10.0,10.0,10.0,10.0,10.0,10.0,10.0,10.0,10.0,10.0,10.0,10.0,10.0,10.0,10.0,10.0,12.0,16.0,14.0,4.0,0.0,0.0,0.0,8.0,10.0,10.0,10.0,10.0,8.0,8.0,6.0,8.0,10.0,12.0,10.0,8.0,6.0,12.0,12.0,14.0,18.0,18.0,18.0,14.0,12.0,12.0,12.0,12.0,12.0,12.0,16.0,20.0,16.0,16.0,16.0,10.0,12.0,10.0,10.0,16.0,20.0,16.0,18.0,14.0,12.0,16.0,24.0,22.0,22.0,22.0,22.0,22.0,22.0,22.0,22.0,22.0,22.0,22.0,22.0,22.0,22.0,22.0
2024-02-08,2024-02,22.0,22.0,22.0,22.0,22.0,22.0,22.0,22.0,22.0,22.0,22.0,22.0,22.0,22.0,22.0,22.0,22.0,22.0,22.0,22.0,22.0,22.0,22.0,22.0,22.0,22.0,22.0,22.0,16.0,10.0,10.0,10.0,10.0,10.0,2.0,2.0,4.0,14.0,154.0,180.0,196.0,198.0,198.0,198.0,212.0,212.0,214.0,208.0,204.0,200.0,196.0,196.0,194.0,192.0,186.0,182.0,190.0,190.0,190.0,196.0,194.0,190.0,192.0,186.0,184.0,172.0,170.0,170.0,172.0,172.0,172.0,172.0,172.0,186.0,186.0,194.0,190.0,190.0,196.0,200.0,196.0,196.0,198.0,196.0,196.0,196.0,194.0,194.0,194.0,192.0,192.0,192.0,188.0,26.0,26.0,26.0
2024-02-09,2024-02,26.0,26.0,26.0,26.0,22.0,22.0,22.0,22.0,22.0,22.0,22.0,22.0,22.0,22.0,22.0,22.0,22.0,22.0,22.0,22.0,22.0,22.0,22.0,22.0,22.0,22.0,20.0,10.0,10.0,10.0,10.0,10.0,10.0,14.0,4.0,4.0,2.0,0.0,34.0,2.0,0.0,0.0,4.0,2.0,4.0,4.0,4.0,2.0,4.0,4.0,2.0,2.0,2.0,2.0,2.0,2.0,2.0,12.0,8.0,8.0,8.0,6.0,4.0,6.0,4.0,4.0,4.0,4.0,4.0,4.0,4.0,4.0,4.0,12.0,6.0,8.0,20.0,14.0,18.0,18.0,18.0,18.0,26.0,84.0,196.0,206.0,202.0,212.0,218.0,224.0,222.0,214.0,214.0,210.0,204.0,204.0
2024-02-10,2024-02,202.0,200.0,198.0,194.0,190.0,188.0,186.0,184.0,184.0,184.0,184.0,182.0,182.0,182.0,182.0,182.0,182.0,182.0,182.0,180.0,180.0,180.0,180.0,180.0,180.0,180.0,178.0,178.0,54.0,10.0,6.0,0.0,0.0,0.0,0.0,0.0,0.0,0.0,0.0,0.0,2.0,10.0,10.0,16.0,22.0,22.0,22.0,22.0,18.0,18.0,16.0,60.0,180.0,194.0,198.0,200.0,202.0,200.0,200.0,194.0,198.0,196.0,194.0,198.0,196.0,192.0,188.0,10.0,4.0,2.0,2.0,0.0,1.0,2.0,0.0,20.0,28.0,22.0,20.0,28.0,28.0,20.0,18.0,18.0,18.0,18.0,18.0,16.0,14.0,12.0,12.0,12.0,12.0,12.0,12.0,14.0
2024-02-11,2024-02,14.0,14.0,14.0,14.0,14.0,14.0,10.0,10.0,10.0,10.0,10.0,10.0,10.0,10.0,10.0,10.0,10.0,10.0,10.0,10.0,10.0,10.0,10.0,10.0,10.0,10.0,10.0,10.0,10.0,10.0,0.0,0.0,10.0,10.0,14.0,12.0,14.0,14.0,14.0,14.0,13.0,12.0,10.0,10.0,10.0,10.0,10.0,8.0,6.0,44.0,172.0,186.0,194.0,194.0,196.0,196.0,196.0,196.0,202.0,220.0,222.0,220.0,220.0,134.0,26.0,26.0,26.0,22.0,14.0,10.0,10.0,6.0,9.0,12.0,12.0,16.0,28.0,28.0,28.0,26.0,32.0,34.0,32.0,32.0,34.0,30.0,34.0,34.0,36.0,46.0,48.0,48.0,46.0,46.0,44.0,44.0
2024-02-12,2024-02,46.0,46.0,38.0,36.0,36.0,34.0,32.0,30.0,30.0,28.0,28.0,28.0,28.0,30.0,30.0,28.0,26.0,24.0,24.0,24.0,24.0,24.0,24.0,24.0,24.0,24.0,22.0,16.0,0.0,6.0,8.0,10.0,10.0,8.0,4.0,14.0,14.0,14.0,14.0,14.0,14.0,12.0,12.0,14.0,12.0,10.0,8.0,8.0,24.0,14.0,168.0,196.0,202.0,208.0,208.0,206.0,206.0,202.0,202.0,68.0,4.0,6.0,4.0,2.0,2.0,2.0,2.0,2.0,2.0,0.0,0.0,0.0,0.0,0.0,0.0,0.0,4.0,10.0,12.0,14.0,14.0,14.0,14.0,14.0,12.0,14.0,14.0,14.0,14.0,12.0,10.0,10.0,10.0,10.0,10.0,14.0
2024-02-13,2024-02,14.0,14.0,14.0,14.0,12.0,10.0,10.0,10.0,10.0,10.0,10.0,10.0,10.0,10.0,10.0,10.0,10.0,10.0,10.0,10.0,10.0,10.0,10.0,10.0,10.0,10.0,10.0,8.0,0.0,8.0,2.0,0.0,0.0,0.0,0.0,0.0,6.0,12.0,12.0,12.0,12.0,12.0,70.0,182.0,196.0,202.0,202.0,202.0,204.0,206.0,208.0,208.0,208.0,210.0,208.0,204.0,202.0,68.0,20.0,24.0,14.0,14.0,24.0,22.0,22.0,20.0,16.0,16.0,16.0,16.0,16.0,16.0,16.0,10.0,8.0,6.0,10.0,24.0,18.0,16.0,16.0,16.0,12.0,12.0,12.0,12.0,14.0,14.0,14.0,14.0,14.0,12.0,18.0,20.0,20.0,20.0
2024-02-14,2024-02,20.0,18.0,18.0,18.0,16.0,16.0,14.0,14.0,14.0,12.0,12.0,12.0,12.0,10.0,12.0,12.0,10.0,12.0,10.0,10.0,10.0,10.0,10.0,10.0,12.0,10.0,10.0,12.0,4.0,10.0,4.0,2.0,4.0,6.0,114.0,188.0,194.0,196.0,202.0,4.0,0.0,0.0,0.0,0.0,0.0,0.0,0.0,0.0,0.0,0.0,0.0,0.0,0.0,0.0,0.0,0.0,0.0,0.0,0.0,0.0,0.0,2.0,20.0,28.0,30.0,30.0,28.0,22.0,18.0,18.0,18.0,14.0,8.0,16.0,18.0,18.0,20.0,14.0,20.0,20.0,20.0,20.0,20.0,22.0,22.0,22.0,22.0,24.0,22.0,26.0,28.0,26.0,26.0,26.0,28.0,30.0
2024-02-15,2024-02,30.0,30.0,28.0,24.0,20.0,20.0,20.0,18.0,16.0,18.0,16.0,14.0,14.0,12.0,12.0,10.0,10.0,10.0,10.0,10.0,10.0,10.0,10.0,10.0,10.0,10.0,10.0,10.0,4.0,0.0,2.0,2.0,2.0,2.0,2.0,0.0,0.0,0.0,0.0,0.0,0.0,0.0,4.0,10.0,10.0,10.0,8.0,8.0,8.0,8.0,8.0,8.0,8.0,8.0,8.0,6.0,6.0,6.0,4.0,4.0,4.0,4.0,6.0,8.0,8.0,8.0,8.0,8.0,8.0,8.0,6.0,6.0,6.0,6.0,6.0,6.0,14.0,14.0,14.0,16.0,16.0,16.0,16.0,16.0,16.0,16.0,18.0,18.0,18.0,14.0,14.0,10.0,10.0,42.0,178.0,196.0
2024-02-16,2024-02,202.0,206.0,206.0,204.0,204.0,204.0,204.0,202.0,202.0,200.0,198.0,198.0,102.0,12.0,12.0,12.0,12.0,12.0,12.0,12.0,12.0,12.0,12.0,12.0,12.0,12.0,12.0,8.0,2.0,0.0,2.0,0.0,2.0,0.0,0.0,4.0,12.0,14.0,14.0,14.0,14.0,22.0,20.0,20.0,22.0,16.0,16.0,14.0,14.0,16.0,12.0,8.0,10.0,10.0,14.0,12.0,10.0,8.0,10.0,10.0,10.0,8.0,8.0,6.0,6.0,4.0,2.0,4.0,2.0,2.0,8.0,6.0,6.0,6.0,6.0,6.0,12.0,18.0,14.0,10.0,10.0,10.0,10.0,14.0,14.0,12.0,12.0,12.0,12.0,12.0,12.0,12.0,16.0,24.0,22.0,20.0
2024-02-17,2024-02,18.0,16.0,14.0,14.0,12.0,12.0,12.0,14.0,14.0,14.0,12.0,10.0,10.0,10.0,10.0,10.0,10.0,10.0,12.0,12.0,10.0,10.0,10.0,10.0,12.0,12.0,12.0,12.0,4.0,4.0,4.0,4.0,4.0,4.0,4.0,4.0,6.0,6.0,10.0,10.0,14.0,14.0,12.0,10.0,8.0,6.0,6.0,7.0,8.0,8.0,8.0,6.0,4.0,4.0,6.0,4.0,4.0,4.0,4.0,4.0,4.0,4.0,2.0,2.0,0.0,0.0,4.0,6.0,6.0,10.0,12.0,12.0,20.0,24.0,32.0,28.0,28.0,36.0,34.0,34.0,32.0,32.0,28.0,22.0,20.0,18.0,16.0,38.0,174.0,192.0,208.0,212.0,212.0,212.0,212.0,210.0
2024-02-18,2024-02,208.0,208.0,206.0,204.0,198.0,196.0,192.0,192.0,188.0,188.0,188.0,186.0,186.0,186.0,186.0,176.0,174.0,172.0,172.0,172.0,2.0,0.0,0.0,0.0,0.0,0.0,0.0,0.0,0.0,0.0,0.0,0.0,0.0,0.0,0.0,0.0,0.0,0.0,0.0,0.0,0.0,6.0,18.0,18.0,18.0,16.0,18.0,18.0,18.0,16.0,16.0,16.0,16.0,16.0,16.0,10.0,12.0,16.0,16.0,18.0,18.0,16.0,14.0,16.0,16.0,16.0,14.0,14.0,14.0,14.0,16.0,16.0,16.0,14.0,10.0,10.0,20.0,18.0,24.0,32.0,36.0,36.0,38.0,36.0,34.0,34.0,34.0,30.0,28.0,22.0,18.0,18.0,18.0,16.0,16.0,16.0
2024-02-19,2024-02,16.0,16.0,16.0,18.0,16.0,14.0,12.0,12.0,10.0,10.0,10.0,10.0,10.0,10.0,10.0,10.0,10.0,10.0,10.0,10.0,10.0,10.0,10.0,10.0,10.0,10.0,10.0,8.0,0.0,0.0,0.0,0.0,6.0,6.0,14.0,14.0,14.0,14.0,14.0,14.0,14.0,14.0,14.0,14.0,10.0,8.0,6.0,6.0,4.0,4.0,4.0,4.0,2.0,2.0,2.0,2.0,2.0,2.0,2.0,2.0,2.0,0.0,0.0,2.0,4.0,6.0,6.0,6.0,6.0,6.0,6.0,6.0,0.0,2.0,4.0,8.0,16.0,16.0,16.0,16.0,16.0,26.0,26.0,26.0,24.0,22.0,22.0,22.0,22.0,20.0,18.0,16.0,20.0,24.0,26.0,30.0
2024-02-20,2024-02,30.0,30.0,30.0,30.0,30.0,28.0,24.0,22.0,20.0,16.0,16.0,14.0,14.0,12.0,10.0,10.0,10.0,10.0,10.0,10.0,10.0,10.0,10.0,12.0,10.0,10.0,12.0,14.0,14.0,8.0,4.0,4.0,18.0,30.0,40.0,48.0,48.0,52.0,50.0,44.0,44.0,38.0,38.0,32.0,28.0,26.0,22.0,16.0,12.0,10.0,8.0,4.0,10.0,16.0,28.0,28.0,18.0,18.0,18.0,14.0,16.0,12.0,10.0,8.0,8.0,8.0,8.0,8.0,6.0,6.0,4.0,4.0,14.0,14.0,14.0,12.0,24.0,22.0,20.0,20.0,20.0,20.0,20.0,20.0,20.0,18.0,12.0,24.0,24.0,24.0,24.0,24.0,24.0,24.0,24.0,94.0
2024-02-21,2024-02,188.0,198.0,206.0,208.0,208.0,206.0,204.0,202.0,202.0,200.0,200.0,198.0,196.0,196.0,194.0,194.0,192.0,190.0,188.0,188.0,188.0,186.0,186.0,186.0,186.0,184.0,184.0,184.0,68.0,0.0,0.0,0.0,0.0,0.0,2.0,0.0,0.0,0.0,2.0,6.0,8.0,12.0,14.0,22.0,24.0,24.0,20.0,20.0,16.0,12.0,12.0,14.0,20.0,24.0,20.0,18.0,16.0,12.0,14.0,14.0,14.0,14.0,12.0,6.0,4.0,4.0,4.0,4.0,2.0,0.0,0.0,4.0,4.0,6.0,18.0,8.0,10.0,14.0,14.0,14.0,14.0,14.0,14.0,14.0,14.0,14.0,22.0,22.0,12.0,12.0,12.0,12.0,12.0,12.0,12.0,12.0
2024-02-22,2024-02,12.0,10.0,10.0,8.0,8.0,6.0,6.0,6.0,6.0,6.0,6.0,6.0,4.0,2.0,4.0,4.0,6.0,6.0,4.0,4.0,4.0,4.0,4.0,2.0,2.0,2.0,4.0,8.0,14.0,16.0,18.0,14.0,14.0,14.0,14.0,13.333333333333334,12.666666666666666,12.0,8.0,8.0,8.0,7.0,6.0,8.0,10.0,6.0,6.0,6.0,4.0,6.0,6.0,6.0,6.0,6.0,8.0,12.0,12.0,10.0,8.0,8.0,6.0,6.0,6.0,6.0,4.0,4.0,4.0,2.0,2.0,2.0,2.0,2.0,2.0,0.0,0.0,6.0,12.0,10.0,10.0,10.0,10.0,16.0,14.0,14.0,14.0,18.0,24.0,24.0,20.0,20.0,20.0,20.0,20.0,20.0,20.0,26.0
2024-02-23,2024-02,26.0,32.0,32.0,32.0,32.0,31.0,30.0,26.0,22.0,22.0,20.0,14.0,14.0,16.0,14.0,12.0,12.0,10.0,10.0,10.0,10.0,10.0,10.0,10.0,10.0,10.0,10.0,6.0,6.0,2.0,0.0,0.0,0.0,0.0,0.0,0.0,0.0,0.0,0.0,0.0,0.0,0.0,0.0,2.0,2.0,2.0,4.0,4.0,4.0,4.0,4.0,4.0,4.0,4.0,2.0,2.0,2.0,4.0,6.0,8.0,8.0,10.0,14.0,0.0,0.0,0.0,0.0,0.0,0.0,0.0,0.0,0.0,0.0,0.0,0.0,0.0,4.0,26.0,24.0,24.0,24.0,24.0,26.0,22.0,18.0,18.0,20.0,24.0,24.0,24.0,26.0,28.0,26.0,26.0,26.0,26.0
2024-02-24,2024-02,26.0,24.0,24.0,26.0,26.0,26.0,26.0,24.0,22.0,20.0,20.0,20.0,20.0,18.0,16.0,14.0,12.0,12.0,12.0,12.0,12.0,12.0,12.0,12.0,12.0,14.0,14.0,14.0,12.0,6.0,4.0,2.0,4.0,4.0,4.0,4.0,8.0,8.0,2.0,6.0,6.0,4.0,4.0,4.0,0.0,2.0,4.0,6.0,8.0,8.0,8.0,8.0,8.0,4.0,4.0,6.0,6.0,2.0,2.0,2.0,2.0,2.0,2.0,2.0,0.0,0.0,0.0,0.0,0.0,0.0,0.0,0.0,0.0,0.0,0.0,0.0,4.0,10.0,10.0,12.0,12.0,10.0,14.0,12.0,14.0,14.0,14.0,14.0,14.0,14.0,20.0,22.0,16.0,16.0,16.0,16.0
2024-02-25,2024-02,16.0,16.0,16.0,16.0,12.0,12.0,12.0,12.0,12.0,10.0,10.0,10.0,10.0,10.0,10.0,8.0,8.0,8.0,8.0,8.0,6.0,6.0,6.0,6.0,6.0,6.0,12.0,20.0,14.0,6.0,4.0,10.0,14.0,14.0,6.0,12.0,10.0,10.0,10.0,10.0,10.0,14.0,16.0,12.0,12.0,10.0,6.0,6.0,6.0,6.0,8.0,6.0,6.0,6.0,6.0,98.0,180.0,192.0,196.0,198.0,198.0,198.0,198.0,208.0,208.0,204.0,200.0,200.0,198.0,196.0,98.0,10.0,12.0,6.0,4.0,8.0,18.0,18.0,12.0,12.0,12.0,14.0,14.0,14.0,14.0,14.0,14.0,14.0,14.0,14.0,14.0,14.0,14.0,16.0,22.0,22.0
2024-02-26,2024-02,20.0,20.0,20.0,20.0,20.0,20.0,20.0,16.0,14.0,16.0,12.0,10.0,10.0,12.0,14.0,14.0,14.0,14.0,14.0,14.0,14.0,14.0,14.0,14.0,14.0,14.0,14.0,6.0,2.0,10.0,6.0,6.0,6.0,10.0,10.0,8.0,6.0,6.0,6.0,6.0,6.0,6.0,6.0,8.0,14.0,16.0,14.0,14.0,14.0,14.0,14.0,14.0,10.0,8.0,8.0,8.0,10.0,10.0,12.0,16.0,14.0,10.0,10.0,10.0,10.0,8.0,8.0,8.0,8.0,8.0,10.0,6.0,6.0,4.0,10.0,10.0,14.0,14.0,18.0,18.0,18.0,16.0,12.0,14.0,24.0,28.0,28.0,28.0,22.0,22.0,24.0,22.0,22.0,20.0,18.0,18.0
2024-02-27,2024-02,18.0,18.0,18.0,18.0,18.0,18.0,16.0,16.0,16.0,16.0,16.0,14.0,14.0,14.0,14.0,14.0,14.0,12.0,14.0,14.0,14.0,14.0,14.0,12.0,10.0,10.0,10.0,10.0,4.0,0.0,0.0,0.0,0.0,6.0,14.0,14.0,16.0,18.0,18.0,20.0,18.0,18.0,18.0,12.0,10.0,18.0,18.0,12.0,10.0,10.0,10.0,10.0,10.0,10.0,10.0,8.0,8.0,4.0,2.0,10.0,6.0,4.0,6.0,6.0,6.0,6.0,8.0,8.0,6.0,6.0,10.0,8.0,6.0,4.0,6.0,14.0,16.0,16.0,16.0,20.0,18.0,18.0,16.0,18.0,16.0,18.0,12.0,10.0,10.0,10.0,10.0,10.0,10.0,10.0,10.0,10.0
2024-02-28,2024-02,10.0,10.0,10.0,10.0,10.0,10.0,10.0,10.0,10.0,10.0,10.0,10.0,10.0,10.0,10.0,10.0,10.0,10.0,10.0,10.0,10.0,10.0,10.0,10.0,10.0,10.0,10.0,4.0,0.0,0.0,0.0,0.0,0.0,0.0,0.0,0.0,2.0,10.0,10.0,10.0,8.0,10.0,12.0,12.0,10.0,10.0,10.0,10.0,12.0,14.0,12.0,14.0,14.0,14.0,14.0,14.0,16.0,16.0,18.0,22.0,22.0,16.0,10.0,10.0,10.0,10.0,10.0,12.0,12.0,10.0,10.0,10.0,10.0,12.0,10.0,10.0,16.0,28.0,24.0,23.0,22.0,22.0,22.0,18.0,16.0,12.0,12.0,14.666666666666666,17.333333333333332,20.0,20.0,20.0,18.0,18.0,18.0,18.0
2024-03-01,2024-03,0.0,0.0,0.0,0.0,0.0,0.0,0.0,0.0,0.0,0.0,0.0,0.0,0.0,0.0,0.0,0.0,0.0,0.0,0.0,0.0,0.0,0.0,0.0,0.0,0.0,0.0,16.0,12.0,18.0,14.0,14.0,14.0,14.0,16.0,20.0,20.0,18.0,16.0,16.0,16.0,22.0,26.0,24.0,24.0,22.0,20.0,16.0,16.0,12.0,10.0,10.0,10.0,12.0,12.0,10.0,12.0,10.0,10.0,6.0,6.0,4.0,2.0,0.0,0.0,0.0,0.0,0.0,0.0,0.0,0.0,0.0,0.0,0.0,0.0,0.0,0.0,0.0,0.0,0.0,0.0,0.0,0.0,0.0,0.0,0.0,0.0,0.0,0.0,0.0,0.0,0.0,0.0,0.0,0.0,0.0,0.0
2024-03-02,2024-03,0.0,0.0,0.0,0.0,0.0,0.0,0.0,0.0,0.0,0.0,0.0,0.0,0.0,0.0,0.0,0.0,0.0,0.0,0.0,0.0,0.0,0.0,0.0,0.0,0.0,0.0,0.0,0.0,0.0,0.0,0.0,0.0,0.0,0.0,0.0,0.0,0.0,0.0,0.0,0.0,0.0,0.0,0.0,0.0,0.0,0.0,0.0,0.0,0.0,0.0,0.0,0.0,0.0,0.0,0.0,0.0,0.0,0.0,0.0,0.0,0.0,0.0,0.0,0.0,0.0,0.0,0.0,0.0,0.0,0.0,0.0,0.0,0.0,0.0,0.0,0.0,0.0,0.0,0.0,0.0,0.0,0.0,0.0,0.0,0.0,0.0,0.0,0.0,0.0,0.0,0.0,0.0,0.0,0.0,0.0,0.0
2024-03-03,2024-03,0.0,0.0,0.0,0.0,0.0,0.0,0.0,0.0,0.0,0.0,0.0,0.0,0.0,0.0,0.0,0.0,0.0,0.0,0.0,0.0,0.0,0.0,0.0,0.0,0.0,0.0,0.0,0.0,0.0,0.0,0.0,0.0,0.0,0.0,0.0,0.0,0.0,0.0,0.0,0.0,0.0,0.0,0.0,0.0,0.0,0.0,0.0,0.0,0.0,0.0,0.0,0.0,0.0,0.0,0.0,0.0,0.0,0.0,0.0,0.0,0.0,0.0,0.0,0.0,0.0,0.0,0.0,0.0,0.0,0.0,0.0,0.0,0.0,0.0,0.0,0.0,0.0,0.0,0.0,0.0,0.0,0.0,0.0,0.0,0.0,0.0,0.0,0.0,0.0,0.0,0.0,0.0,0.0,0.0,0.0,0.0
2024-03-04,2024-03,0.0,0.0,0.0,0.0,0.0,0.0,0.0,0.0,0.0,0.0,0.0,0.0,0.0,0.0,0.0,0.0,0.0,0.0,0.0,0.0,0.0,0.0,0.0,0.0,0.0,0.0,0.0,0.0,0.0,0.0,0.0,0.0,0.0,0.0,0.0,0.0,0.0,2.0,10.0,12.0,14.0,14.0,12.0,14.0,14.0,14.0,14.0,14.0,12.0,12.0,10.0,6.0,6.0,16.0,14.0,14.0,14.0,14.0,16.0,14.0,12.0,10.0,10.0,4.0,4.0,4.0,4.0,4.0,4.0,4.0,2.0,2.0,2.0,4.0,118.0,192.0,210.0,216.0,222.0,2.0,0.0,28.0,140.0,216.0,220.0,218.0,212.0,212.0,204.0,202.0,200.0,198.0,198.0,200.0,200.0,198.0
2024-03-05,2024-03,196.0,196.0,194.0,192.0,192.0,192.0,188.0,186.0,184.0,184.0,184.0,184.0,184.0,182.0,182.0,182.0,182.0,180.0,180.0,178.0,178.0,176.0,176.0,176.0,174.0,174.0,174.0,174.0,170.0,162.0,40.0,0.0,0.0,0.0,0.0,8.0,8.0,8.0,8.0,14.0,14.0,20.0,22.0,20.0,14.0,10.0,8.0,8.0,8.0,8.0,10.0,14.0,12.0,12.0,14.0,18.0,18.0,18.0,10.0,12.0,10.0,16.0,16.0,16.0,10.0,10.0,10.0,8.0,8.0,8.0,8.0,8.0,8.0,8.0,8.0,12.0,18.0,30.0,30.0,28.0,26.0,28.0,24.0,24.0,22.0,22.0,20.0,18.0,18.0,18.0,16.0,16.0,16.0,16.0,16.0,14.0
2024-03-06,2024-03,14.0,12.0,12.0,12.0,10.0,10.0,12.0,12.0,12.0,10.0,10.0,10.0,10.0,10.0,10.0,10.0,10.0,10.0,10.0,10.0,10.0,10.0,10.0,10.0,10.0,12.0,16.0,14.0,12.0,2.0,2.0,0.0,0.0,0.0,2.0,2.0,6.0,6.0,8.0,8.0,8.0,6.0,6.0,6.0,6.0,6.0,6.0,6.0,8.0,8.0,8.0,8.0,8.0,8.0,8.0,8.0,8.0,8.0,8.0,8.0,6.0,6.0,6.0,6.0,6.0,4.0,16.0,16.0,16.0,14.0,14.0,8.0,12.0,10.0,8.0,6.0,12.0,16.0,50.0,178.0,192.0,198.0,200.0,202.0,200.0,198.0,194.0,194.0,192.0,190.0,190.0,2.0,0.0,0.0,0.0,0.0
2024-03-07,2024-03,0.0,0.0,0.0,0.0,0.0,0.0,0.0,0.0,0.0,0.0,0.0,0.0,0.0,0.0,0.0,0.0,0.0,0.0,0.0,0.0,0.0,0.0,0.0,0.0,0.0,0.0,0.0,0.0,0.0,0.0,0.0,0.0,0.0,0.0,0.0,0.0,0.0,20.0,24.0,24.0,24.0,24.0,26.0,32.0,30.0,30.0,26.0,24.0,20.0,18.0,18.0,16.0,16.0,16.0,16.0,18.0,16.0,18.0,16.0,16.0,16.0,16.0,20.0,20.0,22.0,26.0,26.0,20.0,16.0,14.0,12.0,10.0,6.0,6.0,10.0,8.0,18.0,14.0,14.0,14.0,8.0,2.0,10.0,10.0,10.0,10.0,10.0,10.0,10.0,10.0,10.0,10.0,10.0,10.0,10.0,10.0
2024-03-08,2024-03,10.0,10.0,10.0,10.0,10.0,10.0,10.0,10.0,10.0,10.0,10.0,10.0,10.0,10.0,10.0,10.0,10.0,10.0,10.0,10.0,10.0,10.0,10.0,10.0,10.0,10.0,10.0,10.0,10.0,0.0,0.0,0.0,4.0,12.0,16.0,24.0,26.0,26.0,26.0,26.0,26.0,26.0,20.0,16.0,12.0,12.0,10.0,12.0,14.0,22.0,22.0,22.0,20.0,18.0,12.0,10.0,12.0,12.0,12.0,10.0,24.0,164.0,190.0,196.0,198.0,198.0,200.0,206.0,206.0,64.0,14.0,14.0,24.0,24.0,24.0,26.0,42.0,48.0,46.0,48.0,46.0,44.0,42.0,34.0,34.0,34.0,30.0,24.0,24.0,24.0,22.0,20.0,24.0,26.0,26.0,26.0
2024-03-09,2024-03,26.0,26.0,26.0,26.0,26.0,26.0,26.0,24.0,22.0,22.0,20.0,20.0,20.0,20.0,20.0,20.0,18.0,18.0,18.0,20.0,20.0,20.0,18.0,18.0,20.0,20.0,18.0,18.0,16.0,12.0,18.0,10.0,8.0,8.0,8.0,6.0,2.0,2.0,0.0,0.0,0.0,0.0,0.0,0.0,0.0,0.0,0.0,0.0,0.0,0.0,0.0,0.0,0.0,0.0,0.0,0.0,0.0,0.0,0.0,0.0,0.0,0.0,0.0,0.0,0.0,0.0,0.0,0.0,0.0,0.0,0.0,0.0,0.0,0.0,0.0,0.0,0.0,6.0,10.0,10.0,10.0,10.0,10.0,10.0,10.0,10.0,10.0,10.0,10.0,10.0,10.0,10.0,10.0,14.0,18.0,20.0
2024-03-10,2024-03,24.0,24.0,24.0,24.0,24.0,26.0,26.0,26.0,22.0,18.0,18.0,18.0,18.0,14.0,16.0,14.0,14.0,16.0,14.0,14.0,14.0,14.0,14.0,12.0,12.0,12.0,12.0,10.0,8.0,0.0,0.0,0.0,0.0,0.0,10.0,10.0,10.0,10.0,10.0,10.0,148.0,186.0,194.0,196.0,196.0,138.0,6.0,6.0,6.0,16.0,26.0,26.0,26.0,24.0,24.0,24.0,24.0,24.0,22.0,18.0,18.0,14.0,10.0,12.0,12.0,14.0,14.0,14.0,12.0,12.0,10.0,10.0,10.0,8.0,8.0,10.0,18.0,18.0,22.0,26.0,24.0,24.0,20.0,20.0,20.0,20.0,20.0,20.0,18.0,16.0,16.0,18.0,18.0,18.0,20.0,20.0
2024-03-11,2024-03,18.0,18.0,18.0,16.0,12.0,12.0,12.0,12.0,12.0,14.0,12.0,12.0,12.0,10.0,10.0,10.0,10.0,10.0,10.0,10.0,10.0,10.0,10.0,12.0,10.0,10.0,10.0,10.0,10.0,2.0,0.0,0.0,4.0,8.0,8.0,8.0,8.0,8.0,8.0,8.0,8.0,8.0,8.0,8.0,8.0,8.0,8.0,6.0,6.0,4.0,2.0,2.0,0.0,2.0,2.0,2.0,0.0,2.0,2.0,6.0,6.0,6.0,6.0,6.0,6.0,4.0,4.0,12.0,18.0,20.0,16.0,18.0,20.0,18.0,18.0,16.0,14.0,14.0,14.0,18.0,24.0,24.0,24.0,20.0,16.0,16.0,16.0,16.0,16.0,17.0,18.0,18.0,18.0,18.0,20.0,18.0
2024-03-12,2024-03,18.0,18.0,16.0,10.0,10.0,10.0,10.0,10.0,10.0,10.0,10.0,10.0,10.0,10.0,10.0,10.0,10.0,10.0,10.0,10.0,10.0,10.0,10.0,10.0,10.0,10.0,8.0,2.0,8.0,0.0,0.0,4.0,4.0,2.0,2.0,6.0,12.0,14.0,14.0,14.0,12.0,10.0,10.0,10.0,14.0,8.0,12.0,12.0,10.0,10.0,10.0,10.0,10.0,8.0,8.0,8.0,6.0,4.0,2.0,2.0,2.0,4.0,4.0,2.0,8.0,8.0,8.0,8.0,10.0,22.0,28.0,28.0,28.0,26.0,22.0,34.0,36.0,34.0,34.0,30.0,26.0,22.0,20.0,18.0,18.0,18.0,16.0,16.0,16.0,10.0,10.0,10.0,10.0,10.0,16.0,12.0
2024-03-13,2024-03,12.0,14.0,14.0,14.0,14.0,14.0,16.0,16.0,16.0,16.0,16.0,16.0,16.0,16.0,16.0,18.0,18.0,16.0,16.0,16.0,14.0,12.0,10.0,10.0,10.0,10.0,100.0,172.0,182.0,188.0,190.0,190.0,190.0,196.0,198.0,198.0,198.0,196.0,196.0,194.0,68.0,10.0,12.0,14.0,14.0,14.0,14.0,14.0,14.0,10.0,12.0,14.0,14.0,12.0,10.0,10.0,12.0,12.0,8.0,4.0,4.0,4.0,2.0,0.0,0.0,0.0,0.0,0.0,0.0,0.0,0.0,0.0,0.0,0.0,0.0,8.0,14.0,12.0,10.0,10.0,10.0,10.0,10.0,14.0,18.0,26.0,24.0,26.0,26.0,24.0,26.0,26.0,18.0,18.0,18.0,18.0
2024-03-14,2024-03,14.0,14.0,14.0,14.0,14.0,16.0,16.0,16.0,16.0,16.0,16.0,16.0,16.0,16.0,16.0,16.0,12.0,12.0,12.0,12.0,12.0,12.0,12.0,12.0,10.0,10.0,6.0,0.0,2.0,0.0,0.0,0.0,0.0,2.0,0.0,2.0,2.0,2.0,6.0,8.0,8.0,8.0,8.0,8.0,8.0,8.0,8.0,2.0,2.0,2.0,2.0,2.0,4.0,84.0,178.0,190.0,196.0,198.0,198.0,198.0,196.0,128.0,65.0,2.0,2.0,2.0,0.0,0.0,2.0,2.0,0.0,0.0,2.0,8.0,12.0,18.0,16.0,18.0,22.0,20.0,18.0,18.0,18.0,18.0,16.0,16.0,16.0,18.0,16.0,14.0,12.0,12.0,12.0,12.0,12.0,10.0
2024-03-15,2024-03,10.0,10.0,10.0,10.0,10.0,10.0,10.0,10.0,10.0,10.0,10.0,10.0,10.0,10.0,10.0,10.0,10.0,10.0,12.0,12.0,12.0,12.0,12.0,12.0,12.0,12.0,10.0,10.0,4.0,0.0,2.0,2.0,2.0,2.0,2.0,2.0,2.0,6.0,4.0,10.0,14.0,12.0,10.0,11.0,12.0,10.0,10.0,14.0,12.0,12.0,18.0,24.0,22.0,24.0,22.0,20.0,20.0,20.0,18.0,18.0,16.0,14.0,12.0,10.0,10.0,8.0,4.0,4.0,6.0,10.0,6.0,6.0,6.0,12.0,14.0,14.0,16.0,24.0,24.0,22.0,18.0,18.0,20.0,20.0,20.0,20.0,20.0,20.0,20.0,18.0,16.0,16.0,14.0,14.0,16.0,14.0
2024-03-16,2024-03,12.0,12.0,12.0,12.0,12.0,12.0,12.0,10.0,10.0,10.0,10.0,10.0,10.0,10.0,10.0,10.0,10.0,10.0,10.0,10.0,10.0,10.0,10.0,10.0,10.0,10.0,6.0,12.0,4.0,4.0,4.0,8.0,8.0,8.0,8.0,12.0,14.0,14.0,42.0,178.0,202.0,210.0,214.0,214.0,210.0,208.0,210.0,204.0,198.0,202.0,196.0,194.0,190.0,186.0,190.0,46.0,4.0,4.0,2.0,2.0,6.0,2.0,16.0,12.0,6.0,8.0,10.0,12.0,6.0,4.0,6.0,4.0,8.0,10.0,4.0,6.0,2.0,0.0,12.0,10.0,10.0,10.0,10.0,10.0,10.0,10.0,10.0,10.0,12.0,12.0,12.0,10.0,10.0,10.0,10.0,10.0
2024-03-17,2024-03,10.0,10.0,10.0,10.0,10.0,10.0,10.0,10.0,10.0,10.0,10.0,10.0,10.0,10.0,10.0,10.0,10.0,10.0,10.0,10.0,10.0,10.0,10.0,10.0,10.0,10.0,10.0,0.0,0.0,0.0,2.0,10.0,0.0,0.0,0.0,0.0,0.0,0.0,0.0,0.0,0.0,0.0,4.0,4.0,8.0,8.0,8.0,8.0,8.0,8.0,10.0,10.0,8.0,6.0,6.0,6.0,8.0,6.0,8.0,8.0,8.0,8.0,8.0,10.0,8.0,4.0,4.0,4.0,4.0,4.0,4.0,4.0,4.0,4.0,4.0,6.0,16.0,26.0,22.0,20.0,18.0,14.0,12.0,12.0,12.0,16.0,14.0,12.0,12.0,10.0,10.0,10.0,10.0,10.0,10.0,10.0
2024-03-18,2024-03,12.0,12.0,12.0,14.0,14.0,14.0,14.0,16.0,16.0,16.0,16.0,16.0,16.0,16.0,16.0,16.0,16.0,14.0,14.0,14.0,14.0,14.0,14.0,14.0,12.0,10.0,10.0,2.0,0.0,0.0,0.0,0.0,0.0,0.0,0.0,0.0,0.0,0.0,0.0,0.0,0.0,0.0,0.0,0.0,0.0,0.0,0.0,0.0,0.0,0.0,0.0,0.0,0.0,0.0,0.0,0.0,0.0,0.0,0.0,0.0,0.0,0.0,0.0,2.0,0.0,0.0,2.0,2.0,0.0,0.0,0.0,0.0,0.0,2.0,14.0,14.0,12.0,20.0,24.0,24.0,24.0,24.0,24.0,24.0,24.0,16.0,14.0,14.0,14.0,14.0,14.0,12.0,8.0,0.0,0.0,0.0
2024-03-19,2024-03,0.0,0.0,0.0,0.0,0.0,0.0,0.0,0.0,0.0,0.0,0.0,0.0,0.0,0.0,0.0,0.0,0.0,0.0,0.0,0.0,0.0,0.0,0.0,0.0,0.0,0.0,0.0,8.0,6.0,0.0,4.0,4.0,4.0,4.0,4.0,4.0,4.0,12.0,18.0,20.0,20.0,20.0,18.0,18.0,16.0,16.0,22.0,24.0,18.0,16.0,14.0,10.0,8.0,6.0,6.0,4.0,0.0,0.0,0.0,0.0,0.0,0.0,0.0,0.0,0.0,0.0,0.0,0.0,0.0,4.0,6.0,8.0,8.0,8.0,10.0,10.0,20.0,20.0,18.0,18.0,18.0,18.0,20.0,18.0,18.0,18.0,14.0,14.0,14.0,10.0,10.0,10.0,10.0,10.0,0.0,0.0
2024-03-20,2024-03,0.0,0.0,0.0,0.0,0.0,0.0,0.0,0.0,0.0,0.0,0.0,0.0,0.0,0.0,0.0,0.0,0.0,0.0,0.0,0.0,0.0,0.0,0.0,0.0,0.0,0.0,0.0,0.0,0.0,0.0,0.0,0.0,0.0,0.0,0.0,0.0,6.0,16.0,14.0,14.0,12.0,12.0,12.0,12.0,10.0,8.0,8.0,6.0,4.0,2.0,0.0,0.0,0.0,4.0,4.0,6.0,12.0,10.0,10.0,12.0,12.0,6.0,6.0,6.0,13.0,20.0,20.0,20.0,20.0,20.0,20.0,16.0,16.0,16.0,16.0,26.0,22.0,20.0,18.0,16.0,14.0,14.0,20.0,20.0,20.0,18.0,18.0,18.0,18.0,20.0,18.0,16.0,28.0,28.0,28.0,28.0
2024-03-21,2024-03,24.0,22.0,22.0,22.0,20.0,18.0,20.0,18.0,18.0,16.0,18.0,18.0,14.0,12.0,10.0,10.0,10.0,10.0,10.0,12.0,12.0,12.0,12.0,12.0,12.0,12.0,12.0,10.0,10.0,8.0,10.0,8.0,10.0,10.0,10.0,11.0,12.0,12.0,18.0,20.0,16.0,14.0,14.0,16.0,16.0,14.0,12.0,12.0,6.0,6.0,4.0,4.0,4.0,4.0,2.0,0.0,0.0,2.0,2.0,2.0,2.0,2.0,10.0,10.0,10.0,10.0,12.0,10.0,12.0,12.0,10.0,10.0,8.0,8.0,12.0,16.0,12.0,12.0,12.0,12.0,10.0,10.0,10.0,10.0,10.0,12.0,10.0,10.0,10.0,14.0,14.0,14.0,14.0,14.0,22.0,20.0
2024-03-23,2024-03,10.0,12.0,12.0,12.0,12.0,12.0,12.0,12.0,12.0,12.0,12.0,12.0,12.0,12.0,12.0,12.0,12.0,12.0,12.0,12.0,12.0,12.0,12.0,10.0,10.0,10.0,10.0,10.0,6.0,2.0,4.0,2.0,4.0,4.0,4.0,2.0,4.0,2.0,4.0,4.0,4.0,0.0,0.0,2.0,2.0,2.0,2.0,2.0,4.0,4.0,4.0,4.0,4.0,0.0,4.0,10.0,12.0,12.0,8.0,8.0,8.0,8.0,8.0,8.0,6.0,0.0,0.0,2.0,0.0,0.0,0.0,0.0,0.0,0.0,0.0,4.0,4.0,12.0,14.0,16.0,16.0,18.0,24.0,24.0,24.0,24.0,24.0,26.0,26.0,26.0,24.0,22.0,26.0,26.0,26.0,26.0
2024-03-24,2024-03,24.0,24.0,22.0,22.0,22.0,22.0,22.0,22.0,22.0,22.0,22.0,20.0,18.0,18.0,18.0,18.0,18.0,16.0,14.0,12.0,10.0,10.0,10.0,10.0,10.0,10.0,10.0,6.0,0.0,0.0,0.0,0.0,0.0,0.0,0.0,0.0,8.0,10.0,10.0,10.0,12.0,14.0,12.0,8.0,7.0,6.0,6.0,6.0,6.0,2.0,0.0,0.0,0.0,6.0,10.0,10.0,10.0,10.0,12.0,12.0,12.0,18.0,18.0,10.0,8.0,6.0,6.0,4.0,6.0,8.0,6.0,6.0,4.0,4.0,12.0,18.0,6.0,24.0,24.0,26.0,20.0,18.0,14.0,12.0,12.0,14.0,18.0,18.0,18.0,20.0,22.0,22.0,22.0,18.0,18.0,20.0
2024-03-25,2024-03,20.0,20.0,20.0,20.0,20.0,20.0,18.0,16.0,14.0,14.0,14.0,14.0,12.0,14.0,14.0,14.0,14.0,14.0,14.0,12.0,12.0,18.0,18.0,18.0,18.0,18.0,18.0,14.0,6.0,4.0,4.0,4.0,4.0,4.0,0.0,0.0,0.0,0.0,0.0,0.0,4.0,4.0,4.0,4.0,4.0,5.0,6.0,6.0,6.0,6.0,6.0,6.0,6.0,6.0,6.0,2.0,0.0,0.0,0.0,0.0,0.0,2.0,6.0,6.0,6.0,12.0,14.0,14.0,14.0,12.0,12.0,8.0,6.0,6.0,4.0,4.0,2.0,14.0,12.0,18.0,36.0,10.0,10.0,10.0,10.0,10.0,10.0,10.0,10.0,10.0,10.0,10.0,10.0,10.0,10.0,10.0
2024-03-26,2024-03,10.0,10.0,10.0,10.0,10.0,10.0,10.0,10.0,10.0,10.0,10.0,10.0,10.0,10.0,10.0,10.0,10.0,10.0,10.0,10.0,10.0,10.0,10.0,10.0,10.0,10.0,10.0,10.0,4.0,6.0,6.0,6.0,8.0,10.0,10.0,6.0,2.0,2.0,2.0,2.0,2.0,0.0,2.0,2.0,2.0,2.0,4.0,28.0,164.0,186.0,192.0,198.0,202.0,200.0,208.0,206.0,210.0,210.0,212.0,208.0,206.0,124.0,20.0,10.0,8.0,6.0,6.0,4.0,2.0,0.0,0.0,0.0,0.0,0.0,0.0,0.0,12.0,14.0,12.0,12.0,12.0,12.0,12.0,12.0,12.0,10.0,10.0,14.0,14.0,12.0,14.0,14.0,16.0,20.0,22.0,20.0
2024-03-27,2024-03,26.0,26.0,26.0,26.0,26.0,24.0,22.0,18.0,16.0,14.0,14.0,14.0,14.0,16.0,14.0,12.0,12.0,12.0,12.0,10.0,10.0,10.0,10.0,10.0,10.0,12.0,18.0,12.0,10.0,12.0,12.0,10.0,12.0,16.0,12.0,12.0,8.0,8.0,6.0,8.0,6.0,8.0,8.0,8.0,8.0,2.0,10.0,8.0,8.0,6.0,6.0,4.0,4.0,4.0,4.0,4.0,2.0,0.0,0.0,0.0,2.0,2.0,2.0,2.0,2.0,0.0,0.0,2.0,2.0,2.0,2.0,2.0,2.0,2.0,0.0,4.0,12.0,10.0,10.0,10.0,10.0,10.0,10.0,10.0,10.0,12.0,12.0,12.0,12.0,12.0,12.0,12.0,12.0,12.0,12.0,12.0
2024-03-28,2024-03,12.0,12.0,12.0,12.0,12.0,12.0,12.0,12.0,12.0,12.0,12.0,12.0,12.0,12.0,10.0,10.0,10.0,10.0,10.0,10.0,10.0,10.0,12.0,12.0,12.0,12.0,8.0,10.0,2.0,2.0,0.0,0.0,2.0,2.0,2.0,6.0,6.0,6.0,8.0,10.0,10.0,10.0,10.0,10.0,10.0,16.0,16.0,16.0,16.0,14.0,12.0,6.0,4.0,4.0,14.0,162.0,188.0,200.0,206.0,2.0,0.0,0.0,0.0,0.0,0.0,0.0,0.0,0.0,0.0,0.0,0.0,0.0,0.0,0.0,0.0,0.0,0.0,0.0,0.0,0.0,0.0,0.0,0.0,0.0,0.0,0.0,0.0,0.0,0.0,0.0,0.0,0.0,0.0,0.0,0.0,0.0
2024-03-29,2024-03,0.0,0.0,0.0,0.0,0.0,0.0,0.0,0.0,0.0,0.0,0.0,0.0,0.0,0.0,0.0,0.0,0.0,0.0,0.0,0.0,0.0,0.0,0.0,0.0,0.0,0.0,0.0,0.0,0.0,0.0,0.0,0.0,0.0,0.0,0.0,0.0,0.0,0.0,0.0,0.0,0.0,0.0,0.0,0.0,0.0,0.0,0.0,0.0,0.0,0.0,0.0,0.0,0.0,0.0,0.0,0.0,0.0,0.0,0.0,0.0,0.0,0.0,0.0,0.0,0.0,0.0,0.0,0.0,0.0,0.0,0.0,0.0,0.0,0.0,0.0,0.0,0.0,0.0,0.0,0.0,0.0,0.0,0.0,0.0,0.0,0.0,0.0,0.0,0.0,0.0,0.0,0.0,0.0,0.0,0.0,0.0
2024-03-30,2024-03,0.0,0.0,0.0,0.0,0.0,0.0,0.0,0.0,0.0,0.0,0.0,0.0,0.0,0.0,0.0,0.0,0.0,0.0,0.0,0.0,0.0,0.0,0.0,0.0,0.0,0.0,0.0,0.0,0.0,0.0,0.0,0.0,0.0,0.0,0.0,0.0,0.0,0.0,0.0,0.0,0.0,0.0,0.0,0.0,0.0,0.0,0.0,0.0,0.0,0.0,0.0,0.0,0.0,0.0,14.0,156.0,186.0,196.0,202.0,204.0,204.0,204.0,90.0,6.0,4.0,6.0,10.0,10.0,10.0,10.0,10.0,10.0,10.0,12.0,10.0,12.0,16.0,24.0,26.0,22.0,22.0,14.0,8.0,6.0,4.0,0.0,0.0,0.0,0.0,0.0,0.0,0.0,0.0,0.0,10.0,10.0
2024-03-31,2024-03,10.0,10.0,10.0,0.0,0.0,0.0,0.0,0.0,0.0,0.0,0.0,0.0,0.0,0.0,0.0,0.0,0.0,0.0,0.0,0.0,0.0,0.0,0.0,0.0,0.0,0.0,2.0,2.0,2.0,4.0,6.0,6.0,8.0,8.0,8.0,6.0,8.0,8.0,8.0,8.0,6.0,6.0,4.0,4.0,6.0,6.0,6.0,6.0,6.0,6.0,6.0,6.0,102.0,180.0,194.0,200.0,204.0,202.0,200.0,90.0,6.0,6.0,4.0,6.0,8.0,10.0,12.0,12.0,12.0,12.0,12.0,12.0,6.0,4.0,2.0,2.0,10.0,10.0,10.0,10.0,10.0,6.0,0.0,0.0,0.0,0.0,0.0,0.0,0.0,0.0,0.0,0.0,0.0,0.0,0.0,0.0
2024-04-01,2024-04,0.0,0.0,0.0,0.0,0.0,0.0,0.0,0.0,0.0,0.0,0.0,0.0,0.0,0.0,0.0,0.0,0.0,0.0,0.0,0.0,0.0,0.0,0.0,0.0,0.0,0.0,0.0,0.0,0.0,0.0,0.0,0.0,0.0,0.0,0.0,0.0,0.0,0.0,0.0,4.0,20.0,50.0,182.0,194.0,200.0,206.0,206.0,204.0,202.0,202.0,208.0,206.0,204.0,40.0,14.0,12.0,14.0,18.0,14.0,12.0,14.0,10.0,8.0,6.0,6.0,2.0,0.0,0.0,0.0,0.0,0.0,0.0,0.0,0.0,4.0,10.0,16.0,18.0,18.0,16.0,16.0,16.0,16.0,16.0,18.0,16.0,18.0,18.0,12.0,12.0,12.0,10.0,8.0,12.0,12.0,12.0
2024-04-02,2024-04,10.0,10.0,4.0,2.0,2.0,0.0,0.0,0.0,0.0,0.0,0.0,0.0,0.0,0.0,0.0,0.0,0.0,0.0,0.0,0.0,0.0,0.0,0.0,0.0,0.0,0.0,6.0,0.0,0.0,0.0,0.0,0.0,0.0,6.0,12.0,12.0,12.0,8.0,8.0,4.0,4.0,4.0,4.0,4.0,4.0,4.0,4.0,4.0,4.0,4.0,4.0,4.0,4.0,4.0,2.0,4.0,4.0,10.0,110.0,186.0,162.0,8.0,12.0,10.0,6.0,6.0,2.0,2.0,2.0,2.0,2.0,6.0,6.0,12.0,14.0,22.0,8.0,6.0,6.0,2.0,2.0,4.0,4.0,4.0,4.0,4.0,4.0,4.0,10.0,12.0,12.0,10.0,8.0,8.0,8.0,6.0
2024-04-03,2024-04,8.0,8.0,2.0,2.0,2.0,2.0,0.0,0.0,0.0,0.0,0.0,0.0,0.0,0.0,0.0,0.0,0.0,0.0,0.0,2.0,2.0,0.0,2.0,0.0,0.0,0.0,0.0,0.0,0.0,0.0,0.0,2.0,2.0,2.0,2.0,12.0,18.0,18.0,18.0,20.0,20.0,20.0,20.0,18.0,14.0,12.0,4.0,4.0,4.0,4.0,6.0,6.0,6.0,6.0,6.0,6.0,6.0,6.0,6.0,4.0,4.0,16.0,14.0,14.0,10.0,12.0,12.0,12.0,12.0,12.0,8.0,6.0,8.0,6.0,8.0,2.0,12.0,10.0,10.0,10.0,12.0,10.0,10.0,10.0,10.0,8.0,6.0,0.0,6.0,6.0,6.0,6.0,6.0,6.0,6.0,6.0
2024-04-04,2024-04,4.0,0.0,0.0,0.0,0.0,0.0,0.0,0.0,0.0,0.0,0.0,0.0,0.0,0.0,0.0,0.0,0.0,0.0,0.0,0.0,0.0,0.0,0.0,0.0,0.0,0.0,0.0,4.0,6.0,10.0,8.0,4.0,4.0,4.0,4.0,4.0,2.0,2.0,2.0,2.0,4.0,4.0,4.0,6.0,14.0,14.0,14.0,14.0,12.0,6.0,6.0,14.0,14.0,14.0,14.0,14.0,14.0,14.0,12.0,10.0,8.0,10.0,12.0,12.0,12.0,12.0,10.0,10.0,10.0,10.0,18.0,16.0,14.0,14.0,14.0,16.0,20.0,18.0,16.0,16.0,16.0,14.0,14.0,14.0,14.0,14.0,14.0,10.0,10.0,10.0,10.0,10.0,10.0,10.0,10.0,8.0
2024-04-05,2024-04,0.0,0.0,0.0,0.0,0.0,0.0,0.0,0.0,0.0,0.0,0.0,0.0,0.0,0.0,0.0,0.0,0.0,0.0,0.0,0.0,0.0,0.0,0.0,0.0,0.0,0.0,0.0,0.0,0.0,0.0,0.0,0.0,0.0,6.0,12.0,12.0,12.0,14.0,16.0,16.0,18.0,20.0,22.0,18.0,18.0,14.0,14.0,14.0,12.0,12.0,10.0,8.0,6.0,4.0,2.0,6.0,14.0,14.0,20.0,22.0,18.0,14.0,14.0,26.0,28.0,26.0,22.0,20.0,16.0,6.0,6.0,6.0,4.0,4.0,4.0,4.0,4.0,4.0,4.0,0.0,0.0,0.0,0.0,0.0,0.0,0.0,0.0,0.0,0.0,0.0,0.0,0.0,0.0,0.0,0.0,0.0
2024-04-06,2024-04,0.0,0.0,0.0,0.0,0.0,0.0,0.0,0.0,0.0,0.0,0.0,0.0,0.0,0.0,0.0,0.0,0.0,0.0,0.0,0.0,0.0,0.0,0.0,0.0,0.0,6.0,8.0,8.0,4.0,4.0,2.0,0.0,4.0,4.0,4.0,2.0,0.0,0.0,0.0,0.0,0.0,0.0,0.0,0.0,0.0,0.0,0.0,0.0,0.0,0.0,0.0,0.0,0.0,0.0,0.0,0.0,0.0,0.0,0.0,0.0,8.0,8.0,8.0,6.0,6.0,8.0,8.0,8.0,8.0,6.0,2.0,2.0,2.0,4.0,8.0,8.0,8.0,20.0,8.0,6.0,6.0,6.0,6.0,6.0,6.0,4.0,2.0,0.0,0.0,0.0,0.0,0.0,0.0,0.0,1.0,2.0
2024-04-07,2024-04,0.0,0.0,0.0,0.0,0.0,0.0,0.0,0.0,0.0,0.0,0.0,0.0,0.0,0.0,0.0,0.0,0.0,0.0,0.0,0.0,0.0,0.0,0.0,0.0,0.0,0.0,2.0,0.0,0.0,2.0,2.0,2.0,4.0,6.0,6.0,4.0,12.0,10.0,10.0,10.0,8.0,2.0,0.0,0.0,0.0,0.0,0.0,0.0,0.0,0.0,0.0,0.0,0.0,0.0,4.0,2.0,2.0,2.0,16.0,20.0,18.0,18.0,14.0,12.0,10.0,10.0,10.0,10.0,10.0,10.0,8.0,6.0,6.0,4.0,4.0,3.0,2.0,2.0,0.0,0.0,0.0,0.0,0.0,0.0,0.0,0.0,0.0,0.0,0.0,0.0,0.0,0.0,0.0,0.0,0.0,0.0
2024-04-08,2024-04,0.0,0.0,0.0,0.0,0.0,0.0,0.0,0.0,0.0,0.0,0.0,0.0,0.0,0.0,0.0,0.0,0.0,0.0,0.0,0.0,0.0,0.0,0.0,0.0,0.0,4.0,6.0,6.0,6.0,6.0,6.0,6.0,12.0,14.0,12.0,10.0,14.0,8.0,14.0,14.0,14.0,14.0,14.0,14.0,14.0,14.0,14.0,14.0,14.0,14.0,14.0,14.0,14.0,14.0,12.0,11.0,10.0,8.0,6.0,6.0,6.0,6.0,2.0,2.0,8.0,10.0,10.0,10.0,10.0,8.0,8.0,6.0,6.0,4.0,2.0,0.0,12.0,14.0,14.0,4.0,2.0,0.0,0.0,0.0,0.0,6.0,14.0,14.0,10.0,6.0,6.0,6.0,12.0,20.0,14.0,14.0
2024-04-09,2024-04,12.0,12.0,12.0,12.0,12.0,8.0,8.0,8.0,6.0,2.0,0.0,0.0,0.0,0.0,0.0,0.0,0.0,0.0,0.0,0.0,0.0,0.0,0.0,0.0,0.0,0.0,0.0,2.0,2.0,2.0,2.0,2.0,2.0,0.0,0.0,0.0,0.0,0.0,0.0,0.0,0.0,0.0,0.0,0.0,0.0,0.0,0.0,0.0,0.0,0.0,0.0,0.0,0.0,0.0,0.0,0.0,0.0,0.0,0.0,4.0,16.0,18.0,20.0,18.0,17.0,16.0,16.0,16.0,18.0,14.0,8.0,6.0,6.0,12.0,14.0,14.0,16.0,14.0,8.0,0.0,0.0,0.0,0.0,0.0,12.0,14.0,14.0,10.0,8.0,6.0,4.0,6.0,2.0,2.0,2.0,2.0
2024-04-10,2024-04,2.0,2.0,6.0,10.0,8.0,8.0,10.0,10.0,10.0,6.0,6.0,6.0,6.0,6.0,6.0,6.0,6.0,6.0,4.0,4.0,6.0,4.0,2.0,2.0,0.0,0.0,0.0,0.0,0.0,0.0,0.0,2.0,0.0,0.0,2.0,10.0,10.0,8.0,10.0,10.0,10.0,8.0,6.0,2.0,0.0,0.0,0.0,0.0,0.0,0.0,0.0,0.0,0.0,0.0,0.0,0.0,0.0,0.0,8.0,30.0,30.0,30.0,30.0,26.0,32.0,32.0,30.0,22.0,16.0,8.0,6.0,4.0,4.0,8.0,12.0,10.0,10.0,10.0,2.0,2.0,0.0,0.0,0.0,0.0,0.0,0.0,0.0,0.0,0.0,0.0,0.0,0.0,0.0,0.0,0.0,0.0
2024-04-11,2024-04,0.0,0.0,0.0,0.0,0.0,0.0,0.0,0.0,0.0,0.0,0.0,0.0,0.0,0.0,0.0,0.0,0.0,0.0,0.0,0.0,0.0,0.0,0.0,0.0,6.0,16.0,12.0,10.0,6.0,0.0,8.0,10.0,10.0,10.0,10.0,10.0,10.0,10.0,8.0,4.0,2.0,0.0,0.0,0.0,0.0,0.0,0.0,0.0,0.0,0.0,0.0,0.0,0.0,0.0,0.0,0.0,0.0,0.0,0.0,0.0,0.0,4.0,4.0,12.0,18.0,18.0,18.0,18.0,26.0,30.0,28.0,26.0,26.0,22.0,14.0,10.0,16.0,22.0,10.0,8.0,6.0,6.0,6.0,4.0,12.0,18.0,16.0,18.0,18.0,18.0,18.0,28.0,30.0,28.0,20.0,16.0
2024-04-12,2024-04,14.0,12.0,6.0,2.0,2.0,2.0,2.0,2.0,2.0,2.0,2.0,4.0,4.0,2.0,2.0,2.0,2.0,0.0,0.0,0.0,0.0,0.0,0.0,2.0,2.0,2.0,2.0,4.0,12.0,0.0,0.0,0.0,2.0,2.0,2.0,2.0,2.0,2.0,2.0,2.0,0.0,0.0,0.0,0.0,0.0,0.0,0.0,0.0,0.0,0.0,2.0,2.0,2.0,2.0,2.0,2.0,2.0,4.0,6.0,4.0,4.0,4.0,4.0,4.0,4.0,4.0,2.0,2.0,2.0,4.0,4.0,6.0,4.0,4.0,4.0,4.0,4.0,8.0,14.0,8.0,6.0,6.0,8.0,8.0,8.0,8.0,22.0,20.0,20.0,18.0,18.0,18.0,18.0,18.0,16.0,28.0
2024-04-13,2024-04,30.0,28.0,28.0,24.0,24.0,24.0,24.0,18.0,16.0,14.0,14.0,12.0,10.0,8.0,8.0,8.0,8.0,8.0,6.0,6.0,6.0,6.0,6.0,6.0,6.0,4.0,8.0,2.0,0.0,0.0,2.0,4.0,4.0,4.0,4.0,6.0,6.0,6.0,6.0,6.0,6.0,6.0,6.0,4.0,4.0,2.0,2.0,2.0,2.0,2.0,2.0,2.0,0.0,4.0,6.0,6.0,10.0,8.0,10.0,8.0,8.0,8.0,10.0,10.0,10.0,10.0,6.0,6.0,2.0,0.0,0.0,0.0,0.0,0.0,0.0,0.0,4.0,4.0,4.0,4.0,4.0,0.0,0.0,0.0,0.0,0.0,0.0,0.0,0.0,0.0,0.0,0.0,0.0,0.0,0.0,0.0
2024-04-14,2024-04,0.0,0.0,0.0,0.0,0.0,0.0,0.0,0.0,0.0,0.0,0.0,0.0,0.0,0.0,0.0,0.0,0.0,0.0,0.0,0.0,0.0,0.0,0.0,0.0,0.0,0.0,2.0,8.0,8.0,6.0,4.0,4.0,4.0,4.0,4.0,6.0,2.0,2.0,2.0,2.0,0.0,2.0,2.0,2.0,2.0,2.0,2.0,2.0,2.0,2.0,2.0,2.0,2.0,2.0,2.0,2.0,2.0,2.0,4.0,4.0,6.0,6.0,2.0,2.0,0.0,0.0,0.0,0.0,0.0,0.0,0.0,0.0,0.0,4.0,8.0,9.0,10.0,16.0,16.0,16.0,16.0,16.0,16.0,14.0,14.0,18.0,18.0,18.0,6.0,6.0,6.0,6.0,6.0,12.0,12.0,12.0
2024-04-15,2024-04,12.0,12.0,12.0,6.0,6.0,6.0,6.0,6.0,6.0,6.0,8.0,8.0,8.0,8.0,8.0,8.0,8.0,6.0,8.0,6.0,4.0,2.0,2.0,2.0,2.0,0.0,0.0,0.0,0.0,4.0,12.0,12.0,12.0,12.0,12.0,10.0,4.0,4.0,4.0,0.0,0.0,8.0,6.0,2.0,0.0,0.0,2.0,10.0,14.0,14.0,16.0,12.0,10.0,12.0,90.0,180.0,196.0,204.0,2.0,0.0,8.0,10.0,10.0,8.0,7.0,6.0,6.0,4.0,6.0,2.0,0.0,0.0,0.0,0.0,0.0,4.0,12.0,12.0,10.0,12.0,12.0,10.0,10.0,10.0,10.0,10.0,10.0,10.0,10.0,12.0,12.0,12.0,24.0,24.0,24.0,24.0
2024-04-16,2024-04,18.0,12.0,12.0,10.0,10.0,10.0,10.0,10.0,8.0,4.0,4.0,2.0,2.0,2.0,2.0,0.0,0.0,0.0,0.0,0.0,0.0,0.0,0.0,0.0,0.0,0.0,0.0,6.0,4.0,14.0,12.0,12.0,18.0,18.0,16.0,16.0,12.0,6.0,6.0,6.0,6.0,8.0,8.0,8.0,8.0,6.0,4.0,12.0,12.0,8.0,8.0,6.0,2.0,2.0,0.0,0.0,8.0,8.0,8.0,8.0,8.0,6.0,6.0,6.0,6.0,6.0,6.0,6.0,6.0,6.0,6.0,6.0,4.0,4.0,4.0,2.0,14.0,12.0,28.0,38.0,38.0,38.0,30.0,28.0,28.0,24.0,20.0,14.0,8.0,6.0,2.0,2.0,4.0,12.0,14.0,12.0
2024-04-17,2024-04,12.0,12.0,12.0,10.0,10.0,10.0,10.0,6.0,6.0,6.0,4.0,4.0,2.0,2.0,0.0,0.0,0.0,0.0,0.0,0.0,0.0,0.0,0.0,0.0,0.0,0.0,2.0,4.0,4.0,4.0,4.0,4.0,12.0,14.0,20.0,22.0,22.0,22.0,24.0,24.0,24.0,22.0,16.0,12.0,50.0,170.0,184.0,188.0,48.0,20.0,18.0,18.0,18.0,18.0,20.0,18.0,20.0,20.0,20.0,16.0,12.0,6.0,6.0,6.0,6.0,12.0,10.0,10.0,8.0,4.0,0.0,0.0,0.0,0.0,0.0,4.0,12.0,10.0,10.0,10.0,10.0,10.0,10.0,10.0,12.0,14.0,14.0,14.0,12.0,10.0,10.0,14.0,14.0,16.0,16.0,16.0
2024-04-19,2024-04,22.0,20.0,20.0,12.0,10.0,10.0,10.0,10.0,6.0,6.0,6.0,6.0,6.0,2.0,2.0,2.0,0.0,0.0,0.0,0.0,0.0,0.0,0.0,0.0,0.0,0.0,8.0,8.0,0.0,0.0,0.0,0.0,0.0,0.0,0.0,6.0,10.0,6.0,2.0,2.0,2.0,2.0,2.0,4.0,6.0,6.0,6.0,6.0,6.0,6.0,8.0,8.0,6.0,10.0,8.0,6.0,4.0,4.0,4.0,6.0,4.0,4.0,4.0,6.0,10.0,10.0,10.0,8.0,8.0,8.0,10.0,10.0,10.0,10.0,16.0,6.0,10.0,12.0,16.0,20.0,22.0,20.0,24.0,32.0,22.0,20.0,20.0,18.0,22.0,20.0,18.0,16.0,12.0,10.0,8.0,12.0
2024-04-20,2024-04,14.0,18.0,30.0,16.0,14.0,12.0,12.0,12.0,10.0,10.0,10.0,4.0,2.0,2.0,2.0,2.0,0.0,0.0,0.0,0.0,0.0,0.0,0.0,0.0,0.0,0.0,0.0,36.0,158.0,170.0,176.0,180.0,180.0,180.0,178.0,176.0,178.0,176.0,176.0,176.0,178.0,176.0,6.0,4.0,6.0,12.0,10.0,12.0,12.0,14.0,10.0,6.0,6.0,4.0,10.0,8.0,6.0,14.0,14.0,10.0,10.0,10.0,6.0,6.0,6.0,6.0,6.0,4.0,14.0,18.0,14.0,14.0,14.0,8.0,8.0,8.0,18.0,16.0,8.0,4.0,4.0,4.0,4.0,2.0,0.0,2.0,2.0,4.0,4.0,2.0,2.0,4.0,4.0,4.0,22.0,22.0
2024-04-21,2024-04,22.0,20.0,18.0,10.0,10.0,10.0,10.0,12.0,8.0,4.0,2.0,0.0,0.0,0.0,0.0,0.0,0.0,0.0,0.0,0.0,0.0,0.0,0.0,0.0,0.0,0.0,0.0,0.0,0.0,0.0,0.0,0.0,0.0,0.0,0.0,0.0,0.0,0.0,0.0,0.0,0.0,0.0,0.0,0.0,0.0,0.0,0.0,0.0,0.0,0.0,0.0,0.0,0.0,0.0,0.0,0.0,0.0,0.0,6.0,12.0,4.0,0.0,2.0,4.0,4.0,0.0,0.0,0.0,4.0,8.0,8.0,14.0,14.0,14.0,14.0,14.0,14.0,10.0,10.0,12.0,12.0,12.0,2.0,0.0,0.0,0.0,2.0,4.0,8.0,10.0,10.0,10.0,10.0,10.0,8.0,8.0
2024-04-22,2024-04,8.0,8.0,8.0,6.0,6.0,6.0,4.0,4.0,4.0,4.0,2.0,2.0,8.0,8.0,8.0,6.0,6.0,6.0,6.0,6.0,6.0,6.0,4.0,4.0,2.0,4.0,4.0,4.0,2.0,2.0,2.0,2.0,2.0,2.0,2.0,2.0,2.0,2.0,2.0,2.0,2.0,2.0,0.0,0.0,0.0,0.0,0.0,0.0,0.0,0.0,0.0,0.0,0.0,0.0,0.0,0.0,6.0,10.0,10.0,8.0,8.0,8.0,8.0,6.0,0.0,0.0,0.0,0.0,0.0,2.0,2.0,2.0,2.0,2.0,0.0,2.0,12.0,12.0,10.0,10.0,2.0,2.0,2.0,2.0,2.0,12.0,14.0,14.0,14.0,12.0,12.0,12.0,10.0,10.0,10.0,6.0
2024-04-23,2024-04,6.0,6.0,2.0,4.0,4.0,4.0,4.0,4.0,4.0,4.0,4.0,0.0,0.0,0.0,2.0,4.0,4.0,4.0,4.0,4.0,4.0,2.0,2.0,2.0,0.0,0.0,0.0,0.0,0.0,0.0,0.0,0.0,0.0,0.0,0.0,0.0,0.0,0.0,0.0,0.0,0.0,0.0,4.0,4.0,4.0,6.0,2.0,2.0,2.0,2.0,0.0,0.0,0.0,0.0,0.0,0.0,0.0,0.0,0.0,0.0,0.0,0.0,0.0,0.0,0.0,0.0,0.0,0.0,0.0,0.0,0.0,0.0,0.0,0.0,6.0,10.0,10.0,10.0,2.0,0.0,0.0,0.0,2.0,20.0,24.0,28.0,28.0,28.0,28.0,28.0,24.0,24.0,24.0,20.0,20.0,14.0
2024-04-24,2024-04,12.0,10.0,8.0,4.0,4.0,2.0,2.0,0.0,0.0,0.0,0.0,0.0,0.0,0.0,0.0,0.0,0.0,0.0,0.0,0.0,0.0,0.0,0.0,0.0,0.0,0.0,0.0,2.0,2.0,2.0,2.0,2.0,2.0,2.0,2.0,0.0,0.0,0.0,0.0,0.0,0.0,0.0,0.0,0.0,0.0,0.0,2.0,2.0,2.0,2.0,2.0,2.0,2.0,12.0,16.0,16.0,14.0,10.0,10.0,12.0,6.0,4.0,4.0,4.0,2.0,2.0,2.0,2.0,2.0,2.0,2.0,2.0,2.0,2.0,0.0,0.0,7.0,14.0,12.0,10.0,10.0,10.0,12.0,18.0,21.0,24.0,26.0,26.0,26.0,26.0,18.0,12.0,8.0,8.0,6.0,6.0
2024-04-25,2024-04,6.0,8.0,4.0,4.0,4.0,4.0,4.0,4.0,4.0,2.0,2.0,2.0,2.0,2.0,2.0,2.0,0.0,2.0,0.0,0.0,0.0,0.0,0.0,0.0,0.0,0.0,0.0,0.0,0.0,0.0,0.0,0.0,0.0,0.0,0.0,0.0,0.0,0.0,0.0,0.0,2.0,2.0,0.0,0.0,0.0,0.0,0.0,0.0,0.0,4.0,8.0,6.0,8.0,8.0,7.0,6.0,8.0,10.0,12.0,12.0,12.0,10.0,8.0,4.0,2.0,2.0,2.0,0.0,2.0,2.0,2.0,0.0,0.0,0.0,0.0,6.0,10.0,12.0,12.0,12.0,12.0,14.0,14.0,14.0,14.0,12.0,6.0,0.0,0.0,0.0,0.0,0.0,0.0,0.0,0.0,0.0
2024-04-26,2024-04,0.0,0.0,0.0,0.0,0.0,0.0,0.0,0.0,0.0,0.0,0.0,0.0,0.0,0.0,0.0,0.0,0.0,0.0,0.0,0.0,0.0,0.0,0.0,0.0,0.0,0.0,0.0,0.0,0.0,0.0,0.0,0.0,0.0,0.0,2.0,2.0,2.0,0.0,0.0,0.0,0.0,0.0,0.0,0.0,4.0,4.0,2.0,2.0,2.0,0.0,0.0,0.0,0.0,0.0,0.0,0.0,0.0,0.0,0.0,0.0,0.0,0.0,0.0,0.0,0.0,0.0,0.0,0.0,0.0,0.0,0.0,0.0,0.0,0.0,4.0,2.0,8.0,18.0,18.0,18.0,16.0,20.0,8.0,8.0,6.0,6.0,6.0,6.0,4.0,8.0,10.0,14.0,18.0,16.0,16.0,16.0
2024-04-27,2024-04,16.0,16.0,14.0,10.0,6.0,6.0,6.0,4.0,2.0,2.0,2.0,2.0,0.0,0.0,0.0,0.0,0.0,0.0,0.0,0.0,0.0,0.0,0.0,0.0,0.0,0.0,2.0,2.0,0.0,0.0,0.0,0.0,0.0,0.0,0.0,0.0,0.0,0.0,0.0,0.0,0.0,6.0,8.0,8.0,10.0,10.0,12.0,12.0,12.0,6.0,6.0,8.0,6.0,4.0,6.0,8.0,6.0,6.0,6.0,10.0,14.0,18.0,18.0,18.0,14.0,12.0,14.0,10.0,8.0,6.0,6.0,6.0,6.0,6.0,6.0,6.0,8.0,18.0,14.0,4.0,2.0,2.0,2.0,2.0,2.0,0.0,0.0,0.0,0.0,0.0,0.0,0.0,0.0,0.0,0.0,0.0
2024-04-28,2024-04,0.0,0.0,0.0,0.0,0.0,0.0,0.0,0.0,0.0,0.0,4.0,12.0,10.0,10.0,10.0,10.0,10.0,10.0,10.0,10.0,10.0,10.0,10.0,10.0,10.0,6.0,0.0,0.0,0.0,0.0,0.0,0.0,2.0,2.0,2.0,2.0,2.0,2.0,2.0,2.0,2.0,2.0,0.0,0.0,0.0,0.0,0.0,0.0,0.0,0.0,0.0,0.0,0.0,0.0,0.0,0.0,0.0,2.0,2.0,2.0,0.0,0.0,0.0,0.0,0.0,0.0,0.0,0.0,0.0,0.0,0.0,0.0,0.0,0.0,0.0,0.0,4.0,10.0,10.0,2.0,4.0,4.0,2.0,0.0,0.0,0.0,0.0,0.0,0.0,0.0,0.0,0.0,0.0,0.0,0.0,0.0
2024-04-29,2024-04,0.0,2.0,4.0,4.0,4.0,4.0,4.0,4.0,4.0,4.0,4.0,4.0,2.0,0.0,0.0,0.0,0.0,0.0,0.0,0.0,0.0,0.0,0.0,0.0,0.0,0.0,0.0,0.0,0.0,0.0,0.0,0.0,0.0,0.0,0.0,0.0,8.0,8.0,8.0,8.0,8.0,6.0,4.0,2.0,2.0,2.0,4.0,6.0,10.0,10.0,10.0,10.0,10.0,10.0,4.0,4.0,4.0,4.0,4.0,4.0,4.0,2.0,2.0,0.0,0.0,0.0,0.0,0.0,0.0,0.0,0.0,0.0,0.0,0.0,0.0,0.0,6.0,10.0,10.0,12.0,14.0,14.0,14.0,4.0,0.0,0.0,0.0,0.0,0.0,0.0,0.0,0.0,0.0,0.0,0.0,0.0
2024-04-30,2024-04,0.0,0.0,0.0,0.0,0.0,0.0,0.0,0.0,0.0,0.0,0.0,0.0,0.0,0.0,0.0,0.0,0.0,0.0,0.0,0.0,0.0,0.0,0.0,0.0,0.0,0.0,0.0,0.0,0.0,0.0,0.0,0.0,0.0,0.0,0.0,0.0,0.0,0.0,0.0,0.0,0.0,0.0,8.0,6.0,8.0,8.0,8.0,8.0,8.0,6.0,6.0,6.0,6.0,4.0,2.0,2.0,4.0,2.0,2.0,2.0,2.0,2.0,2.0,2.0,2.0,4.0,2.0,2.0,0.0,0.0,0.0,0.0,0.0,0.0,0.0,2.0,12.0,10.0,10.0,10.0,10.0,10.0,10.0,10.0,10.0,10.0,10.0,8.0,4.0,4.0,8.0,8.0,4.0,4.0,4.0,4.0
2024-05-01,2024-05,4.0,6.0,6.0,4.0,4.0,4.0,4.0,4.0,4.0,4.0,4.0,4.0,6.0,6.0,6.0,6.0,6.0,6.0,6.0,6.0,6.0,6.0,6.0,6.0,6.0,6.0,4.0,0.0,2.0,2.0,2.0,2.0,2.0,0.0,2.0,2.0,2.0,2.0,2.0,0.0,0.0,2.0,2.0,2.0,2.0,2.0,2.0,2.0,2.0,4.0,6.0,6.0,6.0,6.0,6.0,6.0,6.0,4.0,0.0,0.0,0.0,0.0,0.0,0.0,0.0,0.0,0.0,0.0,0.0,0.0,0.0,0.0,0.0,10.0,8.0,10.0,10.0,18.0,12.0,4.0,12.0,12.0,10.0,10.0,10.0,10.0,16.0,20.0,20.0,20.0,14.0,8.0,12.0,12.0,12.0,12.0
2024-05-02,2024-05,14.0,12.0,14.0,14.0,14.0,12.0,8.0,6.0,6.0,4.0,4.0,2.0,2.0,2.0,2.0,2.0,2.0,2.0,2.0,2.0,2.0,2.0,2.0,2.0,2.0,0.0,0.0,0.0,0.0,0.0,0.0,0.0,2.0,2.0,2.0,2.0,2.0,2.0,2.0,2.0,2.0,0.0,0.0,2.0,2.0,8.0,6.0,8.0,10.0,10.0,10.0,10.0,10.0,8.0,6.0,6.0,2.0,4.0,8.0,8.0,8.0,8.0,6.0,6.0,6.0,6.0,6.0,5.0,4.0,4.0,4.0,4.0,12.0,10.0,10.0,10.0,18.0,14.0,12.0,12.0,14.0,18.0,22.0,24.0,26.0,26.0,24.0,20.0,20.0,16.0,16.0,16.0,16.0,16.0,16.0,16.0
2024-05-03,2024-05,16.0,16.0,14.0,14.0,14.0,10.0,4.0,2.0,2.0,2.0,2.0,2.0,2.0,2.0,2.0,2.0,2.0,2.0,2.0,2.0,0.0,0.0,0.0,0.0,0.0,0.0,0.0,0.0,0.0,0.0,0.0,0.0,0.0,8.0,10.0,10.0,10.0,8.0,8.0,8.0,8.0,8.0,8.0,10.0,12.0,12.0,10.0,10.0,8.0,6.0,4.0,4.0,6.0,8.0,8.0,8.0,8.0,8.0,10.0,16.0,18.0,18.0,20.0,20.0,14.0,12.0,14.0,14.0,14.0,12.0,12.0,12.0,10.0,10.0,12.0,8.0,18.0,14.0,12.0,12.0,10.0,12.0,16.0,16.0,14.0,14.0,14.0,14.0,14.0,14.0,14.0,14.0,14.0,14.0,14.0,14.0
2024-05-04,2024-05,14.0,14.0,14.0,12.0,12.0,12.0,12.0,12.0,12.0,12.0,12.0,12.0,11.0,10.0,10.0,10.0,10.0,10.0,10.0,10.0,10.0,12.0,14.0,12.0,12.0,10.0,10.0,4.0,4.0,8.0,0.0,0.0,0.0,0.0,0.0,2.0,2.0,2.0,3.0,4.0,12.0,8.0,8.0,8.0,8.0,8.0,8.0,8.0,16.0,18.0,16.0,16.0,14.0,14.0,10.0,8.0,8.0,4.0,0.0,0.0,2.0,4.0,4.0,2.0,2.0,6.0,6.0,6.0,8.0,0.0,0.0,0.0,0.0,0.0,0.0,0.0,16.0,20.0,18.0,22.0,24.0,14.0,12.0,10.0,10.0,10.0,10.0,10.0,10.0,6.0,4.0,4.0,2.0,2.0,2.0,8.0
2024-05-05,2024-05,8.0,8.0,8.0,8.0,8.0,8.0,8.0,8.0,8.0,4.0,2.0,2.0,2.0,2.0,0.0,0.0,0.0,0.0,0.0,0.0,0.0,0.0,0.0,0.0,0.0,0.0,0.0,0.0,0.0,0.0,4.0,4.0,2.0,0.0,0.0,0.0,0.0,4.0,10.0,10.0,10.0,10.0,8.0,8.0,6.0,6.0,8.0,12.0,12.0,14.0,80.0,186.0,198.0,126.0,12.0,12.0,18.0,18.0,16.0,14.0,10.0,8.0,6.0,8.0,6.0,6.0,4.0,4.0,5.0,6.0,6.0,6.0,6.0,6.0,8.0,12.0,12.0,14.0,6.0,0.0,0.0,0.0,2.0,4.0,2.0,2.0,4.0,2.0,2.0,2.0,4.0,2.0,4.0,2.0,8.0,10.0
2024-05-06,2024-05,10.0,10.0,10.0,10.0,10.0,10.0,10.0,10.0,10.0,10.0,8.0,8.0,6.0,4.0,2.0,2.0,0.0,0.0,4.0,2.0,0.0,0.0,0.0,0.0,0.0,0.0,0.0,0.0,0.0,0.0,0.0,0.0,0.0,0.0,0.0,0.0,0.0,0.0,0.0,6.0,12.0,12.0,12.0,12.0,12.0,8.0,6.0,6.0,4.0,0.0,0.0,0.0,4.0,10.0,10.0,10.0,10.0,12.0,20.0,24.0,22.0,24.0,20.0,18.0,2.0,4.0,2.0,12.0,12.0,10.0,10.0,12.0,10.0,10.0,8.0,8.0,22.0,6.0,0.0,0.0,8.0,0.0,0.0,0.0,0.0,0.0,0.0,0.0,0.0,0.0,0.0,0.0,0.0,0.0,0.0,0.0
2024-05-07,2024-05,0.0,0.0,0.0,0.0,0.0,0.0,0.0,0.0,0.0,0.0,0.0,0.0,0.0,0.0,0.0,0.0,0.0,0.0,0.0,0.0,0.0,0.0,0.0,0.0,0.0,0.0,0.0,0.0,0.0,0.0,0.0,2.0,4.0,4.0,8.0,16.0,20.0,20.0,18.0,18.0,18.0,14.0,14.0,12.0,12.0,10.0,8.0,8.0,6.0,6.0,8.0,6.0,6.0,8.0,8.0,8.0,8.0,6.0,4.0,4.0,4.0,6.0,4.0,2.0,2.0,2.0,2.0,2.0,2.0,0.0,0.0,0.0,0.0,0.0,0.0,0.0,12.0,10.0,10.0,10.0,2.0,2.0,2.0,2.0,8.0,8.0,8.0,8.0,8.0,14.0,18.0,20.0,20.0,20.0,22.0,22.0
2024-05-08,2024-05,20.0,20.0,18.0,15.0,12.0,8.0,8.0,6.0,6.0,6.0,4.0,4.0,8.0,8.0,6.0,4.0,4.0,4.0,2.0,2.0,0.0,0.0,0.0,0.0,0.0,6.0,12.0,14.0,6.0,4.0,4.0,2.0,2.0,2.0,0.0,0.0,0.0,0.0,0.0,0.0,0.0,0.0,0.0,0.0,0.0,0.0,0.0,0.0,0.0,0.0,0.0,0.0,0.0,0.0,0.0,0.0,0.0,0.0,0.0,0.0,0.0,0.0,0.0,0.0,0.0,2.0,2.0,10.0,12.0,12.0,12.0,4.0,2.0,0.0,0.0,12.0,12.0,12.0,12.0,12.0,12.0,12.0,12.0,12.0,12.0,12.0,12.0,12.0,12.0,12.0,0.0,0.0,0.0,0.0,0.0,0.0
2024-05-09,2024-05,0.0,0.0,0.0,0.0,0.0,0.0,0.0,0.0,0.0,0.0,0.0,0.0,0.0,0.0,0.0,0.0,0.0,0.0,0.0,0.0,0.0,0.0,0.0,0.0,0.0,0.0,0.0,0.0,4.0,2.0,0.0,0.0,0.0,0.0,0.0,0.0,0.0,0.0,0.0,0.0,0.0,2.0,0.0,0.0,0.0,0.0,0.0,0.0,0.0,0.0,0.0,0.0,0.0,0.0,0.0,0.0,0.0,0.0,0.0,0.0,0.0,0.0,0.0,2.0,4.0,4.0,4.0,4.0,4.0,4.0,4.0,2.0,0.0,0.0,6.0,10.0,18.0,16.0,12.0,8.0,10.0,8.0,8.0,8.0,8.0,6.0,6.0,6.0,6.0,6.0,6.0,6.0,6.0,6.0,0.0,0.0
2024-05-10,2024-05,0.0,0.0,0.0,0.0,0.0,0.0,0.0,0.0,0.0,0.0,0.0,0.0,0.0,0.0,0.0,0.0,0.0,0.0,0.0,0.0,0.0,0.0,0.0,0.0,0.0,0.0,2.0,0.0,0.0,0.0,0.0,0.0,0.0,0.0,0.0,0.0,0.0,2.0,0.0,0.0,0.0,0.0,2.0,2.0,2.0,2.0,2.0,2.0,2.0,2.0,2.0,6.0,6.0,6.0,6.0,6.0,6.0,6.0,6.0,6.0,6.0,6.0,12.0,20.0,22.0,24.0,22.0,22.0,18.0,14.0,10.0,6.0,6.0,10.0,8.0,4.0,16.0,18.0,12.0,12.0,10.0,10.0,10.0,14.0,14.0,14.0,14.0,14.0,14.0,14.0,14.0,14.0,10.0,12.0,12.0,2.0
2024-05-11,2024-05,2.0,2.0,2.0,2.0,2.0,2.0,0.0,0.0,0.0,0.0,0.0,0.0,0.0,0.0,0.0,0.0,0.0,0.0,0.0,0.0,0.0,0.0,0.0,0.0,0.0,0.0,14.0,16.0,14.0,16.0,16.0,14.0,14.0,14.0,14.0,10.0,10.0,10.0,6.0,4.0,2.0,2.0,6.0,4.0,4.0,4.0,4.0,2.0,2.0,4.0,8.0,8.0,8.0,4.0,4.0,4.0,4.0,2.0,2.0,2.0,2.0,0.0,2.0,2.0,2.0,4.0,4.0,4.0,4.0,4.0,0.0,0.0,0.0,2.0,4.0,12.0,6.0,10.0,10.0,10.0,10.0,12.0,12.0,12.0,2.0,0.0,0.0,0.0,0.0,0.0,0.0,0.0,0.0,0.0,0.0,0.0
2024-05-12,2024-05,0.0,0.0,0.0,0.0,0.0,0.0,0.0,0.0,0.0,0.0,0.0,0.0,0.0,0.0,0.0,0.0,0.0,0.0,0.0,0.0,0.0,0.0,0.0,0.0,0.0,0.0,0.0,0.0,0.0,0.0,0.0,0.0,0.0,0.0,0.0,4.0,6.0,4.0,4.0,4.0,6.0,6.0,6.0,8.0,8.0,8.0,8.0,8.0,6.0,6.0,2.0,2.0,2.0,2.0,2.0,6.0,6.0,4.0,2.0,4.0,4.0,4.0,2.0,0.0,0.0,4.0,4.0,4.0,4.0,4.0,4.0,4.0,4.0,4.0,2.0,0.0,0.0,12.0,10.0,10.0,10.0,10.0,6.0,0.0,4.0,4.0,2.0,2.0,2.0,0.0,0.0,0.0,0.0,0.0,0.0,0.0
2024-05-13,2024-05,0.0,0.0,0.0,0.0,0.0,0.0,0.0,0.0,0.0,0.0,0.0,0.0,0.0,0.0,0.0,0.0,0.0,0.0,0.0,0.0,0.0,0.0,0.0,0.0,0.0,0.0,0.0,0.0,0.0,0.0,0.0,0.0,0.0,0.0,0.0,0.0,0.0,0.0,0.0,0.0,0.0,0.0,0.0,0.0,0.0,0.0,0.0,0.0,0.0,0.0,0.0,0.0,0.0,0.0,0.0,2.0,2.0,2.0,2.0,2.0,2.0,2.0,2.0,2.0,4.0,4.0,4.0,4.0,2.0,0.0,0.0,0.0,0.0,2.0,2.0,4.0,14.0,14.0,12.0,18.0,18.0,18.0,18.0,16.0,10.0,10.0,10.0,10.0,8.0,8.0,10.0,10.0,10.0,8.0,6.0,4.0
2024-05-14,2024-05,2.0,2.0,1.0,0.0,0.0,0.0,0.0,0.0,0.0,0.0,0.0,0.0,0.0,0.0,0.0,0.0,0.0,0.0,0.0,0.0,0.0,0.0,0.0,0.0,0.0,0.0,0.0,0.0,0.0,0.0,0.0,0.0,0.0,0.0,0.0,0.0,14.0,14.0,18.0,22.0,24.0,24.0,24.0,24.0,20.0,14.0,10.0,14.0,16.0,16.0,16.0,16.0,14.0,12.0,10.0,8.0,8.0,8.0,8.0,6.0,6.0,2.0,4.0,6.0,8.0,10.0,8.0,8.0,8.0,8.0,4.0,4.0,4.0,4.0,4.0,12.0,14.0,20.0,16.0,14.0,4.0,4.0,4.0,0.0,0.0,0.0,0.0,0.0,0.0,0.0,0.0,0.0,0.0,0.0,0.0,4.0
2024-05-15,2024-05,8.0,9.0,10.0,10.0,8.0,6.0,6.0,6.0,6.0,2.0,2.0,2.0,2.0,2.0,2.0,2.0,2.0,2.0,2.0,2.0,2.0,0.0,0.0,0.0,0.0,0.0,0.0,0.0,0.0,0.0,0.0,0.0,0.0,0.0,0.0,0.0,0.0,0.0,0.0,0.0,0.0,0.0,8.0,8.0,8.0,10.0,10.0,8.0,18.0,20.0,20.0,20.0,16.0,10.0,6.0,8.0,8.0,8.0,8.0,8.0,8.0,8.0,4.0,4.0,8.0,14.0,14.0,14.0,12.0,8.0,10.0,8.0,8.0,6.0,6.0,4.0,12.0,14.0,10.0,4.0,0.0,0.0,0.0,0.0,10.0,10.0,14.0,12.0,12.0,12.0,4.0,4.0,4.0,2.0,4.0,4.0
2024-05-16,2024-05,4.0,0.0,0.0,0.0,0.0,0.0,0.0,0.0,0.0,0.0,0.0,0.0,0.0,0.0,0.0,0.0,0.0,0.0,0.0,0.0,0.0,0.0,0.0,0.0,0.0,0.0,0.0,0.0,0.0,0.0,0.0,0.0,0.0,0.0,0.0,2.0,2.0,6.0,6.0,8.0,10.0,12.0,12.0,12.0,12.0,10.0,6.0,8.0,12.0,4.0,0.0,0.0,0.0,0.0,0.0,0.0,0.0,6.0,4.0,4.0,4.0,4.0,4.0,4.0,4.0,2.0,2.0,2.0,0.0,0.0,0.0,0.0,6.0,8.0,8.0,16.0,6.0,2.0,0.0,2.0,2.0,2.0,0.0,0.0,0.0,0.0,2.0,6.0,6.0,6.0,6.0,6.0,2.0,0.0,0.0,0.0
2024-05-17,2024-05,2.0,2.0,0.0,0.0,0.0,0.0,0.0,0.0,0.0,0.0,0.0,0.0,0.0,0.0,0.0,0.0,0.0,0.0,0.0,0.0,0.0,0.0,0.0,0.0,0.0,0.0,0.0,0.0,0.0,0.0,0.0,0.0,0.0,2.0,4.0,10.0,10.0,10.0,8.0,12.0,10.0,10.0,10.0,10.0,12.0,14.0,14.0,14.0,16.0,14.0,12.0,10.0,6.0,4.0,6.0,4.0,4.0,4.0,4.0,6.0,4.0,6.0,6.0,6.0,6.0,6.0,4.0,4.0,4.0,4.0,4.0,4.0,4.0,4.0,4.0,12.0,14.0,16.0,14.0,12.0,12.0,12.0,8.0,0.0,0.0,0.0,0.0,0.0,0.0,0.0,0.0,0.0,0.0,0.0,0.0,0.0
2024-05-18,2024-05,0.0,0.0,0.0,0.0,0.0,0.0,0.0,0.0,0.0,0.0,0.0,0.0,0.0,0.0,0.0,0.0,0.0,0.0,0.0,0.0,0.0,0.0,0.0,0.0,0.0,0.0,0.0,0.0,0.0,0.0,0.0,0.0,0.0,0.0,0.0,0.0,0.0,0.0,0.0,0.0,0.0,0.0,0.0,0.0,0.0,0.0,0.0,0.0,0.0,0.0,0.0,0.0,0.0,0.0,0.0,0.0,0.0,0.0,0.0,0.0,0.0,0.0,0.0,0.0,0.0,0.0,0.0,0.0,0.0,0.0,0.0,0.0,0.0,0.0,0.0,0.0,0.0,0.0,0.0,0.0,0.0,0.0,0.0,0.0,0.0,0.0,0.0,0.0,0.0,0.0,0.0,0.0,0.0,0.0,0.0,0.0
2024-05-19,2024-05,0.0,0.0,0.0,0.0,0.0,0.0,0.0,0.0,0.0,0.0,0.0,0.0,0.0,0.0,0.0,0.0,0.0,0.0,0.0,0.0,0.0,0.0,0.0,0.0,0.0,0.0,0.0,0.0,0.0,0.0,0.0,0.0,0.0,0.0,0.0,0.0,0.0,0.0,0.0,0.0,0.0,0.0,0.0,0.0,0.0,0.0,0.0,0.0,0.0,2.0,8.0,8.0,8.0,8.0,8.0,8.0,6.0,4.0,4.0,4.0,0.0,0.0,0.0,0.0,2.0,2.0,2.0,2.0,2.0,2.0,2.0,2.0,2.0,0.0,0.0,0.0,6.0,12.0,12.0,10.0,10.0,14.0,14.0,14.0,14.0,14.0,14.0,14.0,14.0,14.0,14.0,16.0,20.0,22.0,18.0,18.0
2024-05-20,2024-05,12.0,10.0,10.0,10.0,10.0,10.0,10.0,10.0,10.0,10.0,10.0,10.0,10.0,10.0,10.0,10.0,10.0,10.0,10.0,10.0,10.0,10.0,10.0,10.0,10.0,4.0,0.0,0.0,2.0,2.0,2.0,2.0,2.0,2.0,2.0,2.0,2.0,2.0,2.0,2.0,2.0,2.0,2.0,2.0,2.0,2.0,2.0,2.0,2.0,2.0,2.0,2.0,2.0,2.0,2.0,16.0,18.0,18.0,18.0,18.0,18.0,18.0,18.0,16.0,14.0,12.0,0.0,0.0,0.0,0.0,0.0,0.0,0.0,0.0,0.0,4.0,12.0,10.0,16.0,18.0,24.0,26.0,26.0,26.0,22.0,20.0,20.0,20.0,22.0,22.0,18.0,16.0,14.0,14.0,12.0,12.0
2024-05-21,2024-05,12.0,12.0,12.0,10.0,10.0,10.0,10.0,10.0,10.0,10.0,10.0,10.0,10.0,10.0,10.0,10.0,10.0,10.0,10.0,12.0,16.0,16.0,16.0,16.0,12.0,4.0,8.0,4.0,6.0,2.0,0.0,0.0,0.0,0.0,0.0,2.0,2.0,4.0,0.0,0.0,0.0,0.0,0.0,0.0,0.0,0.0,0.0,0.0,2.0,4.0,4.0,4.0,4.0,4.0,4.0,6.0,10.0,6.0,4.0,4.0,4.0,6.0,8.0,8.0,6.0,6.0,4.0,4.0,4.0,4.0,8.0,10.0,10.0,10.0,12.0,8.0,2.0,8.0,12.0,10.0,10.0,10.0,10.0,12.0,10.0,10.0,10.0,10.0,10.0,12.0,12.0,12.0,12.0,14.0,14.0,14.0
2024-05-22,2024-05,14.0,12.0,12.0,12.0,12.0,12.0,10.0,10.0,10.0,10.0,10.0,10.0,10.0,10.0,10.0,10.0,10.0,10.0,10.0,10.0,10.0,10.0,10.0,10.0,10.0,10.0,10.0,10.0,10.0,10.0,12.0,12.0,10.0,10.0,10.0,2.0,0.0,0.0,0.0,0.0,0.0,0.0,0.0,0.0,0.0,0.0,0.0,0.0,0.0,0.0,0.0,0.0,0.0,0.0,0.0,0.0,4.0,4.0,4.0,4.0,6.0,6.0,6.0,6.0,6.0,2.0,0.0,2.0,2.0,2.0,6.0,2.0,0.0,2.0,2.0,6.0,16.0,14.0,14.0,14.0,12.0,12.0,12.0,14.0,16.0,16.0,16.0,16.0,20.0,18.0,14.0,13.0,12.0,12.0,12.0,12.0
2024-05-23,2024-05,10.0,10.0,10.0,10.0,10.0,10.0,10.0,10.0,10.0,10.0,10.0,10.0,10.0,10.0,10.0,10.0,10.0,10.0,10.0,10.0,10.0,10.0,10.0,10.0,10.0,10.0,10.0,0.0,0.0,2.0,2.0,2.0,0.0,0.0,0.0,0.0,0.0,0.0,0.0,0.0,0.0,0.0,4.0,4.0,4.0,4.0,4.0,4.0,4.0,4.0,6.0,8.0,6.0,4.0,4.0,4.0,4.0,4.0,4.0,4.0,4.0,0.0,0.0,0.0,0.0,0.0,0.0,0.0,0.0,0.0,0.0,0.0,2.0,2.0,2.0,0.0,8.0,14.0,12.0,10.0,0.0,0.0,0.0,4.0,14.0,12.0,12.0,12.0,12.0,10.0,10.0,10.0,10.0,10.0,10.0,10.0
2024-05-24,2024-05,10.0,10.0,10.0,10.0,10.0,10.0,10.0,10.0,10.0,10.0,10.0,10.0,10.0,10.0,10.0,10.0,10.0,10.0,10.0,10.0,10.0,10.0,10.0,10.0,10.0,10.0,10.0,2.0,0.0,2.0,2.0,2.0,2.0,2.0,2.0,2.0,0.0,0.0,0.0,0.0,0.0,0.0,0.0,0.0,0.0,0.0,0.0,2.0,2.0,2.0,2.0,0.0,2.0,2.0,10.0,12.0,12.0,14.0,14.0,12.0,12.0,8.0,8.0,6.0,6.0,8.0,10.0,10.0,8.0,8.0,8.0,12.0,12.0,12.0,10.0,8.0,14.0,4.0,6.0,4.0,4.0,12.0,16.0,16.0,14.0,12.0,10.0,10.0,10.0,10.0,10.0,10.0,10.0,16.0,26.0,24.0
2024-05-25,2024-05,24.0,26.0,24.0,26.0,26.0,26.0,26.0,22.0,16.0,16.0,16.0,16.0,14.0,14.0,12.0,12.0,12.0,12.0,12.0,12.0,12.0,12.0,12.0,12.0,12.0,12.0,12.0,16.0,16.0,4.0,2.0,0.0,0.0,0.0,2.0,10.0,12.0,12.0,10.0,6.0,4.0,0.0,0.0,0.0,0.0,0.0,0.0,0.0,0.0,0.0,0.0,0.0,0.0,0.0,0.0,0.0,0.0,0.0,0.0,0.0,2.0,4.0,4.0,4.0,4.0,6.0,8.0,2.0,0.0,0.0,0.0,0.0,0.0,0.0,0.0,0.0,0.0,2.0,0.0,0.0,10.0,10.0,10.0,14.0,14.0,14.0,14.0,14.0,10.0,10.0,10.0,10.0,12.0,18.0,18.0,20.0
2024-05-26,2024-05,14.0,14.0,14.0,14.0,14.0,14.0,12.0,10.0,10.0,10.0,10.0,10.0,10.0,10.0,10.0,10.0,10.0,10.0,10.0,10.0,10.0,10.0,10.0,10.0,10.0,10.0,4.0,0.0,0.0,0.0,0.0,0.0,2.0,4.0,4.0,4.0,4.0,4.0,4.0,2.0,0.0,0.0,0.0,0.0,0.0,0.0,0.0,0.0,0.0,0.0,0.0,4.0,4.0,4.0,4.0,8.0,8.0,8.0,8.0,8.0,12.0,12.0,12.0,10.0,10.0,10.0,8.0,8.0,8.0,8.0,8.0,6.0,6.0,4.0,8.0,8.0,16.0,20.0,14.0,14.0,14.0,14.0,14.0,14.0,18.0,20.0,18.0,14.0,14.0,10.0,10.0,10.0,14.0,26.0,28.0,28.0
2024-05-27,2024-05,24.0,22.0,20.0,20.0,20.0,18.0,14.0,10.0,10.0,10.0,10.0,10.0,10.0,10.0,10.0,10.0,10.0,10.0,10.0,10.0,10.0,10.0,10.0,10.0,10.0,10.0,4.0,0.0,0.0,0.0,0.0,0.0,0.0,0.0,0.0,0.0,0.0,0.0,8.0,12.0,12.0,12.0,16.0,16.0,18.0,18.0,14.0,12.0,10.0,10.0,6.0,6.0,8.0,8.0,6.0,6.0,4.0,4.0,4.0,8.0,4.0,4.0,4.0,6.0,8.0,6.0,4.0,4.0,4.0,4.0,8.0,6.0,6.0,4.0,4.0,2.0,10.0,10.0,16.0,18.0,18.0,18.0,18.0,18.0,18.0,18.0,12.0,12.0,12.0,12.0,12.0,14.0,18.0,20.0,22.0,22.0
2024-05-28,2024-05,22.0,22.0,22.0,22.0,22.0,22.0,20.0,16.0,14.0,12.0,12.0,12.0,12.0,12.0,12.0,12.0,12.0,12.0,12.0,12.0,12.0,12.0,12.0,12.0,10.0,10.0,6.0,0.0,0.0,0.0,0.0,0.0,0.0,0.0,0.0,0.0,0.0,0.0,0.0,0.0,0.0,0.0,0.0,0.0,0.0,0.0,0.0,0.0,0.0,0.0,0.0,0.0,0.0,2.0,2.0,2.0,2.0,2.0,2.0,2.0,0.0,0.0,0.0,0.0,0.0,0.0,0.0,0.0,0.0,0.0,0.0,0.0,0.0,0.0,0.0,0.0,10.0,10.0,10.0,10.0,10.0,10.0,10.0,10.0,10.0,10.0,10.0,10.0,10.0,10.0,10.0,10.0,10.0,10.0,10.0,10.0
2024-05-29,2024-05,10.0,10.0,10.0,10.0,10.0,10.0,10.0,10.0,10.0,10.0,10.0,10.0,10.0,10.0,10.0,10.0,10.0,10.0,10.0,10.0,10.0,10.0,10.0,10.0,10.0,10.0,4.0,0.0,0.0,0.0,0.0,0.0,0.0,0.0,0.0,0.0,0.0,0.0,0.0,0.0,4.0,8.0,10.0,10.0,8.0,6.0,6.0,4.0,4.0,4.0,2.0,0.0,2.0,2.0,4.0,4.0,4.0,6.0,6.0,6.0,6.0,6.0,6.0,8.0,8.0,10.0,10.0,10.0,10.0,10.0,10.0,8.0,8.0,8.0,6.0,4.0,11.0,18.0,16.0,16.0,16.0,16.0,16.0,14.0,12.0,12.0,14.0,14.0,14.0,14.0,14.0,14.0,16.0,18.0,18.0,18.0
2024-05-30,2024-05,18.0,18.0,18.0,14.0,14.0,14.0,14.0,12.0,12.0,12.0,12.0,12.0,12.0,12.0,12.0,12.0,12.0,12.0,12.0,12.0,12.0,12.0,12.0,12.0,10.0,8.0,2.0,4.0,4.0,4.0,4.0,4.0,4.0,4.0,2.0,2.0,0.0,0.0,0.0,0.0,0.0,0.0,0.0,0.0,0.0,0.0,0.0,0.0,0.0,0.0,0.0,6.0,10.0,12.0,10.0,8.0,6.0,4.0,4.0,4.0,4.0,4.0,4.0,4.0,4.0,4.0,4.0,2.0,2.0,8.0,6.0,6.0,4.0,0.0,0.0,2.0,14.0,12.0,12.0,12.0,12.0,12.0,12.0,10.0,10.0,10.0,10.0,10.0,10.0,10.0,10.0,10.0,10.0,10.0,12.0,10.0
2024-05-31,2024-05,10.0,10.0,10.0,10.0,10.0,10.0,10.0,10.0,10.0,10.0,10.0,10.0,10.0,10.0,10.0,10.0,10.0,10.0,10.0,10.0,10.0,10.0,10.0,10.0,10.0,10.0,4.0,0.0,0.0,2.0,2.0,0.0,0.0,0.0,0.0,4.0,4.0,4.0,4.0,4.0,4.0,4.0,4.0,4.0,4.0,4.0,4.0,4.0,4.0,4.0,2.0,2.0,0.0,0.0,0.0,0.0,0.0,0.0,0.0,0.0,0.0,0.0,0.0,0.0,0.0,0.0,2.0,2.0,2.0,2.0,2.0,2.0,2.0,2.0,0.0,0.0,4.0,12.0,10.0,10.0,10.0,10.0,10.0,10.0,10.0,10.0,10.0,12.0,10.0,14.0,18.0,18.0,18.0,18.0,18.0,18.0
2024-06-01,2024-06,18.0,18.0,18.0,18.0,18.0,18.0,18.0,18.0,18.0,18.0,18.0,18.0,18.0,18.0,18.0,18.0,18.0,16.0,16.0,16.0,14.0,14.0,14.0,14.0,14.0,14.0,12.0,8.0,2.0,0.0,0.0,2.0,2.0,2.0,0.0,0.0,0.0,0.0,2.0,2.0,2.0,2.0,2.0,2.0,0.0,0.0,0.0,0.0,0.0,0.0,0.0,0.0,0.0,0.0,0.0,2.0,0.0,0.0,0.0,0.0,8.0,12.0,14.0,14.0,14.0,14.0,14.0,12.0,8.0,6.0,6.0,6.0,4.0,4.0,4.0,6.0,12.0,18.0,14.0,10.0,10.0,10.0,10.0,10.0,10.0,10.0,10.0,10.0,10.0,10.0,20.0,20.0,20.0,20.0,20.0,20.0
2024-06-02,2024-06,18.0,16.0,14.0,14.0,12.0,12.0,12.0,12.0,14.0,12.0,12.0,12.0,12.0,12.0,12.0,14.0,14.0,14.0,14.0,12.0,12.0,12.0,12.0,12.0,12.0,10.0,4.0,12.0,12.0,2.0,0.0,6.0,14.0,2.0,0.0,0.0,0.0,0.0,0.0,0.0,0.0,0.0,0.0,0.0,0.0,6.0,12.0,14.0,14.0,14.0,14.0,14.0,14.0,14.0,20.0,24.0,18.0,20.0,22.0,18.0,18.0,16.0,18.0,16.0,10.0,8.0,6.0,6.0,6.0,4.0,0.0,0.0,0.0,2.0,8.0,8.0,16.0,22.0,20.0,16.0,16.0,18.0,18.0,16.0,20.0,20.0,18.0,18.0,22.0,22.0,22.0,22.0,22.0,22.0,24.0,24.0
2024-06-03,2024-06,24.0,24.0,24.0,24.0,22.0,18.0,18.0,16.0,14.0,14.0,13.0,12.0,10.0,10.0,10.0,10.0,10.0,0.0,0.0,0.0,0.0,0.0,0.0,0.0,0.0,0.0,0.0,0.0,0.0,0.0,0.0,0.0,0.0,0.0,0.0,0.0,0.0,0.0,0.0,0.0,0.0,0.0,0.0,0.0,0.0,0.0,0.0,0.0,0.0,0.0,0.0,0.0,0.0,8.0,16.0,16.0,18.0,18.0,18.0,16.0,14.0,14.0,14.0,18.0,20.0,12.0,10.0,8.0,8.0,6.0,8.0,10.0,8.0,8.0,12.0,16.0,26.0,20.0,6.0,2.0,0.0,12.0,14.0,14.0,14.0,14.0,14.0,14.0,14.0,12.0,12.0,12.0,12.0,12.0,12.0,12.0
2024-06-04,2024-06,10.0,10.0,10.0,10.0,10.0,10.0,10.0,10.0,10.0,10.0,10.0,10.0,10.0,10.0,10.0,10.0,10.0,10.0,10.0,10.0,10.0,10.0,10.0,10.0,10.0,10.0,6.0,0.0,6.0,2.0,4.0,2.0,2.0,2.0,2.0,2.0,2.0,2.0,2.0,0.0,2.0,2.0,2.0,0.0,4.0,6.0,6.0,12.0,14.0,14.0,16.0,18.0,18.0,20.0,18.0,18.0,18.0,12.0,10.0,6.0,8.0,8.0,6.0,6.0,6.0,4.0,4.0,10.0,9.0,8.0,10.0,12.0,6.0,6.0,6.0,10.0,11.0,12.0,10.0,12.0,12.0,12.0,10.0,10.0,10.0,10.0,10.0,10.0,10.0,10.0,10.0,10.0,10.0,10.0,10.0,10.0
2024-06-05,2024-06,10.0,10.0,10.0,10.0,10.0,10.0,10.0,10.0,10.0,10.0,10.0,10.0,10.0,10.0,10.0,10.0,10.0,10.0,10.0,10.0,10.0,10.0,10.0,10.0,10.0,10.0,10.0,4.0,4.0,6.0,6.0,6.0,6.0,6.0,6.0,2.0,0.0,0.0,0.0,4.0,4.0,4.0,4.0,2.0,0.0,0.0,0.0,0.0,0.0,0.0,0.0,0.0,0.0,0.0,0.0,0.0,0.0,0.0,0.0,0.0,0.0,0.0,0.0,0.0,0.0,2.0,4.0,4.0,4.0,4.0,4.0,4.0,4.0,0.0,0.0,0.0,2.0,4.0,0.0,8.0,14.0,10.0,10.0,10.0,10.0,10.0,10.0,10.0,10.0,10.0,10.0,10.0,10.0,10.0,10.0,10.0
2024-06-06,2024-06,10.0,10.0,10.0,10.0,10.0,10.0,10.0,10.0,10.0,10.0,10.0,10.0,10.0,12.0,12.0,12.0,12.0,10.0,10.0,10.0,10.0,10.0,10.0,10.0,10.0,10.0,10.0,4.0,2.0,4.0,4.0,4.0,4.0,4.0,4.0,2.0,2.0,0.0,14.0,18.0,18.0,18.0,18.0,16.0,8.0,8.0,4.0,4.0,4.0,4.0,4.0,6.0,4.0,4.0,4.0,4.0,4.0,4.0,4.0,4.0,4.0,4.0,4.0,4.0,4.0,12.0,18.0,14.0,12.0,12.0,4.0,8.0,12.0,12.0,12.0,12.0,12.0,10.0,10.0,10.0,10.0,10.0,10.0,10.0,10.0,10.0,10.0,10.0,10.0,10.0,10.0,10.0,10.0,10.0,10.0,10.0
2024-06-07,2024-06,12.0,12.0,12.0,12.0,10.0,10.0,10.0,10.0,10.0,10.0,10.0,10.0,10.0,10.0,10.0,10.0,10.0,10.0,10.0,10.0,10.0,10.0,10.0,10.0,10.0,10.0,10.0,8.0,0.0,0.0,0.0,0.0,0.0,4.0,4.0,4.0,4.0,4.0,4.0,4.0,4.0,4.0,0.0,0.0,0.0,0.0,16.0,16.0,14.0,14.0,12.0,10.0,10.0,12.0,10.0,10.0,10.0,10.0,10.0,8.0,4.0,0.0,0.0,0.0,0.0,0.0,0.0,0.0,0.0,0.0,0.0,0.0,0.0,0.0,0.0,2.0,12.0,10.0,10.0,10.0,10.0,10.0,10.0,10.0,10.0,10.0,10.0,10.0,10.0,10.0,10.0,10.0,10.0,10.0,10.0,10.0
2024-06-08,2024-06,10.0,10.0,10.0,12.0,12.0,12.0,12.0,12.0,12.0,10.0,10.0,10.0,10.0,10.0,10.0,10.0,10.0,10.0,10.0,10.0,10.0,10.0,10.0,10.0,10.0,10.0,2.0,0.0,0.0,0.0,0.0,0.0,0.0,0.0,0.0,0.0,0.0,0.0,0.0,0.0,0.0,0.0,2.0,2.0,2.0,2.0,2.0,2.0,2.0,0.0,0.0,0.0,4.0,4.0,4.0,4.0,4.0,18.0,18.0,18.0,18.0,14.0,14.0,12.0,8.0,6.0,2.0,2.0,4.0,4.0,4.0,4.0,4.0,4.0,4.0,6.0,16.0,14.0,14.0,12.0,12.0,10.0,10.0,10.0,10.0,10.0,10.0,10.0,10.0,10.0,10.0,10.0,10.0,10.0,10.0,10.0
2024-06-09,2024-06,10.0,10.0,10.0,10.0,10.0,10.0,10.0,10.0,10.0,10.0,10.0,10.0,10.0,10.0,10.0,10.0,10.0,10.0,10.0,10.0,10.0,10.0,10.0,10.0,10.0,10.0,10.0,2.0,2.0,2.0,0.0,0.0,0.0,0.0,0.0,4.0,2.0,6.0,4.0,4.0,4.0,4.0,4.0,4.0,2.0,0.0,0.0,0.0,0.0,0.0,0.0,0.0,0.0,0.0,0.0,0.0,0.0,0.0,0.0,0.0,0.0,0.0,0.0,0.0,0.0,0.0,0.0,0.0,0.0,0.0,2.0,0.0,0.0,0.0,0.0,0.0,6.0,12.0,10.0,14.0,14.0,14.0,14.0,16.0,16.0,14.0,14.0,14.0,14.0,14.0,14.0,14.0,14.0,14.0,12.0,12.0
2024-06-10,2024-06,12.0,12.0,12.0,12.0,12.0,12.0,12.0,14.0,14.0,14.0,14.0,14.0,12.0,12.0,12.0,10.0,10.0,10.0,10.0,10.0,10.0,10.0,10.0,10.0,10.0,10.0,12.0,14.0,6.0,4.0,4.0,6.0,4.0,4.0,4.0,6.0,6.0,6.0,6.0,4.0,4.0,2.0,2.0,2.0,0.0,0.0,0.0,0.0,0.0,0.0,0.0,0.0,0.0,0.0,0.0,0.0,4.0,4.0,4.0,4.0,4.0,4.0,8.0,10.0,8.0,8.0,8.0,10.0,4.0,4.0,4.0,0.0,2.0,4.0,4.0,6.0,18.0,14.0,10.0,10.0,12.0,14.0,14.0,14.0,16.0,14.0,12.0,12.0,12.0,12.0,12.0,12.0,12.0,12.0,10.0,12.0
2024-06-11,2024-06,14.0,14.0,14.0,14.0,14.0,12.0,10.0,10.0,10.0,10.0,10.0,10.0,10.0,10.0,10.0,10.0,10.0,10.0,10.0,10.0,10.0,10.0,10.0,10.0,10.0,10.0,6.0,0.0,0.0,0.0,0.0,0.0,0.0,0.0,4.0,8.0,8.0,8.0,8.0,6.0,6.0,6.0,2.0,0.0,0.0,2.0,0.0,0.0,0.0,0.0,0.0,0.0,0.0,0.0,0.0,0.0,0.0,0.0,0.0,2.0,4.0,6.0,10.0,10.0,10.0,10.0,10.0,10.0,10.0,10.0,2.0,0.0,4.0,2.0,14.0,10.0,10.0,12.0,10.0,10.0,10.0,10.0,10.0,10.0,10.0,10.0,12.0,10.0,10.0,10.0,10.0,10.0,10.0,10.0,10.0,10.0
2024-06-12,2024-06,10.0,10.0,10.0,10.0,10.0,10.0,10.0,10.0,10.0,10.0,10.0,10.0,10.0,10.0,10.0,10.0,10.0,10.0,10.0,10.0,10.0,10.0,10.0,10.0,10.0,10.0,10.0,10.0,0.0,0.0,0.0,2.0,2.0,2.0,2.0,2.0,0.0,0.0,0.0,0.0,0.0,0.0,6.0,10.0,10.0,10.0,12.0,8.0,4.0,6.0,6.0,6.0,6.0,2.0,2.0,2.0,2.0,0.0,6.0,6.0,6.0,6.0,6.0,6.0,6.0,6.0,6.0,4.0,4.0,2.0,0.0,0.0,0.0,0.0,0.0,0.0,4.0,12.0,10.0,10.0,10.0,10.0,12.0,14.0,12.0,12.0,12.0,12.0,12.0,10.0,12.0,12.0,12.0,12.0,14.0,14.0
2024-06-13,2024-06,12.0,12.0,12.0,12.0,10.0,10.0,10.0,10.0,10.0,12.0,12.0,12.0,12.0,12.0,12.0,14.0,14.0,14.0,14.0,14.0,14.0,14.0,14.0,14.0,14.0,14.0,2.0,2.0,0.0,0.0,0.0,0.0,0.0,0.0,0.0,0.0,0.0,6.0,8.0,6.0,0.0,0.0,0.0,6.0,8.0,8.0,10.0,10.0,6.0,4.0,4.0,2.0,0.0,0.0,0.0,0.0,0.0,0.0,0.0,0.0,0.0,0.0,0.0,0.0,0.0,0.0,0.0,0.0,0.0,0.0,0.0,0.0,0.0,0.0,0.0,0.0,0.0,4.0,10.0,10.0,10.0,10.0,10.0,10.0,12.0,10.0,10.0,12.0,10.0,10.0,14.0,14.0,12.0,12.0,12.0,12.0
2024-06-14,2024-06,12.0,12.0,12.0,12.0,12.0,12.0,12.0,12.0,12.0,12.0,12.0,12.0,12.0,10.0,10.0,10.0,10.0,10.0,10.0,10.0,10.0,10.0,10.0,10.0,10.0,10.0,0.0,0.0,0.0,0.0,0.0,0.0,0.0,0.0,0.0,4.0,4.0,4.0,4.0,4.0,4.0,4.0,4.0,2.0,0.0,0.0,0.0,0.0,0.0,0.0,0.0,0.0,0.0,0.0,0.0,0.0,0.0,0.0,0.0,0.0,0.0,0.0,0.0,0.0,0.0,0.0,0.0,0.0,0.0,0.0,0.0,0.0,0.0,2.0,6.0,8.0,6.0,12.0,10.0,10.0,10.0,10.0,10.0,10.0,10.0,10.0,10.0,10.0,10.0,10.0,10.0,10.0,10.0,10.0,10.0,10.0
2024-06-15,2024-06,10.0,10.0,10.0,10.0,12.0,12.0,12.0,12.0,12.0,12.0,12.0,12.0,10.0,12.0,12.0,10.0,10.0,10.0,10.0,10.0,10.0,10.0,10.0,10.0,12.0,12.0,12.0,12.0,6.0,0.0,0.0,0.0,0.0,0.0,0.0,0.0,0.0,0.0,0.0,0.0,0.0,4.0,4.0,6.0,6.0,0.0,0.0,0.0,0.0,0.0,0.0,0.0,0.0,0.0,2.0,6.0,6.0,6.0,6.0,6.0,6.0,6.0,6.0,4.0,0.0,0.0,0.0,0.0,0.0,2.0,2.0,2.0,2.0,2.0,2.0,8.0,12.0,10.0,12.0,14.0,16.0,14.0,14.0,14.0,14.0,10.0,10.0,10.0,10.0,10.0,10.0,10.0,12.0,12.0,10.0,10.0
2024-06-16,2024-06,10.0,12.0,12.0,12.0,10.0,10.0,10.0,10.0,10.0,10.0,10.0,10.0,10.0,10.0,10.0,10.0,10.0,10.0,10.0,10.0,10.0,10.0,10.0,10.0,10.0,10.0,10.0,4.0,0.0,0.0,0.0,0.0,0.0,0.0,0.0,0.0,0.0,0.0,0.0,0.0,0.0,0.0,0.0,0.0,0.0,0.0,0.0,0.0,0.0,0.0,0.0,0.0,0.0,0.0,0.0,0.0,0.0,0.0,0.0,0.0,0.0,0.0,2.0,2.0,2.0,2.0,2.0,2.0,2.0,2.0,2.0,2.0,2.0,0.0,2.0,0.0,2.0,12.0,10.0,10.0,12.0,14.0,14.0,14.0,12.0,12.0,12.0,12.0,10.0,10.0,10.0,10.0,10.0,10.0,10.0,10.0
2024-06-17,2024-06,10.0,10.0,10.0,10.0,10.0,10.0,10.0,10.0,10.0,10.0,10.0,10.0,10.0,10.0,10.0,10.0,10.0,10.0,10.0,10.0,10.0,10.0,10.0,10.0,10.0,10.0,10.0,10.0,2.0,10.0,0.0,0.0,0.0,0.0,0.0,2.0,7.0,12.0,14.0,14.0,14.0,14.0,6.0,4.0,4.0,4.0,4.0,10.0,12.0,12.0,12.0,8.0,6.0,8.0,6.0,8.0,8.0,8.0,8.0,4.0,2.0,2.0,2.0,2.0,2.0,2.0,2.0,6.0,6.0,6.0,6.0,6.0,8.0,8.0,4.0,4.0,14.0,14.0,12.0,10.0,10.0,10.0,10.0,10.0,10.0,10.0,12.0,10.0,10.0,10.0,10.0,10.0,10.0,10.0,10.0,10.0
2024-06-18,2024-06,10.0,10.0,10.0,12.0,12.0,12.0,12.0,10.0,10.0,10.0,10.0,10.0,10.0,10.0,10.0,10.0,10.0,10.0,12.0,10.0,10.0,10.0,10.0,10.0,10.0,10.0,10.0,10.0,0.0,0.0,0.0,0.0,0.0,4.0,4.0,4.0,4.0,4.0,4.0,6.0,12.0,8.0,14.0,16.0,20.0,16.0,8.0,0.0,0.0,0.0,0.0,0.0,0.0,0.0,0.0,0.0,0.0,0.0,0.0,0.0,0.0,0.0,0.0,0.0,0.0,0.0,0.0,0.0,0.0,0.0,0.0,0.0,0.0,0.0,0.0,10.0,2.0,10.0,14.0,12.0,12.0,14.0,20.0,30.0,32.0,28.0,26.0,26.0,26.0,20.0,20.0,18.0,16.0,16.0,14.0,12.0
2024-06-19,2024-06,24.0,26.0,26.0,26.0,26.0,20.0,16.0,16.0,16.0,18.0,16.0,16.0,14.0,12.0,10.0,10.0,10.0,10.0,10.0,10.0,10.0,10.0,10.0,10.0,10.0,12.0,10.0,0.0,0.0,0.0,0.0,0.0,0.0,0.0,0.0,2.0,0.0,0.0,0.0,0.0,0.0,0.0,0.0,0.0,0.0,0.0,0.0,0.0,0.0,0.0,0.0,0.0,0.0,0.0,0.0,2.0,6.0,6.0,6.0,6.0,6.0,6.0,6.0,6.0,4.0,2.0,4.0,10.0,12.0,12.0,10.0,6.0,6.0,8.0,8.0,6.0,16.0,14.0,12.0,12.0,12.0,18.0,20.0,18.0,20.0,22.0,26.0,28.0,28.0,26.0,24.0,22.0,22.0,24.0,26.0,26.0
2024-06-20,2024-06,24.0,24.0,24.0,24.0,22.0,20.0,20.0,18.0,18.0,12.0,12.0,12.0,12.0,12.0,12.0,12.0,12.0,12.0,12.0,12.0,12.0,12.0,10.0,10.0,10.0,10.0,6.0,0.0,0.0,2.0,0.0,0.0,0.0,0.0,0.0,0.0,0.0,0.0,0.0,0.0,2.0,2.0,2.0,0.0,0.0,0.0,0.0,0.0,0.0,0.0,0.0,0.0,0.0,0.0,0.0,0.0,0.0,0.0,0.0,0.0,0.0,0.0,0.0,0.0,0.0,0.0,0.0,0.0,0.0,0.0,0.0,0.0,0.0,0.0,0.0,2.0,0.0,12.0,12.0,14.0,10.0,10.0,10.0,10.0,10.0,10.0,10.0,10.0,10.0,10.0,10.0,10.0,10.0,10.0,10.0,10.0
2024-06-21,2024-06,10.0,10.0,10.0,10.0,10.0,10.0,10.0,10.0,10.0,10.0,10.0,10.0,10.0,10.0,10.0,10.0,10.0,10.0,10.0,10.0,10.0,10.0,10.0,10.0,10.0,10.0,8.0,4.0,2.0,0.0,0.0,0.0,0.0,0.0,4.0,4.0,4.0,0.0,0.0,0.0,0.0,0.0,0.0,0.0,0.0,0.0,0.0,0.0,0.0,0.0,0.0,0.0,0.0,0.0,2.0,4.0,4.0,4.0,4.0,4.0,4.0,4.0,4.0,4.0,4.0,4.0,4.0,4.0,4.0,4.0,4.0,12.0,14.0,14.0,14.0,14.0,12.0,10.0,14.0,16.0,14.0,10.0,10.0,10.0,10.0,10.0,10.0,10.0,10.0,10.0,10.0,10.0,10.0,12.0,12.0,12.0
2024-06-22,2024-06,12.0,12.0,12.0,12.0,12.0,10.0,10.0,10.0,10.0,10.0,10.0,10.0,10.0,10.0,10.0,10.0,10.0,10.0,10.0,10.0,10.0,10.0,10.0,10.0,10.0,10.0,5.0,0.0,0.0,0.0,0.0,0.0,0.0,0.0,0.0,2.0,2.0,2.0,6.0,12.0,12.0,12.0,12.0,12.0,6.0,4.0,0.0,0.0,0.0,0.0,0.0,0.0,0.0,0.0,0.0,0.0,0.0,2.0,8.0,10.0,12.0,14.0,10.0,8.0,6.0,4.0,4.0,4.0,0.0,0.0,0.0,0.0,4.0,8.0,8.0,12.0,12.0,24.0,24.0,26.0,24.0,14.0,14.0,14.0,14.0,16.0,16.0,16.0,16.0,14.0,16.0,14.0,16.0,16.0,14.0,14.0
2024-06-23,2024-06,14.0,14.0,12.0,12.0,12.0,12.0,12.0,12.0,12.0,10.0,10.0,10.0,10.0,10.0,10.0,10.0,10.0,10.0,10.0,10.0,10.0,10.0,10.0,10.0,10.0,10.0,10.0,0.0,0.0,0.0,0.0,0.0,0.0,2.0,6.0,10.0,6.0,4.0,4.0,4.0,8.0,4.0,4.0,4.0,4.0,2.0,0.0,0.0,0.0,0.0,2.0,2.0,2.0,0.0,0.0,2.0,4.0,4.0,4.0,4.0,10.0,10.0,10.0,8.0,6.0,8.0,8.0,4.0,2.0,0.0,0.0,0.0,4.0,6.0,0.0,2.0,4.0,10.0,10.0,10.0,10.0,10.0,10.0,10.0,10.0,16.0,16.0,16.0,14.0,12.0,10.0,10.0,10.0,10.0,10.0,10.0
2024-06-24,2024-06,10.0,10.0,10.0,10.0,10.0,10.0,10.0,10.0,10.0,10.0,10.0,10.0,12.0,12.0,12.0,12.0,12.0,12.0,12.0,12.0,10.0,10.0,10.0,10.0,10.0,10.0,10.0,2.0,0.0,0.0,0.0,0.0,0.0,0.0,0.0,0.0,0.0,0.0,0.0,0.0,4.0,4.0,6.0,6.0,6.0,6.0,2.0,0.0,0.0,0.0,0.0,0.0,0.0,2.0,2.0,2.0,2.0,2.0,2.0,2.0,4.0,4.0,4.0,2.0,2.0,2.0,2.0,2.0,2.0,4.0,8.0,8.0,8.0,18.0,20.0,16.0,16.0,12.0,16.0,20.0,16.0,10.0,10.0,10.0,12.0,14.0,14.0,14.0,14.0,10.0,10.0,10.0,10.0,10.0,10.0,10.0
2024-06-25,2024-06,10.0,10.0,10.0,10.0,10.0,10.0,10.0,10.0,10.0,10.0,10.0,10.0,10.0,10.0,10.0,10.0,10.0,10.0,10.0,10.0,10.0,10.0,10.0,10.0,10.0,10.0,10.0,10.0,10.0,4.0,2.0,2.0,2.0,2.0,4.0,4.0,6.0,10.0,10.0,10.0,10.0,10.0,10.0,4.0,4.0,4.0,4.0,4.0,4.0,4.0,4.0,4.0,4.0,4.0,6.0,4.0,4.0,4.0,4.0,4.0,4.0,4.0,4.0,10.0,18.0,12.0,10.0,20.0,18.0,16.0,6.0,8.0,10.0,22.0,18.0,14.0,14.0,14.0,14.0,16.0,16.0,16.0,16.0,16.0,14.0,16.0,14.0,10.0,10.0,10.0,10.0,10.0,10.0,10.0,10.0,10.0
2024-06-26,2024-06,10.0,10.0,10.0,10.0,10.0,10.0,10.0,10.0,10.0,10.0,10.0,10.0,10.0,10.0,10.0,10.0,10.0,10.0,10.0,10.0,10.0,10.0,10.0,10.0,10.0,10.0,10.0,10.0,10.0,10.0,8.0,0.0,0.0,0.0,0.0,0.0,0.0,0.0,2.0,4.0,4.0,4.0,4.0,4.0,8.0,8.0,10.0,14.0,14.0,12.0,12.0,10.0,8.0,10.0,8.0,8.0,6.0,8.0,8.0,10.0,10.0,10.0,16.0,16.0,20.0,22.0,20.0,18.0,14.0,10.0,10.0,10.0,10.0,10.0,10.0,10.0,18.0,24.0,16.0,10.0,10.0,10.0,10.0,10.0,10.0,10.0,10.0,10.0,10.0,10.0,10.0,10.0,10.0,10.0,10.0,10.0
2024-06-27,2024-06,10.0,10.0,10.0,10.0,10.0,10.0,10.0,10.0,10.0,10.0,10.0,10.0,10.0,10.0,10.0,10.0,10.0,10.0,10.0,10.0,10.0,10.0,10.0,10.0,10.0,10.0,10.0,10.0,10.0,4.0,2.0,2.0,0.0,2.0,0.0,0.0,2.0,2.0,2.0,2.0,0.0,0.0,0.0,4.0,20.0,18.0,16.0,14.0,14.0,13.0,12.0,12.0,10.0,10.0,10.0,10.0,8.0,8.0,8.0,8.0,8.0,8.0,8.0,8.0,6.0,6.0,6.0,6.0,6.0,6.0,6.0,6.0,4.0,4.0,4.0,8.0,16.0,14.0,14.0,16.0,18.0,18.0,18.0,18.0,20.0,20.0,20.0,20.0,20.0,18.0,16.0,14.0,12.0,12.0,12.0,10.0
2024-06-28,2024-06,10.0,10.0,10.0,10.0,10.0,10.0,10.0,10.0,10.0,10.0,10.0,10.0,10.0,10.0,10.0,10.0,10.0,10.0,10.0,10.0,10.0,10.0,10.0,10.0,10.0,10.0,10.0,2.0,0.0,0.0,0.0,0.0,0.0,0.0,0.0,0.0,0.0,0.0,0.0,0.0,0.0,0.0,2.0,6.0,2.0,0.0,2.0,8.0,10.0,10.0,9.0,8.0,8.0,4.0,4.0,4.0,4.0,4.0,4.0,4.0,8.0,9.0,10.0,4.0,2.0,2.0,2.0,2.0,4.0,2.0,2.0,2.0,2.0,0.0,2.0,2.0,10.0,12.0,12.0,12.0,12.0,10.0,10.0,10.0,10.0,10.0,10.0,10.0,12.0,26.0,28.0,28.0,28.0,28.0,26.0,24.0
2024-06-29,2024-06,22.0,20.0,18.0,18.0,16.0,16.0,14.0,12.0,12.0,12.0,12.0,10.0,10.0,10.0,10.0,12.0,12.0,12.0,12.0,12.0,12.0,12.0,12.0,12.0,12.0,12.0,10.0,4.0,0.0,0.0,0.0,0.0,0.0,0.0,0.0,0.0,0.0,0.0,0.0,0.0,0.0,0.0,0.0,0.0,0.0,0.0,0.0,0.0,0.0,0.0,6.0,12.0,12.0,8.0,6.0,6.0,6.0,6.0,6.0,6.0,6.0,6.0,6.0,6.0,6.0,0.0,0.0,0.0,0.0,0.0,0.0,0.0,0.0,0.0,0.0,6.0,8.0,12.0,12.0,12.0,14.0,18.0,18.0,16.0,12.0,10.0,10.0,10.0,10.0,10.0,10.0,10.0,10.0,10.0,10.0,10.0
2024-06-30,2024-06,10.0,10.0,10.0,10.0,10.0,10.0,10.0,10.0,10.0,10.0,10.0,10.0,10.0,10.0,10.0,10.0,10.0,10.0,10.0,10.0,10.0,10.0,10.0,10.0,10.0,10.0,6.0,0.0,0.0,0.0,0.0,0.0,0.0,0.0,0.0,0.0,0.0,0.0,0.0,0.0,0.0,0.0,0.0,0.0,0.0,0.0,6.0,8.0,2.0,0.0,0.0,0.0,0.0,0.0,0.0,0.0,0.0,0.0,0.0,0.0,0.0,0.0,0.0,0.0,0.0,0.0,0.0,0.0,0.0,2.0,4.0,6.0,6.0,8.0,6.0,5.0,4.0,12.0,10.0,10.0,16.0,16.0,16.0,14.0,10.0,10.0,10.0,10.0,12.0,16.0,16.0,16.0,16.0,10.0,10.0,10.0
2024-07-01,2024-07,10.0,10.0,10.0,10.0,10.0,10.0,10.0,10.0,10.0,10.0,10.0,10.0,10.0,10.0,10.0,10.0,10.0,10.0,10.0,10.0,10.0,10.0,10.0,10.0,10.0,10.0,10.0,0.0,0.0,0.0,0.0,0.0,0.0,0.0,0.0,0.0,0.0,0.0,0.0,0.0,0.0,0.0,0.0,0.0,0.0,0.0,6.0,6.0,4.0,2.0,0.0,0.0,0.0,0.0,0.0,0.0,4.0,4.0,4.0,4.0,4.0,4.0,2.0,0.0,0.0,0.0,0.0,0.0,0.0,0.0,0.0,0.0,0.0,0.0,0.0,0.0,0.0,6.0,14.0,14.0,18.0,18.0,18.0,20.0,20.0,18.0,18.0,16.0,16.0,14.0,16.0,12.0,12.0,12.0,24.0,26.0
2024-07-02,2024-07,24.0,24.0,24.0,24.0,24.0,20.0,20.0,20.0,16.0,16.0,12.0,12.0,10.0,10.0,12.0,11.0,10.0,10.0,10.0,10.0,10.0,10.0,10.0,10.0,24.0,26.0,26.0,20.0,14.0,16.0,0.0,0.0,0.0,0.0,0.0,0.0,0.0,0.0,0.0,0.0,0.0,0.0,0.0,0.0,0.0,0.0,0.0,0.0,0.0,0.0,0.0,0.0,0.0,0.0,0.0,0.0,0.0,0.0,0.0,0.0,0.0,0.0,14.0,16.0,17.0,18.0,18.0,15.0,12.0,6.0,6.0,6.0,8.0,6.0,4.0,4.0,6.0,18.0,18.0,18.0,14.0,14.0,14.0,14.0,14.0,14.0,14.0,16.0,12.0,12.0,14.0,10.0,10.0,10.0,10.0,10.0
2024-07-03,2024-07,10.0,10.0,10.0,10.0,10.0,10.0,10.0,10.0,10.0,10.0,10.0,10.0,10.0,10.0,10.0,10.0,10.0,10.0,10.0,10.0,10.0,10.0,10.0,10.0,10.0,10.0,8.0,0.0,0.0,0.0,0.0,0.0,2.0,2.0,2.0,2.0,2.0,2.0,2.0,2.0,2.0,2.0,2.0,2.0,2.0,2.0,2.0,2.0,2.0,2.0,2.0,2.0,2.0,2.0,2.0,2.0,2.0,0.0,0.0,0.0,0.0,0.0,0.0,0.0,0.0,0.0,0.0,0.0,0.0,0.0,0.0,0.0,10.0,8.0,2.0,2.0,2.0,2.0,2.0,2.0,2.0,2.0,2.0,0.0,0.0,0.0,0.0,0.0,0.0,0.0,0.0,0.0,0.0,0.0,0.0,0.0
2024-07-04,2024-07,0.0,0.0,0.0,0.0,0.0,0.0,0.0,0.0,0.0,0.0,0.0,0.0,0.0,0.0,0.0,0.0,0.0,0.0,0.0,0.0,0.0,0.0,0.0,0.0,0.0,0.0,0.0,0.0,0.0,0.0,0.0,0.0,0.0,0.0,0.0,0.0,0.0,0.0,0.0,0.0,0.0,0.0,0.0,0.0,0.0,0.0,0.0,0.0,0.0,0.0,0.0,0.0,0.0,0.0,0.0,0.0,0.0,0.0,0.0,0.0,0.0,0.0,0.0,0.0,0.0,0.0,0.0,2.0,2.0,2.0,2.0,0.0,0.0,0.0,0.0,10.0,12.0,10.0,10.0,10.0,10.0,16.0,18.0,18.0,18.0,22.0,18.0,14.0,14.0,14.0,14.0,18.0,12.0,10.0,12.0,14.0
2024-07-05,2024-07,14.0,14.0,14.0,14.0,10.0,10.0,10.0,10.0,10.0,10.0,10.0,10.0,10.0,10.0,10.0,12.0,10.0,10.0,10.0,10.0,10.0,10.0,10.0,10.0,10.0,10.0,10.0,12.0,14.0,8.0,4.0,4.0,4.0,4.0,4.0,6.0,0.0,0.0,2.0,2.0,0.0,0.0,0.0,0.0,0.0,6.0,0.0,0.0,0.0,8.0,14.0,14.0,14.0,14.0,14.0,10.0,6.0,6.0,6.0,6.0,6.0,6.0,6.0,6.0,6.0,8.0,6.0,6.0,6.0,6.0,6.0,6.0,6.0,6.0,6.0,6.0,14.0,10.0,10.0,12.0,12.0,12.0,12.0,10.0,10.0,12.0,10.0,12.0,10.0,10.0,10.0,12.0,12.0,12.0,12.0,12.0
2024-07-06,2024-07,12.0,12.0,12.0,12.0,12.0,12.0,12.0,12.0,12.0,12.0,12.0,12.0,12.0,12.0,10.0,10.0,10.0,10.0,10.0,10.0,10.0,10.0,10.0,10.0,10.0,10.0,10.0,10.0,6.0,2.0,0.0,0.0,0.0,0.0,0.0,0.0,0.0,0.0,0.0,0.0,0.0,0.0,2.0,4.0,0.0,0.0,0.0,0.0,8.0,10.0,12.0,14.0,10.0,6.0,6.0,6.0,6.0,6.0,6.0,6.0,2.0,0.0,0.0,0.0,0.0,4.0,4.0,4.0,4.0,4.0,4.0,4.0,4.0,4.0,4.0,4.0,12.0,10.0,10.0,10.0,10.0,10.0,10.0,10.0,10.0,10.0,10.0,10.0,10.0,10.0,10.0,10.0,10.0,10.0,10.0,10.0
2024-07-07,2024-07,10.0,10.0,10.0,10.0,10.0,10.0,10.0,10.0,10.0,10.0,10.0,10.0,10.0,10.0,10.0,10.0,10.0,10.0,10.0,10.0,10.0,10.0,10.0,10.0,10.0,10.0,10.0,4.0,0.0,0.0,0.0,0.0,0.0,0.0,0.0,0.0,0.0,0.0,0.0,0.0,0.0,0.0,0.0,0.0,0.0,0.0,0.0,2.0,2.0,2.0,2.0,2.0,2.0,0.0,0.0,0.0,0.0,0.0,2.0,4.0,4.0,4.0,4.0,0.0,0.0,0.0,0.0,0.0,0.0,0.0,0.0,0.0,0.0,0.0,0.0,4.0,8.0,10.0,10.0,10.0,14.0,14.0,16.0,16.0,16.0,14.0,12.0,10.0,10.0,10.0,10.0,10.0,10.0,10.0,10.0,10.0
2024-07-08,2024-07,10.0,10.0,10.0,10.0,10.0,10.0,10.0,10.0,10.0,10.0,10.0,10.0,10.0,10.0,10.0,10.0,10.0,10.0,10.0,10.0,10.0,10.0,10.0,10.0,14.0,16.0,16.0,16.0,16.0,6.0,0.0,0.0,0.0,0.0,2.0,0.0,0.0,0.0,0.0,0.0,0.0,0.0,0.0,6.0,10.0,10.0,12.0,14.0,14.0,8.0,4.0,6.0,6.0,4.0,2.0,2.0,2.0,2.0,2.0,2.0,2.0,2.0,2.0,10.0,12.0,2.0,2.0,2.0,2.0,2.0,2.0,2.0,2.0,2.0,2.0,0.0,12.0,12.0,12.0,12.0,10.0,10.0,10.0,10.0,10.0,10.0,10.0,12.0,16.0,16.0,16.0,12.0,10.0,10.0,10.0,10.0
2024-07-09,2024-07,10.0,10.0,10.0,10.0,10.0,10.0,10.0,10.0,10.0,10.0,10.0,10.0,10.0,10.0,10.0,10.0,10.0,10.0,10.0,10.0,10.0,10.0,10.0,10.0,10.0,10.0,10.0,4.0,0.0,0.0,0.0,0.0,0.0,0.0,0.0,0.0,0.0,0.0,0.0,0.0,4.0,10.0,6.0,6.0,6.0,6.0,6.0,6.0,10.0,12.0,12.0,12.0,10.0,6.0,2.0,2.0,2.0,2.0,2.0,6.0,6.0,6.0,6.0,8.0,6.0,6.0,6.0,6.0,6.0,6.0,6.0,6.0,6.0,4.0,4.0,4.0,4.0,16.0,16.0,16.0,16.0,16.0,16.0,16.0,16.0,20.0,24.0,24.0,24.0,26.0,26.0,26.0,26.0,26.0,22.0,14.0
2024-07-10,2024-07,12.0,12.0,12.0,12.0,12.0,12.0,12.0,12.0,10.0,10.0,10.0,10.0,10.0,10.0,10.0,10.0,10.0,12.0,12.0,12.0,12.0,12.0,12.0,10.0,10.0,10.0,10.0,2.0,0.0,0.0,0.0,0.0,0.0,0.0,0.0,0.0,0.0,0.0,0.0,0.0,0.0,0.0,0.0,0.0,0.0,0.0,0.0,0.0,0.0,2.0,4.0,4.0,16.0,24.0,22.0,24.0,26.0,22.0,20.0,14.0,16.0,10.0,10.0,20.0,22.0,22.0,20.0,18.0,18.0,16.0,16.0,16.0,10.0,2.0,0.0,2.0,6.0,10.0,12.0,16.0,22.0,22.0,22.0,28.0,22.0,16.0,18.0,16.0,16.0,16.0,16.0,16.0,22.0,20.0,18.0,20.0
2024-07-11,2024-07,20.0,20.0,20.0,14.0,14.0,14.0,14.0,14.0,14.0,16.0,16.0,16.0,16.0,16.0,14.0,14.0,14.0,14.0,14.0,14.0,14.0,14.0,14.0,14.0,14.0,14.0,14.0,10.0,6.0,2.0,2.0,2.0,0.0,0.0,0.0,0.0,0.0,0.0,0.0,0.0,0.0,0.0,0.0,0.0,0.0,0.0,0.0,0.0,0.0,0.0,0.0,0.0,0.0,0.0,0.0,0.0,0.0,0.0,0.0,0.0,0.0,0.0,0.0,0.0,0.0,0.0,0.0,0.0,0.0,0.0,0.0,0.0,0.0,0.0,0.0,12.0,0.0,10.0,10.0,10.0,10.0,10.0,10.0,10.0,10.0,10.0,10.0,10.0,10.0,16.0,22.0,22.0,22.0,22.0,22.0,22.0
2024-07-12,2024-07,24.0,24.0,24.0,22.0,16.0,14.0,16.0,16.0,14.0,14.0,16.0,16.0,16.0,16.0,14.0,12.0,12.0,10.0,10.0,10.0,10.0,10.0,10.0,10.0,10.0,10.0,10.0,12.0,2.0,4.0,8.0,12.0,10.0,10.0,10.0,12.0,14.0,26.0,20.0,20.0,24.0,24.0,24.0,20.0,14.0,14.0,12.0,14.0,14.0,12.0,10.0,10.0,8.0,6.0,6.0,6.0,6.0,6.0,4.0,4.0,2.0,2.0,2.0,2.0,6.0,6.0,6.0,4.0,4.0,4.0,4.0,2.0,0.0,0.0,0.0,0.0,2.0,12.0,12.0,10.0,10.0,10.0,10.0,10.0,10.0,10.0,10.0,10.0,10.0,10.0,10.0,24.0,28.0,30.0,32.0,32.0
2024-07-13,2024-07,30.0,26.0,22.0,16.0,18.0,18.0,16.0,14.0,14.0,12.0,12.0,12.0,12.0,12.0,12.0,12.0,12.0,12.0,12.0,12.0,12.0,12.0,12.0,12.0,12.0,12.0,10.0,8.0,2.0,0.0,0.0,0.0,0.0,0.0,2.0,2.0,2.0,2.0,2.0,0.0,0.0,0.0,0.0,0.0,0.0,0.0,2.0,0.0,0.0,0.0,0.0,0.0,0.0,0.0,0.0,0.0,0.0,0.0,0.0,0.0,0.0,0.0,0.0,0.0,0.0,0.0,0.0,0.0,0.0,0.0,0.0,0.0,0.0,0.0,0.0,0.0,0.0,0.0,0.0,0.0,0.0,0.0,0.0,0.0,0.0,0.0,0.0,0.0,0.0,0.0,0.0,0.0,0.0,0.0,0.0,0.0
2024-07-15,2024-07,12.0,12.0,12.0,12.0,14.0,14.0,12.0,12.0,12.0,12.0,10.0,12.0,12.0,12.0,12.0,12.0,12.0,12.0,12.0,12.0,12.0,12.0,12.0,12.0,12.0,10.0,10.0,0.0,0.0,0.0,0.0,0.0,0.0,0.0,6.0,10.0,10.0,14.0,14.0,14.0,14.0,10.0,4.0,4.0,4.0,6.0,10.0,10.0,12.0,10.0,10.0,10.0,10.0,10.0,12.0,12.0,12.0,12.0,12.0,12.0,8.0,4.0,4.0,4.0,4.0,4.0,4.0,4.0,0.0,0.0,0.0,0.0,0.0,0.0,0.0,0.0,0.0,8.0,12.0,10.0,10.0,10.0,16.0,20.0,22.0,20.0,10.0,10.0,10.0,10.0,10.0,10.0,10.0,10.0,10.0,10.0
2024-07-16,2024-07,10.0,10.0,10.0,10.0,10.0,10.0,10.0,10.0,10.0,10.0,10.0,10.0,10.0,10.0,10.0,10.0,10.0,10.0,10.0,10.0,10.0,10.0,10.0,10.0,10.0,10.0,10.0,8.0,0.0,0.0,0.0,0.0,0.0,2.0,8.0,18.0,18.0,18.0,14.0,14.0,14.0,14.0,14.0,14.0,6.0,4.0,4.0,6.0,4.0,4.0,4.0,10.0,12.0,12.0,6.0,4.0,4.0,4.0,2.0,4.0,8.0,14.0,16.0,10.0,8.0,8.0,8.0,8.0,12.0,12.0,12.0,12.0,10.0,8.0,8.0,4.0,6.0,16.0,16.0,14.0,16.0,26.0,22.0,14.0,16.0,24.0,22.0,22.0,22.0,18.0,16.0,16.0,16.0,12.0,12.0,12.0
2024-07-17,2024-07,12.0,12.0,12.0,12.0,12.0,12.0,14.0,12.0,12.0,12.0,10.0,10.0,10.0,10.0,10.0,10.0,10.0,10.0,10.0,10.0,10.0,10.0,10.0,10.0,10.0,10.0,10.0,6.0,0.0,0.0,0.0,0.0,0.0,0.0,4.0,8.0,8.0,10.0,12.0,10.0,10.0,12.0,12.0,10.0,14.0,8.0,6.0,8.0,8.0,8.0,8.0,8.0,8.0,8.0,8.0,8.0,8.0,12.0,18.0,16.0,12.0,12.0,12.0,12.0,12.0,0.0,0.0,0.0,0.0,0.0,0.0,0.0,0.0,0.0,0.0,0.0,0.0,0.0,0.0,12.0,24.0,18.0,14.0,12.0,16.0,16.0,16.0,20.0,20.0,18.0,16.0,16.0,16.0,14.0,18.0,18.0
2024-07-24,2024-07,12.0,12.0,12.0,11.0,10.0,10.0,10.0,10.0,10.0,10.0,10.0,10.0,10.0,10.0,10.0,10.0,10.0,10.0,10.0,10.0,10.0,10.0,10.0,10.0,10.0,10.0,10.0,12.0,4.0,2.0,2.0,2.0,4.0,4.0,4.0,4.0,4.0,6.0,6.0,6.0,6.0,6.0,6.0,2.0,0.0,0.0,0.0,6.0,8.0,6.0,6.0,10.0,12.0,12.0,14.0,14.0,14.0,4.0,2.0,2.0,2.0,2.0,2.0,2.0,2.0,0.0,2.0,2.0,2.0,0.0,2.0,2.0,0.0,0.0,0.0,0.0,0.0,12.0,10.0,10.0,10.0,10.0,10.0,20.0,20.0,20.0,20.0,20.0,20.0,18.0,18.0,24.0,18.0,16.0,14.0,14.0
2024-07-25,2024-07,16.0,16.0,16.0,16.0,16.0,16.0,16.0,14.0,14.0,12.0,10.0,10.0,10.0,10.0,10.0,10.0,10.0,10.0,10.0,10.0,10.0,10.0,10.0,10.0,10.0,10.0,10.0,10.0,10.0,10.0,4.0,0.0,0.0,0.0,0.0,0.0,0.0,0.0,0.0,0.0,0.0,0.0,0.0,0.0,0.0,0.0,0.0,0.0,0.0,0.0,2.0,4.0,18.0,20.0,20.0,16.0,16.0,14.0,4.0,0.0,6.0,6.0,6.0,6.0,6.0,6.0,8.0,6.0,6.0,8.0,6.0,8.0,10.0,6.0,4.0,10.0,10.0,14.0,16.0,18.0,10.0,10.0,10.0,10.0,10.0,10.0,10.0,16.0,14.0,10.0,10.0,10.0,10.0,10.0,14.0,14.0
2024-07-26,2024-07,12.0,10.0,10.0,10.0,10.0,10.0,10.0,10.0,10.0,10.0,10.0,10.0,10.0,10.0,10.0,10.0,10.0,10.0,10.0,10.0,10.0,10.0,10.0,10.0,10.0,14.0,20.0,20.0,16.0,18.0,12.0,12.0,8.0,6.0,6.0,12.0,16.0,2.0,0.0,0.0,0.0,0.0,2.0,8.0,12.0,12.0,12.0,12.0,6.0,6.0,6.0,6.0,2.0,2.0,2.0,2.0,8.0,2.0,2.0,2.0,2.0,2.0,2.0,2.0,2.0,2.0,2.0,2.0,2.0,2.0,2.0,2.0,2.0,2.0,2.0,2.0,6.0,16.0,16.0,14.0,14.0,22.0,14.0,14.0,14.0,14.0,12.0,10.0,10.0,14.0,16.0,16.0,16.0,18.0,18.0,18.0
2024-07-27,2024-07,18.0,18.0,18.0,18.0,18.0,18.0,18.0,20.0,18.0,16.0,14.0,12.0,12.0,12.0,10.0,10.0,10.0,10.0,10.0,10.0,10.0,10.0,10.0,10.0,10.0,10.0,10.0,6.0,0.0,0.0,2.0,0.0,0.0,2.0,2.0,2.0,2.0,2.0,2.0,2.0,2.0,2.0,2.0,2.0,2.0,6.0,6.0,6.0,6.0,6.0,6.0,6.0,16.0,16.0,16.0,16.0,16.0,16.0,10.0,10.0,4.0,4.0,4.0,4.0,4.0,4.0,14.0,6.0,2.0,4.0,0.0,0.0,0.0,4.0,4.0,0.0,4.0,14.0,12.0,10.0,10.0,10.0,14.0,10.0,10.0,10.0,12.0,12.0,12.0,12.0,12.0,12.0,12.0,12.0,14.0,16.0
2024-07-28,2024-07,16.0,16.0,16.0,16.0,16.0,16.0,16.0,16.0,16.0,12.0,12.0,12.0,12.0,12.0,12.0,12.0,10.0,10.0,14.0,16.0,16.0,16.0,16.0,16.0,16.0,16.0,12.0,10.0,2.0,0.0,0.0,0.0,0.0,0.0,0.0,0.0,0.0,0.0,0.0,0.0,0.0,0.0,0.0,0.0,2.0,8.0,8.0,6.0,4.0,4.0,2.0,2.0,10.0,14.0,14.0,14.0,12.0,8.0,4.0,6.0,6.0,4.0,4.0,8.0,8.0,12.0,18.0,17.0,16.0,16.0,12.0,12.0,12.0,12.0,10.0,10.0,12.0,22.0,22.0,18.0,24.0,16.0,14.0,14.0,14.0,16.0,16.0,18.0,20.0,18.0,18.0,10.0,10.0,10.0,10.0,10.0
2024-07-29,2024-07,10.0,10.0,10.0,10.0,10.0,10.0,10.0,10.0,10.0,10.0,10.0,10.0,10.0,10.0,10.0,10.0,10.0,10.0,10.0,10.0,10.0,10.0,10.0,10.0,16.0,14.0,14.0,14.0,16.0,14.0,12.0,12.0,12.0,10.0,10.0,8.0,8.0,8.0,6.0,8.0,10.0,12.0,12.0,12.0,12.0,10.0,8.0,8.0,6.0,6.0,6.0,6.0,10.0,10.0,16.0,16.0,16.0,16.0,16.0,14.0,13.0,12.0,12.0,6.0,6.0,4.0,4.0,6.0,8.0,4.0,8.0,6.0,4.0,4.0,4.0,4.0,22.0,22.0,20.0,20.0,16.0,14.0,14.0,14.0,12.0,14.0,12.0,12.0,18.0,24.0,24.0,24.0,24.0,24.0,0.0,0.0
2024-07-30,2024-07,0.0,0.0,0.0,0.0,0.0,0.0,0.0,0.0,0.0,0.0,0.0,0.0,0.0,0.0,0.0,0.0,0.0,0.0,0.0,0.0,0.0,0.0,0.0,0.0,0.0,0.0,0.0,0.0,0.0,0.0,0.0,0.0,0.0,0.0,0.0,0.0,0.0,0.0,0.0,0.0,0.0,0.0,0.0,0.0,4.0,24.0,30.0,28.0,22.0,20.0,16.0,16.0,14.0,14.0,14.0,14.0,18.0,18.0,18.0,18.0,18.0,22.0,24.0,26.0,24.0,20.0,22.0,22.0,24.0,24.0,24.0,20.0,18.0,18.0,18.0,26.0,88.0,214.0,110.0,28.0,26.0,26.0,26.0,26.0,24.0,24.0,22.0,22.0,24.0,34.0,26.0,22.0,22.0,24.0,24.0,24.0
2024-07-31,2024-07,20.0,20.0,14.0,12.0,12.0,12.0,12.0,12.0,12.0,12.0,12.0,12.0,12.0,12.0,12.0,12.0,12.0,12.0,12.0,12.0,12.0,12.0,12.0,12.0,12.0,12.0,10.0,10.0,8.0,2.0,1.0,0.0,0.0,0.0,0.0,0.0,0.0,0.0,0.0,0.0,2.0,2.0,2.0,2.0,2.0,2.0,2.0,2.0,2.0,2.0,2.0,2.0,2.0,2.0,0.0,0.0,6.0,6.0,4.0,4.0,8.0,16.0,16.0,14.0,14.0,14.0,16.0,16.0,12.0,8.0,6.0,4.0,4.0,4.0,2.0,4.0,6.0,12.0,16.0,10.0,10.0,10.0,10.0,10.0,10.0,10.0,10.0,20.0,32.0,36.0,32.0,38.0,30.0,30.0,30.0,30.0
2024-08-01,2024-08,28.0,28.0,28.0,26.0,24.0,22.0,22.0,22.0,22.0,22.0,20.0,18.0,14.0,14.0,16.0,16.0,16.0,16.0,14.0,14.0,14.0,14.0,12.0,10.0,10.0,10.0,10.0,10.0,8.0,0.0,0.0,0.0,0.0,1.0,2.0,2.0,2.0,2.0,2.0,0.0,0.0,0.0,0.0,4.0,4.0,4.0,4.0,2.0,4.0,4.0,4.0,4.0,4.0,4.0,4.0,4.0,4.0,4.0,6.0,6.0,6.0,14.0,20.0,20.0,20.0,20.0,20.0,16.0,14.0,14.0,14.0,12.0,8.0,10.0,10.0,12.0,22.0,22.0,22.0,22.0,16.0,12.0,12.0,12.0,12.0,12.0,12.0,12.0,10.0,12.0,12.0,12.0,14.0,14.0,14.0,14.0
2024-08-02,2024-08,14.0,14.0,14.0,14.0,13.0,12.0,12.0,12.0,12.0,12.0,12.0,12.0,10.0,10.0,10.0,10.0,10.0,10.0,10.0,10.0,10.0,12.0,12.0,12.0,12.0,12.0,12.0,6.0,2.0,2.0,0.0,12.0,26.0,20.0,12.0,12.0,10.0,16.0,16.0,18.0,20.0,16.0,6.0,10.0,10.0,8.0,8.0,8.0,10.0,10.0,10.0,10.0,10.0,8.0,8.0,8.0,6.0,6.0,6.0,10.0,8.0,8.0,10.0,10.0,10.0,10.0,12.0,16.0,16.0,14.0,10.0,6.0,4.0,4.0,4.0,4.0,2.0,2.0,14.0,14.0,12.0,12.0,14.0,16.0,16.0,16.0,16.0,16.0,18.0,24.0,22.0,36.0,40.0,40.0,40.0,40.0
2024-08-03,2024-08,40.0,36.0,34.0,30.0,28.0,26.0,20.0,18.0,16.0,16.0,14.0,14.0,12.0,10.0,10.0,10.0,10.0,10.0,10.0,10.0,10.0,10.0,10.0,10.0,10.0,10.0,10.0,8.0,2.0,0.0,0.0,0.0,2.0,2.0,2.0,2.0,2.0,2.0,6.0,8.0,8.0,14.0,12.0,10.0,10.0,10.0,8.0,8.0,12.0,12.0,12.0,12.0,12.0,12.0,12.0,16.0,14.0,14.0,14.0,14.0,10.0,8.0,8.0,8.0,8.0,6.0,8.0,12.0,10.0,10.0,10.0,10.0,10.0,10.0,10.0,16.0,26.0,26.0,22.0,22.0,22.0,18.0,12.0,12.0,12.0,12.0,12.0,14.0,12.0,12.0,12.0,12.0,12.0,12.0,12.0,16.0
2024-08-04,2024-08,18.0,18.0,18.0,18.0,18.0,18.0,18.0,16.0,14.0,14.0,12.0,12.0,12.0,12.0,12.0,12.0,12.0,12.0,12.0,12.0,12.0,12.0,12.0,12.0,12.0,12.0,12.0,2.0,2.0,2.0,4.0,4.0,4.0,4.0,4.0,4.0,2.0,2.0,2.0,2.0,2.0,2.0,8.0,18.0,16.0,12.0,10.0,10.0,6.0,2.0,2.0,2.0,6.0,8.0,8.0,6.0,6.0,6.0,2.0,2.0,2.0,2.0,2.0,2.0,0.0,0.0,0.0,0.0,0.0,0.0,0.0,0.0,0.0,0.0,0.0,2.0,8.0,14.0,12.0,12.0,10.0,10.0,14.0,12.0,16.0,16.0,12.0,14.0,8.0,8.0,8.0,8.0,8.0,8.0,8.0,8.0
2024-08-05,2024-08,8.0,8.0,8.0,8.0,8.0,8.0,8.0,6.0,4.0,4.0,4.0,4.0,2.0,2.0,2.0,2.0,0.0,0.0,0.0,0.0,0.0,0.0,0.0,0.0,0.0,0.0,0.0,14.0,14.0,2.0,0.0,6.0,6.0,6.0,14.0,14.0,16.0,18.0,18.0,18.0,12.0,8.0,6.0,4.0,2.0,4.0,6.0,6.0,6.0,6.0,4.0,4.0,14.0,16.0,16.0,16.0,16.0,16.0,12.0,10.0,8.0,4.0,4.0,8.0,12.0,12.0,12.0,8.0,4.0,8.0,8.0,6.0,8.0,8.0,8.0,12.0,20.0,18.0,14.0,18.0,20.0,20.0,20.0,20.0,20.0,20.0,20.0,20.0,20.0,20.0,18.0,18.0,18.0,18.0,18.0,18.0
2024-08-06,2024-08,18.0,18.0,16.0,16.0,16.0,16.0,14.0,14.0,14.0,14.0,14.0,14.0,12.0,12.0,12.0,12.0,10.0,10.0,10.0,10.0,10.0,10.0,10.0,10.0,10.0,10.0,10.0,8.0,0.0,0.0,0.0,0.0,2.0,2.0,2.0,2.0,2.0,2.0,2.0,2.0,2.0,2.0,2.0,2.0,2.0,2.0,2.0,4.0,4.0,4.0,4.0,4.0,4.0,4.0,4.0,2.0,2.0,2.0,0.0,2.0,6.0,6.0,6.0,6.0,6.0,6.0,6.0,6.0,6.0,2.0,2.0,2.0,4.0,6.0,8.0,14.0,18.0,20.0,20.0,18.0,16.0,16.0,18.0,20.0,28.0,28.0,22.0,22.0,22.0,22.0,22.0,22.0,22.0,22.0,22.0,22.0
2024-08-07,2024-08,22.0,22.0,20.0,20.0,20.0,20.0,18.0,16.0,16.0,18.0,18.0,18.0,16.0,16.0,14.0,14.0,14.0,14.0,14.0,14.0,14.0,14.0,14.0,14.0,14.0,14.0,14.0,12.0,12.0,2.0,2.0,2.0,4.0,4.0,4.0,4.0,2.0,2.0,2.0,2.0,2.0,4.0,10.0,10.0,8.0,8.0,8.0,8.0,8.0,6.0,2.0,4.0,4.0,8.0,8.0,8.0,6.0,8.0,6.0,6.0,6.0,8.0,14.0,14.0,14.0,12.0,8.0,8.0,6.0,6.0,2.0,6.0,10.0,10.0,10.0,8.0,18.0,20.0,20.0,18.0,20.0,20.0,24.0,28.0,24.0,22.0,20.0,20.0,20.0,16.0,14.0,12.0,12.0,12.0,12.0,12.0
2024-08-08,2024-08,12.0,12.0,12.0,12.0,12.0,12.0,12.0,12.0,12.0,12.0,12.0,12.0,12.0,12.0,12.0,12.0,12.0,12.0,10.0,10.0,10.0,10.0,10.0,10.0,10.0,10.0,10.0,2.0,0.0,0.0,0.0,0.0,0.0,0.0,0.0,0.0,0.0,0.0,0.0,0.0,0.0,0.0,0.0,0.0,0.0,0.0,0.0,0.0,0.0,0.0,0.0,0.0,0.0,0.0,0.0,0.0,0.0,0.0,0.0,0.0,0.0,0.0,0.0,0.0,0.0,6.0,8.0,8.0,4.0,2.0,2.0,2.0,2.0,2.0,2.0,8.0,20.0,20.0,18.0,16.0,14.0,16.0,22.0,22.0,24.0,22.0,20.0,14.0,14.0,14.0,20.0,22.0,22.0,22.0,22.0,20.0
2024-08-09,2024-08,16.0,14.0,14.0,14.0,12.0,12.0,12.0,12.0,12.0,12.0,10.0,12.0,12.0,12.0,12.0,12.0,12.0,14.0,12.0,12.0,12.0,12.0,12.0,12.0,12.0,12.0,12.0,0.0,0.0,0.0,0.0,0.0,0.0,0.0,0.0,0.0,0.0,4.0,6.0,6.0,6.0,8.0,12.0,12.0,14.0,16.0,18.0,0.0,0.0,0.0,0.0,0.0,0.0,0.0,0.0,0.0,0.0,0.0,0.0,28.0,32.0,34.0,32.0,28.0,24.0,20.0,16.0,8.0,8.0,10.0,10.0,14.0,20.0,28.0,26.0,22.0,24.0,32.0,30.0,30.0,26.0,24.0,22.0,20.0,20.0,20.0,18.0,16.0,16.0,16.0,16.0,14.0,14.0,14.0,14.0,14.0
2024-08-10,2024-08,14.0,14.0,14.0,14.0,14.0,14.0,14.0,14.0,14.0,14.0,14.0,14.0,14.0,14.0,14.0,14.0,14.0,14.0,14.0,14.0,12.0,14.0,14.0,12.0,12.0,12.0,12.0,8.0,2.0,2.0,4.0,2.0,2.0,2.0,2.0,4.0,2.0,2.0,2.0,6.0,18.0,18.0,20.0,20.0,20.0,16.0,16.0,14.0,10.0,10.0,4.0,0.0,4.0,0.0,0.0,0.0,0.0,10.0,10.0,10.0,10.0,10.0,10.0,10.0,10.0,8.0,4.0,4.0,4.0,4.0,0.0,0.0,0.0,0.0,4.0,4.0,4.0,14.0,12.0,10.0,10.0,10.0,10.0,10.0,10.0,10.0,10.0,10.0,10.0,10.0,10.0,10.0,10.0,10.0,10.0,10.0
2024-08-11,2024-08,10.0,10.0,10.0,10.0,10.0,10.0,10.0,10.0,10.0,10.0,10.0,10.0,10.0,10.0,10.0,10.0,10.0,10.0,10.0,10.0,10.0,10.0,10.0,10.0,10.0,10.0,10.0,4.0,0.0,0.0,0.0,0.0,2.0,0.0,0.0,0.0,0.0,0.0,0.0,0.0,0.0,0.0,0.0,0.0,0.0,2.0,0.0,0.0,0.0,0.0,0.0,0.0,0.0,0.0,2.0,4.0,6.0,12.0,20.0,26.0,24.0,20.0,20.0,20.0,20.0,20.0,16.0,12.0,10.0,8.0,10.0,12.0,12.0,12.0,12.0,12.0,18.0,26.0,24.0,18.0,18.0,18.0,18.0,24.0,18.0,18.0,18.0,18.0,26.0,26.0,22.0,22.0,22.0,24.0,24.0,28.0
2024-08-12,2024-08,26.0,24.0,24.0,24.0,24.0,24.0,24.0,26.0,24.0,24.0,24.0,24.0,24.0,24.0,22.0,24.0,24.0,22.0,24.0,22.0,22.0,22.0,20.0,20.0,18.0,18.0,8.0,0.0,0.0,0.0,0.0,0.0,0.0,0.0,0.0,2.0,4.0,0.0,4.0,8.0,8.0,8.0,8.0,12.0,12.0,14.0,22.0,22.0,22.0,20.0,18.0,14.0,10.0,6.0,6.0,6.0,6.0,6.0,6.0,4.0,6.0,4.0,6.0,6.0,6.0,6.0,6.0,6.0,6.0,4.0,0.0,0.0,2.0,4.0,4.0,4.0,8.0,16.0,14.0,14.0,14.0,14.0,12.0,10.0,10.0,10.0,10.0,10.0,10.0,10.0,10.0,10.0,10.0,10.0,10.0,10.0
2024-08-13,2024-08,10.0,10.0,10.0,10.0,10.0,10.0,10.0,10.0,10.0,10.0,10.0,10.0,10.0,10.0,10.0,10.0,10.0,10.0,10.0,10.0,10.0,10.0,10.0,10.0,10.0,10.0,10.0,10.0,2.0,0.0,0.0,0.0,0.0,2.0,4.0,6.0,6.0,8.0,10.0,10.0,10.0,10.0,10.0,10.0,8.0,8.0,6.0,6.0,8.0,6.0,6.0,6.0,6.0,6.0,6.0,4.0,4.0,6.0,8.0,10.0,10.0,8.0,8.0,8.0,8.0,8.0,8.0,8.0,8.0,8.0,8.0,8.0,8.0,8.0,8.0,14.0,20.0,14.0,14.0,14.0,14.0,32.0,32.0,31.0,30.0,30.0,30.0,28.0,24.0,24.0,24.0,22.0,22.0,20.0,16.0,12.0
2024-08-15,2024-08,16.0,16.0,16.0,16.0,14.0,14.0,14.0,14.0,14.0,12.0,12.0,12.0,14.0,14.0,12.0,12.0,10.0,10.0,10.0,10.0,10.0,10.0,10.0,10.0,10.0,10.0,10.0,8.0,0.0,0.0,0.0,0.0,0.0,8.0,16.0,17.0,18.0,20.0,18.0,16.0,12.0,10.0,8.0,8.0,6.0,8.0,18.0,20.0,16.0,14.0,18.0,20.0,18.0,14.0,16.0,18.0,18.0,16.0,14.0,8.0,8.0,8.0,8.0,12.0,8.0,8.0,8.0,8.0,8.0,4.0,4.0,4.0,4.0,2.0,4.0,6.0,14.0,14.0,16.0,16.0,16.0,16.0,16.0,16.0,16.0,16.0,16.0,16.0,16.0,16.0,18.0,20.0,20.0,18.0,16.0,14.0
2024-08-16,2024-08,12.0,12.0,10.0,10.0,10.0,10.0,10.0,10.0,10.0,10.0,10.0,10.0,10.0,10.0,10.0,10.0,10.0,10.0,10.0,10.0,10.0,10.0,10.0,10.0,10.0,10.0,10.0,8.0,0.0,0.0,0.0,0.0,0.0,0.0,2.0,14.0,14.0,16.0,18.0,18.0,18.0,18.0,18.0,18.0,18.0,24.0,24.0,22.0,24.0,24.0,22.0,20.0,18.0,16.0,16.0,16.0,16.0,14.0,14.0,8.0,6.0,6.0,6.0,4.0,6.0,4.0,4.0,4.0,4.0,4.0,4.0,4.0,14.0,18.0,20.0,28.0,29.0,30.0,30.0,24.0,18.0,16.0,14.0,12.0,14.0,14.0,18.0,20.0,20.0,20.0,20.0,20.0,20.0,20.0,20.0,18.0
2024-08-17,2024-08,18.0,20.0,18.0,18.0,18.0,16.0,14.0,14.0,12.0,14.0,12.0,10.0,10.0,10.0,10.0,10.0,10.0,10.0,10.0,10.0,10.0,10.0,10.0,10.0,10.0,10.0,10.0,4.0,0.0,0.0,0.0,0.0,0.0,0.0,0.0,2.0,2.0,2.0,2.0,2.0,2.0,2.0,2.0,2.0,2.0,2.0,2.0,2.0,2.0,14.0,16.0,16.0,18.0,18.0,18.0,18.0,18.0,18.0,18.0,18.0,22.0,22.0,18.0,20.0,16.0,10.0,10.0,12.0,12.0,10.0,10.0,8.0,10.0,10.0,10.0,10.0,20.0,18.0,16.0,16.0,16.0,16.0,16.0,14.0,12.0,14.0,12.0,16.0,14.0,14.0,14.0,14.0,14.0,14.0,14.0,14.0
2024-08-18,2024-08,14.0,14.0,14.0,14.0,14.0,12.0,12.0,12.0,12.0,12.0,12.0,12.0,10.0,10.0,10.0,10.0,10.0,10.0,10.0,10.0,10.0,10.0,10.0,10.0,10.0,10.0,10.0,10.0,0.0,0.0,0.0,4.0,4.0,2.0,0.0,0.0,0.0,0.0,0.0,0.0,0.0,0.0,0.0,4.0,4.0,4.0,4.0,4.0,4.0,4.0,4.0,4.0,4.0,4.0,4.0,4.0,4.0,2.0,4.0,2.0,2.0,2.0,0.0,0.0,0.0,8.0,8.0,8.0,10.0,10.0,12.0,10.0,4.0,4.0,4.0,0.0,8.0,12.0,12.0,12.0,12.0,12.0,12.0,12.0,12.0,12.0,14.0,20.0,22.0,22.0,24.0,22.0,24.0,24.0,24.0,22.0
2024-08-19,2024-08,20.0,20.0,18.0,18.0,18.0,18.0,18.0,18.0,16.0,16.0,16.0,16.0,16.0,16.0,14.0,14.0,14.0,14.0,14.0,14.0,16.0,14.0,14.0,14.0,14.0,14.0,14.0,8.0,2.0,4.0,4.0,4.0,4.0,4.0,2.0,2.0,2.0,4.0,4.0,8.0,16.0,16.0,16.0,16.0,12.0,8.0,12.0,8.0,10.0,12.0,12.0,12.0,16.0,16.0,16.0,16.0,14.0,10.0,8.0,6.0,6.0,6.0,0.0,0.0,0.0,0.0,0.0,0.0,0.0,0.0,0.0,0.0,0.0,0.0,0.0,0.0,0.0,0.0,0.0,0.0,0.0,0.0,0.0,0.0,0.0,0.0,0.0,0.0,0.0,0.0,0.0,0.0,0.0,0.0,0.0,0.0
2024-08-20,2024-08,0.0,0.0,0.0,0.0,0.0,0.0,0.0,0.0,0.0,0.0,0.0,0.0,0.0,0.0,0.0,0.0,0.0,0.0,0.0,0.0,0.0,0.0,0.0,0.0,0.0,0.0,0.0,0.0,0.0,6.0,14.0,6.0,8.0,10.0,10.0,10.0,10.0,10.0,10.0,8.0,8.0,2.0,0.0,0.0,0.0,4.0,6.0,10.0,10.0,10.0,10.0,10.0,10.0,10.0,10.0,8.0,6.0,12.0,12.0,12.0,12.0,12.0,10.0,8.0,8.0,8.0,8.0,8.0,8.0,8.0,8.0,6.0,6.0,6.0,16.0,16.0,14.0,14.0,12.0,10.0,10.0,10.0,16.0,16.0,16.0,16.0,16.0,16.0,16.0,16.0,16.0,16.0,16.0,16.0,16.0,16.0
2024-08-21,2024-08,16.0,16.0,14.0,14.0,14.0,12.0,12.0,10.0,10.0,10.0,10.0,10.0,10.0,10.0,10.0,10.0,10.0,10.0,10.0,10.0,10.0,10.0,10.0,10.0,10.0,10.0,10.0,0.0,4.0,8.0,4.0,6.0,6.0,6.0,6.0,6.0,10.0,10.0,10.0,10.0,10.0,10.0,10.0,10.0,10.0,10.0,10.0,8.0,6.0,4.0,4.0,4.0,4.0,4.0,4.0,4.0,4.0,2.0,4.0,2.0,2.0,0.0,2.0,4.0,4.0,4.0,4.0,4.0,4.0,4.0,0.0,0.0,6.0,6.0,6.0,6.0,12.0,20.0,20.0,14.0,12.0,14.0,16.0,16.0,14.0,12.0,10.0,10.0,10.0,10.0,10.0,10.0,14.0,16.0,16.0,20.0
2024-08-22,2024-08,24.0,26.0,26.0,26.0,26.0,26.0,26.0,26.0,26.0,22.0,20.0,20.0,20.0,20.0,20.0,20.0,20.0,20.0,18.0,18.0,16.0,16.0,14.0,12.0,12.0,12.0,10.0,12.0,6.0,6.0,10.0,6.0,2.0,2.0,6.0,8.0,6.0,6.0,6.0,8.0,8.0,8.0,8.0,8.0,6.0,6.0,6.0,6.0,6.0,6.0,6.0,6.0,4.0,4.0,2.0,2.0,2.0,2.0,2.0,0.0,0.0,4.0,4.0,2.0,2.0,4.0,8.0,20.0,26.0,26.0,26.0,26.0,20.0,16.0,18.0,18.0,26.0,26.0,22.0,22.0,22.0,24.0,30.0,30.0,28.0,26.0,22.0,20.0,22.0,22.0,18.0,20.0,28.0,32.0,32.0,32.0
2024-08-23,2024-08,32.0,32.0,30.0,28.0,26.0,24.0,24.0,18.0,16.0,16.0,14.0,14.0,14.0,14.0,14.0,14.0,14.0,14.0,12.0,14.0,14.0,14.0,14.0,14.0,14.0,14.0,12.0,12.0,12.0,12.0,10.0,0.0,2.0,0.0,0.0,0.0,0.0,0.0,0.0,2.0,8.0,8.0,8.0,8.0,6.0,10.0,10.0,8.0,8.0,8.0,6.0,6.0,4.0,4.0,4.0,4.0,2.0,0.0,0.0,0.0,0.0,0.0,20.0,26.0,24.0,26.0,26.0,22.0,20.0,18.0,12.0,12.0,14.0,4.0,4.0,14.0,16.0,14.0,12.0,12.0,12.0,10.0,10.0,10.0,12.0,12.0,12.0,14.0,18.0,18.0,18.0,18.0,18.0,18.0,18.0,18.0
2024-08-24,2024-08,12.0,14.0,12.0,12.0,12.0,12.0,12.0,12.0,12.0,12.0,12.0,10.0,10.0,10.0,10.0,10.0,10.0,10.0,10.0,10.0,10.0,10.0,10.0,10.0,10.0,10.0,12.0,14.0,12.0,10.0,0.0,0.0,2.0,2.0,2.0,2.0,4.0,4.0,4.0,4.0,4.0,4.0,4.0,4.0,4.0,4.0,4.0,4.0,4.0,4.0,4.0,4.0,4.0,2.0,2.0,2.0,0.0,0.0,0.0,0.0,0.0,0.0,0.0,0.0,0.0,0.0,0.0,0.0,0.0,2.0,2.0,2.0,2.0,6.0,8.0,8.0,18.0,16.0,12.0,12.0,20.0,20.0,18.0,18.0,16.0,16.0,16.0,16.0,18.0,16.0,16.0,16.0,18.0,18.0,18.0,18.0
2024-08-25,2024-08,18.0,18.0,18.0,18.0,18.0,18.0,16.0,16.0,16.0,16.0,16.0,16.0,16.0,16.0,16.0,16.0,16.0,16.0,14.0,14.0,14.0,14.0,12.0,14.0,14.0,12.0,12.0,14.0,14.0,8.0,22.0,20.0,16.0,32.0,26.0,18.0,18.0,18.0,18.0,18.0,16.0,16.0,16.0,14.0,14.0,14.0,14.0,12.0,8.0,6.0,6.0,4.0,4.0,2.0,8.0,18.0,4.0,4.0,6.0,8.0,8.0,10.0,12.0,22.0,24.0,22.0,22.0,18.0,14.0,14.0,14.0,14.0,12.0,12.0,12.0,14.0,20.0,18.0,16.0,16.0,14.0,14.0,18.0,24.0,24.0,24.0,28.0,28.0,26.0,28.0,30.0,30.0,24.0,24.0,24.0,24.0
2024-08-28,2024-08,26.0,24.0,24.0,18.0,16.0,16.0,16.0,16.0,16.0,16.0,16.0,16.0,14.0,14.0,14.0,12.0,12.0,12.0,12.0,14.0,12.0,12.0,22.0,24.0,24.0,24.0,24.0,24.0,10.0,4.0,4.0,4.0,4.0,4.0,4.0,2.0,2.0,4.0,2.0,2.0,0.0,0.0,0.0,0.0,0.0,0.0,0.0,0.0,0.0,0.0,0.0,0.0,0.0,4.0,8.0,10.0,12.0,16.0,16.0,8.0,8.0,10.0,6.0,6.0,6.0,6.0,6.0,6.0,6.0,8.0,4.0,4.0,2.0,4.0,6.0,10.0,20.0,20.0,20.0,20.0,20.0,16.0,12.0,14.0,16.0,18.0,18.0,18.0,24.0,26.0,32.0,34.0,28.0,22.0,34.0,36.0
2024-08-29,2024-08,34.0,34.0,34.0,34.0,30.0,26.0,24.0,24.0,24.0,22.0,22.0,22.0,22.0,20.0,20.0,18.0,16.0,16.0,16.0,16.0,16.0,16.0,16.0,16.0,16.0,16.0,16.0,14.0,12.0,12.0,0.0,0.0,0.0,0.0,0.0,0.0,0.0,6.0,4.0,4.0,4.0,4.0,4.0,4.0,4.0,4.0,2.0,2.0,2.0,2.0,2.0,2.0,0.0,0.0,0.0,0.0,0.0,0.0,0.0,4.0,4.0,4.0,4.0,4.0,4.0,4.0,6.0,6.0,6.0,6.0,6.0,6.0,6.0,6.0,14.0,14.0,20.0,20.0,22.0,22.0,20.0,20.0,20.0,18.0,14.0,14.0,14.0,14.0,16.0,16.0,16.0,16.0,16.0,16.0,18.0,0.0
2024-08-30,2024-08,0.0,0.0,0.0,0.0,0.0,0.0,0.0,0.0,0.0,0.0,0.0,0.0,0.0,0.0,0.0,0.0,0.0,0.0,0.0,0.0,0.0,0.0,0.0,0.0,0.0,0.0,0.0,0.0,0.0,0.0,0.0,0.0,0.0,0.0,8.0,8.0,10.0,10.0,10.0,10.0,10.0,10.0,8.0,8.0,8.0,8.0,6.0,6.0,6.0,4.0,4.0,4.0,4.0,4.0,4.0,4.0,4.0,2.0,2.0,2.0,2.0,4.0,4.0,4.0,6.0,6.0,8.0,8.0,10.0,10.0,10.0,10.0,8.0,8.0,8.0,8.0,20.0,20.0,18.0,16.0,14.0,16.0,16.0,20.0,20.0,18.0,24.0,24.0,24.0,24.0,24.0,22.0,16.0,16.0,16.0,16.0
2024-08-31,2024-08,16.0,14.0,14.0,12.0,10.0,10.0,10.0,10.0,10.0,10.0,10.0,10.0,10.0,10.0,12.0,12.0,10.0,10.0,10.0,10.0,10.0,10.0,10.0,10.0,10.0,10.0,10.0,10.0,4.0,0.0,0.0,2.0,2.0,2.0,6.0,16.0,18.0,28.0,32.0,32.0,34.0,30.0,28.0,22.0,20.0,24.0,20.0,12.0,12.0,10.0,10.0,10.0,10.0,10.0,14.0,18.0,20.0,20.0,20.0,20.0,20.0,18.0,16.0,20.0,20.0,22.0,20.0,18.0,18.0,12.0,10.0,10.0,10.0,16.0,16.0,16.0,26.0,24.0,22.0,18.0,18.0,20.0,22.0,22.0,22.0,22.0,20.0,20.0,20.0,22.0,20.0,20.0,20.0,20.0,18.0,16.0
2024-09-01,2024-09,16.0,18.0,16.0,16.0,16.0,16.0,18.0,16.0,16.0,16.0,16.0,16.0,14.0,14.0,12.0,24.0,26.0,24.0,22.0,22.0,18.0,16.0,16.0,16.0,16.0,16.0,16.0,14.0,14.0,20.0,20.0,14.0,10.0,6.0,4.0,8.0,8.0,8.0,8.0,12.0,12.0,12.0,12.0,12.0,12.0,12.0,12.0,12.0,12.0,12.0,12.0,12.0,10.0,10.0,10.0,10.0,10.0,12.0,16.0,16.0,24.0,28.0,22.0,20.0,20.0,20.0,20.0,16.0,18.0,18.0,18.0,18.0,20.0,20.0,14.0,8.0,16.0,22.0,18.0,16.0,14.0,12.0,14.0,16.0,16.0,14.0,16.0,18.0,18.0,18.0,16.0,16.0,16.0,16.0,16.0,16.0
2024-09-02,2024-09,16.0,16.0,16.0,16.0,16.0,16.0,16.0,14.0,14.0,14.0,14.0,14.0,14.0,14.0,14.0,14.0,14.0,12.0,12.0,12.0,10.0,10.0,10.0,10.0,10.0,10.0,10.0,4.0,0.0,2.0,0.0,2.0,2.0,2.0,2.0,2.0,4.0,6.0,8.0,8.0,8.0,8.0,8.0,8.0,8.0,8.0,8.0,8.0,8.0,8.0,8.0,6.0,4.0,4.0,2.0,2.0,2.0,2.0,12.0,12.0,12.0,12.0,12.0,10.0,10.0,6.0,6.0,6.0,6.0,8.0,14.0,14.0,10.0,16.0,16.0,12.0,16.0,22.0,22.0,20.0,12.0,12.0,12.0,12.0,12.0,14.0,12.0,10.0,10.0,14.0,16.0,24.0,32.0,32.0,32.0,36.0
2024-09-03,2024-09,32.0,30.0,30.0,30.0,22.0,20.0,20.0,20.0,20.0,20.0,20.0,22.0,20.0,20.0,18.0,18.0,16.0,16.0,16.0,16.0,16.0,16.0,16.0,14.0,14.0,14.0,14.0,16.0,8.0,6.0,6.0,6.0,4.0,0.0,0.0,0.0,0.0,10.0,4.0,4.0,4.0,4.0,4.0,4.0,4.0,6.0,4.0,4.0,4.0,4.0,4.0,4.0,4.0,14.0,14.0,14.0,14.0,14.0,14.0,12.0,10.0,10.0,10.0,8.0,8.0,10.0,12.0,10.0,12.0,12.0,10.0,10.0,8.0,8.0,8.0,16.0,20.0,24.0,20.0,16.0,14.0,14.0,14.0,14.0,14.0,14.0,12.0,14.0,14.0,14.0,14.0,18.0,18.0,18.0,18.0,22.0
2024-09-04,2024-09,26.0,26.0,24.0,16.0,14.0,12.0,12.0,12.0,10.0,12.0,10.0,10.0,10.0,10.0,12.0,12.0,10.0,10.0,12.0,10.0,10.0,10.0,12.0,10.0,10.0,10.0,10.0,10.0,0.0,0.0,0.0,0.0,0.0,4.0,0.0,10.0,10.0,10.0,10.0,10.0,12.0,12.0,10.0,10.0,8.0,8.0,8.0,8.0,8.0,8.0,6.0,6.0,2.0,2.0,0.0,0.0,0.0,0.0,0.0,0.0,0.0,0.0,0.0,0.0,0.0,0.0,0.0,0.0,0.0,0.0,0.0,0.0,0.0,0.0,2.0,8.0,10.0,10.0,10.0,14.0,16.0,16.0,16.0,16.0,16.0,16.0,16.0,16.0,18.0,18.0,18.0,18.0,18.0,18.0,18.0,18.0
2024-09-05,2024-09,16.0,14.0,14.0,12.0,12.0,12.0,12.0,12.0,12.0,10.0,10.0,10.0,10.0,10.0,10.0,10.0,10.0,10.0,10.0,10.0,10.0,10.0,10.0,10.0,10.0,10.0,6.0,2.0,0.0,0.0,0.0,2.0,2.0,0.0,0.0,0.0,0.0,2.0,8.0,12.0,12.0,12.0,12.0,18.0,14.0,12.0,12.0,12.0,12.0,14.0,14.0,14.0,12.0,12.0,10.0,8.0,6.0,4.0,4.0,4.0,4.0,4.0,4.0,4.0,4.0,4.0,4.0,4.0,2.0,4.0,4.0,4.0,4.0,4.0,4.0,12.0,16.0,14.0,16.0,18.0,18.0,18.0,18.0,16.0,16.0,15.0,14.0,16.0,18.0,20.0,20.0,20.0,18.0,18.0,14.0,12.0
2024-09-06,2024-09,12.0,12.0,12.0,12.0,12.0,14.0,12.0,12.0,12.0,10.0,10.0,10.0,10.0,10.0,10.0,10.0,10.0,10.0,10.0,10.0,10.0,10.0,10.0,10.0,10.0,10.0,10.0,0.0,0.0,0.0,0.0,0.0,0.0,0.0,0.0,0.0,2.0,6.0,6.0,6.0,6.0,6.0,12.0,10.0,10.0,10.0,12.0,12.0,8.0,6.0,6.0,6.0,6.0,4.0,8.0,10.0,8.0,8.0,8.0,6.0,6.0,6.0,6.0,4.0,4.0,4.0,4.0,2.0,2.0,2.0,2.0,4.0,4.0,4.0,4.0,6.0,18.0,18.0,20.0,20.0,16.0,14.0,14.0,14.0,18.0,18.0,18.0,18.0,18.0,16.0,16.0,16.0,16.0,16.0,16.0,16.0
2024-09-07,2024-09,16.0,16.0,16.0,16.0,16.0,16.0,14.0,14.0,12.0,12.0,12.0,12.0,12.0,12.0,12.0,12.0,12.0,12.0,10.0,10.0,10.0,12.0,10.0,10.0,10.0,10.0,10.0,8.0,4.0,4.0,4.0,4.0,2.0,0.0,0.0,0.0,0.0,0.0,0.0,0.0,0.0,0.0,0.0,0.0,0.0,0.0,0.0,0.0,0.0,0.0,2.0,2.0,2.0,2.0,6.0,6.0,8.0,4.0,4.0,4.0,4.0,4.0,4.0,2.0,0.0,0.0,4.0,4.0,4.0,0.0,0.0,0.0,0.0,0.0,0.0,8.0,18.0,18.0,16.0,16.0,16.0,16.0,16.0,16.0,16.0,16.0,12.0,12.0,12.0,12.0,12.0,12.0,12.0,12.0,12.0,12.0
2024-09-08,2024-09,12.0,12.0,12.0,12.0,12.0,12.0,12.0,10.0,10.0,10.0,10.0,10.0,10.0,10.0,10.0,10.0,10.0,10.0,10.0,10.0,10.0,10.0,10.0,10.0,10.0,10.0,10.0,2.0,0.0,0.0,0.0,0.0,0.0,0.0,0.0,0.0,0.0,0.0,2.0,2.0,2.0,2.0,4.0,2.0,0.0,0.0,0.0,0.0,8.0,10.0,10.0,12.0,18.0,16.0,14.0,14.0,18.0,0.0,0.0,0.0,0.0,0.0,0.0,0.0,0.0,0.0,0.0,0.0,0.0,0.0,0.0,0.0,0.0,0.0,0.0,0.0,0.0,0.0,0.0,0.0,0.0,0.0,0.0,0.0,0.0,0.0,0.0,0.0,0.0,0.0,0.0,0.0,0.0,0.0,0.0,0.0
2024-09-09,2024-09,0.0,0.0,0.0,0.0,0.0,0.0,0.0,0.0,0.0,0.0,0.0,0.0,0.0,0.0,0.0,0.0,0.0,0.0,0.0,0.0,0.0,0.0,0.0,0.0,0.0,0.0,0.0,0.0,0.0,0.0,0.0,0.0,0.0,0.0,0.0,0.0,0.0,0.0,0.0,0.0,0.0,0.0,0.0,0.0,0.0,0.0,0.0,0.0,2.0,20.0,36.0,32.0,32.0,32.0,34.0,28.0,30.0,24.0,22.0,20.0,24.0,22.0,22.0,24.0,24.0,24.0,24.0,24.0,24.0,22.0,18.0,14.0,20.0,16.0,14.0,22.0,18.0,18.0,14.0,14.0,14.0,16.0,14.0,14.0,14.0,14.0,14.0,14.0,14.0,14.0,14.0,14.0,16.0,16.0,18.0,26.0
2024-09-10,2024-09,28.0,28.0,28.0,26.0,26.0,24.0,24.0,22.0,20.0,20.0,20.0,20.0,18.0,18.0,16.0,14.0,14.0,14.0,14.0,12.0,12.0,14.0,12.0,14.0,14.0,14.0,14.0,12.0,10.0,0.0,0.0,2.0,10.0,10.0,12.0,10.0,8.0,6.0,6.0,6.0,4.0,0.0,0.0,0.0,0.0,0.0,0.0,0.0,0.0,0.0,0.0,0.0,0.0,0.0,0.0,0.0,0.0,0.0,4.0,4.0,4.0,2.0,0.0,0.0,0.0,0.0,0.0,0.0,0.0,0.0,0.0,0.0,0.0,2.0,6.0,10.0,10.0,10.0,10.0,10.0,10.0,10.0,10.0,10.0,10.0,16.0,18.0,18.0,18.0,12.0,12.0,12.0,12.0,12.0,12.0,12.0
2024-09-11,2024-09,12.0,12.0,12.0,12.0,12.0,10.0,10.0,10.0,10.0,10.0,10.0,10.0,10.0,10.0,10.0,10.0,10.0,10.0,10.0,10.0,10.0,10.0,10.0,10.0,10.0,10.0,10.0,4.0,2.0,0.0,0.0,0.0,0.0,0.0,0.0,0.0,0.0,2.0,2.0,2.0,2.0,4.0,6.0,6.0,6.0,6.0,8.0,10.0,10.0,10.0,18.0,20.0,20.0,20.0,20.0,20.0,20.0,20.0,18.0,18.0,18.0,18.0,18.0,16.0,14.0,14.0,14.0,12.0,10.0,12.0,16.0,14.0,14.0,12.0,12.0,12.0,10.0,10.0,10.0,10.0,10.0,10.0,10.0,10.0,10.0,12.0,10.0,12.0,12.0,22.0,24.0,20.0,16.0,16.0,14.0,14.0
2024-09-12,2024-09,14.0,12.0,10.0,10.0,10.0,10.0,10.0,10.0,10.0,10.0,10.0,10.0,10.0,10.0,10.0,10.0,10.0,10.0,10.0,10.0,10.0,10.0,10.0,10.0,10.0,10.0,8.0,6.0,0.0,0.0,0.0,0.0,0.0,0.0,0.0,0.0,0.0,0.0,2.0,4.0,2.0,4.0,4.0,4.0,10.0,16.0,14.0,14.0,14.0,14.0,14.0,10.0,10.0,10.0,10.0,12.0,10.0,10.0,10.0,10.0,10.0,10.0,8.0,8.0,6.0,4.0,0.0,0.0,0.0,2.0,0.0,0.0,0.0,0.0,0.0,8.0,10.0,10.0,10.0,16.0,14.0,14.0,16.0,16.0,16.0,16.0,16.0,14.0,12.0,12.0,12.0,16.0,24.0,26.0,26.0,26.0
2024-09-13,2024-09,26.0,26.0,24.0,20.0,18.0,18.0,18.0,18.0,16.0,16.0,16.0,16.0,16.0,14.0,14.0,14.0,12.0,12.0,12.0,12.0,12.0,12.0,12.0,12.0,12.0,10.0,10.0,10.0,6.0,0.0,0.0,4.0,6.0,6.0,6.0,6.0,6.0,6.0,6.0,6.0,6.0,6.0,6.0,6.0,6.0,6.0,6.0,4.0,4.0,2.0,2.0,0.0,0.0,0.0,0.0,0.0,0.0,0.0,0.0,0.0,0.0,0.0,0.0,0.0,0.0,0.0,0.0,0.0,0.0,0.0,0.0,0.0,0.0,0.0,0.0,8.0,14.0,14.0,18.0,18.0,18.0,16.0,16.0,18.0,18.0,16.0,16.0,16.0,12.0,10.0,10.0,10.0,10.0,10.0,10.0,10.0
2024-09-14,2024-09,10.0,10.0,10.0,10.0,10.0,10.0,10.0,10.0,10.0,10.0,10.0,10.0,10.0,10.0,10.0,10.0,10.0,10.0,10.0,10.0,10.0,10.0,10.0,10.0,12.0,12.0,12.0,8.0,10.0,12.0,0.0,6.0,8.0,8.0,8.0,8.0,8.0,8.0,8.0,8.0,8.0,8.0,10.0,10.0,10.0,10.0,10.0,10.0,10.0,10.0,10.0,10.0,10.0,10.0,10.0,10.0,8.0,8.0,6.0,6.0,6.0,6.0,6.0,4.0,4.0,6.0,10.0,12.0,10.0,8.0,4.0,6.0,8.0,14.0,16.0,12.0,20.0,18.0,20.0,20.0,20.0,20.0,20.0,20.0,20.0,18.0,20.0,18.0,18.0,18.0,18.0,18.0,18.0,20.0,24.0,22.0
2024-09-15,2024-09,22.0,20.0,20.0,20.0,20.0,20.0,20.0,20.0,20.0,20.0,20.0,18.0,18.0,16.0,14.0,14.0,14.0,14.0,14.0,14.0,14.0,14.0,14.0,14.0,12.0,10.0,0.0,0.0,0.0,0.0,2.0,2.0,2.0,0.0,2.0,2.0,2.0,0.0,0.0,0.0,0.0,0.0,0.0,0.0,0.0,0.0,0.0,0.0,0.0,0.0,0.0,0.0,2.0,4.0,4.0,4.0,4.0,2.0,2.0,2.0,2.0,2.0,0.0,0.0,4.0,4.0,4.0,2.0,0.0,0.0,0.0,0.0,0.0,0.0,0.0,4.0,12.0,10.0,10.0,10.0,10.0,10.0,10.0,10.0,10.0,10.0,10.0,22.0,16.0,16.0,16.0,16.0,14.0,14.0,14.0,14.0
2024-09-16,2024-09,14.0,14.0,12.0,12.0,10.0,10.0,12.0,12.0,12.0,10.0,10.0,10.0,10.0,10.0,10.0,10.0,10.0,10.0,10.0,10.0,10.0,10.0,10.0,10.0,10.0,10.0,2.0,10.0,2.0,0.0,0.0,0.0,2.0,2.0,2.0,2.0,2.0,2.0,2.0,2.0,2.0,2.0,2.0,0.0,0.0,0.0,0.0,0.0,0.0,4.0,4.0,4.0,4.0,6.0,6.0,6.0,6.0,6.0,6.0,6.0,6.0,6.0,4.0,4.0,4.0,4.0,0.0,0.0,0.0,0.0,0.0,0.0,0.0,0.0,0.0,2.0,12.0,12.0,10.0,10.0,10.0,12.0,12.0,12.0,12.0,12.0,12.0,12.0,12.0,12.0,12.0,12.0,12.0,12.0,12.0,12.0
2024-09-17,2024-09,26.0,26.0,26.0,22.0,16.0,16.0,16.0,16.0,16.0,12.0,12.0,12.0,12.0,12.0,10.0,10.0,10.0,10.0,10.0,10.0,10.0,10.0,10.0,10.0,10.0,10.0,10.0,8.0,0.0,0.0,2.0,2.0,2.0,2.0,2.0,2.0,2.0,2.0,2.0,2.0,2.0,2.0,2.0,2.0,2.0,2.0,2.0,2.0,2.0,2.0,2.0,2.0,0.0,0.0,0.0,0.0,0.0,4.0,4.0,4.0,4.0,4.0,2.0,0.0,0.0,0.0,0.0,0.0,0.0,0.0,0.0,0.0,0.0,0.0,2.0,8.0,10.0,14.0,14.0,14.0,14.0,14.0,10.0,10.0,10.0,10.0,10.0,10.0,12.0,16.0,18.0,18.0,18.0,6.0,6.0,4.0
2024-09-18,2024-09,2.0,2.0,2.0,2.0,2.0,2.0,2.0,2.0,2.0,2.0,2.0,2.0,2.0,2.0,2.0,2.0,2.0,2.0,2.0,2.0,2.0,2.0,2.0,2.0,14.0,12.0,12.0,6.0,2.0,2.0,2.0,0.0,0.0,0.0,0.0,0.0,0.0,0.0,0.0,0.0,0.0,0.0,0.0,0.0,0.0,0.0,0.0,2.0,2.0,2.0,2.0,2.0,2.0,4.0,4.0,4.0,4.0,6.0,8.0,8.0,8.0,8.0,8.0,8.0,8.0,8.0,8.0,8.0,10.0,8.0,8.0,4.0,4.0,4.0,4.0,16.0,16.0,14.0,14.0,14.0,14.0,14.0,14.0,14.0,14.0,14.0,14.0,14.0,14.0,14.0,14.0,8.0,6.0,6.0,6.0,4.0
2024-09-19,2024-09,2.0,2.0,4.0,2.0,2.0,2.0,2.0,2.0,2.0,2.0,2.0,2.0,2.0,2.0,2.0,2.0,2.0,2.0,2.0,2.0,2.0,2.0,12.0,14.0,14.0,18.0,18.0,18.0,16.0,6.0,4.0,4.0,2.0,2.0,0.0,0.0,0.0,0.0,12.0,16.0,16.0,14.0,14.0,14.0,14.0,14.0,14.0,14.0,14.0,16.0,20.0,16.0,16.0,14.0,12.0,12.0,12.0,12.0,12.0,12.0,14.0,14.0,14.0,14.0,12.0,8.0,8.0,6.0,6.0,6.0,4.0,2.0,2.0,2.0,6.0,12.0,10.0,12.0,14.0,14.0,14.0,14.0,12.0,12.0,14.0,10.0,10.0,16.0,16.0,14.0,12.0,14.0,14.0,14.0,14.0,12.0
2024-09-20,2024-09,14.0,14.0,14.0,14.0,14.0,14.0,14.0,14.0,14.0,14.0,14.0,14.0,14.0,14.0,14.0,14.0,14.0,14.0,14.0,14.0,14.0,14.0,14.0,14.0,14.0,12.0,10.0,2.0,2.0,2.0,2.0,0.0,0.0,0.0,0.0,0.0,0.0,4.0,10.0,10.0,8.0,10.0,10.0,10.0,12.0,16.0,16.0,12.0,12.0,10.0,10.0,10.0,8.0,12.0,12.0,12.0,12.0,10.0,10.0,10.0,10.0,16.0,18.0,18.0,18.0,18.0,18.0,14.0,12.0,12.0,10.0,8.0,4.0,4.0,4.0,16.0,14.0,12.0,10.0,10.0,10.0,10.0,10.0,10.0,10.0,14.0,18.0,18.0,18.0,18.0,18.0,18.0,20.0,20.0,20.0,20.0
2024-09-21,2024-09,20.0,20.0,20.0,20.0,20.0,18.0,18.0,16.0,18.0,16.0,14.0,14.0,12.0,12.0,10.0,10.0,10.0,10.0,10.0,10.0,10.0,10.0,10.0,10.0,10.0,10.0,0.0,0.0,0.0,0.0,0.0,0.0,0.0,0.0,0.0,0.0,0.0,0.0,0.0,0.0,0.0,0.0,0.0,0.0,0.0,0.0,0.0,0.0,0.0,0.0,0.0,0.0,0.0,0.0,0.0,0.0,0.0,0.0,0.0,0.0,0.0,0.0,0.0,0.0,0.0,0.0,0.0,0.0,0.0,0.0,0.0,0.0,0.0,0.0,0.0,4.0,10.0,10.0,10.0,14.0,14.0,14.0,14.0,14.0,16.0,20.0,20.0,20.0,22.0,22.0,20.0,20.0,20.0,20.0,20.0,20.0
2024-09-22,2024-09,20.0,20.0,20.0,20.0,20.0,18.0,16.0,14.0,14.0,14.0,14.0,14.0,14.0,14.0,14.0,14.0,14.0,14.0,12.0,12.0,12.0,12.0,12.0,10.0,10.0,10.0,12.0,12.0,4.0,2.0,2.0,2.0,2.0,2.0,2.0,2.0,2.0,2.0,2.0,4.0,4.0,4.0,4.0,4.0,4.0,8.0,14.0,18.0,24.0,24.0,24.0,20.0,20.0,20.0,14.0,14.0,14.0,12.0,10.0,10.0,14.0,14.0,14.0,14.0,10.0,10.0,12.0,12.0,12.0,12.0,12.0,12.0,12.0,10.0,10.0,18.0,22.0,20.0,16.0,12.0,12.0,10.0,10.0,10.0,12.0,14.0,14.0,14.0,14.0,18.0,24.0,24.0,24.0,24.0,24.0,20.0
2024-09-23,2024-09,18.0,16.0,14.0,14.0,14.0,14.0,14.0,14.0,14.0,14.0,12.0,14.0,12.0,12.0,12.0,12.0,12.0,12.0,12.0,12.0,12.0,12.0,12.0,12.0,12.0,4.0,4.0,0.0,0.0,0.0,0.0,0.0,0.0,0.0,0.0,0.0,0.0,0.0,0.0,0.0,0.0,0.0,0.0,0.0,0.0,0.0,0.0,0.0,0.0,0.0,2.0,2.0,8.0,8.0,8.0,8.0,8.0,18.0,22.0,22.0,22.0,24.0,24.0,24.0,18.0,10.0,8.0,8.0,6.0,4.0,4.0,2.0,2.0,2.0,2.0,8.0,16.0,16.0,16.0,16.0,16.0,16.0,16.0,16.0,16.0,18.0,16.0,16.0,14.0,14.0,14.0,14.0,14.0,14.0,14.0,14.0
2024-09-24,2024-09,14.0,14.0,14.0,14.0,14.0,14.0,12.0,12.0,12.0,12.0,12.0,12.0,12.0,12.0,12.0,12.0,12.0,12.0,12.0,12.0,10.0,12.0,12.0,12.0,12.0,12.0,12.0,2.0,2.0,2.0,2.0,2.0,2.0,2.0,4.0,8.0,8.0,8.0,8.0,6.0,10.0,8.0,8.0,8.0,8.0,8.0,10.0,10.0,10.0,10.0,10.0,8.0,8.0,8.0,8.0,8.0,2.0,2.0,2.0,2.0,2.0,0.0,0.0,0.0,0.0,0.0,0.0,0.0,0.0,0.0,0.0,0.0,0.0,0.0,4.0,8.0,10.0,14.0,16.0,16.0,16.0,16.0,16.0,16.0,12.0,14.0,14.0,14.0,14.0,14.0,14.0,14.0,14.0,14.0,12.0,12.0
2024-09-25,2024-09,12.0,12.0,12.0,12.0,12.0,12.0,12.0,12.0,12.0,12.0,12.0,12.0,12.0,12.0,12.0,12.0,12.0,10.0,10.0,10.0,10.0,10.0,10.0,10.0,10.0,12.0,12.0,12.0,4.0,6.0,4.0,2.0,0.0,0.0,0.0,0.0,0.0,0.0,0.0,0.0,0.0,0.0,0.0,4.0,10.0,10.0,8.0,10.0,10.0,10.0,10.0,12.0,8.0,12.0,14.0,12.0,12.0,12.0,12.0,10.0,6.0,6.0,6.0,4.0,4.0,4.0,6.0,4.0,4.0,6.0,4.0,6.0,6.0,18.0,18.0,17.0,16.0,16.0,16.0,16.0,16.0,16.0,14.0,14.0,14.0,14.0,14.0,14.0,12.0,10.0,10.0,10.0,10.0,10.0,10.0,10.0
2024-09-26,2024-09,10.0,10.0,10.0,10.0,10.0,10.0,10.0,10.0,10.0,10.0,10.0,10.0,10.0,10.0,10.0,10.0,10.0,10.0,10.0,10.0,10.0,10.0,10.0,10.0,10.0,10.0,4.0,0.0,2.0,4.0,4.0,4.0,4.0,0.0,0.0,0.0,2.0,6.0,6.0,6.0,6.0,6.0,6.0,6.0,6.0,6.0,8.0,8.0,8.0,8.0,6.0,4.0,2.0,2.0,4.0,6.0,6.0,6.0,6.0,6.0,6.0,6.0,6.0,6.0,6.0,6.0,6.0,6.0,12.0,20.0,20.0,20.0,20.0,14.0,16.0,26.0,26.0,24.0,20.0,16.0,15.0,14.0,10.0,10.0,10.0,10.0,10.0,10.0,12.0,12.0,12.0,12.0,12.0,16.0,16.0,16.0
2024-09-27,2024-09,16.0,14.0,14.0,14.0,12.0,12.0,10.0,10.0,10.0,10.0,10.0,10.0,10.0,10.0,10.0,10.0,10.0,10.0,10.0,10.0,10.0,10.0,10.0,10.0,10.0,10.0,10.0,10.0,8.0,0.0,2.0,0.0,0.0,0.0,0.0,0.0,2.0,4.0,4.0,4.0,4.0,4.0,4.0,4.0,4.0,4.0,4.0,4.0,4.0,4.0,4.0,2.0,0.0,0.0,0.0,0.0,0.0,0.0,0.0,0.0,0.0,0.0,0.0,0.0,0.0,0.0,0.0,0.0,0.0,0.0,0.0,0.0,0.0,0.0,0.0,0.0,0.0,0.0,0.0,0.0,0.0,0.0,0.0,0.0,0.0,0.0,0.0,0.0,0.0,0.0,0.0,0.0,0.0,0.0,0.0,0.0
2024-09-28,2024-09,0.0,0.0,0.0,0.0,0.0,0.0,0.0,0.0,0.0,0.0,0.0,0.0,0.0,0.0,0.0,0.0,0.0,0.0,0.0,0.0,0.0,0.0,0.0,0.0,0.0,0.0,0.0,0.0,0.0,0.0,0.0,0.0,0.0,0.0,0.0,0.0,0.0,0.0,0.0,0.0,0.0,0.0,0.0,0.0,0.0,0.0,0.0,0.0,0.0,0.0,0.0,0.0,0.0,0.0,0.0,0.0,0.0,0.0,0.0,0.0,0.0,0.0,0.0,0.0,0.0,0.0,0.0,0.0,0.0,0.0,0.0,0.0,0.0,0.0,0.0,0.0,0.0,0.0,0.0,0.0,0.0,0.0,0.0,0.0,0.0,0.0,0.0,0.0,0.0,0.0,0.0,0.0,0.0,0.0,0.0,0.0
2024-09-29,2024-09,0.0,0.0,0.0,0.0,0.0,0.0,0.0,0.0,0.0,0.0,0.0,0.0,0.0,0.0,0.0,0.0,0.0,0.0,0.0,0.0,0.0,0.0,0.0,0.0,0.0,0.0,0.0,0.0,0.0,0.0,0.0,0.0,0.0,0.0,0.0,0.0,0.0,0.0,0.0,0.0,0.0,0.0,0.0,0.0,0.0,0.0,0.0,0.0,0.0,0.0,0.0,0.0,0.0,0.0,0.0,0.0,0.0,0.0,0.0,0.0,0.0,0.0,0.0,0.0,0.0,0.0,0.0,0.0,0.0,0.0,0.0,0.0,0.0,0.0,0.0,0.0,0.0,0.0,0.0,0.0,0.0,0.0,0.0,0.0,0.0,0.0,0.0,0.0,0.0,0.0,0.0,0.0,0.0,0.0,0.0,0.0
2024-09-30,2024-09,0.0,0.0,0.0,0.0,0.0,0.0,0.0,0.0,0.0,0.0,0.0,0.0,0.0,0.0,0.0,0.0,0.0,0.0,0.0,0.0,0.0,0.0,0.0,0.0,0.0,0.0,0.0,0.0,0.0,0.0,0.0,0.0,0.0,0.0,0.0,0.0,0.0,0.0,0.0,0.0,0.0,0.0,0.0,0.0,0.0,0.0,0.0,0.0,2.0,6.0,6.0,6.0,6.0,6.0,4.0,4.0,6.0,8.0,10.0,10.0,10.0,12.0,14.0,14.0,14.0,14.0,14.0,14.0,6.0,6.0,6.0,8.0,8.0,2.0,8.0,14.0,14.0,14.0,14.0,10.0,10.0,10.0,10.0,10.0,10.0,10.0,20.0,26.0,28.0,28.0,28.0,26.0,26.0,24.0,18.0,18.0
2024-10-01,2024-10,18.0,18.0,18.0,16.0,16.0,16.0,16.0,16.0,16.0,16.0,16.0,18.0,16.0,16.0,14.0,14.0,14.0,12.0,12.0,12.0,12.0,12.0,10.0,10.0,10.0,10.0,8.0,0.0,0.0,2.0,2.0,2.0,2.0,2.0,2.0,2.0,2.0,2.0,12.0,14.0,14.0,14.0,14.0,14.0,8.0,6.0,4.0,4.0,2.0,4.0,4.0,4.0,4.0,4.0,6.0,6.0,6.0,6.0,6.0,6.0,8.0,8.0,8.0,8.0,4.0,4.0,4.0,4.0,4.0,4.0,4.0,2.0,0.0,0.0,0.0,2.0,12.0,12.0,12.0,12.0,12.0,12.0,12.0,12.0,10.0,10.0,10.0,10.0,10.0,10.0,10.0,10.0,10.0,10.0,10.0,10.0
2024-10-02,2024-10,10.0,10.0,10.0,10.0,10.0,10.0,10.0,10.0,10.0,10.0,12.0,12.0,12.0,12.0,12.0,10.0,10.0,10.0,10.0,10.0,10.0,10.0,10.0,10.0,10.0,10.0,6.0,2.0,0.0,0.0,0.0,0.0,0.0,6.0,6.0,6.0,6.0,6.0,6.0,6.0,6.0,6.0,6.0,6.0,4.0,4.0,4.0,2.0,2.0,2.0,2.0,2.0,2.0,0.0,0.0,0.0,0.0,0.0,0.0,0.0,0.0,0.0,0.0,0.0,0.0,0.0,0.0,0.0,0.0,0.0,0.0,0.0,0.0,0.0,0.0,12.0,10.0,10.0,10.0,14.0,18.0,18.0,18.0,18.0,18.0,18.0,18.0,18.0,20.0,20.0,20.0,20.0,22.0,22.0,22.0,22.0
2024-10-03,2024-10,22.0,22.0,22.0,22.0,20.0,20.0,20.0,20.0,18.0,16.0,16.0,16.0,16.0,16.0,14.0,12.0,12.0,14.0,12.0,12.0,12.0,14.0,14.0,12.0,12.0,12.0,12.0,6.0,4.0,4.0,4.0,4.0,4.0,2.0,2.0,2.0,2.0,2.0,2.0,4.0,4.0,4.0,4.0,4.0,4.0,2.0,2.0,2.0,2.0,2.0,2.0,2.0,2.0,2.0,4.0,4.0,4.0,4.0,4.0,4.0,6.0,4.0,2.0,2.0,2.0,0.0,0.0,2.0,2.0,2.0,2.0,6.0,2.0,2.0,2.0,12.0,14.0,12.0,16.0,20.0,20.0,22.0,22.0,20.0,20.0,10.0,10.0,6.0,0.0,0.0,0.0,0.0,0.0,0.0,0.0,0.0
2024-10-04,2024-10,0.0,0.0,0.0,0.0,0.0,0.0,0.0,0.0,0.0,0.0,0.0,0.0,0.0,0.0,0.0,0.0,0.0,0.0,0.0,0.0,0.0,6.0,12.0,10.0,10.0,8.0,10.0,8.0,4.0,0.0,0.0,0.0,0.0,0.0,0.0,0.0,0.0,2.0,6.0,6.0,8.0,8.0,2.0,0.0,8.0,12.0,12.0,12.0,12.0,12.0,6.0,12.0,12.0,14.0,10.0,8.0,6.0,6.0,4.0,2.0,2.0,0.0,0.0,0.0,0.0,0.0,0.0,0.0,0.0,2.0,0.0,0.0,2.0,0.0,12.0,10.0,12.0,16.0,4.0,0.0,2.0,0.0,0.0,0.0,0.0,0.0,0.0,0.0,0.0,0.0,0.0,0.0,0.0,0.0,0.0,0.0
2024-10-05,2024-10,0.0,0.0,0.0,0.0,0.0,0.0,0.0,0.0,0.0,0.0,0.0,0.0,0.0,0.0,0.0,0.0,0.0,0.0,0.0,0.0,0.0,0.0,0.0,0.0,0.0,0.0,0.0,0.0,4.0,2.0,4.0,2.0,2.0,0.0,0.0,2.0,2.0,2.0,2.0,2.0,2.0,2.0,2.0,0.0,0.0,0.0,0.0,0.0,0.0,0.0,0.0,0.0,0.0,0.0,0.0,0.0,0.0,0.0,0.0,0.0,0.0,0.0,0.0,0.0,0.0,0.0,0.0,0.0,0.0,0.0,0.0,0.0,0.0,0.0,0.0,0.0,0.0,0.0,0.0,0.0,0.0,0.0,0.0,0.0,0.0,0.0,0.0,0.0,0.0,0.0,0.0,0.0,0.0,0.0,0.0,0.0
2024-10-06,2024-10,0.0,0.0,0.0,0.0,0.0,0.0,0.0,0.0,0.0,0.0,0.0,0.0,0.0,0.0,0.0,0.0,0.0,0.0,0.0,0.0,0.0,0.0,0.0,0.0,0.0,0.0,0.0,0.0,0.0,0.0,0.0,0.0,0.0,0.0,0.0,0.0,0.0,0.0,2.0,4.0,6.0,2.0,0.0,0.0,0.0,0.0,0.0,14.0,18.0,18.0,18.0,18.0,18.0,18.0,16.0,14.0,14.0,14.0,12.0,12.0,12.0,10.0,8.0,12.0,10.0,8.0,10.0,8.0,6.0,4.0,4.0,0.0,0.0,0.0,2.0,0.0,0.0,8.0,14.0,12.0,12.0,12.0,12.0,12.0,12.0,12.0,12.0,12.0,12.0,12.0,12.0,12.0,12.0,12.0,12.0,14.0
2024-10-07,2024-10,12.0,12.0,12.0,10.0,10.0,10.0,10.0,10.0,10.0,10.0,10.0,10.0,10.0,10.0,10.0,10.0,10.0,10.0,10.0,10.0,10.0,10.0,10.0,10.0,10.0,10.0,8.0,4.0,0.0,0.0,0.0,0.0,0.0,0.0,0.0,0.0,0.0,0.0,0.0,0.0,0.0,0.0,0.0,0.0,0.0,0.0,0.0,0.0,0.0,0.0,0.0,0.0,0.0,10.0,10.0,12.0,12.0,12.0,12.0,14.0,12.0,10.0,8.0,10.0,10.0,10.0,8.0,8.0,6.0,2.0,0.0,0.0,0.0,0.0,12.0,10.0,10.0,10.0,10.0,10.0,10.0,10.0,10.0,10.0,10.0,16.0,20.0,28.0,28.0,24.0,18.0,18.0,12.0,8.0,6.0,4.0
2024-10-08,2024-10,4.0,4.0,4.0,4.0,4.0,4.0,2.0,2.0,2.0,2.0,2.0,2.0,2.0,2.0,2.0,2.0,2.0,2.0,2.0,0.0,0.0,0.0,0.0,0.0,0.0,0.0,0.0,6.0,6.0,4.0,4.0,2.0,2.0,2.0,2.0,2.0,2.0,2.0,2.0,2.0,2.0,2.0,2.0,0.0,8.0,12.0,14.0,14.0,14.0,14.0,10.0,9.0,8.0,4.0,2.0,2.0,2.0,3.0,4.0,6.0,12.0,18.0,18.0,14.0,6.0,18.0,14.0,4.0,4.0,2.0,2.0,0.0,2.0,0.0,0.0,10.0,12.0,12.0,10.0,0.0,0.0,0.0,0.0,0.0,0.0,0.0,0.0,0.0,0.0,0.0,0.0,0.0,0.0,0.0,0.0,0.0
2024-10-09,2024-10,0.0,0.0,0.0,0.0,0.0,0.0,0.0,0.0,0.0,0.0,0.0,0.0,0.0,0.0,0.0,0.0,0.0,0.0,0.0,0.0,0.0,0.0,0.0,0.0,0.0,0.0,0.0,0.0,0.0,0.0,0.0,0.0,0.0,0.0,0.0,0.0,0.0,0.0,0.0,0.0,0.0,0.0,0.0,0.0,0.0,4.0,14.0,20.0,26.0,26.0,24.0,22.0,20.0,20.0,20.0,18.0,16.0,14.0,14.0,12.0,12.0,14.0,14.0,12.0,10.0,8.0,6.0,6.0,6.0,6.0,4.0,4.0,4.0,4.0,18.0,16.0,14.0,14.0,14.0,12.0,10.0,10.0,10.0,10.0,10.0,10.0,10.0,10.0,10.0,12.0,14.0,14.0,14.0,14.0,14.0,14.0
2024-10-10,2024-10,14.0,14.0,14.0,14.0,14.0,14.0,14.0,14.0,14.0,12.0,12.0,12.0,12.0,12.0,12.0,12.0,12.0,12.0,12.0,12.0,12.0,12.0,12.0,12.0,12.0,12.0,4.0,0.0,0.0,0.0,0.0,0.0,0.0,0.0,0.0,0.0,0.0,0.0,0.0,0.0,2.0,12.0,12.0,10.0,8.0,6.0,6.0,6.0,10.0,10.0,10.0,10.0,20.0,30.0,30.0,26.0,26.0,24.0,16.0,6.0,4.0,2.0,2.0,2.0,2.0,4.0,4.0,2.0,0.0,0.0,0.0,0.0,0.0,4.0,10.0,14.0,12.0,10.0,10.0,10.0,12.0,12.0,12.0,12.0,12.0,12.0,12.0,12.0,12.0,12.0,12.0,12.0,12.0,12.0,12.0,12.0
2024-10-11,2024-10,10.0,10.0,10.0,10.0,10.0,10.0,10.0,10.0,10.0,10.0,10.0,10.0,10.0,10.0,10.0,10.0,10.0,10.0,10.0,10.0,10.0,10.0,10.0,10.0,10.0,10.0,0.0,0.0,0.0,0.0,2.0,2.0,2.0,4.0,6.0,6.0,6.0,4.0,6.0,6.0,6.0,6.0,6.0,6.0,6.0,2.0,2.0,0.0,2.0,0.0,0.0,0.0,0.0,0.0,0.0,0.0,2.0,6.0,6.0,10.0,14.0,14.0,14.0,20.0,22.0,22.0,18.0,18.0,18.0,16.0,14.0,12.0,12.0,12.0,10.0,22.0,18.0,12.0,10.0,10.0,10.0,10.0,10.0,10.0,14.0,16.0,16.0,14.0,14.0,14.0,12.0,12.0,12.0,12.0,12.0,12.0
2024-10-12,2024-10,12.0,12.0,12.0,12.0,12.0,12.0,10.0,10.0,10.0,10.0,10.0,10.0,10.0,10.0,10.0,10.0,10.0,10.0,10.0,10.0,10.0,10.0,10.0,10.0,10.0,10.0,10.0,10.0,10.0,6.0,0.0,0.0,0.0,2.0,4.0,4.0,4.0,2.0,0.0,0.0,0.0,0.0,0.0,0.0,0.0,0.0,0.0,0.0,0.0,0.0,0.0,0.0,2.0,2.0,2.0,2.0,2.0,2.0,2.0,2.0,2.0,2.0,2.0,2.0,2.0,2.0,2.0,0.0,0.0,0.0,0.0,2.0,2.0,2.0,10.0,12.0,10.0,10.0,10.0,10.0,10.0,10.0,10.0,10.0,10.0,10.0,10.0,10.0,10.0,10.0,10.0,10.0,10.0,10.0,10.0,10.0
2024-10-13,2024-10,10.0,10.0,10.0,10.0,10.0,10.0,10.0,10.0,10.0,10.0,10.0,10.0,10.0,10.0,10.0,10.0,10.0,10.0,10.0,10.0,10.0,10.0,10.0,10.0,10.0,10.0,8.0,6.0,6.0,0.0,0.0,0.0,0.0,0.0,0.0,0.0,0.0,0.0,0.0,0.0,0.0,2.0,0.0,0.0,0.0,0.0,2.0,12.0,24.0,24.0,22.0,22.0,24.0,16.0,8.0,2.0,0.0,2.0,0.0,0.0,0.0,0.0,0.0,0.0,0.0,0.0,0.0,2.0,0.0,0.0,0.0,0.0,0.0,4.0,12.0,10.0,14.0,16.0,16.0,14.0,12.0,12.0,14.0,12.0,12.0,12.0,12.0,12.0,13.0,14.0,14.0,14.0,14.0,14.0,14.0,14.0
2024-10-14,2024-10,14.0,12.0,12.0,12.0,10.0,10.0,10.0,10.0,10.0,10.0,10.0,10.0,10.0,10.0,10.0,12.0,14.0,16.0,16.0,16.0,13.0,10.0,10.0,10.0,10.0,10.0,10.0,2.0,0.0,6.0,2.0,0.0,0.0,0.0,0.0,0.0,0.0,0.0,0.0,0.0,0.0,0.0,0.0,0.0,0.0,0.0,0.0,0.0,0.0,0.0,0.0,0.0,4.0,6.0,6.0,6.0,6.0,6.0,6.0,6.0,6.0,6.0,6.0,6.0,6.0,4.0,4.0,4.0,4.0,4.0,2.0,0.0,0.0,2.0,14.0,14.0,12.0,12.0,12.0,12.0,12.0,12.0,12.0,12.0,24.0,30.0,30.0,30.0,30.0,28.0,24.0,24.0,22.0,20.0,20.0,20.0
2024-10-15,2024-10,20.0,20.0,20.0,20.0,20.0,20.0,20.0,20.0,20.0,20.0,20.0,20.0,20.0,20.0,20.0,18.0,18.0,16.0,16.0,14.0,14.0,12.0,10.0,10.0,12.0,12.0,6.0,2.0,2.0,2.0,2.0,2.0,2.0,2.0,2.0,2.0,2.0,0.0,2.0,2.0,2.0,2.0,0.0,0.0,0.0,0.0,0.0,0.0,0.0,0.0,0.0,0.0,0.0,0.0,0.0,0.0,0.0,0.0,0.0,4.0,6.0,6.0,8.0,8.0,8.0,8.0,6.0,6.0,8.0,8.0,8.0,8.0,8.0,10.0,15.0,20.0,20.0,22.0,22.0,22.0,20.0,20.0,20.0,26.0,26.0,24.0,22.0,24.0,24.0,24.0,24.0,18.0,14.0,20.0,26.0,30.0
2024-10-16,2024-10,28.0,26.0,24.0,24.0,18.0,16.0,16.0,18.0,16.0,16.0,16.0,14.0,14.0,14.0,14.0,14.0,14.0,14.0,14.0,14.0,10.0,10.0,10.0,10.0,10.0,10.0,2.0,0.0,0.0,0.0,0.0,8.0,24.0,22.0,22.0,22.0,22.0,14.0,4.0,0.0,0.0,0.0,0.0,0.0,0.0,0.0,0.0,0.0,0.0,0.0,0.0,0.0,0.0,0.0,0.0,0.0,0.0,0.0,12.0,14.0,14.0,14.0,14.0,12.0,12.0,8.0,8.0,8.0,8.0,8.0,8.0,8.0,8.0,8.0,10.0,10.0,10.0,10.0,10.0,10.0,10.0,10.0,10.0,10.0,10.0,12.0,12.0,12.0,12.0,12.0,12.0,12.0,12.0,16.0,16.0,16.0
2024-10-17,2024-10,16.0,16.0,16.0,18.0,16.0,16.0,16.0,16.0,14.0,12.0,10.0,10.0,10.0,10.0,10.0,10.0,10.0,10.0,10.0,10.0,10.0,10.0,10.0,10.0,10.0,10.0,8.0,0.0,0.0,0.0,0.0,0.0,0.0,0.0,0.0,0.0,0.0,0.0,0.0,0.0,2.0,2.0,2.0,2.0,0.0,2.0,4.0,4.0,4.0,4.0,4.0,4.0,4.0,4.0,4.0,6.0,10.0,10.0,10.0,10.0,16.0,16.0,16.0,16.0,14.0,10.0,8.0,8.0,14.0,12.0,10.0,10.0,10.0,12.0,22.0,22.0,14.0,17.0,20.0,14.0,14.0,14.0,14.0,14.0,14.0,14.0,14.0,14.0,12.0,12.0,12.0,12.0,12.0,10.0,10.0,10.0
2024-10-19,2024-10,22.0,22.0,22.0,22.0,22.0,20.0,18.0,18.0,16.0,16.0,16.0,16.0,16.0,16.0,16.0,16.0,14.0,12.0,12.0,12.0,12.0,18.0,18.0,18.0,18.0,18.0,16.0,6.0,6.0,6.0,6.0,4.0,4.0,4.0,4.0,4.0,4.0,4.0,4.0,4.0,4.0,4.0,2.0,0.0,0.0,0.0,0.0,0.0,2.0,2.0,2.0,2.0,2.0,2.0,2.0,2.0,8.0,8.0,14.0,16.0,16.0,16.0,14.0,12.0,12.0,12.0,12.0,12.0,12.0,12.0,14.0,18.0,20.0,22.0,28.0,22.0,16.0,14.0,12.0,10.0,12.0,12.0,12.0,16.0,16.0,16.0,16.0,16.0,10.0,10.0,10.0,10.0,10.0,10.0,10.0,10.0
2024-10-20,2024-10,12.0,12.0,12.0,12.0,10.0,10.0,10.0,10.0,10.0,10.0,10.0,10.0,10.0,10.0,10.0,10.0,10.0,10.0,10.0,10.0,10.0,10.0,10.0,10.0,18.0,12.0,8.0,8.0,8.0,8.0,8.0,2.0,0.0,0.0,0.0,0.0,0.0,0.0,4.0,8.0,4.0,2.0,0.0,0.0,0.0,0.0,0.0,0.0,0.0,0.0,0.0,0.0,0.0,0.0,4.0,6.0,6.0,6.0,4.0,4.0,6.0,6.0,0.0,14.0,22.0,26.0,26.0,26.0,26.0,18.0,8.0,6.0,4.0,4.0,0.0,6.0,12.0,12.0,12.0,12.0,18.0,18.0,18.0,18.0,18.0,12.0,10.0,10.0,10.0,10.0,10.0,10.0,10.0,10.0,10.0,10.0
2024-10-21,2024-10,10.0,10.0,10.0,10.0,10.0,10.0,10.0,10.0,0.0,0.0,0.0,0.0,0.0,0.0,0.0,0.0,0.0,0.0,0.0,0.0,0.0,0.0,0.0,0.0,0.0,0.0,0.0,0.0,0.0,0.0,0.0,0.0,0.0,0.0,0.0,0.0,0.0,0.0,0.0,0.0,0.0,0.0,0.0,0.0,0.0,0.0,0.0,0.0,0.0,0.0,0.0,0.0,0.0,0.0,0.0,0.0,0.0,0.0,0.0,0.0,0.0,0.0,0.0,0.0,0.0,0.0,0.0,2.0,2.0,2.0,8.0,2.0,2.0,2.0,4.0,14.0,12.0,12.0,12.0,14.0,14.0,14.0,13.0,12.0,12.0,12.0,12.0,12.0,12.0,12.0,12.0,12.0,12.0,12.0,12.0,12.0
2024-10-22,2024-10,12.0,12.0,12.0,12.0,12.0,12.0,12.0,12.0,12.0,12.0,10.0,10.0,10.0,10.0,10.0,10.0,10.0,10.0,10.0,10.0,10.0,10.0,10.0,12.0,10.0,10.0,10.0,0.0,0.0,0.0,0.0,2.0,24.0,24.0,24.0,20.0,18.0,18.0,18.0,18.0,16.0,14.0,24.0,24.0,24.0,18.0,16.0,16.0,14.0,8.0,8.0,8.0,10.0,10.0,12.0,16.0,12.0,12.0,12.0,12.0,12.0,14.0,12.0,10.0,10.0,10.0,8.0,8.0,10.0,10.0,10.0,10.0,8.0,12.0,18.0,20.0,16.0,16.0,14.0,12.0,12.0,14.0,14.0,14.0,14.0,12.0,12.0,12.0,10.0,10.0,12.0,12.0,12.0,10.0,10.0,10.0
2024-10-23,2024-10,10.0,10.0,10.0,10.0,10.0,10.0,10.0,10.0,10.0,10.0,10.0,10.0,10.0,10.0,10.0,10.0,10.0,10.0,10.0,10.0,10.0,10.0,10.0,10.0,10.0,12.0,12.0,4.0,4.0,0.0,0.0,0.0,0.0,0.0,6.0,6.0,8.0,10.0,10.0,10.0,8.0,6.0,4.0,4.0,16.0,16.0,16.0,14.0,14.0,14.0,14.0,8.0,6.0,4.0,6.0,6.0,6.0,6.0,6.0,8.0,6.0,4.0,4.0,4.0,4.0,4.0,2.0,2.0,2.0,2.0,2.0,2.0,2.0,2.0,10.0,14.0,12.0,14.0,18.0,18.0,18.0,18.0,18.0,22.0,22.0,16.0,20.0,20.0,20.0,18.0,18.0,18.0,18.0,18.0,18.0,18.0
2024-10-24,2024-10,16.0,14.0,14.0,14.0,12.0,12.0,12.0,12.0,12.0,12.0,10.0,10.0,10.0,10.0,10.0,10.0,10.0,10.0,10.0,10.0,10.0,10.0,10.0,10.0,8.0,6.0,0.0,0.0,0.0,0.0,0.0,0.0,0.0,0.0,0.0,0.0,0.0,0.0,0.0,0.0,0.0,0.0,0.0,0.0,0.0,0.0,0.0,0.0,0.0,0.0,0.0,0.0,0.0,0.0,0.0,0.0,0.0,0.0,0.0,0.0,0.0,0.0,0.0,0.0,0.0,0.0,2.0,2.0,0.0,0.0,0.0,0.0,0.0,0.0,6.0,10.0,10.0,10.0,10.0,10.0,10.0,10.0,10.0,10.0,10.0,10.0,10.0,10.0,12.0,14.0,14.0,14.0,14.0,14.0,14.0,16.0
2024-10-25,2024-10,17.0,18.0,18.0,18.0,18.0,18.0,14.0,12.0,12.0,12.0,12.0,12.0,12.0,12.0,14.0,14.0,14.0,14.0,14.0,12.0,12.0,12.0,10.0,10.0,12.0,14.0,8.0,4.0,4.0,2.0,0.0,0.0,0.0,0.0,0.0,0.0,0.0,0.0,0.0,0.0,0.0,0.0,0.0,0.0,0.0,0.0,2.0,4.0,4.0,4.0,4.0,2.0,2.0,2.0,2.0,0.0,0.0,0.0,0.0,2.0,8.0,8.0,6.0,4.0,2.0,2.0,0.0,0.0,0.0,0.0,2.0,0.0,12.0,10.0,10.0,10.0,12.0,18.0,16.0,16.0,16.0,16.0,16.0,16.0,16.0,16.0,16.0,12.0,12.0,12.0,12.0,12.0,12.0,12.0,12.0,12.0
2024-10-26,2024-10,12.0,12.0,12.0,12.0,12.0,12.0,12.0,12.0,10.0,10.0,10.0,10.0,10.0,10.0,10.0,10.0,10.0,10.0,10.0,10.0,10.0,10.0,10.0,10.0,10.0,10.0,2.0,0.0,0.0,2.0,4.0,4.0,4.0,4.0,4.0,4.0,2.0,0.0,0.0,0.0,0.0,0.0,0.0,0.0,0.0,0.0,0.0,0.0,0.0,0.0,0.0,0.0,4.0,6.0,6.0,6.0,6.0,6.0,8.0,4.0,4.0,18.0,32.0,30.0,26.0,24.0,22.0,18.0,8.0,8.0,10.0,10.0,8.0,10.0,14.0,12.0,10.0,14.0,16.0,16.0,12.0,10.0,10.0,10.0,10.0,10.0,10.0,10.0,10.0,10.0,10.0,10.0,10.0,10.0,10.0,10.0
2024-10-27,2024-10,10.0,10.0,10.0,10.0,10.0,10.0,10.0,10.0,10.0,10.0,10.0,10.0,10.0,10.0,10.0,10.0,10.0,10.0,10.0,10.0,10.0,10.0,10.0,10.0,10.0,10.0,8.0,0.0,0.0,0.0,0.0,0.0,0.0,0.0,0.0,0.0,2.0,6.0,6.0,6.0,2.0,2.0,2.0,2.0,0.0,0.0,0.0,0.0,0.0,0.0,0.0,0.0,0.0,0.0,0.0,4.0,6.0,6.0,6.0,6.0,4.0,4.0,6.0,6.0,6.0,6.0,4.0,2.0,2.0,0.0,2.0,4.0,4.0,10.0,18.0,14.0,14.0,14.0,14.0,16.0,18.0,18.0,16.0,12.0,12.0,16.0,16.0,16.0,14.0,14.0,14.0,12.0,12.0,12.0,12.0,12.0
2024-10-28,2024-10,12.0,12.0,12.0,12.0,12.0,12.0,12.0,12.0,12.0,12.0,12.0,12.0,12.0,12.0,12.0,10.0,10.0,10.0,10.0,20.0,20.0,20.0,20.0,18.0,18.0,18.0,16.0,14.0,8.0,6.0,2.0,0.0,0.0,0.0,0.0,0.0,4.0,12.0,18.0,18.0,14.0,14.0,12.0,12.0,12.0,12.0,6.0,10.0,8.0,6.0,6.0,6.0,6.0,6.0,4.0,4.0,6.0,12.0,10.0,10.0,8.0,8.0,6.0,2.0,2.0,2.0,2.0,4.0,4.0,4.0,4.0,4.0,0.0,0.0,4.0,12.0,14.0,14.0,14.0,12.0,18.0,20.0,20.0,20.0,20.0,20.0,18.0,18.0,16.0,12.0,10.0,10.0,10.0,10.0,10.0,10.0
2024-10-29,2024-10,10.0,10.0,10.0,10.0,10.0,10.0,10.0,10.0,10.0,10.0,10.0,10.0,10.0,10.0,10.0,10.0,10.0,10.0,10.0,10.0,10.0,10.0,10.0,10.0,10.0,14.0,6.0,2.0,0.0,2.0,0.0,0.0,0.0,2.0,6.0,6.0,4.0,4.0,4.0,4.0,4.0,2.0,2.0,2.0,2.0,2.0,0.0,4.0,4.0,4.0,4.0,4.0,6.0,8.0,16.0,14.0,12.0,8.0,4.0,4.0,10.0,10.0,10.0,10.0,8.0,8.0,6.0,30.0,28.0,28.0,28.0,22.0,14.0,6.0,2.0,16.0,14.0,12.0,14.0,26.0,26.0,26.0,28.0,30.0,26.0,20.0,8.0,8.0,6.0,6.0,6.0,8.0,8.0,8.0,8.0,8.0
2024-10-30,2024-10,8.0,8.0,8.0,6.0,6.0,4.0,4.0,4.0,4.0,4.0,4.0,4.0,4.0,2.0,2.0,2.0,2.0,0.0,0.0,0.0,0.0,0.0,0.0,0.0,0.0,0.0,6.0,8.0,4.0,4.0,2.0,2.0,0.0,0.0,0.0,0.0,6.0,6.0,6.0,4.0,2.0,2.0,2.0,2.0,2.0,0.0,0.0,0.0,6.0,8.0,8.0,8.0,8.0,8.0,8.0,8.0,8.0,8.0,10.0,12.0,12.0,12.0,10.0,6.0,0.0,0.0,0.0,0.0,0.0,0.0,0.0,0.0,0.0,0.0,2.0,12.0,10.0,10.0,10.0,10.0,10.0,10.0,10.0,10.0,10.0,10.0,10.0,10.0,10.0,12.0,12.0,12.0,16.0,18.0,18.0,18.0
2024-10-31,2024-10,18.0,18.0,16.0,16.0,16.0,10.0,10.0,10.0,10.0,10.0,10.0,10.0,10.0,10.0,10.0,10.0,10.0,10.0,10.0,10.0,10.0,10.0,10.0,10.0,10.0,10.0,8.0,0.0,0.0,0.0,0.0,0.0,0.0,0.0,0.0,0.0,0.0,0.0,0.0,0.0,0.0,10.0,18.0,24.0,26.0,30.0,30.0,24.0,16.0,12.0,12.0,12.0,12.0,12.0,8.0,10.0,6.0,0.0,0.0,2.0,4.0,4.0,4.0,4.0,4.0,4.0,2.0,0.0,0.0,0.0,0.0,0.0,0.0,8.0,18.0,14.0,14.0,12.0,12.0,10.0,10.0,16.0,20.0,20.0,20.0,20.0,20.0,20.0,20.0,20.0,20.0,28.0,28.0,26.0,24.0,24.0
2024-11-01,2024-11,26.0,20.0,20.0,20.0,16.0,14.0,14.0,14.0,14.0,14.0,12.0,12.0,10.0,10.0,12.0,10.0,10.0,10.0,12.0,10.0,10.0,12.0,10.0,10.0,10.0,10.0,14.0,12.0,4.0,4.0,4.0,4.0,4.0,4.0,4.0,2.0,2.0,6.0,8.0,8.0,4.0,2.0,2.0,2.0,2.0,0.0,0.0,2.0,4.0,4.0,4.0,4.0,4.0,4.0,4.0,4.0,4.0,4.0,4.0,2.0,2.0,2.0,0.0,0.0,4.0,8.0,8.0,8.0,8.0,8.0,8.0,8.0,8.0,8.0,12.0,22.0,20.0,12.0,10.0,10.0,10.0,10.0,10.0,10.0,10.0,10.0,10.0,10.0,10.0,10.0,10.0,10.0,10.0,10.0,10.0,10.0
2024-11-02,2024-11,10.0,10.0,10.0,10.0,10.0,10.0,10.0,10.0,10.0,10.0,10.0,10.0,10.0,10.0,10.0,10.0,10.0,10.0,10.0,10.0,10.0,10.0,10.0,10.0,10.0,10.0,10.0,6.0,4.0,4.0,4.0,4.0,10.0,12.0,12.0,12.0,14.0,22.0,26.0,22.0,24.0,36.0,32.0,30.0,30.0,30.0,28.0,22.0,8.0,2.0,4.0,2.0,4.0,4.0,0.0,2.0,2.0,2.0,2.0,2.0,0.0,2.0,2.0,0.0,0.0,0.0,0.0,0.0,0.0,0.0,8.0,4.0,4.0,4.0,12.0,16.0,14.0,14.0,14.0,14.0,14.0,14.0,14.0,14.0,16.0,18.0,18.0,18.0,16.0,16.0,12.0,0.0,0.0,0.0,0.0,0.0
2024-11-03,2024-11,0.0,0.0,0.0,0.0,0.0,0.0,0.0,0.0,0.0,0.0,0.0,0.0,0.0,0.0,0.0,0.0,0.0,0.0,0.0,0.0,0.0,0.0,0.0,0.0,0.0,0.0,0.0,0.0,0.0,0.0,0.0,0.0,0.0,0.0,0.0,0.0,0.0,0.0,0.0,0.0,0.0,0.0,0.0,0.0,0.0,0.0,0.0,0.0,0.0,0.0,0.0,0.0,0.0,0.0,0.0,0.0,0.0,0.0,0.0,0.0,0.0,0.0,0.0,0.0,0.0,0.0,0.0,0.0,0.0,0.0,0.0,0.0,0.0,0.0,0.0,0.0,0.0,0.0,0.0,0.0,0.0,0.0,0.0,0.0,0.0,0.0,0.0,0.0,0.0,0.0,0.0,0.0,0.0,0.0,0.0,0.0
2024-11-04,2024-11,0.0,0.0,0.0,0.0,0.0,0.0,0.0,0.0,0.0,0.0,0.0,0.0,0.0,0.0,0.0,0.0,0.0,0.0,0.0,0.0,0.0,0.0,0.0,0.0,0.0,0.0,0.0,0.0,0.0,0.0,0.0,0.0,0.0,0.0,0.0,0.0,0.0,0.0,0.0,2.0,6.0,4.0,2.0,0.0,0.0,2.0,0.0,0.0,0.0,0.0,0.0,0.0,0.0,2.0,6.0,6.0,8.0,10.0,10.0,10.0,10.0,10.0,10.0,10.0,10.0,8.0,8.0,8.0,8.0,8.0,8.0,8.0,8.0,6.0,8.0,18.0,12.0,10.0,10.0,10.0,10.0,10.0,10.0,10.0,12.0,10.0,10.0,10.0,10.0,16.0,20.0,20.0,22.0,22.0,22.0,22.0
2024-11-05,2024-11,22.0,22.0,22.0,22.0,20.0,20.0,20.0,18.0,18.0,18.0,18.0,18.0,18.0,18.0,18.0,18.0,18.0,16.0,16.0,14.0,12.0,12.0,14.0,12.0,12.0,6.0,0.0,0.0,0.0,0.0,0.0,0.0,0.0,0.0,0.0,0.0,0.0,0.0,0.0,16.0,16.0,16.0,16.0,18.0,20.0,16.0,12.0,16.0,16.0,16.0,16.0,16.0,16.0,16.0,12.0,12.0,6.0,6.0,6.0,10.0,12.0,10.0,8.0,6.0,6.0,4.0,6.0,0.0,0.0,2.0,6.0,6.0,6.0,20.0,22.0,18.0,14.0,12.0,10.0,10.0,10.0,10.0,10.0,10.0,10.0,10.0,10.0,10.0,10.0,10.0,10.0,12.0,16.0,16.0,16.0,16.0
2024-11-06,2024-11,16.0,16.0,16.0,16.0,14.0,14.0,14.0,14.0,14.0,14.0,12.0,12.0,14.0,16.0,16.0,16.0,14.0,12.0,10.0,10.0,10.0,10.0,10.0,10.0,10.0,10.0,8.0,0.0,0.0,0.0,0.0,0.0,0.0,0.0,0.0,0.0,0.0,2.0,2.0,4.0,4.0,4.0,4.0,4.0,4.0,4.0,4.0,4.0,4.0,4.0,8.0,10.0,10.0,10.0,10.0,10.0,10.0,10.0,10.0,8.0,8.0,8.0,8.0,6.0,4.0,2.0,0.0,0.0,0.0,6.0,6.0,8.0,8.0,8.0,18.0,38.0,32.0,28.0,14.0,14.0,14.0,14.0,14.0,14.0,14.0,14.0,14.0,14.0,14.0,12.0,12.0,12.0,12.0,14.0,14.0,14.0
2024-11-07,2024-11,14.0,14.0,14.0,14.0,14.0,14.0,14.0,14.0,14.0,14.0,12.0,12.0,12.0,10.0,10.0,12.0,10.0,10.0,12.0,10.0,10.0,10.0,10.0,12.0,12.0,12.0,8.0,4.0,4.0,0.0,0.0,8.0,8.0,20.0,22.0,20.0,18.0,8.0,4.0,10.0,0.0,2.0,8.0,6.0,6.0,6.0,6.0,4.0,4.0,4.0,2.0,0.0,0.0,2.0,0.0,0.0,0.0,0.0,0.0,4.0,6.0,2.0,0.0,0.0,0.0,0.0,0.0,0.0,0.0,0.0,0.0,0.0,0.0,0.0,6.0,12.0,10.0,10.0,10.0,10.0,10.0,10.0,10.0,10.0,12.0,12.0,12.0,12.0,12.0,0.0,0.0,0.0,0.0,0.0,0.0,0.0
2024-11-08,2024-11,0.0,0.0,0.0,0.0,0.0,0.0,0.0,0.0,0.0,0.0,0.0,0.0,0.0,0.0,0.0,0.0,0.0,0.0,0.0,0.0,0.0,0.0,0.0,0.0,0.0,0.0,0.0,0.0,0.0,2.0,8.0,8.0,8.0,8.0,8.0,10.0,10.0,10.0,10.0,14.0,16.0,16.0,12.0,10.0,10.0,10.0,8.0,8.0,8.0,8.0,10.0,10.0,10.0,10.0,8.0,8.0,8.0,8.0,6.0,6.0,4.0,4.0,2.0,2.0,2.0,2.0,2.0,2.0,2.0,4.0,2.0,2.0,0.0,0.0,10.0,28.0,28.0,28.0,24.0,16.0,10.0,10.0,10.0,10.0,10.0,11.0,12.0,12.0,12.0,12.0,10.0,10.0,10.0,10.0,10.0,10.0
2024-11-09,2024-11,10.0,10.0,10.0,10.0,10.0,10.0,10.0,10.0,10.0,10.0,10.0,10.0,10.0,10.0,10.0,10.0,10.0,10.0,10.0,10.0,10.0,10.0,10.0,10.0,10.0,10.0,10.0,4.0,0.0,0.0,0.0,0.0,0.0,0.0,0.0,0.0,0.0,0.0,0.0,0.0,0.0,0.0,0.0,4.0,4.0,4.0,4.0,4.0,4.0,4.0,4.0,0.0,0.0,0.0,2.0,2.0,2.0,0.0,0.0,0.0,2.0,6.0,8.0,4.0,2.0,2.0,2.0,2.0,2.0,0.0,0.0,0.0,0.0,0.0,0.0,0.0,0.0,0.0,6.0,10.0,10.0,10.0,10.0,10.0,10.0,10.0,10.0,10.0,10.0,10.0,10.0,10.0,10.0,16.0,18.0,14.0
2024-11-10,2024-11,12.0,10.0,10.0,10.0,10.0,10.0,10.0,10.0,10.0,10.0,10.0,10.0,10.0,10.0,10.0,10.0,10.0,10.0,10.0,10.0,10.0,10.0,10.0,10.0,10.0,10.0,10.0,10.0,10.0,10.0,10.0,2.0,0.0,0.0,0.0,0.0,0.0,0.0,0.0,0.0,0.0,0.0,0.0,0.0,0.0,0.0,0.0,0.0,0.0,2.0,2.0,2.0,2.0,2.0,2.0,2.0,2.0,0.0,0.0,2.0,2.0,2.0,0.0,0.0,0.0,0.0,0.0,0.0,0.0,0.0,2.0,0.0,4.0,8.0,14.0,12.0,12.0,26.0,32.0,30.0,16.0,12.0,12.0,12.0,12.0,12.0,12.0,13.0,14.0,14.0,14.0,14.0,14.0,14.0,16.0,14.0
2024-11-11,2024-11,14.0,14.0,14.0,14.0,14.0,14.0,14.0,16.0,14.0,14.0,14.0,14.0,14.0,14.0,12.0,12.0,14.0,14.0,14.0,12.0,12.0,12.0,12.0,10.0,12.0,12.0,6.0,4.0,4.0,4.0,4.0,4.0,6.0,8.0,8.0,8.0,8.0,6.0,2.0,2.0,2.0,6.0,6.0,6.0,6.0,6.0,6.0,6.0,6.0,6.0,6.0,24.0,26.0,24.0,24.0,26.0,24.0,14.0,12.0,12.0,10.0,10.0,6.0,8.0,8.0,8.0,4.0,4.0,2.0,2.0,4.0,0.0,0.0,0.0,2.0,14.0,10.0,10.0,10.0,12.0,14.0,16.0,14.0,10.0,10.0,10.0,10.0,10.0,10.0,10.0,10.0,10.0,10.0,10.0,10.0,10.0
2024-11-12,2024-11,10.0,10.0,10.0,10.0,10.0,10.0,10.0,10.0,10.0,10.0,10.0,10.0,10.0,10.0,10.0,10.0,10.0,10.0,10.0,10.0,10.0,10.0,10.0,10.0,10.0,10.0,6.0,6.0,14.0,2.0,0.0,0.0,0.0,0.0,0.0,0.0,0.0,0.0,0.0,0.0,0.0,0.0,0.0,0.0,0.0,0.0,0.0,0.0,0.0,0.0,0.0,0.0,0.0,0.0,0.0,0.0,0.0,0.0,0.0,0.0,0.0,0.0,0.0,0.0,0.0,0.0,0.0,0.0,0.0,0.0,0.0,0.0,0.0,0.0,0.0,6.0,10.0,10.0,10.0,10.0,10.0,10.0,12.0,12.0,12.0,12.0,14.0,16.0,16.0,16.0,16.0,16.0,16.0,16.0,16.0,16.0
2024-11-13,2024-11,14.0,14.0,14.0,14.0,14.0,14.0,14.0,14.0,14.0,14.0,14.0,14.0,14.0,14.0,14.0,14.0,14.0,14.0,14.0,14.0,14.0,14.0,14.0,14.0,14.0,12.0,2.0,0.0,0.0,0.0,0.0,0.0,0.0,0.0,2.0,4.0,4.0,4.0,4.0,4.0,4.0,4.0,4.0,4.0,6.0,2.0,0.0,0.0,2.0,4.0,2.0,2.0,2.0,2.0,2.0,2.0,10.0,14.0,14.0,14.0,14.0,14.0,14.0,10.0,8.0,8.0,8.0,4.0,2.0,6.0,6.0,4.0,4.0,6.0,6.0,16.0,12.0,28.0,28.0,28.0,28.0,28.0,10.0,10.0,10.0,10.0,10.0,10.0,10.0,10.0,10.0,10.0,14.0,14.0,16.0,16.0
2024-11-14,2024-11,16.0,16.0,16.0,12.0,10.0,10.0,10.0,10.0,10.0,10.0,10.0,10.0,10.0,10.0,10.0,10.0,10.0,10.0,10.0,10.0,10.0,10.0,10.0,10.0,10.0,10.0,2.0,0.0,0.0,0.0,0.0,0.0,0.0,0.0,0.0,0.0,0.0,0.0,2.0,2.0,2.0,2.0,2.0,2.0,2.0,2.0,4.0,8.0,8.0,8.0,8.0,8.0,8.0,8.0,14.0,14.0,14.0,12.0,10.0,10.0,8.0,8.0,8.0,6.0,6.0,0.0,0.0,0.0,0.0,2.0,2.0,2.0,2.0,8.0,14.0,4.0,16.0,14.0,12.0,12.0,12.0,12.0,10.0,10.0,10.0,10.0,12.0,12.0,12.0,12.0,12.0,12.0,10.0,10.0,12.0,10.0
2024-11-15,2024-11,10.0,10.0,10.0,10.0,10.0,10.0,10.0,10.0,10.0,10.0,10.0,10.0,10.0,10.0,10.0,10.0,10.0,10.0,10.0,10.0,10.0,10.0,10.0,10.0,10.0,10.0,6.0,8.0,0.0,0.0,0.0,0.0,0.0,0.0,0.0,0.0,0.0,0.0,0.0,0.0,0.0,2.0,6.0,6.0,2.0,2.0,2.0,0.0,0.0,0.0,0.0,0.0,0.0,0.0,2.0,4.0,2.0,2.0,2.0,8.0,10.0,4.0,4.0,4.0,0.0,0.0,0.0,0.0,4.0,4.0,4.0,4.0,4.0,15.0,26.0,34.0,32.0,34.0,30.0,24.0,16.0,18.0,18.0,20.0,20.0,20.0,22.0,14.0,14.0,14.0,14.0,16.0,16.0,16.0,16.0,16.0
2024-11-16,2024-11,16.0,16.0,16.0,16.0,16.0,16.0,16.0,16.0,16.0,16.0,16.0,14.0,14.0,12.0,12.0,12.0,12.0,12.0,12.0,10.0,12.0,10.0,10.0,10.0,10.0,12.0,12.0,0.0,0.0,0.0,2.0,2.0,4.0,4.0,4.0,4.0,4.0,4.0,4.0,0.0,0.0,0.0,0.0,0.0,0.0,0.0,0.0,0.0,0.0,0.0,0.0,0.0,2.0,6.0,6.0,6.0,6.0,6.0,6.0,6.0,6.0,6.0,6.0,6.0,4.0,2.0,2.0,0.0,0.0,0.0,0.0,2.0,2.0,2.0,6.0,14.0,12.0,12.0,12.0,12.0,10.0,14.0,16.0,14.0,12.0,10.0,10.0,10.0,10.0,10.0,10.0,10.0,10.0,10.0,10.0,10.0
2024-11-17,2024-11,10.0,10.0,10.0,10.0,10.0,10.0,10.0,10.0,10.0,10.0,10.0,10.0,10.0,10.0,10.0,10.0,10.0,10.0,10.0,10.0,10.0,10.0,10.0,10.0,10.0,10.0,10.0,4.0,0.0,0.0,0.0,4.0,4.0,6.0,4.0,2.0,2.0,2.0,2.0,2.0,2.0,2.0,2.0,2.0,2.0,2.0,2.0,2.0,4.0,4.0,4.0,2.0,2.0,2.0,2.0,0.0,2.0,2.0,2.0,2.0,0.0,0.0,2.0,2.0,2.0,0.0,0.0,0.0,0.0,0.0,0.0,4.0,0.0,6.0,4.0,10.0,10.0,10.0,10.0,10.0,10.0,10.0,10.0,12.0,14.0,14.0,12.0,12.0,10.0,10.0,14.0,14.0,14.0,14.0,14.0,14.0
2024-11-18,2024-11,14.0,14.0,14.0,14.0,14.0,14.0,14.0,14.0,14.0,14.0,14.0,14.0,14.0,14.0,14.0,0.0,0.0,0.0,0.0,0.0,0.0,0.0,0.0,0.0,0.0,0.0,0.0,0.0,0.0,0.0,0.0,0.0,0.0,0.0,0.0,0.0,0.0,0.0,0.0,0.0,0.0,0.0,0.0,0.0,0.0,0.0,0.0,0.0,0.0,0.0,0.0,0.0,0.0,0.0,0.0,2.0,2.0,2.0,2.0,2.0,2.0,0.0,20.0,22.0,20.0,22.0,20.0,22.0,16.0,8.0,4.0,4.0,4.0,4.0,10.0,16.0,14.0,12.0,10.0,10.0,10.0,12.0,10.0,16.0,16.0,16.0,12.0,12.0,14.0,14.0,12.0,12.0,12.0,12.0,18.0,24.0
2024-11-19,2024-11,24.0,24.0,24.0,24.0,24.0,20.0,18.0,14.0,12.0,12.0,12.0,12.0,10.0,10.0,10.0,10.0,10.0,10.0,10.0,10.0,10.0,10.0,10.0,10.0,10.0,10.0,0.0,0.0,0.0,0.0,0.0,0.0,0.0,0.0,0.0,0.0,0.0,0.0,0.0,0.0,4.0,4.0,4.0,16.0,18.0,20.0,22.0,22.0,22.0,22.0,14.0,10.0,12.0,20.0,20.0,20.0,20.0,18.0,19.0,20.0,18.0,8.0,6.0,6.0,6.0,4.0,4.0,4.0,4.0,2.0,2.0,0.0,0.0,0.0,0.0,10.0,10.0,10.0,10.0,10.0,10.0,10.0,10.0,10.0,10.0,10.0,10.0,10.0,10.0,10.0,10.0,10.0,10.0,10.0,10.0,10.0
2024-11-20,2024-11,10.0,10.0,10.0,10.0,10.0,10.0,10.0,10.0,10.0,10.0,10.0,10.0,10.0,10.0,10.0,10.0,10.0,10.0,10.0,10.0,10.0,10.0,10.0,10.0,10.0,10.0,10.0,6.0,0.0,0.0,0.0,0.0,0.0,4.0,4.0,2.0,0.0,0.0,0.0,0.0,0.0,0.0,0.0,0.0,0.0,0.0,0.0,0.0,0.0,0.0,0.0,0.0,0.0,0.0,0.0,0.0,0.0,2.0,2.0,2.0,2.0,2.0,0.0,0.0,0.0,2.0,2.0,6.0,6.0,8.0,8.0,8.0,12.0,18.0,6.0,14.0,14.0,16.0,18.0,16.0,14.0,14.0,14.0,14.0,14.0,14.0,14.0,14.0,14.0,14.0,16.0,18.0,16.0,16.0,16.0,18.0
2024-11-21,2024-11,14.0,10.0,10.0,10.0,10.0,10.0,10.0,10.0,10.0,10.0,10.0,10.0,10.0,10.0,10.0,10.0,10.0,10.0,10.0,10.0,10.0,10.0,10.0,10.0,10.0,8.0,6.0,2.0,0.0,2.0,10.0,8.0,6.0,6.0,10.0,10.0,10.0,10.0,8.0,8.0,8.0,8.0,8.0,8.0,8.0,6.0,4.0,2.0,2.0,0.0,0.0,0.0,0.0,0.0,0.0,0.0,0.0,0.0,0.0,0.0,0.0,0.0,0.0,0.0,0.0,0.0,10.0,16.0,16.0,16.0,16.0,16.0,16.0,8.0,2.0,10.0,10.0,12.0,12.0,12.0,12.0,14.0,18.0,18.0,18.0,24.0,22.0,22.0,20.0,20.0,22.0,16.0,14.0,14.0,14.0,12.0
2024-11-22,2024-11,12.0,12.0,12.0,12.0,10.0,10.0,10.0,12.0,12.0,10.0,10.0,10.0,10.0,10.0,10.0,10.0,10.0,10.0,10.0,10.0,10.0,10.0,10.0,10.0,10.0,10.0,8.0,4.0,4.0,4.0,0.0,0.0,0.0,6.0,6.0,6.0,6.0,6.0,6.0,6.0,6.0,6.0,4.0,4.0,2.0,2.0,2.0,0.0,0.0,0.0,0.0,0.0,0.0,4.0,4.0,4.0,4.0,4.0,4.0,4.0,0.0,0.0,0.0,0.0,0.0,0.0,0.0,0.0,0.0,0.0,0.0,0.0,0.0,2.0,2.0,16.0,14.0,14.0,14.0,12.0,12.0,12.0,12.0,12.0,12.0,12.0,10.0,10.0,10.0,10.0,20.0,26.0,28.0,24.0,22.0,22.0
2024-11-23,2024-11,22.0,22.0,22.0,22.0,22.0,20.0,16.0,16.0,16.0,16.0,16.0,16.0,16.0,16.0,16.0,16.0,16.0,16.0,16.0,16.0,14.0,14.0,14.0,14.0,14.0,12.0,12.0,8.0,8.0,8.0,4.0,0.0,0.0,0.0,0.0,2.0,2.0,0.0,2.0,6.0,6.0,8.0,6.0,8.0,6.0,4.0,4.0,4.0,6.0,12.0,12.0,12.0,12.0,12.0,12.0,12.0,10.0,10.0,10.0,10.0,24.0,24.0,20.0,18.0,16.0,14.0,20.0,20.0,14.0,4.0,0.0,0.0,0.0,0.0,10.0,14.0,12.0,12.0,12.0,12.0,12.0,12.0,12.0,12.0,10.0,10.0,10.0,10.0,12.0,18.0,18.0,18.0,18.0,18.0,18.0,18.0
2024-11-24,2024-11,18.0,18.0,20.0,18.0,20.0,22.0,22.0,24.0,24.0,24.0,24.0,20.0,18.0,18.0,18.0,16.0,16.0,14.0,14.0,14.0,14.0,14.0,14.0,12.0,12.0,4.0,0.0,0.0,4.0,6.0,8.0,8.0,8.0,4.0,0.0,0.0,4.0,4.0,4.0,4.0,0.0,0.0,0.0,0.0,0.0,0.0,0.0,4.0,4.0,4.0,4.0,4.0,4.0,4.0,4.0,4.0,6.0,6.0,5.0,4.0,4.0,4.0,2.0,2.0,2.0,0.0,0.0,0.0,0.0,0.0,0.0,0.0,0.0,0.0,10.0,12.0,10.0,10.0,10.0,10.0,10.0,10.0,10.0,10.0,10.0,10.0,10.0,10.0,10.0,10.0,12.0,12.0,14.0,14.0,14.0,13.0
2024-11-25,2024-11,12.0,12.0,12.0,12.0,12.0,12.0,14.0,14.0,14.0,16.0,14.0,14.0,14.0,14.0,14.0,14.0,14.0,14.0,14.0,14.0,14.0,14.0,14.0,14.0,14.0,14.0,8.0,2.0,2.0,0.0,2.0,2.0,8.0,8.0,6.0,4.0,2.0,14.0,14.0,12.0,4.0,2.0,2.0,2.0,2.0,2.0,2.0,0.0,0.0,0.0,2.0,8.0,10.0,6.0,6.0,10.0,28.0,30.0,28.0,28.0,26.0,14.0,20.0,16.0,12.0,4.0,2.0,2.0,2.0,2.0,0.0,0.0,0.0,2.0,8.0,12.0,10.0,10.0,10.0,14.0,14.0,14.0,12.0,14.0,18.0,20.0,20.0,20.0,20.0,14.0,18.0,20.0,24.0,24.0,22.0,20.0
2024-11-26,2024-11,14.0,12.0,12.0,12.0,12.0,12.0,10.0,10.0,10.0,10.0,10.0,10.0,10.0,10.0,10.0,10.0,10.0,12.0,10.0,10.0,10.0,10.0,10.0,10.0,10.0,10.0,6.0,2.0,0.0,0.0,0.0,0.0,0.0,0.0,0.0,0.0,0.0,0.0,2.0,4.0,4.0,4.0,4.0,4.0,4.0,2.0,0.0,0.0,0.0,0.0,0.0,0.0,0.0,0.0,0.0,0.0,0.0,0.0,0.0,0.0,0.0,0.0,0.0,0.0,0.0,0.0,0.0,0.0,0.0,0.0,0.0,0.0,0.0,0.0,4.0,0.0,10.0,12.0,16.0,16.0,14.0,12.0,10.0,10.0,10.0,10.0,10.0,10.0,10.0,10.0,10.0,10.0,10.0,10.0,10.0,10.0
2024-11-27,2024-11,10.0,10.0,10.0,10.0,10.0,10.0,10.0,10.0,10.0,10.0,10.0,10.0,10.0,10.0,10.0,10.0,10.0,10.0,10.0,10.0,10.0,10.0,10.0,10.0,10.0,10.0,8.0,0.0,0.0,0.0,0.0,8.0,12.0,12.0,12.0,6.0,6.0,6.0,0.0,0.0,0.0,0.0,0.0,0.0,0.0,0.0,2.0,12.0,12.0,12.0,10.0,0.0,0.0,0.0,0.0,0.0,0.0,0.0,0.0,0.0,0.0,0.0,0.0,0.0,0.0,0.0,0.0,0.0,0.0,0.0,0.0,0.0,0.0,0.0,2.0,12.0,10.0,12.0,12.0,12.0,12.0,14.0,14.0,14.0,14.0,14.0,14.0,14.0,14.0,14.0,14.0,14.0,20.0,20.0,20.0,20.0
2024-11-28,2024-11,20.0,20.0,20.0,20.0,20.0,20.0,20.0,20.0,20.0,20.0,20.0,18.0,16.0,16.0,16.0,14.0,14.0,14.0,14.0,14.0,14.0,14.0,12.0,12.0,12.0,10.0,10.0,2.0,0.0,0.0,0.0,0.0,0.0,4.0,6.0,8.0,24.0,26.0,24.0,24.0,24.0,24.0,24.0,16.0,10.0,4.0,4.0,4.0,2.0,2.0,2.0,2.0,0.0,0.0,0.0,0.0,0.0,0.0,0.0,4.0,10.0,8.0,8.0,2.0,2.0,2.0,2.0,2.0,2.0,2.0,2.0,4.0,4.0,4.0,8.0,18.0,16.0,14.0,14.0,14.0,14.0,14.0,14.0,12.0,10.0,10.0,10.0,10.0,10.0,16.0,16.0,18.0,18.0,20.0,20.0,20.0
2024-11-29,2024-11,20.0,20.0,20.0,20.0,20.0,20.0,20.0,20.0,16.0,16.0,14.0,14.0,12.0,12.0,12.0,12.0,12.0,12.0,12.0,12.0,12.0,10.0,10.0,10.0,10.0,10.0,10.0,0.0,0.0,0.0,4.0,6.0,6.0,6.0,6.0,6.0,6.0,4.0,4.0,4.0,4.0,4.0,4.0,4.0,2.0,2.0,2.0,4.0,14.0,16.0,16.0,16.0,14.0,10.0,10.0,10.0,4.0,2.0,0.0,0.0,2.0,4.0,4.0,4.0,4.0,2.0,0.0,0.0,0.0,0.0,0.0,0.0,0.0,4.0,8.0,14.0,12.0,12.0,10.0,12.0,12.0,10.0,10.0,10.0,10.0,10.0,10.0,10.0,10.0,10.0,10.0,10.0,12.0,12.0,12.0,12.0
2024-11-30,2024-11,12.0,12.0,12.0,12.0,12.0,12.0,12.0,10.0,10.0,10.0,10.0,10.0,10.0,10.0,10.0,10.0,10.0,10.0,10.0,10.0,10.0,10.0,10.0,10.0,10.0,10.0,10.0,4.0,0.0,2.0,0.0,0.0,0.0,0.0,0.0,0.0,0.0,0.0,0.0,0.0,0.0,0.0,0.0,0.0,0.0,0.0,0.0,0.0,0.0,0.0,8.0,10.0,10.0,12.0,12.0,12.0,12.0,10.0,10.0,10.0,2.0,0.0,0.0,0.0,0.0,0.0,0.0,0.0,0.0,0.0,0.0,0.0,0.0,0.0,0.0,6.0,10.0,10.0,10.0,10.0,10.0,10.0,10.0,10.0,10.0,10.0,10.0,10.0,10.0,10.0,10.0,10.0,10.0,10.0,10.0,10.0
2024-12-01,2024-12,10.0,10.0,10.0,10.0,10.0,10.0,10.0,10.0,10.0,10.0,10.0,10.0,10.0,10.0,10.0,10.0,10.0,10.0,10.0,10.0,10.0,10.0,10.0,10.0,10.0,10.0,10.0,0.0,8.0,10.0,10.0,12.0,12.0,12.0,10.0,10.0,10.0,8.0,4.0,8.0,6.0,6.0,4.0,4.0,4.0,4.0,2.0,2.0,2.0,4.0,8.0,8.0,10.0,12.0,18.0,24.0,24.0,20.0,16.0,0.0,0.0,0.0,0.0,0.0,0.0,0.0,0.0,0.0,0.0,0.0,0.0,0.0,0.0,0.0,0.0,0.0,0.0,0.0,0.0,0.0,0.0,0.0,0.0,0.0,0.0,0.0,0.0,0.0,0.0,0.0,0.0,0.0,0.0,0.0,0.0,0.0
2024-12-02,2024-12,0.0,0.0,0.0,0.0,0.0,0.0,0.0,0.0,0.0,0.0,0.0,0.0,0.0,0.0,0.0,0.0,0.0,0.0,0.0,0.0,0.0,0.0,0.0,0.0,0.0,0.0,0.0,0.0,0.0,0.0,0.0,0.0,0.0,0.0,0.0,0.0,0.0,0.0,4.0,10.0,14.0,14.0,12.0,10.0,8.0,8.0,8.0,6.0,6.0,4.0,4.0,4.0,4.0,4.0,4.0,6.0,4.0,4.0,4.0,4.0,10.0,8.0,10.0,10.0,12.0,12.0,10.0,8.0,10.0,10.0,10.0,12.0,10.0,6.0,6.0,12.0,16.0,12.0,12.0,12.0,10.0,10.0,10.0,10.0,10.0,12.0,14.0,16.0,18.0,18.0,16.0,16.0,18.0,18.0,18.0,18.0
2024-12-03,2024-12,18.0,18.0,18.0,18.0,18.0,18.0,18.0,16.0,16.0,16.0,16.0,16.0,16.0,16.0,16.0,16.0,14.0,14.0,14.0,14.0,14.0,12.0,14.0,14.0,14.0,14.0,10.0,2.0,8.0,8.0,10.0,10.0,10.0,12.0,14.0,14.0,10.0,8.0,8.0,4.0,2.0,2.0,4.0,12.0,14.0,12.0,10.0,10.0,8.0,8.0,6.0,4.0,4.0,4.0,12.0,12.0,12.0,12.0,12.0,12.0,10.0,10.0,10.0,8.0,6.0,4.0,4.0,2.0,0.0,0.0,0.0,2.0,0.0,0.0,0.0,6.0,14.0,12.0,12.0,12.0,12.0,12.0,12.0,10.0,10.0,10.0,10.0,10.0,12.0,14.0,14.0,14.0,14.0,14.0,12.0,14.0
2024-12-04,2024-12,14.0,12.0,12.0,12.0,10.0,10.0,10.0,10.0,10.0,10.0,10.0,10.0,10.0,10.0,10.0,10.0,10.0,10.0,10.0,10.0,10.0,10.0,10.0,10.0,10.0,10.0,10.0,2.0,0.0,0.0,0.0,0.0,0.0,0.0,0.0,0.0,0.0,0.0,0.0,0.0,0.0,0.0,0.0,0.0,0.0,0.0,0.0,0.0,0.0,0.0,0.0,0.0,0.0,0.0,0.0,0.0,0.0,0.0,0.0,0.0,0.0,0.0,0.0,0.0,0.0,0.0,0.0,0.0,0.0,0.0,0.0,0.0,0.0,0.0,4.0,18.0,16.0,16.0,14.0,12.0,10.0,10.0,10.0,10.0,10.0,10.0,10.0,10.0,10.0,10.0,10.0,10.0,10.0,10.0,10.0,10.0
2024-12-05,2024-12,10.0,10.0,10.0,10.0,10.0,10.0,10.0,10.0,10.0,10.0,10.0,10.0,10.0,10.0,10.0,10.0,10.0,10.0,10.0,10.0,10.0,10.0,10.0,10.0,10.0,10.0,4.0,0.0,0.0,0.0,0.0,2.0,2.0,2.0,2.0,4.0,4.0,4.0,4.0,4.0,6.0,10.0,10.0,10.0,10.0,8.0,8.0,8.0,10.0,14.0,14.0,14.0,14.0,14.0,14.0,12.0,10.0,10.0,10.0,10.0,8.0,4.0,2.0,2.0,0.0,0.0,0.0,0.0,0.0,0.0,0.0,0.0,0.0,0.0,0.0,12.0,12.0,12.0,12.0,12.0,12.0,12.0,12.0,12.0,12.0,12.0,14.0,14.0,14.0,14.0,14.0,12.0,12.0,12.0,12.0,12.0
2024-12-06,2024-12,10.0,10.0,10.0,10.0,10.0,10.0,10.0,10.0,10.0,10.0,10.0,10.0,10.0,10.0,10.0,10.0,10.0,10.0,10.0,10.0,10.0,10.0,10.0,10.0,10.0,10.0,10.0,6.0,2.0,0.0,0.0,4.0,2.0,2.0,2.0,6.0,8.0,8.0,8.0,8.0,6.0,6.0,5.0,4.0,4.0,4.0,4.0,4.0,4.0,4.0,4.0,4.0,4.0,4.0,2.0,2.0,2.0,2.0,2.0,2.0,0.0,6.0,6.0,6.0,6.0,6.0,6.0,8.0,6.0,6.0,6.0,6.0,6.0,2.0,8.0,12.0,10.0,10.0,10.0,10.0,12.0,10.0,10.0,10.0,12.0,12.0,10.0,10.0,10.0,10.0,10.0,10.0,10.0,10.0,10.0,10.0
2024-12-07,2024-12,12.0,12.0,10.0,10.0,10.0,10.0,10.0,10.0,10.0,10.0,10.0,10.0,10.0,10.0,10.0,10.0,10.0,10.0,10.0,10.0,10.0,10.0,10.0,10.0,10.0,10.0,10.0,2.0,0.0,0.0,0.0,0.0,0.0,4.0,8.0,8.0,8.0,6.0,4.0,6.0,4.0,4.0,4.0,4.0,6.0,4.0,4.0,4.0,4.0,4.0,4.0,6.0,4.0,4.0,4.0,2.0,2.0,2.0,2.0,2.0,2.0,2.0,2.0,2.0,2.0,4.0,6.0,6.0,16.0,12.0,10.0,10.0,10.0,10.0,16.0,14.0,14.0,12.0,14.0,12.0,12.0,14.0,14.0,14.0,14.0,14.0,14.0,14.0,16.0,18.0,18.0,18.0,18.0,18.0,18.0,18.0
2024-12-08,2024-12,18.0,18.0,18.0,16.0,16.0,14.0,12.0,14.0,12.0,14.0,12.0,12.0,12.0,12.0,14.0,12.0,12.0,12.0,10.0,10.0,10.0,10.0,10.0,10.0,12.0,10.0,7.0,4.0,0.0,0.0,0.0,0.0,0.0,0.0,2.0,4.0,4.0,4.0,4.0,4.0,4.0,0.0,0.0,0.0,0.0,0.0,0.0,0.0,0.0,0.0,0.0,0.0,0.0,0.0,0.0,0.0,0.0,0.0,0.0,0.0,0.0,0.0,0.0,0.0,2.0,0.0,2.0,4.0,4.0,4.0,4.0,4.0,4.0,4.0,10.0,14.0,12.0,12.0,12.0,12.0,12.0,12.0,12.0,12.0,12.0,14.0,16.0,16.0,18.0,22.0,22.0,22.0,22.0,22.0,20.0,16.0
2024-12-09,2024-12,16.0,16.0,16.0,16.0,16.0,16.0,16.0,14.0,14.0,14.0,12.0,14.0,12.0,14.0,12.0,14.0,12.0,12.0,14.0,14.0,14.0,14.0,14.0,12.0,12.0,12.0,12.0,10.0,0.0,2.0,4.0,4.0,4.0,4.0,4.0,4.0,4.0,2.0,2.0,2.0,0.0,0.0,2.0,0.0,0.0,0.0,0.0,0.0,0.0,0.0,0.0,0.0,0.0,0.0,0.0,0.0,4.0,4.0,4.0,4.0,4.0,0.0,0.0,0.0,0.0,0.0,0.0,0.0,0.0,0.0,0.0,0.0,0.0,0.0,0.0,8.0,10.0,10.0,13.0,16.0,16.0,16.0,16.0,16.0,14.0,10.0,10.0,10.0,10.0,10.0,10.0,10.0,10.0,10.0,10.0,10.0
2024-12-10,2024-12,10.0,10.0,10.0,10.0,10.0,10.0,10.0,10.0,10.0,10.0,10.0,10.0,10.0,10.0,10.0,10.0,10.0,10.0,10.0,10.0,10.0,10.0,10.0,10.0,10.0,10.0,10.0,8.0,5.333333333333334,2.666666666666667,0.0,0.0,0.0,2.0,4.0,4.0,2.0,0.0,0.0,0.0,0.0,0.0,0.0,0.0,0.0,0.0,0.0,0.0,0.0,2.0,2.0,2.0,2.0,2.0,2.0,2.0,2.0,2.0,2.0,2.0,2.0,14.0,12.0,10.0,10.0,10.0,10.0,10.0,12.0,12.0,10.0,6.0,4.0,4.0,6.0,8.0,16.0,14.0,12.0,12.0,12.0,12.0,10.0,12.0,14.0,14.0,14.0,14.0,14.0,14.0,14.0,14.0,14.0,14.0,14.0,14.0
2024-12-11,2024-12,14.0,14.0,14.0,14.0,14.0,14.0,14.0,12.0,12.0,12.0,12.0,12.0,12.0,12.0,12.0,10.0,10.0,10.0,10.0,10.0,10.0,10.0,10.0,10.0,10.0,10.0,10.0,10.0,2.0,0.0,0.0,2.0,2.0,2.0,2.0,4.0,2.0,0.0,0.0,2.0,4.0,4.0,4.0,4.0,2.0,2.0,0.0,0.0,0.0,2.0,2.0,2.0,4.0,4.0,4.0,4.0,2.0,6.0,12.0,8.0,6.0,6.0,6.0,6.0,6.0,6.0,8.0,6.0,2.0,0.0,0.0,0.0,0.0,2.0,12.0,12.0,12.0,14.0,14.0,14.0,14.0,0.0,0.0,0.0,0.0,0.0,2.0,16.0,14.0,14.0,14.0,14.0,14.0,14.0,14.0,14.0
2024-12-12,2024-12,14.0,14.0,14.0,14.0,16.0,14.0,14.0,14.0,12.0,12.0,12.0,12.0,12.0,12.0,12.0,12.0,12.0,12.0,12.0,12.0,12.0,12.0,12.0,12.0,12.0,10.0,10.0,6.0,0.0,5.0,10.0,6.0,6.0,6.0,14.0,10.0,8.0,8.0,8.0,22.0,30.0,28.0,26.0,24.0,24.0,16.0,10.0,10.0,12.0,14.0,14.0,20.0,20.0,20.0,18.0,18.0,18.0,18.0,18.0,18.0,14.0,10.0,8.0,8.0,28.0,28.0,26.0,26.0,26.0,22.0,14.0,8.0,4.0,4.0,8.0,14.0,14.0,14.0,14.0,14.0,14.0,14.0,14.0,12.0,10.0,10.0,10.0,10.0,10.0,10.0,10.0,10.0,10.0,10.0,10.0,12.0
2024-12-13,2024-12,12.0,10.0,10.0,10.0,10.0,10.0,10.0,10.0,10.0,10.0,10.0,10.0,10.0,10.0,10.0,10.0,10.0,10.0,10.0,10.0,10.0,10.0,10.0,10.0,10.0,10.0,6.0,0.0,0.0,6.0,8.0,8.0,10.0,10.0,6.0,6.0,4.0,4.0,4.0,6.0,6.0,6.0,6.0,6.0,6.0,5.0,4.0,4.0,2.0,2.0,2.0,2.0,2.0,2.0,6.0,6.0,6.0,6.0,4.0,4.0,4.0,4.0,2.0,2.0,2.0,2.0,2.0,0.0,0.0,0.0,0.0,2.0,4.0,4.0,2.0,12.0,14.0,16.0,14.0,14.0,14.0,14.0,14.0,14.0,12.0,10.0,10.0,10.0,10.0,12.0,12.0,12.0,12.0,12.0,12.0,12.0
2024-12-14,2024-12,12.0,12.0,12.0,12.0,12.0,12.0,12.0,12.0,12.0,12.0,12.0,12.0,12.0,12.0,12.0,12.0,12.0,12.0,12.0,12.0,12.0,10.0,10.0,10.0,10.0,12.0,14.0,8.0,8.0,4.0,4.0,4.0,8.0,10.0,10.0,10.0,10.0,10.0,10.0,10.0,10.0,10.0,10.0,10.0,10.0,8.0,4.0,2.0,4.0,6.0,6.0,6.0,6.0,6.0,6.0,0.0,2.0,4.0,6.0,6.0,6.0,6.0,14.0,12.0,18.0,18.0,20.0,24.0,22.0,16.0,8.0,6.0,6.0,10.0,12.0,16.0,14.0,12.0,12.0,12.0,14.0,14.0,14.0,14.0,14.0,12.0,10.0,10.0,10.0,10.0,10.0,10.0,10.0,10.0,10.0,10.0
2024-12-15,2024-12,10.0,10.0,10.0,10.0,14.0,14.0,14.0,14.0,12.0,10.0,10.0,10.0,10.0,10.0,10.0,10.0,10.0,10.0,10.0,10.0,10.0,10.0,10.0,10.0,10.0,10.0,10.0,8.0,0.0,0.0,0.0,0.0,0.0,2.0,4.0,4.0,4.0,4.0,4.0,4.0,4.0,2.0,2.0,2.0,2.0,2.0,2.0,2.0,2.0,2.0,2.0,2.0,2.0,0.0,0.0,0.0,0.0,0.0,0.0,0.0,0.0,0.0,0.0,0.0,0.0,0.0,0.0,0.0,0.0,0.0,0.0,0.0,4.0,6.0,6.0,16.0,16.0,16.0,16.0,16.0,14.0,14.0,14.0,14.0,14.0,14.0,16.0,16.0,16.0,18.0,20.0,20.0,20.0,16.0,16.0,18.0
2024-12-16,2024-12,20.0,20.0,20.0,20.0,20.0,20.0,20.0,20.0,20.0,18.0,18.0,16.0,16.0,14.0,14.0,12.0,14.0,14.0,14.0,14.0,14.0,14.0,16.0,14.0,12.0,14.0,16.0,20.0,8.0,8.0,8.0,8.0,6.0,4.0,6.0,8.0,8.0,12.0,30.0,30.0,34.0,32.0,30.0,34.0,34.0,22.0,20.0,18.0,18.0,28.0,24.0,24.0,24.0,24.0,24.0,22.0,12.0,10.0,8.0,12.0,18.0,20.0,26.0,24.0,24.0,26.0,24.0,14.0,8.0,4.0,4.0,4.0,2.0,2.0,6.0,20.0,20.0,20.0,20.0,22.0,22.0,22.0,18.0,18.0,16.0,14.0,14.0,14.0,14.0,14.0,12.0,12.0,16.0,14.0,14.0,14.0
2024-12-17,2024-12,18.0,18.0,18.0,18.0,18.0,18.0,18.0,18.0,18.0,18.0,18.0,18.0,18.0,16.0,16.0,16.0,16.0,16.0,14.0,14.0,14.0,14.0,14.0,14.0,14.0,14.0,14.0,10.0,0.0,0.0,0.0,0.0,0.0,2.0,2.0,6.0,8.0,12.0,10.0,14.0,14.0,14.0,12.0,10.0,8.0,24.0,22.0,22.0,22.0,22.0,22.0,22.0,18.0,12.0,4.0,4.0,6.0,6.0,6.0,4.0,4.0,2.0,4.0,8.0,8.0,8.0,8.0,6.0,4.0,2.0,2.0,0.0,0.0,10.0,4.0,8.0,10.0,10.0,10.0,12.0,12.0,12.0,22.0,24.0,24.0,26.0,22.0,22.0,20.0,16.0,14.0,14.0,14.0,14.0,16.0,14.0
2024-12-18,2024-12,16.0,18.0,18.0,18.0,18.0,18.0,22.0,20.0,18.0,20.0,22.0,14.0,14.0,14.0,14.0,14.0,14.0,14.0,12.0,12.0,12.0,10.0,10.0,10.0,16.0,20.0,20.0,19.333333333333332,18.666666666666668,18.0,20.0,16.0,16.0,14.0,14.0,12.0,10.0,8.0,6.0,4.0,2.0,2.0,2.0,0.0,0.0,0.0,0.0,0.0,0.0,0.0,0.0,0.0,0.0,0.0,0.0,0.0,0.0,0.0,0.0,0.0,0.0,0.0,0.0,0.0,4.0,8.0,8.0,8.0,8.0,8.0,6.0,2.0,2.0,4.0,2.0,14.0,14.0,12.0,12.0,10.0,12.0,10.0,10.0,10.0,12.0,12.0,12.0,12.0,10.0,11.0,12.0,12.0,12.0,12.0,12.0,12.0
2024-12-19,2024-12,12.0,12.0,12.0,12.0,12.0,12.0,12.0,12.0,12.0,12.0,11.0,10.0,10.0,10.0,10.0,10.0,10.0,10.0,10.0,10.0,10.0,10.0,16.0,16.0,16.0,16.0,12.0,8.0,0.0,0.0,0.0,8.0,10.0,10.0,8.0,6.0,6.0,4.0,4.0,4.0,10.0,10.0,10.0,10.0,10.0,6.0,4.0,6.0,12.0,12.0,8.0,6.0,4.0,4.0,6.0,2.0,2.0,2.0,2.0,2.0,2.0,2.0,2.0,4.0,8.0,8.0,8.0,6.0,8.0,8.0,8.0,16.0,16.0,16.0,30.0,26.0,24.0,22.0,20.0,18.0,16.0,14.0,14.0,14.0,14.0,16.0,18.0,18.0,20.0,18.0,18.0,18.0,18.0,18.0,16.0,16.0
2024-12-20,2024-12,16.0,14.0,12.0,14.0,12.0,12.0,12.0,12.0,10.0,10.0,12.0,12.0,12.0,12.0,12.0,12.0,12.0,12.0,12.0,12.0,12.0,12.0,12.0,12.0,12.0,12.0,10.0,10.0,0.0,6.0,6.0,6.0,2.0,0.0,0.0,0.0,10.0,10.0,10.0,10.0,10.0,10.0,12.0,12.0,12.0,16.0,18.0,24.0,24.0,20.0,16.0,14.0,14.0,14.0,14.0,14.0,14.0,14.0,14.0,10.0,10.0,10.0,10.0,20.0,30.0,30.0,30.0,30.0,24.0,16.0,15.0,14.0,8.0,8.0,16.0,20.0,18.0,18.0,12.0,12.0,14.0,14.0,12.0,12.0,12.0,12.0,14.0,14.0,22.0,20.0,18.0,18.0,30.0,32.0,32.0,32.0
2024-12-21,2024-12,32.0,32.0,28.0,20.0,20.0,18.0,16.0,14.0,12.0,12.0,12.0,12.0,10.0,10.0,10.0,10.0,10.0,10.0,10.0,10.0,10.0,10.0,10.0,10.0,10.0,10.0,10.0,10.0,8.0,0.0,0.0,0.0,0.0,0.0,0.0,0.0,0.0,2.0,2.0,2.0,2.0,2.0,2.0,2.0,4.0,8.0,8.0,2.0,6.0,6.0,6.0,6.0,4.0,4.0,4.0,4.0,4.0,6.0,8.0,8.0,6.0,6.0,6.0,4.0,4.0,4.0,4.0,4.0,4.0,4.0,6.0,6.0,20.0,24.0,30.0,36.0,36.0,36.0,36.0,36.0,36.0,32.0,30.0,32.0,32.0,32.0,32.0,32.0,32.0,32.0,34.0,34.0,34.0,34.0,34.0,34.0
2024-12-22,2024-12,34.0,34.0,34.0,34.0,34.0,32.0,18.0,18.0,16.0,16.0,16.0,16.0,16.0,16.0,16.0,16.0,14.0,12.0,14.0,14.0,14.0,14.0,14.0,12.0,12.0,12.0,12.0,12.0,6.0,0.0,2.0,2.0,2.0,2.0,0.0,2.0,4.0,6.0,4.0,4.0,6.0,20.0,20.0,20.0,20.0,18.0,14.0,14.0,14.0,14.0,12.0,12.0,12.0,10.0,12.0,18.0,14.0,12.0,10.0,10.0,16.0,16.0,12.0,10.0,10.0,10.0,10.0,10.0,8.0,6.0,6.0,8.0,6.0,16.0,22.0,24.0,22.0,24.0,22.0,24.0,24.0,22.0,22.0,18.0,16.0,16.0,16.0,16.0,14.0,14.0,14.0,14.0,22.0,22.0,22.0,22.0
2024-12-23,2024-12,20.0,20.0,20.0,18.0,18.0,18.0,18.0,14.0,14.0,12.0,12.0,12.0,12.0,12.0,12.0,10.0,10.0,10.0,10.0,10.0,10.0,10.0,10.0,10.0,10.0,14.0,14.0,14.0,2.0,0.0,0.0,0.0,0.0,2.0,2.0,4.0,8.0,8.0,6.0,4.0,2.0,4.0,18.0,26.0,26.0,26.0,26.0,16.0,14.0,14.0,14.0,14.0,12.0,12.0,12.0,18.0,18.0,16.0,14.0,14.0,12.0,14.0,26.0,24.0,6.0,4.0,8.0,12.0,12.0,12.0,12.0,12.0,12.0,13.0,14.0,18.0,14.0,12.0,12.0,10.0,10.0,10.0,10.0,10.0,10.0,10.0,10.0,10.0,10.0,10.0,10.0,10.0,10.0,10.0,10.0,10.0
2024-12-24,2024-12,10.0,10.0,10.0,10.0,10.0,10.0,10.0,10.0,10.0,10.0,10.0,10.0,10.0,10.0,10.0,10.0,10.0,10.0,10.0,10.0,10.0,12.0,16.0,16.0,16.0,16.0,16.0,16.0,8.0,6.0,4.0,2.0,0.0,0.0,4.0,2.0,4.0,6.0,4.0,4.0,4.0,4.0,4.0,6.0,8.0,8.0,6.0,10.0,12.0,12.0,12.0,18.0,20.0,20.0,20.0,20.0,20.0,28.0,28.0,30.0,32.0,36.0,38.0,35.0,32.0,32.0,29.0,26.0,28.0,30.0,30.0,26.0,24.0,22.0,22.0,30.0,0.0,0.0,0.0,0.0,22.0,28.0,16.0,14.0,18.0,18.0,16.0,16.0,16.0,17.0,18.0,18.0,16.0,14.0,18.0,30.0
2024-12-25,2024-12,28.0,26.0,26.0,26.0,24.0,24.0,20.0,18.0,18.0,20.0,20.0,18.0,18.0,16.0,16.0,14.0,12.0,12.0,14.0,18.0,18.0,18.0,18.0,18.0,18.0,18.0,18.0,18.0,8.0,6.0,6.0,2.0,4.0,4.0,4.0,4.0,2.0,2.0,4.0,8.0,12.0,12.0,12.0,18.0,22.0,22.0,22.0,20.0,30.0,40.0,40.0,40.0,38.0,34.0,30.0,12.0,8.0,8.0,10.0,8.0,16.0,18.0,16.0,16.0,14.0,12.0,10.0,10.0,12.0,12.0,8.0,14.0,12.0,8.0,4.0,30.0,34.0,34.0,34.0,32.0,32.0,34.0,34.0,26.0,16.0,22.0,22.0,20.0,14.0,14.0,16.0,16.0,16.0,16.0,16.0,14.0
2024-12-26,2024-12,14.0,14.0,14.0,14.0,14.0,14.0,14.0,14.0,14.0,14.0,12.0,12.0,12.0,12.0,12.0,12.0,12.0,12.0,12.0,12.0,12.0,12.0,12.0,12.0,12.0,12.0,20.0,22.0,24.0,24.0,22.0,22.0,20.0,18.0,14.0,10.0,12.0,12.0,12.0,10.0,14.0,14.0,12.0,12.0,10.0,8.0,8.0,8.0,8.0,8.0,10.0,10.0,28.0,26.0,28.0,26.0,24.0,20.0,28.0,24.0,16.0,8.0,10.0,20.0,18.0,20.0,20.0,20.0,18.0,24.0,22.0,20.0,20.0,16.0,16.0,16.0,24.0,24.0,16.0,26.0,28.0,30.0,30.0,28.0,26.0,22.0,20.0,22.0,22.0,24.0,26.0,26.0,26.0,28.0,30.0,30.0
2024-12-27,2024-12,30.0,30.0,28.0,30.0,30.0,26.0,26.0,24.0,22.0,22.0,22.0,22.0,22.0,22.0,22.0,20.0,20.0,20.0,20.0,20.0,20.0,18.0,18.0,16.0,16.0,16.0,16.0,16.0,16.0,2.0,0.0,2.0,2.0,2.0,2.0,2.0,10.0,12.0,24.0,26.0,26.0,24.0,24.0,24.0,24.0,24.0,22.0,22.0,28.0,28.0,26.0,26.0,26.0,24.0,22.0,22.0,20.0,20.0,18.0,16.0,20.0,20.0,28.0,30.0,36.0,36.0,34.0,32.0,32.0,20.0,18.0,20.0,18.0,18.0,14.0,22.0,16.0,14.0,14.0,12.0,12.0,12.0,12.0,12.0,12.0,14.0,20.0,20.0,20.0,20.0,20.0,20.0,20.0,18.0,18.0,18.0
2024-12-28,2024-12,18.0,18.0,18.0,18.0,18.0,18.0,18.0,18.0,18.0,18.0,18.0,18.0,18.0,18.0,18.0,18.0,18.0,16.0,16.0,16.0,14.0,14.0,14.0,14.0,14.0,14.0,14.0,14.0,8.0,2.0,10.0,4.0,4.0,4.0,4.0,2.0,0.0,0.0,0.0,0.0,0.0,2.0,4.0,4.0,4.0,2.0,2.0,2.0,2.0,2.0,6.0,12.0,8.0,10.0,12.0,16.0,16.0,14.0,14.0,12.0,12.0,10.0,10.0,10.0,8.0,12.0,12.0,16.0,28.0,36.0,36.0,38.0,38.0,28.0,18.0,16.0,22.0,20.0,24.0,24.0,22.0,22.0,20.0,20.0,22.0,22.0,20.0,16.0,14.0,14.0,14.0,14.0,14.0,14.0,14.0,14.0
2024-12-29,2024-12,18.0,22.0,22.0,18.0,16.0,16.0,16.0,16.0,16.0,16.0,16.0,14.0,14.0,12.0,10.0,10.0,10.0,10.0,10.0,10.0,10.0,10.0,10.0,10.0,10.0,10.0,10.0,6.0,8.0,4.0,0.0,0.0,0.0,0.0,0.0,14.0,20.0,20.0,30.0,30.0,30.0,30.0,24.0,20.0,16.0,16.0,14.0,10.0,4.0,2.0,2.0,0.0,4.0,4.0,8.0,10.0,10.0,10.0,10.0,10.0,10.0,10.0,12.0,12.0,11.0,10.0,10.0,10.0,10.0,10.0,10.0,8.0,8.0,10.0,10.0,16.0,20.0,14.0,10.0,10.0,10.0,14.0,16.0,18.0,18.0,20.0,20.0,20.0,20.0,20.0,20.0,20.0,20.0,20.0,18.0,20.0
2024-12-30,2024-12,20.0,20.0,18.0,16.0,16.0,14.0,14.0,12.0,12.0,12.0,12.0,12.0,12.0,12.0,12.0,12.0,10.0,12.0,12.0,12.0,10.0,10.0,10.0,10.0,10.0,10.0,10.0,14.0,24.0,14.0,12.0,12.0,12.0,10.0,14.0,14.0,14.0,12.0,8.0,6.0,2.0,2.0,4.0,4.0,4.0,4.0,4.0,4.0,4.0,4.0,4.0,4.0,6.0,6.0,6.0,6.0,6.0,6.0,6.0,6.0,6.0,6.0,6.0,6.0,4.0,4.0,4.0,4.0,4.0,4.0,6.0,6.0,8.0,9.0,10.0,18.0,22.0,20.0,20.0,16.0,16.0,16.0,26.0,32.0,32.0,30.0,32.0,32.0,28.0,32.0,38.0,36.0,36.0,34.0,34.0,34.0
2024-12-31,2024-12,32.0,30.0,30.0,30.0,28.0,28.0,28.0,28.0,30.0,28.0,28.0,28.0,28.0,26.0,26.0,28.0,28.0,28.0,28.0,26.0,26.0,28.0,28.0,28.0,26.0,24.0,22.0,18.0,14.0,14.0,10.0,4.0,0.0,0.0,4.0,16.0,16.0,16.0,16.0,16.0,16.0,16.0,18.0,20.0,24.0,24.0,22.0,22.0,22.0,20.0,20.0,20.0,18.0,16.0,14.0,10.0,8.666666666666666,7.333333333333334,6.0,6.0,4.0,10.0,24.0,28.0,29.0,30.0,38.0,38.0,32.0,26.0,20.0,18.0,14.0,24.0,18.0,20.0,26.0,26.0,24.0,26.0,24.0,22.0,20.0,22.0,22.0,22.0,20.0,16.0,20.0,20.0,18.0,18.0,18.0,14.0,12.0,10.0
2025-01-01,2025-01,10.0,10.0,10.0,10.0,10.0,10.0,10.0,10.0,10.0,10.0,10.0,10.0,10.0,10.0,10.0,12.0,12.0,12.0,12.0,12.0,12.0,12.0,12.0,12.0,10.0,10.0,10.0,8.0,6.0,0.0,0.0,0.0,0.0,0.0,0.0,0.0,8.0,4.0,6.0,8.0,8.0,6.0,6.0,6.0,4.0,6.0,2.0,6.0,8.0,10.0,10.0,8.0,8.0,8.0,8.0,20.0,22.0,20.0,20.0,16.0,16.0,14.0,12.0,12.0,12.0,10.0,8.0,6.0,6.0,6.0,8.0,8.0,8.0,8.0,12.0,22.0,20.0,20.0,18.0,16.0,16.0,14.0,14.0,12.0,12.0,12.0,16.0,16.0,16.0,16.0,16.0,16.0,16.0,12.0,12.0,12.0
2025-01-05,2025-01,48.0,48.0,48.0,48.0,48.0,46.0,44.0,42.0,38.0,36.0,34.0,32.0,28.0,28.0,26.0,24.0,24.0,24.0,24.0,26.0,36.0,36.0,36.0,36.0,36.0,36.0,34.0,30.0,22.0,12.0,11.0,10.0,8.0,8.0,4.0,2.0,2.0,4.0,6.0,10.0,18.0,18.0,18.0,18.0,18.0,18.0,18.0,18.0,16.0,16.0,16.0,14.0,12.0,10.0,18.0,22.0,22.0,24.0,46.0,50.0,56.0,50.0,48.0,48.0,52.0,44.0,26.0,16.0,12.0,8.0,12.0,8.0,4.0,6.0,12.0,10.0,18.0,28.0,32.0,26.0,26.0,26.0,32.0,32.0,30.0,28.0,28.0,36.0,34.0,32.0,32.0,32.0,30.0,30.0,30.0,28.0
2025-01-06,2025-01,28.0,28.0,28.0,26.0,26.0,26.0,26.0,24.0,24.0,24.0,22.0,20.0,20.0,18.0,16.0,16.0,16.0,14.0,14.0,12.0,12.0,12.0,12.0,14.0,14.0,14.0,12.0,12.0,8.0,0.0,0.0,0.0,2.0,14.0,14.0,18.0,20.0,22.0,22.0,42.0,46.0,52.0,46.0,42.0,36.0,36.0,34.0,38.0,40.0,38.0,38.0,38.0,44.0,42.0,40.0,46.0,40.0,58.0,48.0,42.0,42.0,40.0,32.0,28.0,26.0,24.0,24.0,18.0,14.0,14.0,12.0,8.0,6.0,6.0,6.0,6.0,14.0,12.0,16.0,20.0,20.0,20.0,14.0,16.0,16.0,14.0,14.0,14.0,14.0,16.0,20.0,20.0,20.0,20.0,18.0,18.0
2025-01-07,2025-01,18.0,18.0,18.0,18.0,18.0,18.0,18.0,18.0,16.0,14.0,14.0,12.0,10.0,10.0,10.0,10.0,10.0,10.0,10.0,10.0,10.0,10.0,10.0,10.0,10.0,12.0,10.0,10.0,2.0,2.0,18.0,18.0,18.0,16.0,14.0,14.0,20.0,20.0,18.0,16.0,16.0,16.0,14.0,12.0,14.0,16.0,26.0,16.0,16.0,18.0,16.0,22.0,10.0,12.0,12.0,14.0,22.0,20.0,12.0,10.0,12.0,12.0,10.0,8.0,8.0,8.0,8.0,6.0,6.0,6.0,6.0,4.0,12.0,20.0,8.0,12.0,22.0,26.0,36.0,36.0,37.0,38.0,42.0,42.0,42.0,42.0,44.0,44.0,44.0,40.0,36.0,36.0,38.0,40.0,40.0,36.0
2025-01-08,2025-01,36.0,36.0,36.0,34.0,34.0,34.0,34.0,34.0,32.0,32.0,32.0,32.0,34.0,32.0,32.0,30.0,30.0,28.0,28.0,26.0,26.0,24.0,24.0,24.0,24.0,24.0,22.0,22.0,18.0,18.0,30.0,44.0,44.0,42.0,40.0,36.0,36.0,38.0,38.0,36.0,32.0,32.0,30.0,34.0,40.0,48.0,46.0,42.0,40.0,38.0,38.0,34.0,30.0,28.0,26.0,18.0,14.0,12.0,12.0,18.0,20.0,36.0,38.0,36.0,30.0,30.0,30.0,36.0,36.0,34.0,30.0,26.0,22.0,22.0,20.0,24.0,36.0,36.0,36.0,34.0,34.0,32.0,32.0,32.0,36.0,36.0,34.0,32.0,30.0,42.0,40.0,34.0,34.0,40.0,36.0,30.0
2025-01-10,2025-01,26.0,26.0,24.0,20.0,20.0,20.0,20.0,20.0,20.0,18.0,18.0,20.0,20.0,20.0,20.0,18.0,16.0,14.0,14.0,14.0,14.0,14.0,14.0,14.0,14.0,14.0,14.0,14.0,10.0,4.0,2.666666666666667,1.3333333333333335,0.0,0.0,0.0,0.0,0.0,0.0,0.0,8.0,14.0,12.0,12.0,8.0,6.0,4.0,4.0,8.0,10.0,8.0,6.0,6.0,6.0,6.0,6.0,6.0,10.0,30.0,30.0,28.0,28.0,28.0,28.0,28.0,28.0,28.0,28.0,28.0,28.0,28.0,30.0,32.0,32.0,34.0,38.0,38.0,44.0,40.0,40.0,40.0,38.0,36.0,36.0,32.0,30.0,28.0,26.0,24.0,24.0,24.0,22.0,22.0,24.0,22.0,22.0,22.0
2025-01-11,2025-01,20.0,20.0,20.0,20.0,20.0,22.0,20.0,20.0,20.0,24.0,24.0,24.0,22.0,22.0,20.0,20.0,20.0,20.0,20.0,20.0,19.0,18.0,14.0,14.0,14.0,14.0,22.0,28.0,24.0,24.0,20.0,14.0,16.0,18.0,38.0,36.0,34.0,28.0,32.0,28.0,14.0,12.0,12.0,14.0,22.0,22.0,22.0,22.0,20.0,18.0,9.0,0.0,0.0,0.0,0.0,0.0,0.0,0.0,0.0,2.0,2.0,2.0,0.0,0.0,2.0,20.0,18.0,10.0,16.0,12.0,6.0,4.0,4.0,2.0,2.0,14.0,14.0,16.0,34.0,36.0,36.0,36.0,36.0,36.0,34.0,30.0,24.0,20.0,18.0,16.0,16.0,16.0,14.0,14.0,12.0,12.0
2025-01-12,2025-01,12.0,12.0,12.0,12.0,12.0,12.0,12.0,12.0,12.0,12.0,12.0,12.0,12.0,12.0,12.0,12.0,12.0,12.0,14.0,14.0,12.0,12.0,12.0,12.0,14.0,14.0,12.0,12.0,12.0,0.0,0.0,2.0,4.0,4.0,4.0,4.0,10.0,10.0,12.0,10.0,10.0,12.0,10.0,10.0,10.0,8.0,8.0,8.0,8.0,6.0,6.0,4.0,2.0,2.0,2.0,4.0,6.0,20.0,20.0,18.0,20.0,22.0,22.0,71.0,120.0,154.0,168.0,0.0,0.0,16.0,0.0,0.0,6.0,0.0,0.0,10.0,10.0,10.0,10.0,10.0,10.0,10.0,10.0,10.0,10.0,10.0,16.0,30.0,30.0,30.0,30.0,30.0,50.0,54.0,52.0,52.0
2025-01-13,2025-01,48.0,44.0,44.0,44.0,44.0,46.0,44.0,42.0,42.0,40.0,38.0,36.0,32.0,28.0,26.0,24.0,22.0,18.0,16.0,14.0,12.0,12.0,12.0,10.0,10.0,10.0,10.0,10.0,10.0,8.0,0.0,0.0,0.0,0.0,0.0,0.0,0.0,0.0,2.0,2.0,2.0,2.0,2.0,2.0,2.0,2.0,2.0,2.0,2.0,2.0,2.0,2.0,0.0,2.0,2.0,2.0,2.0,2.0,2.0,2.0,4.0,2.0,2.0,2.0,2.0,0.0,0.0,2.0,0.0,2.0,2.0,2.0,2.0,2.0,2.0,12.0,12.0,12.0,10.0,10.0,14.0,12.0,12.0,12.0,12.0,10.0,10.0,10.0,10.0,10.0,12.0,12.0,12.0,12.0,12.0,12.0
2025-01-14,2025-01,12.0,12.0,12.0,12.0,12.0,12.0,12.0,12.0,12.0,12.0,11.0,10.0,10.0,10.0,10.0,10.0,10.0,10.0,10.0,10.0,10.0,10.0,10.0,10.0,10.0,12.0,12.0,10.0,8.0,8.0,0.0,0.0,0.0,0.0,0.0,0.0,0.0,0.0,0.0,0.0,0.0,0.0,0.0,0.0,0.0,0.0,0.0,0.0,0.0,0.0,0.0,0.0,0.0,0.0,0.0,0.0,2.0,6.0,10.0,12.0,12.0,12.0,8.0,6.0,4.0,20.0,20.0,16.0,12.0,12.0,16.0,6.0,12.0,8.0,10.0,14.0,16.0,12.0,10.0,12.0,12.0,12.0,12.0,14.0,14.0,14.0,12.0,16.0,24.0,30.0,36.0,36.0,36.0,36.0,34.0,26.0
2025-01-15,2025-01,22.0,20.0,18.0,18.0,16.0,16.0,16.0,16.0,16.0,16.0,16.0,16.0,16.0,16.0,14.0,14.0,12.0,12.0,10.0,10.0,10.0,10.0,10.0,10.0,10.0,10.0,10.0,10.0,8.0,0.0,0.0,0.0,2.0,0.0,4.0,6.0,6.0,16.0,16.0,18.0,18.0,22.0,30.0,30.0,30.0,30.0,28.0,28.0,24.0,22.0,16.0,12.0,10.0,12.0,22.0,22.0,22.0,22.0,22.0,22.0,20.0,12.0,10.0,10.0,10.0,8.0,6.0,8.0,6.0,6.0,4.0,4.0,4.0,2.0,4.0,2.0,10.0,16.0,14.0,18.0,20.0,20.0,20.0,20.0,20.0,20.0,20.0,18.0,22.0,24.0,26.0,28.0,28.0,26.0,28.0,28.0
2025-01-21,2025-01,24.0,26.0,28.0,28.0,26.0,24.0,18.0,16.0,18.0,16.0,16.0,18.0,16.0,16.0,16.0,16.0,14.0,14.0,14.0,14.0,14.0,14.0,12.0,12.0,12.0,12.0,12.0,10.0,6.0,0.0,0.0,0.0,0.0,0.0,0.0,0.0,0.0,0.0,0.0,0.0,0.0,0.0,0.0,0.0,0.0,2.0,8.0,5.333333333333334,2.666666666666667,0.0,10.0,10.0,10.0,12.0,12.0,8.0,4.0,10.0,6.0,4.0,0.0,0.0,2.0,0.0,0.0,0.0,0.0,0.0,0.0,0.0,0.0,0.0,6.0,0.0,8.0,2.0,6.0,10.0,20.0,22.0,22.0,23.0,24.0,26.0,26.0,26.0,24.0,24.0,24.0,22.0,20.0,18.0,10.0,10.0,10.0,10.0
2025-01-23,2025-01,0.0,0.0,0.0,0.0,0.0,0.0,0.0,0.0,0.0,0.0,0.0,0.0,0.0,0.0,0.0,0.0,0.0,0.0,0.0,0.0,0.0,0.0,0.0,0.0,0.0,0.0,0.0,0.0,0.0,0.0,0.0,0.0,0.0,0.0,0.0,0.0,0.0,0.0,0.0,0.0,0.0,0.0,0.0,0.0,0.0,0.0,0.0,0.0,0.0,0.0,0.0,0.0,0.0,0.0,0.0,0.0,0.0,0.0,0.0,0.0,0.0,0.0,0.0,0.0,6.0,12.0,12.0,8.0,14.0,26.0,24.0,24.0,24.0,24.0,20.0,20.0,20.0,18.0,18.0,16.0,18.0,16.0,16.0,16.0,24.0,28.0,28.0,18.0,32.0,34.0,34.0,36.0,36.0,38.0,40.0,40.0
2025-01-24,2025-01,40.0,40.0,40.0,40.0,38.0,34.0,34.0,30.0,26.0,24.0,24.0,22.0,22.0,22.0,22.0,20.0,20.0,20.0,18.0,18.0,18.0,16.0,16.0,16.0,14.0,14.0,14.0,12.0,8.0,0.0,0.0,0.0,0.0,0.0,0.0,0.0,16.0,20.0,24.0,24.0,24.0,22.0,12.0,12.0,12.0,14.0,14.0,14.0,14.0,14.0,12.0,10.0,8.0,8.0,6.0,6.0,4.0,6.0,10.0,22.0,20.0,18.0,18.0,18.0,18.0,18.0,18.0,14.0,12.0,10.0,18.0,30.0,32.0,32.0,32.0,34.0,36.0,40.0,38.0,36.0,28.0,22.0,18.0,20.0,16.0,14.0,14.0,22.0,18.0,14.0,12.0,12.0,22.0,24.0,24.0,24.0
2025-01-25,2025-01,24.0,24.0,20.0,20.0,20.0,20.0,22.0,16.0,14.0,12.0,12.0,12.0,12.0,12.0,12.0,12.0,12.0,12.0,12.0,12.0,12.0,10.0,10.0,10.0,10.0,10.0,10.0,8.0,2.0,0.0,4.0,0.0,0.0,0.0,0.0,0.0,0.0,0.0,0.0,0.0,0.0,0.0,0.0,0.0,0.0,0.0,0.0,0.0,0.0,0.0,0.0,0.0,0.0,0.0,0.0,0.0,0.0,2.0,6.0,6.0,4.0,4.0,3.0,2.0,2.0,0.0,0.0,0.0,0.0,0.0,30.0,28.0,28.0,28.0,26.0,14.0,20.0,26.0,18.0,18.0,18.0,16.0,16.0,12.0,10.0,12.0,12.0,12.0,12.0,10.0,10.0,10.0,10.0,10.0,10.0,10.0
2025-01-26,2025-01,10.0,10.0,10.0,10.0,10.0,10.0,10.0,10.0,10.0,10.0,10.0,10.0,10.0,10.0,10.0,10.0,10.0,10.0,10.0,10.0,10.0,10.0,10.0,10.0,10.0,10.0,12.0,12.0,4.0,2.0,0.0,0.0,0.0,0.0,0.0,0.0,0.0,0.0,0.0,0.0,0.0,0.0,0.0,0.0,0.0,0.0,0.0,0.0,0.0,0.0,0.0,0.0,34.0,34.0,158.0,172.0,178.0,180.0,182.0,58.0,2.0,0.0,18.0,14.0,14.0,12.0,14.0,14.0,14.0,12.0,18.0,16.0,14.0,10.0,14.0,24.0,28.0,28.0,26.0,26.0,26.0,26.0,24.0,24.0,22.0,22.0,22.0,22.0,18.0,16.0,22.0,22.0,22.0,22.0,22.0,20.0
2025-01-27,2025-01,18.0,18.0,18.0,14.0,14.0,14.0,14.0,14.0,14.0,14.0,14.0,14.0,14.0,14.0,14.0,14.0,12.0,12.0,12.0,12.0,12.0,12.0,12.0,12.0,12.0,12.0,12.0,10.0,2.0,0.0,0.0,0.0,0.0,0.0,0.0,2.0,2.0,2.0,14.0,148.0,164.0,172.0,176.0,102.0,53.0,4.0,4.0,4.0,4.0,4.0,4.0,4.0,6.0,10.0,10.0,8.0,6.0,6.0,8.0,8.0,8.0,8.0,0.0,0.0,2.0,4.0,4.0,18.0,20.0,20.0,18.0,18.0,18.0,16.0,10.0,4.0,2.0,10.0,10.0,10.0,10.0,10.0,10.0,14.0,12.0,10.0,10.0,10.0,10.0,10.0,10.0,10.0,10.0,10.0,10.0,10.0
2025-01-28,2025-01,10.0,10.0,10.0,10.0,10.0,10.0,10.0,10.0,10.0,10.0,10.0,10.0,10.0,10.0,10.0,10.0,10.0,10.0,10.0,10.0,10.0,10.0,10.0,10.0,10.0,10.0,10.0,10.0,10.0,4.0,6.0,2.0,6.0,12.0,12.0,12.0,12.0,12.0,12.0,20.0,24.0,24.0,22.0,16.0,12.0,10.0,8.0,7.0,6.0,6.0,6.0,8.0,8.0,8.0,8.0,8.0,0.0,4.0,140.0,172.0,94.0,4.0,2.0,0.0,0.0,0.0,0.0,0.0,0.0,0.0,0.0,0.0,0.0,0.0,2.0,0.0,2.0,12.0,10.0,10.0,10.0,10.0,10.0,10.0,10.0,10.0,10.0,10.0,10.0,12.0,12.0,12.0,12.0,12.0,12.0,12.0
2025-01-29,2025-01,12.0,12.0,12.0,12.0,12.0,12.0,12.0,12.0,12.0,12.0,12.0,12.0,12.0,12.0,12.0,12.0,12.0,12.0,12.0,12.0,12.0,12.0,12.0,12.0,12.0,12.0,12.0,7.0,2.0,2.0,2.0,2.0,2.0,2.0,2.0,0.0,0.0,0.0,0.0,0.0,0.0,0.0,0.0,0.0,0.0,2.0,2.0,2.0,2.0,2.0,2.0,2.0,2.0,2.0,2.0,2.0,2.0,40.0,162.0,178.0,184.0,188.0,184.0,8.0,8.0,8.0,8.0,8.0,8.0,8.0,6.0,4.0,4.0,2.0,2.0,10.0,16.0,14.0,14.0,12.0,12.0,12.0,12.0,10.0,12.0,10.0,10.0,10.0,10.0,10.0,11.0,12.0,12.0,12.0,12.0,12.0
2025-01-30,2025-01,12.0,12.0,12.0,12.0,12.0,12.0,10.0,10.0,10.0,10.0,12.0,12.0,12.0,12.0,12.0,12.0,12.0,12.0,12.0,12.0,12.0,12.0,12.0,12.0,12.0,12.0,12.0,12.0,2.0,2.0,0.0,0.0,0.0,0.0,0.0,0.0,0.0,0.0,0.0,0.0,2.0,4.0,4.0,2.0,0.0,0.0,0.0,0.0,0.0,0.0,2.0,0.0,0.0,0.0,0.0,0.0,0.0,0.0,0.0,0.0,0.0,0.0,0.0,0.0,0.0,0.0,0.0,0.0,0.0,0.0,0.0,0.0,0.0,0.0,0.0,0.0,6.0,30.0,26.0,26.0,18.0,24.0,24.0,20.0,24.0,22.0,12.0,11.0,10.0,10.0,10.0,10.0,10.0,10.0,10.0,10.0
2025-01-31,2025-01,10.0,10.0,10.0,10.0,10.0,10.0,10.0,10.0,10.0,10.0,10.0,10.0,10.0,10.0,10.0,10.0,10.0,10.0,10.0,10.0,10.0,10.0,10.0,10.0,10.0,10.0,10.0,10.0,8.0,0.0,0.0,0.0,10.0,10.0,10.0,10.0,10.0,10.0,10.0,8.0,4.0,2.0,2.0,0.0,0.0,0.0,0.0,0.0,0.0,0.0,0.0,2.0,4.0,4.0,4.0,4.0,4.0,4.0,4.0,4.0,4.0,2.0,0.0,0.0,3.0,6.0,6.0,6.0,6.0,6.0,6.0,6.0,4.0,0.0,0.0,0.0,8.0,10.0,10.0,10.0,10.0,12.0,12.0,12.0,14.0,18.0,18.0,32.0,32.0,30.0,28.0,26.0,26.0,26.0,26.0,24.0
2025-02-01,2025-02,20.0,16.0,16.0,16.0,14.0,14.0,13.0,12.0,12.0,12.0,16.0,16.0,14.0,14.0,14.0,14.0,14.0,14.0,14.0,12.0,10.0,10.0,10.0,10.0,10.0,10.0,10.0,10.0,10.0,10.0,8.0,10.0,10.0,10.0,10.0,8.0,2.0,0.0,0.0,0.0,0.0,0.0,0.0,2.0,4.0,4.0,4.0,4.0,4.0,4.0,6.0,8.0,8.0,8.0,8.0,6.0,6.0,12.0,12.0,10.0,10.0,12.0,10.0,10.0,8.0,6.0,4.0,4.0,4.0,4.0,4.0,2.0,6.0,10.0,8.0,8.0,18.0,14.0,12.0,12.0,12.0,10.0,10.0,10.0,10.0,10.0,16.0,20.0,20.0,20.0,20.0,20.0,20.0,20.0,18.0,18.0
2025-02-02,2025-02,16.0,14.0,12.0,12.0,10.0,10.0,10.0,10.0,10.0,10.0,10.0,10.0,10.0,10.0,10.0,10.0,10.0,10.0,10.0,10.0,10.0,10.0,10.0,8.0,10.0,10.0,10.0,10.0,8.0,0.0,0.0,0.0,0.0,0.0,0.0,0.0,0.0,0.0,0.0,0.0,0.0,0.0,0.0,0.0,0.0,0.0,0.0,0.0,0.0,0.0,0.0,0.0,0.0,0.0,0.0,0.0,0.0,0.0,0.0,0.0,0.0,0.0,0.0,0.0,0.0,0.0,0.0,0.0,0.0,0.0,0.0,0.0,0.0,0.0,0.0,4.0,2.0,10.0,10.0,10.0,10.0,10.0,10.0,10.0,10.0,10.0,10.0,10.0,12.0,10.0,10.0,10.0,10.0,10.0,10.0,10.0
2025-02-03,2025-02,10.0,10.0,10.0,10.0,10.0,10.0,10.0,10.0,10.0,10.0,10.0,10.0,10.0,10.0,10.0,10.0,10.0,10.0,10.0,10.0,10.0,10.0,10.0,10.0,10.0,10.0,10.0,4.0,0.0,0.0,0.0,0.0,0.0,4.0,4.0,6.0,10.0,12.0,14.0,14.0,14.0,14.0,14.0,14.0,14.0,14.0,12.0,12.0,12.0,12.0,10.0,10.0,16.0,22.0,30.0,30.0,30.0,28.0,24.0,24.0,22.0,22.0,22.0,18.0,18.0,14.0,8.0,8.0,8.0,8.0,6.0,4.0,6.0,6.0,8.0,10.0,14.0,14.0,12.0,12.0,14.0,12.0,12.0,12.0,10.0,10.0,10.0,10.0,10.0,10.0,10.0,10.0,10.0,10.0,10.0,10.0
2025-02-04,2025-02,10.0,10.0,10.0,10.0,10.0,10.0,10.0,10.0,10.0,10.0,10.0,10.0,10.0,10.0,10.0,10.0,10.0,10.0,10.0,10.0,10.0,10.0,10.0,10.0,10.0,10.0,10.0,10.0,8.0,0.0,0.0,0.0,0.0,0.0,0.0,0.0,0.0,0.0,0.0,0.0,0.0,0.0,0.0,0.0,0.0,0.0,0.0,0.0,0.0,0.0,0.0,0.0,0.0,0.0,4.0,9.0,14.0,32.0,32.0,28.0,46.0,58.0,54.0,50.0,28.0,30.0,32.0,32.0,26.0,16.0,18.0,18.0,12.0,4.0,4.0,6.0,14.0,13.0,12.0,12.0,12.0,12.0,12.0,12.0,14.0,12.0,12.0,12.0,12.0,10.0,10.0,12.0,12.0,12.0,20.0,24.0
2025-02-05,2025-02,24.0,24.0,24.0,24.0,24.0,24.0,22.0,22.0,18.0,16.0,14.0,14.0,12.0,10.0,10.0,10.0,10.0,10.0,10.0,10.0,10.0,10.0,10.0,10.0,10.0,10.0,10.0,10.0,4.0,0.0,0.0,0.0,0.0,4.0,16.0,0.0,0.0,0.0,0.0,0.0,0.0,0.0,0.0,0.0,0.0,14.0,22.0,22.0,22.0,16.0,14.0,10.0,38.0,160.0,174.0,182.0,188.0,96.0,10.0,10.0,10.0,10.0,10.0,10.0,8.0,4.0,4.0,0.0,0.0,0.0,0.0,0.0,6.0,6.0,6.0,6.0,8.0,16.0,16.0,10.0,10.0,10.0,10.0,10.0,16.0,18.0,18.0,18.0,18.0,18.0,18.0,18.0,18.0,18.0,18.0,16.0
2025-02-06,2025-02,20.0,26.0,26.0,24.0,24.0,20.0,20.0,20.0,18.0,18.0,18.0,12.0,12.0,12.0,12.0,12.0,12.0,12.0,12.0,12.0,12.0,12.0,12.0,12.0,12.0,12.0,10.0,10.0,8.0,4.0,0.0,0.0,0.0,0.0,0.0,0.0,0.0,0.0,0.0,0.0,0.0,0.0,0.0,0.0,0.0,0.0,0.0,0.0,0.0,0.0,0.0,0.0,0.0,2.0,6.0,4.0,4.0,4.0,4.0,4.0,4.0,16.0,28.0,24.0,16.0,14.0,18.0,16.0,4.0,0.0,4.0,6.0,4.0,4.0,4.0,6.0,8.0,16.0,14.0,14.0,18.0,18.0,18.0,16.0,14.0,16.0,16.0,16.0,15.0,14.0,14.0,12.0,12.0,12.0,12.0,12.0
2025-02-07,2025-02,12.0,12.0,12.0,12.0,12.0,12.0,12.0,12.0,12.0,12.0,12.0,12.0,12.0,12.0,12.0,12.0,12.0,14.0,14.0,14.0,14.0,14.0,14.0,14.0,14.0,14.0,12.0,14.0,10.0,2.0,0.0,0.0,0.0,0.0,0.0,0.0,0.0,0.0,0.0,0.0,2.0,2.0,0.0,0.0,0.0,0.0,0.0,0.0,0.0,2.0,2.0,0.0,4.0,6.0,40.0,162.0,178.0,186.0,190.0,190.0,172.0,8.0,8.0,8.0,8.0,8.0,6.0,6.0,6.0,12.0,12.0,10.0,6.0,4.0,4.0,6.0,14.0,16.0,14.0,12.0,12.0,12.0,12.0,12.0,12.0,12.0,12.0,12.0,12.0,12.0,12.0,12.0,12.0,12.0,14.0,14.0
2025-02-08,2025-02,14.0,14.0,14.0,14.0,14.0,14.0,14.0,14.0,14.0,14.0,12.0,12.0,12.0,12.0,12.0,12.0,12.0,12.0,12.0,10.0,10.0,10.0,10.0,10.0,10.0,10.0,10.0,10.0,4.0,2.0,0.0,0.0,0.0,0.0,0.0,0.0,0.0,0.0,0.0,0.0,0.0,0.0,0.0,4.0,0.0,0.0,0.0,0.0,0.0,0.0,0.0,0.0,0.0,0.0,0.0,0.0,0.0,0.0,0.0,0.0,0.0,0.0,0.0,0.0,0.0,0.0,14.0,20.0,0.0,0.0,0.0,0.0,0.0,0.0,0.0,0.0,0.0,0.0,0.0,0.0,0.0,0.0,0.0,0.0,0.0,0.0,0.0,8.0,10.0,10.0,10.0,10.0,10.0,10.0,10.0,10.0
2025-02-09,2025-02,10.0,10.0,10.0,10.0,10.0,10.0,10.0,10.0,10.0,10.0,10.0,10.0,10.0,10.0,10.0,10.0,10.0,10.0,10.0,10.0,10.0,10.0,10.0,10.0,10.0,10.0,10.0,10.0,0.0,0.0,0.0,0.0,0.0,0.0,4.0,4.0,4.0,0.0,0.0,0.0,0.0,2.0,6.0,6.0,6.0,6.0,6.0,4.0,2.0,0.0,0.0,0.0,0.0,0.0,6.0,6.0,6.0,6.0,6.0,4.0,0.0,0.0,0.0,0.0,0.0,6.0,12.0,12.0,16.0,14.0,12.0,12.0,12.0,16.0,14.0,14.0,18.0,10.0,10.0,14.0,22.0,22.0,22.0,22.0,22.0,22.0,20.0,20.0,18.0,16.0,14.0,12.0,12.0,10.0,10.0,10.0
2025-02-10,2025-02,12.0,12.0,12.0,12.0,12.0,12.0,12.0,12.0,12.0,12.0,12.0,12.0,12.0,12.0,12.0,12.0,12.0,10.0,10.0,10.0,10.0,10.0,10.0,10.0,10.0,10.0,10.0,10.0,2.0,0.0,0.0,0.0,0.0,0.0,2.0,0.0,0.0,6.0,6.0,6.0,6.0,6.0,6.0,6.0,6.0,6.0,4.0,2.0,0.0,0.0,0.0,0.0,0.0,0.0,0.0,0.0,6.0,6.0,6.0,6.0,6.0,6.0,6.0,6.0,6.0,6.0,6.0,4.0,20.0,24.0,22.0,22.0,22.0,20.0,16.0,14.0,20.0,30.0,26.0,22.0,16.0,16.0,14.0,10.0,10.0,10.0,16.0,16.0,16.0,16.0,16.0,18.0,18.0,16.0,14.0,12.0
2025-02-11,2025-02,14.0,14.0,14.0,14.0,14.0,14.0,14.0,14.0,14.0,14.0,16.0,16.0,16.0,16.0,16.0,16.0,14.0,12.0,12.0,12.0,12.0,12.0,12.0,12.0,12.0,12.0,12.0,12.0,10.0,2.0,0.0,2.0,0.0,0.0,0.0,4.0,4.0,2.0,4.0,10.0,14.0,14.0,14.0,14.0,14.0,14.0,14.0,14.0,10.0,8.0,8.0,6.0,2.0,0.0,0.0,0.0,0.0,2.0,0.0,0.0,0.0,0.0,0.0,0.0,0.0,0.0,0.0,0.0,0.0,0.0,0.0,0.0,0.0,0.0,0.0,2.0,8.0,14.0,14.0,20.0,12.0,12.0,12.0,12.0,10.0,10.0,10.0,10.0,10.0,10.0,10.0,10.0,12.0,14.0,14.0,14.0
2025-02-12,2025-02,14.0,14.0,14.0,14.0,14.0,14.0,14.0,14.0,14.0,14.0,14.0,14.0,14.0,14.0,14.0,14.0,14.0,14.0,14.0,14.0,12.0,14.0,12.0,12.0,12.0,12.0,12.0,18.0,16.0,4.0,0.0,0.0,0.0,0.0,0.0,0.0,0.0,0.0,0.0,0.0,0.0,4.0,0.0,0.0,0.0,0.0,0.0,0.0,0.0,0.0,0.0,0.0,3.0,6.0,6.0,4.0,2.0,0.0,0.0,0.0,4.0,18.0,18.0,16.0,16.0,16.0,14.0,12.0,20.0,26.0,22.0,22.0,22.0,22.0,14.0,10.0,14.0,16.0,14.0,18.0,22.0,20.0,22.0,20.0,16.0,16.0,14.0,14.0,14.0,14.0,12.0,12.0,12.0,12.0,12.0,12.0
2025-02-13,2025-02,12.0,12.0,10.0,10.0,10.0,10.0,10.0,10.0,10.0,10.0,10.0,10.0,10.0,10.0,10.0,10.0,10.0,10.0,10.0,10.0,10.0,10.0,10.0,10.0,10.0,10.0,10.0,10.0,2.0,0.0,0.0,0.0,0.0,0.0,0.0,0.0,0.0,2.0,2.0,4.0,4.0,4.0,8.0,12.0,12.0,10.0,12.0,12.0,10.0,8.0,6.0,6.0,4.0,4.0,4.0,10.0,8.0,6.0,6.0,4.0,4.0,4.0,6.0,6.0,4.0,2.0,2.0,2.0,2.0,2.0,6.0,6.0,2.0,0.0,0.0,2.0,0.0,12.0,10.0,10.0,10.0,10.0,10.0,10.0,10.0,10.0,10.0,12.0,12.0,12.0,12.0,12.0,12.0,12.0,14.0,18.0
2025-02-14,2025-02,18.0,18.0,16.0,12.0,10.0,10.0,10.0,10.0,10.0,10.0,10.0,10.0,10.0,10.0,10.0,10.0,10.0,10.0,10.0,10.0,10.0,10.0,10.0,10.0,10.0,10.0,10.0,4.0,2.0,0.0,0.0,0.0,0.0,0.0,0.0,0.0,0.0,0.0,0.0,0.0,8.0,12.0,10.0,8.0,4.0,2.0,2.0,2.0,2.0,2.0,0.0,4.0,6.0,6.0,6.0,6.0,6.0,4.0,4.0,2.0,2.0,2.0,2.0,2.0,4.0,6.0,2.0,10.0,10.0,0.0,0.0,0.0,0.0,0.0,0.0,0.0,0.0,0.0,0.0,0.0,0.0,0.0,0.0,0.0,0.0,0.0,0.0,0.0,0.0,0.0,0.0,0.0,0.0,0.0,0.0,0.0
2025-02-15,2025-02,0.0,0.0,0.0,0.0,0.0,0.0,0.0,0.0,0.0,0.0,0.0,0.0,0.0,0.0,0.0,0.0,0.0,0.0,0.0,0.0,0.0,0.0,0.0,0.0,0.0,0.0,0.0,0.0,0.0,0.0,0.0,0.0,0.0,0.0,0.0,0.0,0.0,0.0,0.0,0.0,0.0,0.0,0.0,0.0,0.0,0.0,0.0,0.0,0.0,0.0,0.0,0.0,0.0,0.0,0.0,0.0,0.0,0.0,0.0,0.0,0.0,0.0,0.0,0.0,0.0,0.0,0.0,0.0,0.0,0.0,0.0,0.0,0.0,0.0,0.0,0.0,0.0,0.0,0.0,0.0,0.0,0.0,0.0,0.0,0.0,0.0,0.0,0.0,0.0,0.0,0.0,0.0,0.0,0.0,0.0,0.0
2025-02-16,2025-02,0.0,0.0,0.0,0.0,0.0,0.0,0.0,0.0,0.0,0.0,0.0,0.0,0.0,0.0,0.0,0.0,0.0,0.0,0.0,0.0,0.0,0.0,0.0,0.0,0.0,0.0,0.0,0.0,0.0,0.0,0.0,0.0,0.0,0.0,0.0,0.0,0.0,0.0,0.0,0.0,0.0,0.0,0.0,0.0,0.0,0.0,0.0,0.0,0.0,0.0,0.0,0.0,0.0,0.0,0.0,0.0,0.0,0.0,0.0,0.0,0.0,0.0,0.0,0.0,0.0,0.0,0.0,0.0,0.0,0.0,0.0,0.0,0.0,0.0,0.0,0.0,0.0,0.0,0.0,0.0,0.0,0.0,0.0,0.0,0.0,8.0,12.0,16.0,16.0,12.0,10.0,10.0,10.0,10.0,10.0,10.0
2025-02-17,2025-02,10.0,10.0,10.0,10.0,11.0,12.0,12.0,12.0,12.0,12.0,12.0,12.0,12.0,12.0,12.0,12.0,12.0,12.0,12.0,12.0,12.0,12.0,12.0,12.0,12.0,12.0,10.0,10.0,6.0,0.0,6.0,0.0,0.0,0.0,0.0,0.0,0.0,0.0,0.0,0.0,0.0,0.0,0.0,0.0,0.0,0.0,0.0,0.0,0.0,0.0,0.0,2.0,2.0,6.0,8.0,10.0,12.0,22.0,22.0,22.0,22.0,18.0,12.0,6.0,4.0,4.0,4.0,2.0,2.0,2.0,4.0,8.0,10.0,10.0,10.0,8.0,8.0,16.0,16.0,16.0,16.0,16.0,18.0,16.0,12.0,10.0,10.0,10.0,10.0,12.0,14.0,14.0,12.0,10.0,10.0,10.0
2025-02-18,2025-02,10.0,10.0,10.0,10.0,10.0,14.0,14.0,14.0,14.0,14.0,14.0,14.0,14.0,14.0,14.0,12.0,12.0,12.0,12.0,12.0,12.0,12.0,12.0,12.0,12.0,10.0,10.0,10.0,10.0,0.0,0.0,0.0,0.0,0.0,0.0,0.0,0.0,0.0,0.0,0.0,0.0,12.0,12.0,12.0,12.0,12.0,4.0,2.0,2.0,2.0,0.0,0.0,0.0,0.0,12.0,14.0,10.0,12.0,20.0,14.0,14.0,14.0,18.0,16.0,18.0,14.0,8.0,6.0,6.0,8.0,4.0,2.0,4.0,2.0,4.0,6.0,14.0,16.0,18.0,20.0,22.0,20.0,20.0,20.0,18.0,18.0,18.0,18.0,22.0,22.0,22.0,22.0,24.0,26.0,26.0,26.0
2025-02-19,2025-02,26.0,22.0,18.0,16.0,14.0,14.0,12.0,12.0,12.0,10.0,10.0,10.0,10.0,10.0,10.0,10.0,10.0,10.0,10.0,10.0,10.0,10.0,10.0,10.0,10.0,10.0,10.0,10.0,6.0,0.0,0.0,0.0,0.0,0.0,0.0,0.0,0.0,0.0,0.0,0.0,0.0,0.0,0.0,0.0,0.0,0.0,0.0,0.0,0.0,0.0,0.0,0.0,0.0,0.0,0.0,0.0,0.0,0.0,0.0,0.0,0.0,0.0,0.0,0.0,6.0,6.0,6.0,6.0,6.0,4.0,6.0,6.0,6.0,6.0,4.0,2.0,2.0,0.0,10.0,10.0,10.0,10.0,10.0,10.0,10.0,10.0,10.0,10.0,10.0,14.0,14.0,14.0,14.0,14.0,14.0,14.0
2025-02-20,2025-02,14.0,14.0,14.0,14.0,14.0,12.0,12.0,10.0,10.0,10.0,10.0,10.0,10.0,10.0,10.0,10.0,10.0,10.0,10.0,10.0,10.0,16.0,16.0,16.0,16.0,16.0,12.0,6.0,0.0,0.0,0.0,0.0,18.0,24.0,24.0,24.0,24.0,22.0,14.0,6.0,0.0,0.0,0.0,0.0,0.0,0.0,0.0,0.0,0.0,0.0,0.0,0.0,0.0,0.0,0.0,0.0,0.0,0.0,0.0,0.0,4.0,4.0,4.0,4.0,4.0,4.0,4.0,2.0,0.0,0.0,0.0,0.0,2.0,4.0,3.0,2.0,12.0,14.0,12.0,12.0,12.0,12.0,12.0,14.0,14.0,12.0,12.0,14.0,14.0,14.0,14.0,14.0,12.0,12.0,10.0,10.0
2025-02-21,2025-02,10.0,10.0,10.0,10.0,10.0,10.0,10.0,10.0,10.0,10.0,10.0,10.0,10.0,10.0,10.0,10.0,10.0,10.0,10.0,10.0,10.0,10.0,10.0,10.0,10.0,10.0,10.0,10.0,2.0,0.0,0.0,0.0,0.0,0.0,0.0,0.0,0.0,0.0,0.0,4.0,6.0,4.0,0.0,0.0,0.0,0.0,0.0,0.0,0.0,0.0,0.0,0.0,0.0,0.0,0.0,0.0,0.0,0.0,0.0,0.0,0.0,0.0,0.0,0.0,0.0,0.0,0.0,0.0,0.0,0.0,0.0,0.0,0.0,2.0,0.0,4.0,10.0,10.0,10.0,10.0,10.0,10.0,10.0,10.0,10.0,10.0,10.0,10.0,10.0,10.0,10.0,10.0,10.0,10.0,10.0,10.0
2025-02-22,2025-02,10.0,10.0,10.0,10.0,12.0,12.0,12.0,10.0,10.0,10.0,10.0,10.0,10.0,10.0,10.0,10.0,10.0,10.0,10.0,10.0,10.0,10.0,10.0,10.0,10.0,10.0,10.0,10.0,6.0,0.0,0.0,0.0,0.0,0.0,0.0,0.0,0.0,0.0,0.0,0.0,0.0,0.0,0.0,0.0,0.0,0.0,0.0,0.0,0.0,0.0,0.0,0.0,2.0,6.0,6.0,2.0,0.0,0.0,0.0,8.0,16.0,12.0,8.0,6.0,10.0,10.0,10.0,14.0,24.0,14.0,8.0,10.0,8.0,16.0,6.0,6.0,10.0,10.0,10.0,10.0,10.0,10.0,10.0,10.0,10.0,10.0,10.0,10.0,10.0,10.0,10.0,10.0,10.0,10.0,10.0,10.0
2025-02-23,2025-02,10.0,10.0,10.0,10.0,10.0,10.0,10.0,10.0,10.0,10.0,10.0,10.0,10.0,10.0,10.0,10.0,10.0,10.0,10.0,10.0,10.0,10.0,10.0,10.0,10.0,10.0,10.0,12.0,6.0,0.0,0.0,0.0,0.0,2.0,2.0,0.0,0.0,0.0,0.0,0.0,0.0,0.0,0.0,0.0,0.0,0.0,0.0,0.0,0.0,0.0,0.0,0.0,0.0,0.0,0.0,0.0,2.0,2.0,0.0,0.0,0.0,0.0,0.0,0.0,0.0,0.0,0.0,0.0,0.0,0.0,0.0,0.0,0.0,0.0,2.0,2.0,12.0,16.0,16.0,16.0,16.0,16.0,16.0,14.0,12.0,10.0,10.0,10.0,10.0,10.0,14.0,22.0,18.0,14.0,14.0,14.0
2025-02-24,2025-02,14.0,14.0,14.0,14.0,14.0,14.0,14.0,14.0,14.0,14.0,14.0,14.0,14.0,12.0,12.0,12.0,12.0,10.0,10.0,10.0,10.0,10.0,10.0,10.0,10.0,10.0,10.0,20.0,18.0,0.0,0.0,0.0,0.0,0.0,0.0,0.0,0.0,0.0,0.0,0.0,0.0,0.0,0.0,0.0,0.0,0.0,0.0,0.0,0.0,0.0,0.0,0.0,0.0,0.0,0.0,0.0,0.0,0.0,0.0,0.0,0.0,0.0,0.0,0.0,0.0,0.0,0.0,0.0,8.0,14.0,16.0,16.0,14.0,14.0,14.0,12.0,12.0,22.0,16.0,14.0,12.0,12.0,12.0,10.0,10.0,10.0,10.0,10.0,10.0,10.0,10.0,10.0,10.0,10.0,10.0,10.0
2025-02-25,2025-02,10.0,10.0,10.0,10.0,10.0,10.0,10.0,10.0,10.0,10.0,10.0,10.0,10.0,10.0,10.0,10.0,10.0,10.0,10.0,10.0,10.0,10.0,10.0,10.0,10.0,10.0,10.0,10.0,8.0,0.0,0.0,0.0,0.0,0.0,0.0,0.0,0.0,0.0,0.0,0.0,0.0,0.0,0.0,0.0,0.0,0.0,0.0,0.0,0.0,0.0,0.0,0.0,0.0,0.0,0.0,0.0,2.0,4.0,4.0,2.0,0.0,0.0,2.0,8.0,8.0,8.0,8.0,8.0,8.0,8.0,8.0,8.0,8.0,6.0,2.0,0.0,4.0,4.0,10.0,10.0,10.0,10.0,10.0,20.0,22.0,22.0,26.0,32.0,32.0,32.0,30.0,30.0,26.0,28.0,26.0,24.0
2025-02-26,2025-02,18.0,15.0,12.0,10.0,10.0,10.0,10.0,12.0,12.0,12.0,12.0,12.0,12.0,12.0,12.0,12.0,12.0,12.0,12.0,12.0,12.0,10.0,10.0,10.0,10.0,10.0,12.0,12.0,0.0,0.0,0.0,0.0,0.0,0.0,0.0,0.0,0.0,0.0,0.0,0.0,0.0,0.0,2.0,0.0,0.0,0.0,4.0,10.0,10.0,10.0,6.0,4.0,4.0,4.0,4.0,4.0,4.0,4.0,4.0,4.0,4.0,4.0,10.0,10.0,8.0,6.0,6.0,6.0,6.0,6.0,6.0,6.0,6.0,8.0,10.0,8.0,10.0,14.0,12.0,12.0,12.0,12.0,12.0,12.0,12.0,12.0,10.0,10.0,10.0,10.0,10.0,12.0,12.0,12.0,12.0,12.0
2025-02-28,2025-02,12.0,10.0,10.0,10.0,10.0,10.0,10.0,10.0,10.0,10.0,10.0,10.0,10.0,10.0,10.0,10.0,10.0,10.0,10.0,10.0,10.0,10.0,10.0,12.0,12.0,12.0,10.0,10.0,0.0,2.0,0.0,0.0,0.0,2.0,4.0,4.0,4.0,4.0,4.0,4.0,2.0,6.0,6.0,8.0,8.0,4.0,4.0,4.0,4.0,4.0,0.0,0.0,0.0,0.0,0.0,0.0,0.0,0.0,0.0,0.0,0.0,0.0,0.0,0.0,0.0,0.0,0.0,0.0,0.0,0.0,0.0,0.0,0.0,0.0,0.0,2.0,4.0,10.0,10.0,10.0,10.0,10.0,10.0,10.0,10.0,10.0,10.0,10.0,10.0,12.0,12.0,12.0,12.0,12.0,12.0,12.0
2025-03-01,2025-03,12.0,12.0,12.0,12.0,12.0,12.0,12.0,12.0,12.0,12.0,12.0,12.0,12.0,12.0,12.0,12.0,12.0,12.0,12.0,12.0,12.0,12.0,12.0,12.0,12.0,12.0,12.0,12.0,8.0,2.0,2.0,2.0,2.0,2.0,2.0,2.0,2.0,2.0,0.0,0.0,0.0,0.0,0.0,0.0,0.0,0.0,0.0,0.0,0.0,0.0,0.0,0.0,0.0,0.0,0.0,0.0,0.0,4.0,4.0,6.0,6.0,6.0,6.0,6.0,6.0,6.0,6.0,6.0,4.0,6.0,6.0,6.0,4.0,0.0,4.0,10.0,18.0,24.0,24.0,18.0,16.0,16.0,14.0,16.0,16.0,18.0,20.0,20.0,20.0,20.0,18.0,16.0,14.0,18.0,22.0,22.0
2025-03-02,2025-03,22.0,20.0,20.0,20.0,14.0,14.0,14.0,14.0,14.0,13.0,12.0,12.0,12.0,12.0,12.0,12.0,12.0,12.0,12.0,12.0,10.0,10.0,10.0,12.0,12.0,12.0,10.0,10.0,4.0,0.0,2.0,4.0,4.0,4.0,4.0,4.0,4.0,4.0,2.0,14.0,28.0,24.0,24.0,24.0,20.0,16.0,8.0,2.0,2.0,2.0,14.0,18.0,28.0,28.0,28.0,20.0,20.0,20.0,20.0,20.0,16.0,12.0,16.0,16.0,14.0,10.0,8.0,8.0,6.0,6.0,6.0,8.0,8.0,8.0,2.0,2.0,14.0,14.0,14.0,14.0,14.0,12.0,14.0,14.0,12.0,12.0,12.0,14.0,22.0,22.0,24.0,22.0,24.0,20.0,18.0,16.0
2025-03-03,2025-03,16.0,16.0,16.0,14.0,10.0,10.0,10.0,10.0,10.0,10.0,10.0,10.0,10.0,10.0,10.0,10.0,10.0,10.0,10.0,10.0,10.0,10.0,10.0,10.0,10.0,10.0,10.0,14.0,12.0,6.0,2.0,0.0,0.0,0.0,0.0,0.0,0.0,0.0,2.0,2.0,4.0,4.0,4.0,4.0,4.0,4.0,4.0,4.0,4.0,6.0,12.0,12.0,12.0,12.0,10.0,10.0,12.0,10.0,10.0,10.0,10.0,10.0,10.0,8.0,6.0,6.0,2.0,6.0,8.0,8.0,8.0,8.0,8.0,8.0,8.0,2.0,10.0,12.0,12.0,12.0,12.0,12.0,12.0,10.0,12.0,12.0,12.0,12.0,10.0,10.0,10.0,10.0,10.0,10.0,10.0,10.0
2025-03-04,2025-03,10.0,10.0,10.0,10.0,10.0,10.0,10.0,10.0,10.0,10.0,10.0,10.0,10.0,10.0,10.0,10.0,10.0,10.0,10.0,10.0,10.0,10.0,10.0,10.0,10.0,10.0,10.0,10.0,0.0,0.0,0.0,0.0,4.0,6.0,6.0,6.0,6.0,6.0,4.0,2.0,0.0,0.0,0.0,0.0,0.0,0.0,0.0,0.0,0.0,0.0,0.0,0.0,0.0,0.0,0.0,0.0,4.0,6.0,6.0,6.0,6.0,4.0,4.0,20.0,8.0,6.0,8.0,8.0,8.0,6.0,6.0,6.0,12.0,0.0,0.0,0.0,2.0,10.0,10.0,10.0,10.0,10.0,10.0,10.0,10.0,10.0,10.0,10.0,10.0,10.0,10.0,10.0,10.0,10.0,10.0,10.0
2025-03-05,2025-03,10.0,10.0,12.0,10.0,10.0,10.0,10.0,10.0,10.0,10.0,12.0,10.0,10.0,10.0,10.0,10.0,10.0,10.0,10.0,10.0,10.0,10.0,10.0,10.0,10.0,10.0,10.0,10.0,2.0,0.0,0.0,0.0,0.0,0.0,0.0,0.0,0.0,2.0,6.0,6.0,6.0,2.0,2.0,0.0,0.0,0.0,0.0,0.0,4.0,6.0,6.0,6.0,2.0,0.0,0.0,6.0,16.0,12.0,8.0,12.0,8.0,16.0,12.0,8.0,0.0,0.0,0.0,0.0,2.0,2.0,6.0,4.0,4.0,4.0,4.0,4.0,8.0,12.0,12.0,12.0,12.0,10.0,10.0,12.0,20.0,18.0,18.0,18.0,18.0,18.0,18.0,18.0,20.0,18.0,16.0,14.0
2025-03-06,2025-03,12.0,12.0,12.0,10.0,10.0,10.0,10.0,10.0,10.0,10.0,10.0,10.0,10.0,10.0,10.0,10.0,10.0,10.0,10.0,10.0,10.0,10.0,10.0,10.0,10.0,10.0,10.0,2.0,0.0,0.0,0.0,20.0,20.0,18.0,18.0,18.0,18.0,12.0,0.0,0.0,0.0,0.0,0.0,0.0,0.0,0.0,0.0,0.0,0.0,0.0,0.0,0.0,0.0,0.0,0.0,0.0,2.0,2.0,4.0,4.0,8.0,8.0,8.0,8.0,8.0,8.0,4.0,2.0,2.0,2.0,2.0,0.0,0.0,0.0,0.0,0.0,12.0,10.0,10.0,10.0,10.0,10.0,10.0,10.0,10.0,10.0,10.0,10.0,10.0,10.0,10.0,10.0,10.0,10.0,10.0,10.0
2025-03-07,2025-03,10.0,10.0,10.0,10.0,10.0,10.0,10.0,10.0,10.0,10.0,10.0,10.0,10.0,10.0,10.0,10.0,10.0,10.0,10.0,10.0,10.0,10.0,10.0,10.0,10.0,10.0,10.0,10.0,2.0,0.0,0.0,0.0,0.0,2.0,10.0,12.0,12.0,6.0,2.0,0.0,0.0,0.0,0.0,0.0,0.0,4.0,6.0,6.0,6.0,6.0,2.0,0.0,0.0,10.0,10.0,6.0,6.0,8.0,8.0,8.0,8.0,8.0,8.0,8.0,6.0,6.0,4.0,6.0,4.0,0.0,2.0,2.0,0.0,0.0,0.0,4.0,10.0,10.0,10.0,10.0,12.0,12.0,12.0,12.0,12.0,12.0,12.0,12.0,12.0,12.0,12.0,12.0,12.0,12.0,12.0,12.0
2025-03-08,2025-03,12.0,12.0,12.0,12.0,12.0,12.0,12.0,12.0,12.0,12.0,12.0,12.0,12.0,12.0,10.0,10.0,10.0,10.0,10.0,10.0,10.0,10.0,10.0,10.0,10.0,10.0,10.0,2.0,0.0,0.0,0.0,0.0,0.0,0.0,0.0,0.0,0.0,0.0,0.0,0.0,0.0,0.0,0.0,0.0,0.0,0.0,0.0,0.0,0.0,0.0,0.0,0.0,0.0,0.0,0.0,0.0,0.0,0.0,0.0,0.0,0.0,0.0,0.0,0.0,0.0,0.0,0.0,0.0,0.0,0.0,0.0,0.0,0.0,2.0,0.0,0.0,0.0,10.0,12.0,16.0,16.0,16.0,14.0,12.0,12.0,12.0,12.0,10.0,10.0,10.0,10.0,10.0,10.0,10.0,10.0,10.0
2025-03-09,2025-03,10.0,10.0,10.0,10.0,10.0,10.0,10.0,10.0,12.0,12.0,12.0,10.0,10.0,10.0,10.0,10.0,10.0,10.0,10.0,10.0,10.0,10.0,10.0,10.0,10.0,10.0,10.0,10.0,4.0,0.0,0.0,0.0,0.0,0.0,0.0,0.0,0.0,0.0,0.0,0.0,0.0,0.0,0.0,0.0,0.0,2.0,2.0,0.0,4.0,6.0,6.0,8.0,12.0,10.0,6.0,6.0,6.0,6.0,10.0,12.0,12.0,14.0,10.0,6.0,6.0,6.0,6.0,6.0,8.0,14.0,14.0,14.0,14.0,14.0,10.0,10.0,14.0,24.0,22.0,20.0,16.0,14.0,14.0,18.0,18.0,18.0,18.0,16.0,10.0,10.0,10.0,10.0,10.0,10.0,10.0,10.0
2025-03-10,2025-03,10.0,10.0,10.0,10.0,10.0,10.0,10.0,10.0,10.0,10.0,10.0,10.0,10.0,10.0,10.0,10.0,10.0,10.0,10.0,10.0,10.0,10.0,10.0,10.0,10.0,10.0,8.0,0.0,2.0,2.0,0.0,0.0,0.0,0.0,0.0,0.0,0.0,0.0,0.0,0.0,0.0,0.0,0.0,0.0,0.0,2.0,4.0,6.0,6.0,6.0,6.0,6.0,4.0,4.0,4.0,4.0,4.0,4.0,4.0,4.0,4.0,4.0,4.0,4.0,8.0,4.0,4.0,4.0,2.0,0.0,0.0,2.0,2.0,4.0,8.0,2.0,12.0,12.0,16.0,18.0,22.0,20.0,18.0,18.0,16.0,14.0,12.0,12.0,10.0,10.0,12.0,14.0,14.0,14.0,14.0,14.0
2025-03-11,2025-03,14.0,14.0,14.0,12.0,12.0,12.0,14.0,14.0,12.0,14.0,12.0,14.0,14.0,12.0,12.0,14.0,14.0,12.0,12.0,12.0,12.0,12.0,12.0,12.0,10.0,10.0,10.0,4.0,0.0,0.0,0.0,0.0,0.0,4.0,6.0,6.0,6.0,6.0,4.0,0.0,0.0,0.0,0.0,0.0,0.0,0.0,0.0,0.0,0.0,0.0,0.0,0.0,0.0,0.0,0.0,18.0,18.0,12.0,14.0,8.0,6.0,10.0,18.0,6.0,8.0,4.0,2.0,0.0,0.0,0.0,7.0,14.0,10.0,10.0,14.0,18.0,14.0,24.0,22.0,20.0,16.0,16.0,16.0,16.0,14.0,12.0,12.0,12.0,12.0,12.0,12.0,12.0,12.0,12.0,12.0,12.0
2025-03-12,2025-03,12.0,12.0,10.0,10.0,10.0,10.0,10.0,10.0,10.0,10.0,10.0,10.0,10.0,10.0,10.0,10.0,10.0,10.0,10.0,10.0,10.0,10.0,10.0,10.0,10.0,10.0,10.0,10.0,2.0,0.0,0.0,0.0,0.0,0.0,0.0,0.0,0.0,0.0,0.0,0.0,0.0,0.0,0.0,0.0,0.0,0.0,0.0,0.0,0.0,0.0,0.0,0.0,0.0,0.0,0.0,0.0,0.0,0.0,0.0,4.0,4.0,4.0,2.0,0.0,0.0,0.0,0.0,0.0,0.0,0.0,0.0,0.0,0.0,0.0,0.0,0.0,0.0,12.0,12.0,10.0,10.0,10.0,10.0,10.0,10.0,10.0,10.0,10.0,10.0,10.0,10.0,10.0,10.0,10.0,10.0,10.0
2025-03-13,2025-03,10.0,10.0,10.0,10.0,10.0,10.0,10.0,10.0,10.0,10.0,10.0,10.0,10.0,10.0,10.0,10.0,10.0,10.0,10.0,10.0,10.0,10.0,10.0,10.0,10.0,10.0,10.0,6.0,0.0,0.0,0.0,0.0,0.0,0.0,0.0,0.0,0.0,0.0,0.0,0.0,0.0,0.0,0.0,0.0,0.0,0.0,0.0,0.0,0.0,0.0,0.0,0.0,0.0,0.0,0.0,0.0,0.0,8.0,14.0,14.0,12.0,10.0,10.0,18.0,20.0,17.0,14.0,16.0,14.0,12.0,18.0,18.0,16.0,16.0,12.0,12.0,16.0,22.0,18.0,16.0,16.0,14.0,16.0,14.0,14.0,10.0,10.0,10.0,10.0,10.0,10.0,10.0,10.0,10.0,10.0,10.0
2025-03-14,2025-03,10.0,10.0,10.0,10.0,10.0,10.0,10.0,10.0,10.0,10.0,10.0,10.0,10.0,10.0,10.0,10.0,10.0,10.0,10.0,10.0,10.0,10.0,10.0,10.0,10.0,10.0,10.0,10.0,2.0,0.0,0.0,0.0,0.0,0.0,0.0,0.0,0.0,0.0,0.0,0.0,0.0,0.0,0.0,0.0,2.0,0.0,0.0,0.0,2.0,14.0,10.0,12.0,10.0,10.0,10.0,12.0,12.0,12.0,6.0,4.0,2.0,2.0,0.0,0.0,0.0,0.0,0.0,0.0,2.0,2.0,0.0,0.0,1.0,2.0,2.0,0.0,2.0,10.0,12.0,10.0,14.0,18.0,10.0,16.0,12.0,10.0,10.0,10.0,10.0,10.0,10.0,10.0,14.0,16.0,16.0,16.0
2025-03-16,2025-03,14.0,12.0,10.0,10.0,10.0,10.0,10.0,10.0,0.0,0.0,0.0,0.0,0.0,0.0,0.0,0.0,0.0,0.0,0.0,0.0,0.0,0.0,0.0,0.0,0.0,0.0,0.0,0.0,0.0,0.0,0.0,0.0,0.0,0.0,0.0,0.0,0.0,0.0,0.0,0.0,0.0,0.0,0.0,0.0,0.0,0.0,0.0,0.0,0.0,0.0,0.0,0.0,0.0,0.0,0.0,0.0,0.0,0.0,0.0,0.0,0.0,0.0,0.0,0.0,0.0,0.0,0.0,0.0,0.0,0.0,0.0,6.0,6.0,0.0,0.0,0.0,2.0,18.0,18.0,18.0,14.0,14.0,12.0,12.0,12.0,10.0,10.0,10.0,12.0,14.0,14.0,14.0,14.0,14.0,14.0,14.0
2025-03-17,2025-03,14.0,14.0,14.0,14.0,14.0,14.0,14.0,14.0,14.0,14.0,14.0,14.0,14.0,14.0,14.0,14.0,14.0,12.0,12.0,12.0,12.0,12.0,10.0,10.0,10.0,10.0,10.0,0.0,2.0,0.0,0.0,0.0,0.0,0.0,0.0,2.0,2.0,2.0,2.0,4.0,6.0,8.0,10.0,10.0,8.0,10.0,8.0,10.0,10.0,6.0,2.0,4.0,4.0,4.0,6.0,4.0,4.0,4.0,2.0,12.0,10.0,8.0,8.0,8.0,8.0,8.0,6.0,12.0,22.0,22.0,24.0,16.0,22.0,14.0,6.0,12.0,14.0,12.0,12.0,12.0,12.0,12.0,12.0,12.0,12.0,12.0,12.0,12.0,12.0,12.0,11.0,10.0,10.0,10.0,10.0,10.0
2025-03-18,2025-03,10.0,10.0,10.0,10.0,10.0,10.0,10.0,10.0,10.0,10.0,10.0,10.0,10.0,10.0,10.0,10.0,10.0,10.0,10.0,10.0,10.0,10.0,10.0,10.0,10.0,10.0,10.0,6.0,0.0,0.0,2.0,2.0,0.0,8.0,4.0,10.0,8.0,20.0,36.0,32.0,28.0,28.0,28.0,24.0,20.0,16.0,14.0,14.0,12.0,6.0,8.0,8.0,8.0,8.0,8.0,8.0,6.0,6.0,6.0,4.0,4.0,8.0,8.0,8.0,8.0,8.0,8.0,8.0,6.0,4.0,2.0,2.0,0.0,0.0,6.0,14.0,14.0,14.0,18.0,20.0,20.0,26.0,26.0,30.0,32.0,32.0,32.0,28.0,26.0,24.0,23.0,22.0,22.0,22.0,22.0,22.0
2025-03-19,2025-03,20.0,18.0,18.0,16.0,16.0,16.0,14.0,14.0,14.0,14.0,14.0,14.0,14.0,14.0,14.0,14.0,14.0,14.0,14.0,14.0,14.0,14.0,12.0,12.0,12.0,12.0,12.0,8.0,0.0,0.0,0.0,0.0,0.0,0.0,0.0,0.0,0.0,0.0,0.0,0.0,0.0,0.0,0.0,0.0,0.0,0.0,0.0,0.0,0.0,0.0,0.0,0.0,0.0,0.0,0.0,0.0,0.0,0.0,0.0,0.0,0.0,0.0,0.0,0.0,0.0,0.0,0.0,0.0,0.0,0.0,0.0,0.0,0.0,0.0,4.0,6.0,10.0,10.0,10.0,10.0,16.0,16.0,16.0,16.0,16.0,14.0,10.0,10.0,10.0,10.0,14.0,16.0,16.0,18.0,18.0,18.0
2025-03-20,2025-03,18.0,18.0,18.0,16.0,16.0,16.0,14.0,14.0,12.0,12.0,12.0,12.0,10.0,10.0,10.0,10.0,10.0,10.0,10.0,10.0,10.0,10.0,10.0,10.0,10.0,10.0,10.0,0.0,2.0,14.0,14.0,14.0,12.0,10.0,6.0,4.0,4.0,6.0,6.0,4.0,2.0,2.0,0.0,0.0,0.0,0.0,0.0,0.0,0.0,0.0,0.0,0.0,0.0,0.0,0.0,0.0,0.0,0.0,20.0,16.0,24.0,26.0,18.0,14.0,10.0,14.0,16.0,14.0,6.0,2.0,4.0,4.0,4.0,2.0,2.0,2.0,6.0,12.0,10.0,12.0,16.0,16.0,16.0,24.0,24.0,26.0,22.0,20.0,18.0,24.0,22.0,26.0,22.0,20.0,20.0,16.0
2025-03-21,2025-03,14.0,14.0,12.0,12.0,10.0,10.0,10.0,10.0,10.0,10.0,10.0,10.0,10.0,10.0,10.0,10.0,10.0,10.0,10.0,10.0,10.0,10.0,10.0,10.0,10.0,10.0,10.0,10.0,12.0,10.0,10.0,10.0,12.0,10.0,4.0,0.0,0.0,0.0,0.0,0.0,0.0,0.0,0.0,0.0,0.0,0.0,0.0,0.0,0.0,0.0,0.0,0.0,0.0,0.0,0.0,0.0,0.0,0.0,0.0,0.0,0.0,0.0,0.0,0.0,0.0,0.0,0.0,0.0,0.0,0.0,0.0,0.0,0.0,0.0,0.0,4.666666666666667,9.333333333333334,14.0,12.0,12.0,12.0,12.0,12.0,12.0,12.0,10.0,10.0,10.0,10.0,12.0,12.0,12.0,12.0,12.0,12.0,12.0
2025-03-22,2025-03,12.0,12.0,12.0,12.0,12.0,12.0,12.0,10.0,10.0,10.0,10.0,10.0,10.0,10.0,10.0,10.0,10.0,10.0,10.0,10.0,10.0,10.0,10.0,10.0,10.0,10.0,10.0,8.0,6.0,0.0,0.0,2.0,0.0,0.0,0.0,0.0,0.0,0.0,0.0,0.0,0.0,0.0,0.0,0.0,0.0,0.0,0.0,0.0,0.0,0.0,0.0,0.0,0.0,0.0,0.0,0.0,0.0,0.0,0.0,6.0,14.0,20.0,16.0,12.0,12.0,12.0,16.0,14.0,10.0,14.0,10.0,2.0,0.0,0.0,0.0,0.0,0.0,8.0,10.0,10.0,10.0,10.0,10.0,12.0,10.0,10.0,10.0,10.0,10.0,10.0,10.0,12.0,10.0,10.0,10.0,10.0
2025-03-23,2025-03,10.0,10.0,10.0,10.0,10.0,10.0,10.0,10.0,10.0,10.0,10.0,10.0,10.0,10.0,10.0,10.0,10.0,10.0,10.0,10.0,10.0,10.0,10.0,10.0,10.0,18.0,16.0,12.0,2.0,2.0,2.0,0.0,0.0,0.0,0.0,0.0,0.0,0.0,0.0,0.0,0.0,0.0,0.0,0.0,0.0,0.0,2.0,2.0,0.0,0.0,0.0,0.0,0.0,0.0,0.0,0.0,0.0,0.0,0.0,0.0,0.0,0.0,0.0,0.0,0.0,0.0,0.0,0.0,0.0,0.0,0.0,0.0,0.0,0.0,0.0,2.0,4.0,10.0,8.0,2.0,10.0,10.0,10.0,11.0,12.0,12.0,12.0,12.0,12.0,12.0,12.0,12.0,12.0,12.0,10.0,10.0
2025-03-24,2025-03,10.0,10.0,10.0,10.0,10.0,10.0,10.0,10.0,10.0,10.0,10.0,10.0,10.0,10.0,10.0,10.0,10.0,10.0,10.0,10.0,10.0,10.0,10.0,10.0,10.0,10.0,8.0,2.0,0.0,0.0,0.0,0.0,0.0,0.0,0.0,0.0,0.0,0.0,0.0,0.0,0.0,0.0,0.0,0.0,0.0,0.0,0.0,0.0,0.0,0.0,0.0,0.0,0.0,0.0,0.0,0.0,0.0,0.0,2.0,6.0,6.0,6.0,4.0,2.0,0.0,6.0,6.0,0.0,8.0,8.0,8.0,8.0,10.0,14.0,12.0,18.0,16.0,14.0,12.0,10.0,10.0,10.0,10.0,10.0,10.0,10.0,10.0,10.0,10.0,10.0,10.0,10.0,10.0,10.0,10.0,10.0
2025-03-25,2025-03,10.0,10.0,10.0,10.0,10.0,10.0,10.0,10.0,10.0,10.0,10.0,10.0,10.0,10.0,10.0,10.0,10.0,10.0,10.0,10.0,10.0,10.0,10.0,10.0,10.0,10.0,10.0,10.0,0.0,0.0,0.0,0.0,0.0,0.0,0.0,0.0,0.0,0.0,0.0,0.0,0.0,0.0,0.0,0.0,0.0,0.0,0.0,0.0,0.0,0.0,0.0,0.0,0.0,0.0,0.0,2.0,6.0,6.0,4.0,2.0,0.0,0.0,0.0,0.0,0.0,0.0,0.0,0.0,4.0,4.0,24.0,24.0,24.0,24.0,24.0,20.0,20.0,10.0,10.0,10.0,10.0,10.0,10.0,10.0,10.0,10.0,10.0,10.0,10.0,10.0,12.0,16.0,16.0,16.0,16.0,16.0
2025-03-26,2025-03,16.0,16.0,16.0,16.0,16.0,16.0,14.0,12.0,12.0,12.0,12.0,12.0,10.0,10.0,10.0,10.0,10.0,10.0,10.0,10.0,10.0,10.0,10.0,10.0,10.0,10.0,10.0,4.0,4.0,0.0,0.0,0.0,0.0,0.0,0.0,0.0,0.0,0.0,0.0,0.0,0.0,0.0,0.0,0.0,0.0,0.0,0.0,0.0,0.0,0.0,0.0,0.0,0.0,0.0,0.0,0.0,0.0,4.0,6.0,6.0,6.0,4.0,2.0,0.0,0.0,0.0,0.0,0.0,0.0,0.0,0.0,2.0,4.0,6.0,10.0,10.0,10.0,10.0,10.0,10.0,10.0,12.0,12.0,12.0,12.0,12.0,12.0,12.0,12.0,14.0,18.0,26.0,24.0,22.0,16.0,12.0
2025-03-27,2025-03,12.0,12.0,12.0,12.0,12.0,12.0,12.0,12.0,12.0,12.0,12.0,12.0,12.0,10.0,12.0,10.0,12.0,10.0,10.0,10.0,10.0,10.0,10.0,10.0,10.0,10.0,10.0,10.0,0.0,0.0,0.0,0.0,0.0,0.0,0.0,0.0,0.0,0.0,0.0,0.0,0.0,0.0,0.0,0.0,0.0,0.0,0.0,0.0,0.0,0.0,0.0,0.0,0.0,0.0,0.0,6.0,8.0,6.0,4.0,0.0,0.0,0.0,0.0,0.0,0.0,0.0,0.0,0.0,0.0,0.0,0.0,0.0,0.0,0.0,0.0,0.0,4.0,14.0,12.0,14.0,18.0,16.0,14.0,10.0,10.0,10.0,12.0,12.0,12.0,12.0,12.0,12.0,12.0,12.0,10.0,12.0
2025-03-28,2025-03,12.0,12.0,10.0,10.0,10.0,10.0,10.0,10.0,10.0,10.0,10.0,10.0,10.0,10.0,10.0,10.0,10.0,10.0,10.0,10.0,10.0,12.0,12.0,12.0,12.0,12.0,12.0,8.0,0.0,0.0,0.0,0.0,0.0,0.0,0.0,0.0,0.0,0.0,4.0,4.0,4.0,4.0,4.0,4.0,4.0,2.0,2.0,2.0,0.0,8.0,14.0,12.0,12.0,12.0,12.0,12.0,12.0,12.0,12.0,10.0,8.0,4.0,4.0,4.0,6.0,24.0,20.0,22.0,16.0,4.0,2.0,2.0,2.0,2.0,2.0,2.0,14.0,10.0,10.0,12.0,16.0,16.0,12.0,10.0,10.0,10.0,10.0,10.0,12.0,12.0,12.0,12.0,20.0,26.0,26.0,26.0
2025-03-29,2025-03,26.0,26.0,22.0,22.0,22.0,22.0,20.0,18.0,16.0,14.0,14.0,12.0,12.0,12.0,12.0,12.0,12.0,12.0,12.0,12.0,10.0,10.0,10.0,10.0,10.0,10.0,10.0,2.0,0.0,0.0,0.0,0.0,0.0,0.0,0.0,0.0,0.0,0.0,0.0,0.0,0.0,0.0,0.0,0.0,0.0,0.0,0.0,0.0,0.0,0.0,0.0,0.0,8.0,8.0,4.0,4.0,4.0,4.0,6.0,6.0,4.0,2.0,2.0,2.0,2.0,2.0,2.0,2.0,2.0,2.0,0.0,0.0,0.0,0.0,0.0,0.0,8.0,16.0,18.0,18.0,16.0,14.0,12.0,12.0,12.0,12.0,12.0,12.0,12.0,12.0,12.0,12.0,10.0,10.0,10.0,10.0
2025-03-30,2025-03,10.0,10.0,10.0,10.0,10.0,10.0,10.0,10.0,10.0,10.0,10.0,10.0,10.0,10.0,10.0,10.0,10.0,10.0,10.0,10.0,10.0,10.0,10.0,10.0,10.0,10.0,6.0,0.0,0.0,0.0,0.0,0.0,0.0,0.0,0.0,0.0,2.0,4.0,4.0,4.0,4.0,2.0,2.0,2.0,0.0,0.0,0.0,2.0,20.0,20.0,20.0,22.0,28.0,26.0,20.0,14.0,10.0,16.0,18.0,12.0,12.0,14.0,18.0,24.0,24.0,22.0,22.0,24.0,19.0,14.0,14.0,12.0,12.0,10.0,6.0,8.0,8.0,12.0,14.0,16.0,18.0,18.0,18.0,18.0,18.0,18.0,18.0,18.0,16.0,16.0,26.0,26.0,26.0,26.0,26.0,24.0
2025-03-31,2025-03,24.0,24.0,22.0,20.0,18.0,16.0,14.0,14.0,12.0,12.0,12.0,12.0,10.0,12.0,12.0,10.0,10.0,10.0,10.0,10.0,10.0,10.0,10.0,10.0,10.0,10.0,10.0,4.0,0.0,0.0,0.0,0.0,0.0,0.0,0.0,2.0,4.0,4.0,4.0,4.0,4.0,4.0,6.0,8.0,8.0,10.0,12.0,14.0,10.0,8.0,6.0,6.0,6.0,4.0,2.0,0.0,0.0,0.0,0.0,0.0,0.0,0.0,0.0,0.0,0.0,0.0,0.0,0.0,0.0,0.0,0.0,0.0,0.0,0.0,0.0,2.0,4.0,12.0,10.0,14.0,16.0,16.0,16.0,16.0,16.0,18.0,18.0,16.0,12.0,10.0,10.0,10.0,10.0,10.0,10.0,10.0
2025-04-01,2025-04,10.0,10.0,10.0,10.0,10.0,10.0,10.0,10.0,10.0,10.0,10.0,10.0,10.0,10.0,10.0,10.0,10.0,10.0,10.0,10.0,10.0,10.0,10.0,10.0,10.0,10.0,10.0,0.0,0.0,0.0,0.0,0.0,0.0,0.0,0.0,0.0,32.0,30.0,32.0,34.0,32.0,30.0,26.0,18.0,10.0,10.0,6.0,4.0,4.0,2.0,4.0,4.0,4.0,4.0,4.0,4.0,4.0,4.0,2.0,4.0,4.0,4.0,4.0,4.0,2.0,2.0,2.0,2.0,2.0,0.0,0.0,0.0,4.0,4.0,10.0,6.0,16.0,16.0,16.0,10.0,10.0,10.0,16.0,18.0,14.0,12.0,10.0,10.0,10.0,12.0,10.0,10.0,10.0,10.0,10.0,10.0
2025-04-02,2025-04,10.0,10.0,10.0,10.0,10.0,10.0,10.0,10.0,10.0,10.0,10.0,10.0,10.0,10.0,10.0,10.0,10.0,10.0,10.0,10.0,10.0,10.0,10.0,10.0,10.0,10.0,6.0,0.0,0.0,0.0,0.0,0.0,0.0,0.0,0.0,0.0,0.0,0.0,0.0,2.0,2.0,2.0,2.0,0.0,0.0,0.0,0.0,0.0,0.0,0.0,0.0,0.0,2.0,4.0,4.0,4.0,4.0,4.0,4.0,4.0,0.0,0.0,0.0,0.0,0.0,0.0,0.0,0.0,0.0,0.0,0.0,0.0,0.0,0.0,2.0,10.0,4.0,10.0,10.0,12.0,10.0,10.0,10.0,10.0,10.0,10.0,10.0,10.0,10.0,10.0,10.0,10.0,10.0,10.0,10.0,10.0
2025-04-03,2025-04,10.0,10.0,10.0,10.0,10.0,10.0,10.0,10.0,10.0,10.0,10.0,10.0,10.0,10.0,10.0,10.0,10.0,10.0,10.0,10.0,10.0,10.0,10.0,10.0,10.0,10.0,10.0,10.0,0.0,0.0,0.0,0.0,0.0,0.0,0.0,0.0,2.0,0.0,0.0,0.0,0.0,0.0,0.0,0.0,0.0,0.0,0.0,0.0,0.0,0.0,0.0,0.0,0.0,0.0,0.0,0.0,6.0,10.0,8.0,8.0,10.0,28.0,28.0,30.0,28.0,22.0,12.0,6.0,4.0,4.0,4.0,6.0,8.0,6.0,2.0,0.0,0.0,12.0,10.0,14.0,16.0,16.0,16.0,16.0,16.0,16.0,16.0,15.0,14.0,16.0,16.0,14.0,16.0,16.0,12.0,10.0
2025-04-04,2025-04,10.0,10.0,10.0,10.0,10.0,10.0,10.0,10.0,10.0,10.0,10.0,10.0,10.0,10.0,10.0,10.0,10.0,10.0,10.0,10.0,10.0,10.0,10.0,10.0,10.0,10.0,6.0,0.0,0.0,0.0,0.0,0.0,0.0,0.0,0.0,0.0,0.0,0.0,0.0,0.0,0.0,4.0,6.0,6.0,6.0,4.0,0.0,0.0,2.0,10.0,10.0,10.0,10.0,10.0,8.0,6.0,8.0,12.0,16.0,14.0,8.0,6.0,6.0,4.0,4.0,4.0,4.0,6.0,6.0,4.0,4.0,6.0,6.0,6.0,4.0,14.0,14.0,12.0,12.0,10.0,10.0,10.0,10.0,10.0,10.0,10.0,5.0,0.0,0.0,0.0,0.0,0.0,0.0,0.0,0.0,0.0
2025-04-05,2025-04,0.0,0.0,0.0,0.0,0.0,0.0,0.0,0.0,0.0,0.0,0.0,0.0,0.0,0.0,0.0,0.0,0.0,0.0,0.0,0.0,0.0,0.0,0.0,0.0,0.0,0.0,0.0,0.0,0.0,0.0,0.0,0.0,0.0,0.0,0.0,0.0,0.0,0.0,0.0,0.0,0.0,0.0,0.0,0.0,0.0,0.0,0.0,0.0,0.0,0.0,0.0,0.0,0.0,0.0,0.0,0.0,0.0,0.0,0.0,0.0,0.0,0.0,0.0,0.0,0.0,0.0,0.0,0.0,0.0,0.0,0.0,0.0,0.0,0.0,0.0,0.0,0.0,0.0,0.0,0.0,0.0,0.0,8.0,12.0,12.0,12.0,12.0,12.0,12.0,12.0,12.0,12.0,10.0,10.0,10.0,12.0
2025-04-08,2025-04,10.0,10.0,10.0,12.0,10.0,18.0,22.0,20.0,18.0,16.0,16.0,16.0,16.0,16.0,14.0,10.0,10.0,10.0,10.0,10.0,10.0,12.0,10.0,10.0,10.0,10.0,10.0,0.0,0.0,0.0,0.0,0.0,2.0,2.0,0.0,2.0,0.0,16.0,24.0,24.0,24.0,20.0,10.0,8.0,8.0,8.0,8.0,16.0,18.0,17.0,16.0,12.0,12.0,8.0,8.0,8.0,8.0,4.0,2.0,2.0,2.0,2.0,6.0,8.0,6.0,6.0,6.0,6.0,6.0,6.0,6.0,6.0,4.0,0.0,0.0,2.0,0.0,12.0,10.0,10.0,10.0,10.0,12.0,12.0,12.0,12.0,12.0,12.0,12.0,12.0,12.0,12.0,10.0,10.0,10.0,10.0
2025-04-09,2025-04,10.0,10.0,10.0,10.0,10.0,12.0,12.0,12.0,10.0,10.0,10.0,10.0,10.0,10.0,10.0,10.0,10.0,10.0,10.0,10.0,10.0,10.0,10.0,10.0,10.0,10.0,8.0,0.0,0.0,0.0,0.0,0.0,0.0,0.0,0.0,22.0,32.0,32.0,26.0,14.0,12.0,18.0,18.0,14.0,10.0,6.0,0.0,2.0,4.0,6.0,2.0,0.0,0.0,6.0,6.0,6.0,6.0,6.0,8.0,2.0,2.0,2.0,2.0,2.0,2.0,2.0,2.0,2.0,2.0,2.0,2.0,0.0,2.0,0.0,2.0,2.0,2.0,10.0,14.0,14.0,12.0,10.0,10.0,10.0,10.0,12.0,10.0,12.0,12.0,12.0,14.0,14.0,14.0,14.0,14.0,14.0
2025-04-10,2025-04,14.0,14.0,14.0,14.0,14.0,14.0,14.0,12.0,12.0,12.0,12.0,12.0,12.0,12.0,14.0,14.0,14.0,14.0,14.0,14.0,14.0,12.0,12.0,12.0,12.0,12.0,12.0,4.0,2.0,2.0,2.0,2.0,2.0,2.0,2.0,2.0,2.0,2.0,2.0,2.0,2.0,2.0,0.0,0.0,0.0,0.0,0.0,0.0,0.0,0.0,0.0,0.0,0.0,0.0,0.0,0.0,0.0,0.0,0.0,0.0,0.0,0.0,0.0,0.0,0.0,0.0,0.0,0.0,0.0,0.0,0.0,0.0,0.0,0.0,0.0,2.0,0.0,12.0,16.0,14.0,12.0,10.0,10.0,10.0,10.0,18.0,18.0,18.0,18.0,18.0,18.0,18.0,16.0,12.0,10.0,10.0
2025-04-11,2025-04,10.0,10.0,10.0,10.0,10.0,10.0,10.0,10.0,10.0,10.0,10.0,10.0,10.0,10.0,10.0,10.0,10.0,10.0,10.0,10.0,10.0,10.0,10.0,10.0,10.0,10.0,10.0,2.0,0.0,0.0,0.0,0.0,0.0,0.0,0.0,0.0,0.0,0.0,0.0,0.0,0.0,0.0,0.0,0.0,0.0,0.0,0.0,0.0,0.0,0.0,0.0,0.0,0.0,0.0,0.0,0.0,0.0,0.0,0.0,6.0,6.0,6.0,4.0,2.0,0.0,0.0,0.0,0.0,0.0,0.0,0.0,4.0,4.0,18.0,22.0,24.0,20.0,24.0,16.0,16.0,14.0,12.0,10.0,10.0,10.0,10.0,10.0,10.0,10.0,10.0,10.0,10.0,10.0,10.0,10.0,10.0
2025-04-12,2025-04,10.0,10.0,10.0,10.0,10.0,10.0,10.0,10.0,10.0,10.0,10.0,10.0,10.0,10.0,10.0,10.0,10.0,10.0,10.0,10.0,10.0,10.0,10.0,10.0,10.0,10.0,10.0,8.0,0.0,0.0,0.0,0.0,0.0,0.0,0.0,0.0,0.0,0.0,0.0,0.0,0.0,0.0,0.0,0.0,0.0,0.0,0.0,0.0,0.0,0.0,0.0,0.0,0.0,0.0,0.0,0.0,2.0,6.0,4.0,0.0,0.0,0.0,0.0,0.0,0.0,0.0,0.0,4.0,10.0,10.0,12.0,12.0,12.0,8.0,8.0,6.0,8.0,18.0,10.0,4.0,10.0,10.0,10.0,10.0,10.0,12.0,10.0,10.0,12.0,12.0,12.0,12.0,12.0,12.0,12.0,12.0
2025-04-13,2025-04,12.0,11.0,10.0,10.0,10.0,10.0,10.0,10.0,10.0,10.0,10.0,10.0,10.0,10.0,10.0,10.0,10.0,10.0,10.0,10.0,10.0,10.0,10.0,10.0,10.0,10.0,8.0,0.0,0.0,0.0,0.0,0.0,0.0,0.0,0.0,0.0,0.0,0.0,0.0,0.0,0.0,0.0,0.0,0.0,0.0,0.0,0.0,0.0,0.0,0.0,0.0,0.0,0.0,0.0,0.0,0.0,0.0,0.0,0.0,0.0,0.0,0.0,0.0,0.0,0.0,0.0,0.0,2.0,12.0,10.0,10.0,10.0,10.0,10.0,10.0,16.0,24.0,22.0,20.0,22.0,29.0,36.0,34.0,30.0,26.0,24.0,24.0,14.0,10.0,12.0,10.0,10.0,10.0,10.0,12.0,14.0
2025-04-14,2025-04,20.0,20.0,18.0,14.0,12.0,12.0,12.0,12.0,12.0,12.0,12.0,12.0,12.0,12.0,12.0,12.0,12.0,12.0,12.0,12.0,12.0,12.0,12.0,12.0,12.0,12.0,10.0,0.0,0.0,0.0,0.0,0.0,0.0,0.0,0.0,0.0,0.0,0.0,0.0,0.0,0.0,0.0,0.0,0.0,0.0,0.0,0.0,0.0,0.0,0.0,0.0,0.0,0.0,0.0,0.0,0.0,0.0,0.0,0.0,0.0,0.0,0.0,0.0,0.0,0.0,0.0,0.0,0.0,0.0,0.0,0.0,0.0,6.0,8.0,8.0,6.0,12.0,10.0,10.0,10.0,10.0,10.0,10.0,10.0,10.0,10.0,10.0,10.0,10.0,10.0,10.0,10.0,10.0,10.0,12.0,12.0
2025-04-15,2025-04,12.0,12.0,12.0,12.0,12.0,12.0,12.0,12.0,12.0,12.0,12.0,12.0,12.0,10.0,10.0,10.0,10.0,10.0,10.0,10.0,10.0,10.0,10.0,10.0,10.0,10.0,10.0,6.0,6.0,6.0,4.0,0.0,0.0,0.0,0.0,0.0,0.0,0.0,0.0,0.0,0.0,0.0,0.0,0.0,0.0,0.0,0.0,0.0,0.0,0.0,0.0,0.0,0.0,0.0,0.0,0.0,0.0,0.0,0.0,0.0,0.0,0.0,0.0,0.0,0.0,0.0,0.0,0.0,4.0,8.0,8.0,12.0,16.0,12.0,16.0,16.0,18.0,26.0,26.0,36.0,38.0,38.0,34.0,28.0,24.0,22.0,0.0,0.0,0.0,0.0,0.0,0.0,0.0,0.0,0.0,0.0
2025-04-16,2025-04,0.0,0.0,0.0,0.0,0.0,0.0,0.0,0.0,0.0,0.0,0.0,0.0,0.0,0.0,0.0,0.0,0.0,0.0,0.0,0.0,0.0,0.0,0.0,0.0,0.0,0.0,0.0,0.0,0.0,0.0,0.0,0.0,0.0,0.0,0.0,0.0,0.0,0.0,12.0,12.0,10.0,10.0,10.0,10.0,10.0,10.0,10.0,10.0,10.0,10.0,10.0,8.0,4.0,4.0,4.0,2.0,8.0,24.0,22.0,18.0,16.0,16.0,14.0,10.0,10.0,14.0,14.0,16.0,14.0,10.0,10.0,8.0,8.0,8.0,8.0,8.0,16.0,6.0,18.0,17.0,16.0,14.0,14.666666666666666,15.333333333333334,16.0,16.0,16.0,14.0,14.0,14.0,16.0,16.0,14.0,12.0,14.0,14.0
2025-04-17,2025-04,14.0,14.0,14.0,14.0,14.0,14.0,14.0,14.0,14.0,14.0,14.0,14.0,14.0,14.0,14.0,14.0,14.0,12.0,12.0,12.0,12.0,10.0,10.0,10.0,10.0,10.0,10.0,6.0,0.0,0.0,0.0,0.0,0.0,0.0,0.0,0.0,0.0,0.0,0.0,0.0,0.0,0.0,4.0,10.0,10.0,10.0,6.0,4.0,4.0,6.0,8.0,6.0,2.0,2.0,2.0,2.0,2.0,10.0,12.0,10.0,10.0,10.0,12.0,10.0,8.0,8.0,8.0,8.0,12.0,16.0,18.0,16.0,12.0,10.0,10.0,6.0,4.0,8.0,16.0,16.0,16.0,16.0,16.0,16.0,16.0,16.0,12.0,10.0,20.0,26.0,24.0,26.0,30.0,24.0,20.0,20.0
2025-04-18,2025-04,20.0,20.0,14.0,12.0,12.0,12.0,12.0,12.0,14.0,12.0,10.0,10.0,10.0,10.0,10.0,10.0,10.0,10.0,10.0,10.0,10.0,14.0,19.0,24.0,22.0,20.0,13.0,6.0,2.0,0.0,0.0,0.0,0.0,0.0,2.0,2.0,4.0,4.0,4.0,4.0,4.0,4.0,4.0,4.0,2.0,0.0,0.0,0.0,0.0,0.0,0.0,2.0,4.0,4.0,4.0,4.0,10.0,6.0,2.0,0.0,0.0,0.0,0.0,0.0,0.0,0.0,0.0,0.0,0.0,0.0,0.0,0.0,0.0,0.0,0.0,0.0,4.0,10.0,10.0,10.0,10.0,10.0,10.0,10.0,10.0,10.0,12.0,14.0,14.0,14.0,14.0,14.0,14.0,14.0,14.0,14.0
2025-04-19,2025-04,14.0,14.0,14.0,14.0,14.0,14.0,14.0,12.0,12.0,12.0,12.0,12.0,10.0,10.0,10.0,10.0,10.0,10.0,10.0,10.0,10.0,10.0,10.0,10.0,10.0,10.0,10.0,0.0,0.0,0.0,0.0,0.0,0.0,4.0,4.0,2.0,0.0,0.0,0.0,0.0,0.0,4.0,6.0,0.0,0.0,0.0,0.0,4.0,4.0,4.0,4.0,4.0,4.0,4.0,4.0,2.0,0.0,0.0,0.0,0.0,4.0,4.0,0.0,6.0,6.0,2.0,0.0,0.0,4.0,6.0,6.0,6.0,6.0,6.0,8.0,8.0,4.0,0.0,14.0,12.0,12.0,15.0,18.0,18.0,24.0,22.0,20.0,18.0,18.0,18.0,18.0,18.0,14.0,12.0,10.0,10.0
2025-04-20,2025-04,10.0,10.0,10.0,10.0,10.0,10.0,10.0,12.0,12.0,10.0,10.0,10.0,10.0,10.0,10.0,10.0,10.0,10.0,10.0,10.0,10.0,10.0,10.0,10.0,10.0,10.0,8.0,0.0,0.0,0.0,0.0,0.0,0.0,0.0,0.0,6.0,4.0,4.0,4.0,4.0,4.0,4.0,4.0,2.0,0.0,0.0,0.0,0.0,0.0,0.0,0.0,6.0,6.0,4.0,0.0,0.0,0.0,0.0,0.0,0.0,0.0,0.0,0.0,0.0,0.0,2.0,4.0,6.0,4.0,2.0,2.0,2.0,0.0,0.0,0.0,0.0,4.0,12.0,14.0,14.0,14.0,14.0,14.0,10.0,10.0,10.0,10.0,14.0,16.0,16.0,16.0,16.0,16.0,14.0,10.0,10.0
2025-04-21,2025-04,10.0,10.0,10.0,10.0,10.0,10.0,10.0,10.0,10.0,10.0,10.0,10.0,10.0,10.0,10.0,12.0,12.0,12.0,12.0,12.0,12.0,12.0,12.0,12.0,12.0,12.0,4.0,0.0,2.0,2.0,2.0,2.0,2.0,0.0,0.0,0.0,0.0,0.0,0.0,4.0,12.0,12.0,10.0,5.0,0.0,0.0,0.0,0.0,0.0,0.0,0.0,0.0,0.0,0.0,0.0,0.0,0.0,0.0,0.0,0.0,0.0,0.0,0.0,0.0,0.0,0.0,0.0,0.0,0.0,0.0,0.0,0.0,2.0,4.0,4.0,2.0,2.0,14.0,12.0,12.0,12.0,12.0,10.0,10.0,10.0,10.0,10.0,10.0,10.0,10.0,10.0,10.0,12.0,12.0,12.0,12.0
2025-04-22,2025-04,12.0,12.0,12.0,12.0,12.0,12.0,12.0,12.0,12.0,12.0,12.0,12.0,12.0,10.0,10.0,10.0,10.0,10.0,10.0,10.0,10.0,10.0,10.0,10.0,10.0,10.0,6.0,0.0,0.0,0.0,0.0,0.0,0.0,0.0,0.0,0.0,0.0,0.0,0.0,0.0,0.0,0.0,0.0,0.0,0.0,0.0,0.0,0.0,0.0,0.0,0.0,0.0,0.0,10.0,6.0,4.0,2.0,0.0,0.0,0.0,0.0,3.0,6.0,6.0,6.0,10.0,14.0,16.0,16.0,8.0,8.0,6.0,6.0,4.0,0.0,2.0,8.0,14.0,12.0,10.0,10.0,10.0,10.0,10.0,10.0,10.0,16.0,20.0,22.0,30.0,30.0,26.0,20.0,18.0,22.0,24.0
2025-04-23,2025-04,22.0,22.0,22.0,22.0,22.0,22.0,22.0,22.0,14.0,12.0,12.0,12.0,12.0,12.0,12.0,12.0,12.0,12.0,12.0,12.0,12.0,12.0,10.0,10.0,10.0,10.0,10.0,6.0,0.0,0.0,0.0,0.0,0.0,0.0,0.0,0.0,0.0,0.0,0.0,0.0,0.0,0.0,0.0,0.0,0.0,0.0,0.0,0.0,0.0,2.0,0.0,0.0,0.0,8.0,8.0,8.0,6.0,8.0,8.0,8.0,8.0,6.0,8.0,4.0,2.0,2.0,6.0,6.0,0.0,2.0,2.0,0.0,6.0,14.0,14.0,16.0,12.0,24.0,18.0,16.0,16.0,14.0,12.0,14.0,14.0,16.0,18.0,18.0,18.0,18.0,18.0,18.0,18.0,18.0,18.0,18.0
2025-04-24,2025-04,16.0,16.0,16.0,16.0,12.0,10.0,10.0,10.0,10.0,10.0,10.0,10.0,10.0,10.0,10.0,10.0,10.0,10.0,10.0,10.0,10.0,10.0,12.0,14.0,12.0,10.0,8.0,0.0,0.0,0.0,0.0,0.0,0.0,0.0,0.0,0.0,0.0,0.0,0.0,0.0,0.0,0.0,0.0,2.0,4.0,2.0,0.0,0.0,0.0,0.0,0.0,0.0,0.0,0.0,0.0,0.0,4.0,6.0,4.0,0.0,0.0,0.0,0.0,0.0,0.0,6.0,8.0,8.0,6.0,6.0,6.0,4.0,4.0,2.0,0.0,2.0,10.0,10.0,10.0,10.0,10.0,10.0,10.0,10.0,10.0,14.0,16.0,16.0,16.0,16.0,16.0,14.0,10.0,10.0,10.0,10.0
2025-04-27,2025-04,16.0,16.0,16.0,16.0,16.0,16.0,16.0,16.0,16.0,14.0,12.0,12.0,12.0,10.0,10.0,10.0,10.0,10.0,10.0,10.0,10.0,10.0,10.0,10.0,10.0,10.0,4.0,0.0,0.0,0.0,0.0,0.0,0.0,4.0,6.0,6.0,6.0,6.0,6.0,6.0,4.0,0.0,0.0,4.0,6.0,6.0,2.0,0.0,0.0,0.0,0.0,0.0,2.0,2.0,2.0,2.0,2.0,2.0,2.0,2.0,6.0,12.0,12.0,12.0,12.0,12.0,10.0,8.0,8.0,8.0,6.0,8.0,10.0,6.0,2.0,2.0,12.0,14.0,12.0,12.0,14.0,14.0,12.0,12.0,12.0,24.0,26.0,32.0,30.0,22.0,22.0,22.0,22.0,18.0,18.0,18.0
2025-04-28,2025-04,18.0,18.0,16.0,12.0,10.0,10.0,10.0,10.0,10.0,10.0,10.0,10.0,10.0,10.0,10.0,10.0,10.0,10.0,10.0,10.0,10.0,10.0,10.0,10.0,10.0,10.0,10.0,0.0,0.0,0.0,0.0,0.0,0.0,0.0,0.0,0.0,0.0,0.0,0.0,0.0,0.0,0.0,0.0,0.0,0.0,0.0,0.0,0.0,0.0,0.0,0.0,0.0,0.0,0.0,2.0,6.0,6.0,6.0,6.0,6.0,3.0,0.0,0.0,0.0,0.0,0.0,0.0,0.0,4.0,6.0,10.0,20.0,16.0,16.0,16.0,26.0,26.0,20.0,10.0,10.0,10.0,12.0,10.0,12.0,10.0,12.0,14.0,24.0,20.0,14.0,12.0,10.0,10.0,10.0,10.0,10.0
2025-04-29,2025-04,10.0,10.0,10.0,10.0,10.0,10.0,10.0,10.0,10.0,10.0,10.0,10.0,10.0,10.0,10.0,10.0,10.0,10.0,10.0,10.0,10.0,10.0,10.0,10.0,10.0,10.0,10.0,2.0,0.0,0.0,0.0,0.0,0.0,0.0,0.0,0.0,0.0,0.0,0.0,0.0,0.0,0.0,0.0,0.0,0.0,0.0,0.0,0.0,0.0,0.0,0.0,0.0,0.0,0.0,0.0,0.0,0.0,0.0,0.0,0.0,0.0,0.0,0.0,0.0,0.0,0.0,0.0,0.0,0.0,0.0,0.0,0.0,0.0,0.0,2.0,10.0,10.0,14.0,20.0,18.0,18.0,18.0,18.0,12.0,10.0,10.0,10.0,10.0,10.0,10.0,10.0,10.0,10.0,10.0,10.0,10.0
2025-04-30,2025-04,10.0,10.0,10.0,10.0,10.0,10.0,10.0,10.0,10.0,10.0,10.0,10.0,10.0,10.0,10.0,10.0,10.0,10.0,10.0,10.0,10.0,10.0,10.0,10.0,10.0,10.0,10.0,8.0,6.0,2.0,0.0,0.0,0.0,0.0,0.0,0.0,0.0,0.0,0.0,0.0,0.0,0.0,0.0,0.0,0.0,0.0,0.0,0.0,0.0,0.0,0.0,0.0,0.0,0.0,0.0,0.0,4.0,0.0,0.0,0.0,0.0,0.0,0.0,0.0,0.0,0.0,0.0,0.0,0.0,0.0,0.0,0.0,0.0,2.0,0.0,0.0,4.0,10.0,10.0,10.0,10.0,10.0,10.0,10.0,10.0,10.0,10.0,10.0,10.0,10.0,14.0,24.0,22.0,18.0,14.0,12.0
2025-05-01,2025-05,10.0,10.0,10.0,10.0,10.0,10.0,10.0,10.0,10.0,10.0,10.0,10.0,10.0,10.0,10.0,10.0,10.0,10.0,10.0,10.0,10.0,10.0,10.0,10.0,10.0,10.0,8.0,0.0,0.0,0.0,0.0,0.0,0.0,0.0,0.0,0.0,6.0,22.0,26.0,30.0,30.0,30.0,24.0,16.0,12.0,12.0,6.0,4.0,2.0,2.0,2.0,2.0,2.0,2.0,2.0,8.0,12.0,10.0,12.0,12.0,12.0,12.0,12.0,8.0,6.0,6.0,6.0,4.0,0.0,0.0,0.0,2.0,0.0,0.0,6.0,2.0,18.0,12.0,12.0,12.0,12.0,10.0,10.0,10.0,10.0,10.0,10.0,10.0,10.0,12.0,14.0,14.0,10.0,10.0,10.0,10.0
2025-05-02,2025-05,10.0,16.0,14.0,12.0,10.0,10.0,10.0,10.0,10.0,10.0,10.0,10.0,12.0,18.0,18.0,18.0,18.0,14.0,10.0,10.0,10.0,10.0,10.0,10.0,10.0,10.0,6.0,0.0,6.0,0.0,0.0,0.0,0.0,0.0,0.0,0.0,0.0,0.0,0.0,0.0,0.0,0.0,0.0,0.0,0.0,0.0,0.0,0.0,0.0,0.0,0.0,0.0,0.0,0.0,0.0,0.0,1.0,2.0,4.0,4.0,8.0,8.0,4.0,4.0,4.0,2.0,0.0,0.0,0.0,0.0,0.0,0.0,0.0,4.0,10.0,10.0,16.0,18.0,16.0,16.0,16.0,16.0,14.0,12.0,12.0,12.0,12.0,14.0,14.0,12.0,10.0,10.0,10.0,10.0,10.0,10.0
2025-05-03,2025-05,10.0,10.0,10.0,10.0,10.0,10.0,10.0,10.0,10.0,10.0,10.0,10.0,10.0,10.0,10.0,10.0,10.0,10.0,10.0,10.0,10.0,10.0,10.0,10.0,10.0,10.0,8.0,6.0,6.0,6.0,2.0,0.0,0.0,0.0,0.0,0.0,0.0,0.0,0.0,0.0,0.0,0.0,6.0,6.0,4.0,4.0,2.0,0.0,0.0,0.0,0.0,0.0,0.0,0.0,0.0,0.0,0.0,0.0,0.0,0.0,0.0,0.0,0.0,8.0,8.0,10.0,10.0,10.0,12.0,12.0,10.0,6.0,4.0,0.0,0.0,2.0,8.0,10.0,10.0,10.0,10.0,10.0,10.0,10.0,10.0,10.0,10.0,10.0,10.0,10.0,10.0,10.0,10.0,10.0,10.0,14.0
2025-05-04,2025-05,16.0,16.0,16.0,16.0,14.0,10.0,10.0,10.0,10.0,10.0,10.0,10.0,10.0,10.0,10.0,10.0,10.0,10.0,10.0,10.0,10.0,10.0,10.0,10.0,10.0,10.0,8.0,0.0,0.0,0.0,0.0,0.0,0.0,0.0,0.0,0.0,0.0,0.0,0.0,0.0,0.0,0.0,0.0,0.0,2.0,6.0,18.0,18.0,14.0,12.0,10.0,10.0,8.0,8.0,8.0,8.0,4.0,2.0,2.0,2.0,4.0,8.0,8.0,8.0,4.0,6.0,14.0,16.0,12.0,12.0,12.0,12.0,10.0,10.0,12.0,12.0,26.0,24.0,20.0,18.0,16.0,16.0,14.0,14.0,12.0,12.0,10.0,10.0,10.0,10.0,10.0,10.0,10.0,10.0,10.0,10.0
2025-05-05,2025-05,10.0,10.0,10.0,10.0,10.0,10.0,10.0,10.0,10.0,10.0,10.0,10.0,10.0,10.0,10.0,10.0,10.0,10.0,10.0,10.0,10.0,10.0,10.0,10.0,10.0,10.0,10.0,6.0,0.0,0.0,0.0,0.0,0.0,0.0,0.0,0.0,0.0,0.0,0.0,0.0,0.0,0.0,0.0,0.0,0.0,0.0,0.0,0.0,0.0,0.0,0.0,0.0,0.0,0.0,0.0,0.0,0.0,0.0,0.0,0.0,0.0,0.0,2.0,2.0,2.0,2.0,2.0,2.0,2.0,2.0,2.0,2.0,2.0,2.0,2.0,8.0,14.0,12.0,10.0,10.0,10.0,10.0,10.0,10.0,12.0,16.0,16.0,12.0,14.0,16.0,16.0,16.0,16.0,16.0,14.0,10.0
2025-05-06,2025-05,10.0,10.0,10.0,10.0,10.0,10.0,10.0,10.0,10.0,10.0,10.0,10.0,10.0,10.0,10.0,10.0,10.0,10.0,10.0,10.0,10.0,10.0,10.0,10.0,10.0,10.0,8.0,0.0,4.0,4.0,2.0,0.0,0.0,0.0,0.0,0.0,0.0,0.0,0.0,0.0,0.0,2.0,6.0,6.0,4.0,2.0,0.0,2.0,12.0,12.0,12.0,14.0,16.0,16.0,16.0,20.0,4.0,6.0,6.0,4.0,6.0,2.0,0.0,2.0,2.0,0.0,0.0,2.0,2.0,2.0,4.0,8.0,6.0,6.0,6.0,4.0,8.0,10.0,10.0,10.0,10.0,10.0,10.0,10.0,12.0,16.0,16.0,16.0,16.0,14.0,10.0,10.0,10.0,5.0,0.0,0.0
2025-05-07,2025-05,0.0,0.0,0.0,0.0,0.0,0.0,0.0,0.0,0.0,0.0,0.0,0.0,0.0,0.0,0.0,0.0,0.0,0.0,0.0,0.0,0.0,0.0,0.0,0.0,0.0,0.0,0.0,0.0,0.0,0.0,0.0,0.0,0.0,0.0,0.0,0.0,0.0,0.0,0.0,0.0,0.0,0.0,0.0,0.0,0.0,0.0,0.0,0.0,0.0,0.0,0.0,0.0,0.0,0.0,0.0,0.0,0.0,0.0,0.0,0.0,0.0,0.0,0.0,0.0,4.0,12.0,12.0,14.0,12.0,2.0,0.0,0.0,0.0,0.0,0.0,0.0,6.0,12.0,10.0,10.0,10.0,10.0,10.0,10.0,10.0,12.0,12.0,12.0,12.0,12.0,12.0,22.0,26.0,24.0,22.0,22.0
2025-05-08,2025-05,24.0,24.0,24.0,22.0,22.0,22.0,22.0,22.0,22.0,22.0,20.0,20.0,18.0,18.0,18.0,20.0,20.0,20.0,20.0,20.0,20.0,22.0,22.0,22.0,24.0,24.0,20.0,16.0,11.0,6.0,4.0,2.0,0.0,0.0,0.0,0.0,0.0,0.0,0.0,0.0,0.0,0.0,0.0,0.0,0.0,0.0,0.0,0.0,0.0,0.0,0.0,0.0,2.0,2.0,0.0,0.0,0.0,2.0,10.0,10.0,6.0,4.0,2.0,0.0,2.0,4.0,2.0,2.0,2.0,0.0,0.0,0.0,0.0,4.0,6.0,6.0,16.0,12.0,10.0,10.0,10.0,10.0,10.0,10.0,12.0,12.0,10.0,10.0,10.0,18.0,20.0,22.0,22.0,22.0,22.0,20.0
2025-05-09,2025-05,16.0,16.0,12.0,10.0,10.0,10.0,10.0,10.0,10.0,10.0,10.0,10.0,10.0,16.0,20.0,16.0,16.0,16.0,16.0,16.0,16.0,16.0,16.0,16.0,16.0,10.0,6.0,6.0,0.0,0.0,0.0,0.0,0.0,0.0,0.0,0.0,0.0,0.0,0.0,0.0,0.0,0.0,0.0,0.0,0.0,0.0,0.0,0.0,0.0,0.0,0.0,0.0,0.0,0.0,0.0,0.0,0.0,0.0,0.0,0.0,4.0,6.0,6.0,6.0,6.0,6.0,4.0,0.0,0.0,0.0,0.0,0.0,0.0,0.0,0.0,0.0,0.0,12.0,10.0,10.0,10.0,10.0,14.0,14.0,10.0,10.0,10.0,10.0,10.0,10.0,10.0,10.0,10.0,16.0,16.0,16.0
2025-05-10,2025-05,16.0,16.0,14.0,10.0,10.0,10.0,10.0,10.0,10.0,10.0,10.0,10.0,10.0,10.0,10.0,10.0,10.0,10.0,10.0,10.0,10.0,10.0,10.0,10.0,10.0,12.0,16.0,10.0,4.0,0.0,0.0,0.0,0.0,0.0,0.0,0.0,0.0,0.0,0.0,0.0,0.0,0.0,2.0,4.0,4.0,4.0,4.0,0.0,0.0,2.0,6.0,6.0,6.0,4.0,2.0,0.0,2.0,4.0,4.0,4.0,0.0,0.0,0.0,0.0,2.0,6.0,6.0,6.0,2.0,0.0,0.0,0.0,0.0,0.0,0.0,2.0,6.0,10.0,10.0,10.0,16.0,16.0,16.0,16.0,16.0,18.0,16.0,10.0,10.0,11.0,12.0,12.0,12.0,16.0,24.0,24.0
2025-05-11,2025-05,20.0,18.0,18.0,18.0,18.0,18.0,18.0,16.0,14.0,14.0,12.0,12.0,12.0,10.0,10.0,10.0,10.0,10.0,10.0,10.0,10.0,10.0,10.0,10.0,10.0,10.0,4.0,0.0,0.0,0.0,0.0,0.0,0.0,0.0,0.0,16.0,18.0,18.0,18.0,18.0,10.0,4.0,0.0,0.0,0.0,0.0,0.0,0.0,0.0,0.0,0.0,0.0,0.0,0.0,0.0,0.0,0.0,0.0,0.0,0.0,0.0,0.0,0.0,0.0,0.0,0.0,0.0,0.0,0.0,0.0,0.0,0.0,0.0,2.0,2.0,2.0,4.0,16.0,16.0,14.0,14.0,20.0,16.0,12.0,12.0,10.0,12.0,16.0,18.0,16.0,12.0,10.0,10.0,18.0,16.0,10.0
2025-05-12,2025-05,10.0,10.0,10.0,10.0,10.0,10.0,10.0,10.0,10.0,10.0,10.0,10.0,10.0,10.0,10.0,10.0,10.0,10.0,10.0,10.0,10.0,10.0,10.0,10.0,10.0,10.0,6.0,0.0,0.0,0.0,0.0,0.0,0.0,0.0,0.0,0.0,0.0,0.0,0.0,0.0,0.0,4.0,6.0,2.0,0.0,0.0,0.0,0.0,0.0,0.0,0.0,0.0,0.0,0.0,0.0,0.0,0.0,0.0,0.0,0.0,0.0,0.0,0.0,0.0,0.0,0.0,0.0,0.0,0.0,0.0,0.0,0.0,0.0,0.0,0.0,2.0,2.0,12.0,12.0,12.0,10.0,10.0,10.0,10.0,10.0,10.0,10.0,10.0,14.0,12.0,10.0,10.0,10.0,10.0,10.0,10.0
2025-05-13,2025-05,10.0,10.0,10.0,10.0,10.0,10.0,10.0,10.0,10.0,10.0,10.0,10.0,10.0,10.0,10.0,10.0,10.0,10.0,10.0,10.0,10.0,10.0,10.0,10.0,10.0,10.0,10.0,10.0,2.0,4.0,10.0,0.0,0.0,0.0,0.0,0.0,0.0,0.0,0.0,0.0,0.0,16.0,0.0,2.0,0.0,0.0,0.0,0.0,2.0,2.0,2.0,2.0,2.0,2.0,2.0,0.0,0.0,0.0,0.0,0.0,0.0,0.0,0.0,0.0,0.0,0.0,0.0,0.0,0.0,0.0,0.0,0.0,0.0,0.0,2.0,0.0,0.0,20.0,34.0,46.0,46.0,24.0,24.0,22.0,18.0,18.0,16.0,16.0,16.0,16.0,14.0,14.0,14.0,14.0,14.0,12.0
2025-05-14,2025-05,12.0,12.0,10.0,10.0,10.0,10.0,10.0,10.0,10.0,10.0,10.0,10.0,10.0,10.0,10.0,10.0,10.0,10.0,10.0,10.0,10.0,10.0,10.0,10.0,10.0,10.0,4.0,0.0,0.0,0.0,0.0,0.0,0.0,2.0,0.0,0.0,0.0,2.0,0.0,0.0,0.0,0.0,0.0,0.0,0.0,0.0,0.0,2.0,2.0,2.0,2.0,2.0,0.0,2.0,0.0,0.0,0.0,0.0,0.0,0.0,0.0,0.0,0.0,0.0,0.0,0.0,0.0,0.0,0.0,0.0,0.0,2.0,2.0,2.0,0.0,6.0,36.0,46.0,44.0,42.0,34.0,38.0,28.0,16.0,14.0,12.0,10.0,16.0,16.0,16.0,18.0,14.0,10.0,10.0,10.0,10.0
2025-05-15,2025-05,12.0,12.0,12.0,12.0,12.0,12.0,12.0,12.0,12.0,12.0,12.0,12.0,12.0,12.0,12.0,10.0,10.0,10.0,10.0,10.0,10.0,10.0,10.0,12.0,12.0,12.0,8.0,0.0,0.0,0.0,0.0,0.0,0.0,0.0,0.0,0.0,2.0,6.0,12.0,10.0,10.0,6.0,4.0,4.0,2.0,4.0,4.0,4.0,4.0,4.0,2.0,2.0,22.0,16.0,16.0,12.0,8.0,8.0,4.0,4.0,0.0,0.0,0.0,2.0,0.0,2.0,0.0,0.0,0.0,0.0,0.0,12.0,6.0,4.0,8.0,22.0,24.0,22.0,14.0,12.0,12.0,12.0,10.0,10.0,10.0,12.0,12.0,12.0,10.0,10.0,10.0,10.0,10.0,10.0,10.0,10.0
2025-05-16,2025-05,10.0,10.0,10.0,10.0,10.0,10.0,10.0,10.0,10.0,10.0,10.0,10.0,10.0,10.0,10.0,10.0,10.0,10.0,10.0,10.0,10.0,10.0,10.0,10.0,10.0,10.0,4.0,0.0,0.0,0.0,0.0,0.0,10.0,8.0,4.0,2.0,2.0,2.0,2.0,2.0,2.0,0.0,0.0,0.0,0.0,0.0,0.0,0.0,0.0,0.0,0.0,0.0,0.0,0.0,0.0,0.0,0.0,0.0,0.0,0.0,0.0,0.0,0.0,0.0,0.0,0.0,0.0,0.0,0.0,0.0,0.0,0.0,2.0,0.0,0.0,0.0,6.0,8.0,12.0,10.0,10.0,10.0,10.0,10.0,10.0,12.0,12.0,12.0,14.0,16.0,16.0,16.0,16.0,16.0,12.0,12.0
2025-05-17,2025-05,12.0,12.0,12.0,10.0,10.0,10.0,10.0,10.0,10.0,10.0,10.0,10.0,10.0,10.0,10.0,10.0,10.0,10.0,10.0,10.0,10.0,10.0,10.0,10.0,10.0,10.0,0.0,0.0,0.0,0.0,0.0,0.0,0.0,0.0,0.0,24.0,22.0,20.0,20.0,20.0,18.0,12.0,4.0,0.0,0.0,0.0,0.0,0.0,0.0,0.0,0.0,0.0,2.0,2.0,2.0,0.0,0.0,0.0,0.0,0.0,0.0,0.0,0.0,0.0,0.0,0.0,0.0,0.0,0.0,2.0,0.0,0.0,0.0,0.0,0.0,6.0,14.0,18.0,14.0,12.0,10.0,10.0,10.0,10.0,10.0,16.0,16.0,16.0,16.0,10.0,10.0,10.0,10.0,10.0,10.0,10.0
2025-05-18,2025-05,10.0,10.0,10.0,10.0,10.0,10.0,10.0,10.0,10.0,10.0,10.0,10.0,10.0,10.0,10.0,10.0,10.0,10.0,10.0,10.0,10.0,10.0,10.0,10.0,10.0,10.0,4.0,0.0,0.0,0.0,0.0,0.0,0.0,0.0,0.0,0.0,0.0,0.0,0.0,0.0,0.0,0.0,0.0,0.0,0.0,0.0,0.0,0.0,0.0,12.0,12.0,18.0,20.0,22.0,16.0,14.0,14.0,14.0,12.0,12.0,14.0,14.0,20.0,20.0,20.0,18.0,16.0,14.0,14.0,14.0,14.0,16.0,16.0,14.0,16.0,8.0,12.0,16.0,12.0,12.0,12.0,10.0,12.0,12.0,12.0,12.0,12.0,12.0,12.0,12.0,12.0,12.0,12.0,12.0,12.0,12.0
2025-05-19,2025-05,12.0,12.0,12.0,12.0,12.0,12.0,12.0,12.0,12.0,12.0,12.0,12.0,12.0,12.0,12.0,12.0,12.0,12.0,12.0,12.0,12.0,10.0,10.0,10.0,10.0,10.0,4.0,0.0,0.0,0.0,0.0,0.0,0.0,0.0,0.0,0.0,0.0,0.0,0.0,0.0,0.0,0.0,0.0,0.0,0.0,0.0,0.0,0.0,0.0,0.0,0.0,4.0,12.0,8.0,6.0,6.0,4.0,6.0,8.0,12.0,12.0,10.0,6.0,6.0,6.0,6.0,4.0,2.0,2.0,2.0,0.0,0.0,2.0,2.0,2.0,2.0,4.0,10.0,10.0,10.0,10.0,10.0,10.0,10.0,10.0,10.0,10.0,10.0,10.0,10.0,10.0,10.0,10.0,10.0,10.0,10.0
2025-05-20,2025-05,10.0,10.0,10.0,10.0,10.0,10.0,12.0,12.0,12.0,12.0,12.0,12.0,12.0,12.0,10.0,10.0,10.0,10.0,10.0,10.0,12.0,10.0,10.0,10.0,10.0,10.0,6.0,0.0,0.0,0.0,0.0,0.0,0.0,0.0,0.0,0.0,0.0,0.0,0.0,0.0,0.0,0.0,0.0,0.0,0.0,0.0,0.0,0.0,0.0,0.0,0.0,0.0,0.0,0.0,0.0,0.0,0.0,0.0,0.0,0.0,0.0,8.0,2.0,0.0,0.0,0.0,0.0,8.0,4.0,0.0,0.0,0.0,0.0,0.0,4.0,8.0,12.0,10.0,10.0,10.0,10.0,10.0,12.0,14.0,30.0,24.0,20.0,16.0,14.0,14.0,16.0,16.0,16.0,14.0,14.0,16.0
2025-05-21,2025-05,16.0,14.0,14.0,12.0,12.0,12.0,10.0,10.0,10.0,10.0,10.0,10.0,10.0,10.0,10.0,10.0,10.0,10.0,10.0,10.0,10.0,10.0,10.0,10.0,10.0,10.0,2.0,0.0,0.0,0.0,0.0,0.0,0.0,0.0,0.0,0.0,0.0,0.0,0.0,0.0,0.0,0.0,0.0,0.0,0.0,0.0,0.0,0.0,4.0,16.0,14.0,12.0,12.0,10.0,10.0,6.0,6.0,6.0,6.0,6.0,6.0,6.0,6.0,12.0,12.0,12.0,10.0,8.0,4.0,2.0,2.0,2.0,0.0,0.0,6.0,10.0,10.0,14.0,16.0,18.0,16.0,14.0,10.0,10.0,10.0,10.0,10.0,10.0,10.0,10.0,18.0,18.0,18.0,18.0,12.0,12.0
2025-05-22,2025-05,12.0,14.0,12.0,12.0,12.0,12.0,10.0,10.0,10.0,10.0,10.0,10.0,10.0,10.0,10.0,10.0,10.0,10.0,10.0,10.0,10.0,10.0,10.0,10.0,10.0,10.0,10.0,0.0,0.0,0.0,0.0,0.0,0.0,10.0,10.0,10.0,10.0,10.0,10.0,8.0,8.0,6.0,2.0,2.0,0.0,0.0,0.0,0.0,0.0,0.0,0.0,0.0,0.0,0.0,0.0,0.0,0.0,0.0,0.0,0.0,0.0,12.0,20.0,20.0,14.0,8.0,4.0,2.0,0.0,2.0,2.0,2.0,8.0,12.0,12.0,8.0,4.0,4.0,14.0,10.0,10.0,10.0,10.0,10.0,10.0,10.0,10.0,10.0,10.0,16.0,16.0,16.0,16.0,18.0,18.0,16.0
2025-05-23,2025-05,14.0,14.0,12.0,12.0,12.0,10.0,10.0,10.0,10.0,10.0,10.0,10.0,10.0,10.0,10.0,10.0,10.0,10.0,10.0,10.0,10.0,10.0,10.0,10.0,10.0,10.0,4.0,0.0,0.0,0.0,0.0,0.0,0.0,0.0,0.0,0.0,0.0,0.0,0.0,0.0,0.0,0.0,0.0,2.0,12.0,8.0,6.0,6.0,6.0,6.0,6.0,6.0,6.0,6.0,4.0,0.0,0.0,0.0,0.0,0.0,0.0,0.0,0.0,0.0,0.0,0.0,0.0,0.0,0.0,0.0,0.0,0.0,0.0,0.0,0.0,0.0,10.0,10.0,10.0,18.0,16.0,12.0,8.0,12.0,10.0,10.0,10.0,10.0,10.0,10.0,10.0,10.0,10.0,10.0,10.0,10.0
2025-05-24,2025-05,10.0,10.0,10.0,10.0,10.0,10.0,10.0,10.0,10.0,10.0,10.0,10.0,10.0,10.0,10.0,10.0,10.0,10.0,10.0,10.0,10.0,10.0,10.0,10.0,10.0,10.0,10.0,8.0,0.0,0.0,2.0,22.0,22.0,22.0,14.0,22.0,20.0,14.0,6.0,6.0,4.0,2.0,0.0,0.0,4.0,4.0,6.0,4.0,4.0,4.0,2.0,2.0,4.0,0.0,0.0,0.0,0.0,0.0,0.0,0.0,0.0,0.0,0.0,0.0,0.0,10.0,8.0,4.0,2.0,2.0,0.0,0.0,0.0,0.0,0.0,0.0,2.0,6.0,14.0,12.0,12.0,12.0,12.0,12.0,12.0,12.0,14.0,12.0,10.0,10.0,10.0,12.0,12.0,12.0,12.0,12.0
2025-05-25,2025-05,12.0,12.0,12.0,12.0,12.0,12.0,12.0,12.0,12.0,12.0,12.0,12.0,12.0,12.0,12.0,12.0,12.0,12.0,12.0,12.0,12.0,12.0,12.0,12.0,12.0,12.0,10.0,0.0,0.0,0.0,0.0,0.0,0.0,0.0,0.0,0.0,0.0,0.0,0.0,0.0,0.0,0.0,0.0,0.0,8.0,6.0,4.0,2.0,0.0,0.0,0.0,0.0,2.0,0.0,0.0,0.0,0.0,0.0,0.0,0.0,0.0,0.0,0.0,0.0,0.0,0.0,0.0,0.0,0.0,0.0,0.0,0.0,0.0,0.0,0.0,0.0,0.0,6.0,10.0,10.0,10.0,10.0,10.0,12.0,12.0,12.0,12.0,12.0,14.0,28.0,26.0,26.0,22.0,20.0,16.0,16.0
2025-05-26,2025-05,16.0,16.0,16.0,16.0,16.0,14.0,14.0,14.0,14.0,12.0,12.0,12.0,12.0,12.0,10.0,10.0,10.0,10.0,10.0,10.0,10.0,10.0,10.0,10.0,10.0,10.0,4.0,0.0,0.0,2.0,0.0,0.0,0.0,0.0,0.0,0.0,0.0,0.0,0.0,0.0,0.0,0.0,0.0,0.0,0.0,0.0,0.0,0.0,0.0,0.0,0.0,0.0,0.0,0.0,0.0,0.0,4.0,6.0,6.0,6.0,6.0,6.0,6.0,6.0,6.0,6.0,2.0,4.0,6.0,2.0,0.0,0.0,0.0,0.0,0.0,0.0,8.0,12.0,12.0,12.0,12.0,10.0,10.0,16.0,18.0,20.0,20.0,22.0,22.0,22.0,22.0,20.0,16.0,14.0,12.0,12.0
2025-05-27,2025-05,12.0,10.0,10.0,10.0,10.0,10.0,10.0,10.0,10.0,10.0,10.0,10.0,10.0,10.0,10.0,22.0,22.0,22.0,22.0,22.0,22.0,22.0,20.0,20.0,20.0,18.0,18.0,14.0,4.0,6.0,6.0,4.0,4.0,4.0,2.0,2.0,0.0,0.0,0.0,2.0,10.0,10.0,10.0,10.0,12.0,12.0,10.0,28.0,28.0,16.0,18.0,20.0,16.0,16.0,14.0,10.0,8.0,8.0,8.0,8.0,8.0,8.0,8.0,2.0,0.0,3.0,6.0,4.0,2.0,0.0,0.0,0.0,0.0,0.0,0.0,6.0,8.0,12.0,10.0,10.0,10.0,10.0,10.0,10.0,10.0,10.0,10.0,10.0,10.0,10.0,10.0,10.0,10.0,10.0,10.0,10.0
2025-05-28,2025-05,10.0,10.0,10.0,10.0,10.0,10.0,10.0,10.0,10.0,10.0,10.0,10.0,10.0,10.0,0.0,0.0,0.0,0.0,0.0,0.0,0.0,0.0,0.0,0.0,0.0,0.0,0.0,0.0,0.0,0.0,0.0,0.0,0.0,0.0,0.0,0.0,0.0,0.0,0.0,6.0,10.0,10.0,10.0,12.0,12.0,8.0,6.0,6.0,6.0,6.0,4.0,2.0,0.0,0.0,0.0,0.0,0.0,0.0,0.0,0.0,0.0,0.0,0.0,0.0,0.0,2.0,2.0,4.0,4.0,4.0,4.0,4.0,4.0,4.0,4.0,4.0,2.0,14.0,14.0,14.0,14.0,14.0,22.0,22.0,18.0,14.0,14.0,14.0,14.0,14.0,14.0,12.0,12.0,14.0,14.0,14.0
2025-05-29,2025-05,12.0,12.0,12.0,10.0,10.0,10.0,10.0,10.0,10.0,10.0,10.0,10.0,10.0,10.0,10.0,10.0,10.0,10.0,10.0,10.0,10.0,10.0,10.0,10.0,10.0,10.0,10.0,2.0,0.0,0.0,2.0,2.0,2.0,4.0,2.0,0.0,0.0,0.0,0.0,0.0,0.0,2.0,0.0,0.0,0.0,0.0,2.0,6.0,4.0,2.0,0.0,0.0,0.0,0.0,0.0,0.0,0.0,0.0,0.0,0.0,0.0,0.0,0.0,0.0,0.0,0.0,0.0,0.0,6.0,18.0,26.0,16.0,12.0,12.0,12.0,14.0,26.0,24.0,24.0,22.0,12.0,10.0,10.0,10.0,16.0,22.0,24.0,28.0,28.0,28.0,28.0,28.0,28.0,20.0,20.0,18.0
2025-05-30,2025-05,18.0,16.0,16.0,14.0,14.0,14.0,12.0,12.0,10.0,10.0,10.0,10.0,10.0,10.0,10.0,10.0,10.0,10.0,10.0,10.0,10.0,10.0,10.0,10.0,10.0,10.0,4.0,0.0,0.0,0.0,0.0,0.0,0.0,0.0,0.0,0.0,0.0,0.0,0.0,0.0,0.0,0.0,0.0,0.0,0.0,0.0,0.0,0.0,0.0,0.0,0.0,0.0,0.0,0.0,0.0,0.0,0.0,0.0,0.0,0.0,0.0,0.0,0.0,0.0,0.0,0.0,0.0,0.0,0.0,0.0,0.0,0.0,0.0,0.0,0.0,0.0,0.0,2.0,10.0,10.0,10.0,12.0,12.0,12.0,12.0,12.0,12.0,12.0,12.0,12.0,12.0,12.0,12.0,12.0,12.0,12.0
2025-05-31,2025-05,12.0,10.0,10.0,10.0,10.0,10.0,10.0,10.0,10.0,10.0,10.0,10.0,10.0,10.0,10.0,10.0,10.0,10.0,10.0,10.0,10.0,10.0,10.0,10.0,10.0,10.0,16.0,4.0,0.0,0.0,0.0,0.0,0.0,0.0,0.0,14.0,18.0,14.0,14.0,12.0,6.0,4.0,2.0,1.0,0.0,0.0,0.0,0.0,0.0,0.0,0.0,0.0,0.0,0.0,0.0,0.0,0.0,0.0,0.0,0.0,0.0,0.0,0.0,0.0,0.0,0.0,0.0,0.0,0.0,0.0,0.0,0.0,0.0,0.0,0.0,0.0,2.0,10.0,10.0,10.0,10.0,10.0,10.0,10.0,10.0,10.0,10.0,10.0,10.0,10.0,10.0,10.0,10.0,10.0,10.0,10.0
2025-06-01,2025-06,10.0,10.0,10.0,10.0,10.0,10.0,10.0,10.0,10.0,10.0,10.0,10.0,10.0,10.0,10.0,10.0,10.0,10.0,10.0,10.0,10.0,10.0,10.0,10.0,10.0,10.0,2.0,0.0,0.0,0.0,0.0,0.0,0.0,0.0,0.0,0.0,0.0,0.0,0.0,0.0,0.0,0.0,0.0,0.0,0.0,0.0,0.0,0.0,0.0,0.0,0.0,0.0,0.0,0.0,0.0,0.0,0.0,0.0,0.0,0.0,0.0,0.0,0.0,0.0,0.0,0.0,0.0,0.0,0.0,0.0,0.0,0.0,0.0,0.0,2.0,2.0,8.0,10.0,10.0,10.0,10.0,10.0,10.0,10.0,12.0,16.0,16.0,16.0,16.0,22.0,22.0,20.0,24.0,26.0,24.0,16.0
2025-06-02,2025-06,10.0,10.0,12.0,14.0,14.0,14.0,14.0,14.0,14.0,18.0,14.0,10.0,10.0,10.0,10.0,10.0,10.0,10.0,10.0,10.0,10.0,10.0,10.0,10.0,10.0,10.0,10.0,4.0,4.0,6.0,6.0,6.0,2.0,0.0,0.0,0.0,0.0,0.0,0.0,0.0,0.0,0.0,0.0,0.0,0.0,0.0,0.0,0.0,0.0,0.0,0.0,0.0,0.0,0.0,0.0,0.0,0.0,0.0,0.0,0.0,0.0,0.0,0.0,0.0,2.0,2.0,0.0,0.0,8.0,12.0,12.0,10.0,10.0,10.0,10.0,12.0,24.0,22.0,14.0,12.0,10.0,12.0,12.0,12.0,12.0,12.0,12.0,12.0,12.0,12.0,10.0,10.0,10.0,16.0,18.0,18.0
2025-06-03,2025-06,16.0,15.0,14.0,14.0,12.0,14.0,12.0,12.0,12.0,12.0,12.0,10.0,10.0,10.0,10.0,10.0,10.0,10.0,10.0,10.0,10.0,10.0,10.0,10.0,10.0,10.0,8.0,6.0,6.0,6.0,4.0,6.0,4.0,0.0,0.0,0.0,0.0,0.0,0.0,0.0,0.0,2.0,6.0,6.0,8.0,8.0,8.0,8.0,8.0,8.0,2.0,2.0,2.0,1.0,0.0,0.0,0.0,0.0,0.0,0.0,2.0,2.0,2.0,2.0,2.0,0.0,0.0,0.0,0.0,0.0,0.0,0.0,0.0,0.0,0.0,0.0,8.0,10.0,10.0,10.0,10.0,10.0,10.0,10.0,10.0,10.0,10.0,10.0,10.0,10.0,10.0,10.0,10.0,10.0,10.0,10.0
2025-06-04,2025-06,10.0,10.0,10.0,10.0,10.0,10.0,10.0,10.0,10.0,10.0,10.0,10.0,10.0,10.0,10.0,10.0,10.0,10.0,10.0,10.0,10.0,10.0,10.0,10.0,10.0,10.0,10.0,6.0,0.0,0.0,0.0,0.0,0.0,0.0,0.0,0.0,0.0,0.0,0.0,10.0,12.0,12.0,12.0,6.0,0.0,0.0,0.0,0.0,0.0,0.0,0.0,0.0,0.0,2.0,4.0,8.0,6.0,8.0,6.0,14.0,12.0,10.0,10.0,8.0,6.0,6.0,6.0,8.0,10.0,10.0,10.0,8.0,8.0,8.0,8.0,12.0,18.0,14.0,12.0,10.0,10.0,10.0,10.0,10.0,10.0,10.0,12.0,16.0,10.0,10.0,10.0,10.0,10.0,10.0,10.0,10.0
2025-06-05,2025-06,10.0,10.0,10.0,10.0,10.0,10.0,10.0,10.0,10.0,10.0,10.0,10.0,10.0,10.0,10.0,10.0,10.0,10.0,10.0,10.0,10.0,10.0,10.0,10.0,10.0,10.0,10.0,0.0,0.0,0.0,0.0,0.0,2.0,0.0,0.0,0.0,0.0,0.0,0.0,0.0,0.0,0.0,0.0,0.0,0.0,0.0,0.0,0.0,0.0,0.0,0.0,0.0,0.0,0.0,2.0,2.0,2.0,2.0,2.0,2.0,2.0,2.0,2.0,2.0,2.0,2.0,2.0,2.0,2.0,6.0,8.0,6.0,0.0,0.0,2.0,2.0,12.0,16.0,12.0,12.0,12.0,12.0,14.0,14.0,14.0,14.0,14.0,14.0,12.0,12.0,14.0,14.0,12.0,12.0,10.0,10.0
2025-06-06,2025-06,10.0,10.0,10.0,10.0,10.0,10.0,10.0,10.0,10.0,10.0,10.0,10.0,10.0,10.0,10.0,10.0,10.0,10.0,10.0,10.0,10.0,10.0,10.0,10.0,10.0,10.0,8.0,0.0,0.0,0.0,0.0,0.0,0.0,0.0,0.0,0.0,6.0,16.0,16.0,12.0,6.0,4.0,4.0,6.0,4.0,4.0,4.0,4.0,6.0,4.0,4.0,2.0,2.0,0.0,0.0,0.0,0.0,0.0,0.0,0.0,6.0,12.0,12.0,12.0,30.0,14.0,6.0,2.0,2.0,2.0,0.0,0.0,0.0,4.0,0.0,2.0,10.0,10.0,10.0,10.0,10.0,10.0,10.0,10.0,10.0,10.0,10.0,10.0,16.0,16.0,16.0,16.0,16.0,12.0,12.0,12.0
2025-06-09,2025-06,12.0,10.0,12.0,12.0,12.0,12.0,12.0,12.0,12.0,12.0,12.0,12.0,12.0,12.0,12.0,12.0,12.0,10.0,10.0,10.0,10.0,10.0,10.0,10.0,10.0,10.0,12.0,0.0,0.0,0.0,0.0,0.0,0.0,0.0,0.0,0.0,0.0,0.0,0.0,0.0,0.0,0.0,0.0,0.0,0.0,0.0,0.0,0.0,0.0,8.0,10.0,10.0,10.0,10.0,4.0,4.0,4.0,4.0,4.0,4.0,4.0,4.0,4.0,4.0,2.0,2.0,2.0,2.0,2.0,4.0,4.0,4.0,4.0,4.0,12.0,14.0,12.0,14.0,12.0,12.0,12.0,12.0,12.0,10.0,10.0,12.0,10.0,10.0,10.0,10.0,10.0,10.0,10.0,10.0,10.0,10.0
2025-06-10,2025-06,10.0,10.0,10.0,10.0,10.0,10.0,10.0,10.0,10.0,10.0,10.0,10.0,10.0,10.0,10.0,10.0,10.0,10.0,10.0,10.0,10.0,10.0,10.0,10.0,10.0,10.0,2.0,0.0,0.0,0.0,0.0,0.0,0.0,0.0,0.0,0.0,0.0,0.0,0.0,6.0,8.0,4.0,2.0,2.0,6.0,10.0,10.0,10.0,10.0,10.0,10.0,10.0,10.0,8.0,2.0,2.0,0.0,4.0,4.0,6.0,8.0,10.0,8.0,8.0,14.0,16.0,16.0,10.0,6.0,6.0,6.0,6.0,8.0,16.0,14.0,14.0,14.0,28.0,20.0,16.0,16.0,16.0,14.0,14.0,14.0,14.0,14.0,14.0,14.0,14.0,12.0,12.0,12.0,12.0,12.0,12.0
2025-06-11,2025-06,12.0,12.0,10.0,10.0,10.0,10.0,10.0,10.0,10.0,10.0,10.0,10.0,10.0,10.0,10.0,10.0,12.0,16.0,14.0,10.0,10.0,10.0,10.0,10.0,10.0,10.0,4.0,0.0,0.0,0.0,0.0,0.0,0.0,0.0,0.0,0.0,0.0,0.0,0.0,0.0,0.0,0.0,4.0,4.0,4.0,4.0,2.0,2.0,12.0,14.0,2.0,2.0,0.0,0.0,0.0,0.0,0.0,0.0,0.0,2.0,8.0,8.0,8.0,0.0,0.0,0.0,0.0,2.0,0.0,0.0,0.0,0.0,0.0,4.0,8.0,10.0,10.0,10.0,10.0,10.0,10.0,12.0,12.0,10.0,12.0,14.0,12.0,12.0,12.0,12.0,12.0,10.0,10.0,10.0,10.0,10.0
2025-06-12,2025-06,10.0,10.0,10.0,10.0,10.0,10.0,10.0,10.0,10.0,10.0,10.0,10.0,10.0,10.0,10.0,10.0,10.0,10.0,10.0,10.0,10.0,10.0,10.0,10.0,10.0,8.0,0.0,0.0,0.0,0.0,2.0,2.0,2.0,2.0,2.0,2.0,2.0,2.0,0.0,0.0,4.0,4.0,4.0,4.0,4.0,4.0,0.0,0.0,0.0,0.0,0.0,0.0,0.0,2.0,4.0,4.0,4.0,4.0,4.0,4.0,4.0,2.0,0.0,0.0,0.0,0.0,0.0,0.0,0.0,0.0,0.0,0.0,0.0,2.0,2.0,2.0,10.0,12.0,10.0,10.0,10.0,10.0,10.0,10.0,10.0,10.0,10.0,10.0,10.0,12.0,14.0,14.0,10.0,10.0,10.0,10.0
2025-06-13,2025-06,10.0,10.0,10.0,10.0,10.0,10.0,10.0,10.0,10.0,10.0,10.0,10.0,10.0,10.0,10.0,10.0,10.0,10.0,10.0,10.0,10.0,10.0,10.0,10.0,10.0,10.0,4.0,0.0,0.0,0.0,0.0,0.0,0.0,0.0,0.0,0.0,0.0,0.0,0.0,0.0,0.0,0.0,2.0,2.0,0.0,0.0,0.0,4.0,4.0,4.0,4.0,4.0,4.0,4.0,4.0,4.0,4.0,4.0,4.0,2.0,0.0,0.0,0.0,0.0,8.0,10.0,18.0,28.0,28.0,18.0,22.0,24.0,26.0,18.0,8.0,8.0,6.0,10.0,10.0,12.0,10.0,10.0,10.0,10.0,10.0,10.0,10.0,12.0,12.0,12.0,12.0,12.0,12.0,14.0,14.0,14.0
2025-06-14,2025-06,14.0,14.0,12.0,11.0,10.0,10.0,12.0,10.0,10.0,10.0,10.0,10.0,10.0,10.0,10.0,10.0,10.0,10.0,10.0,10.0,10.0,10.0,10.0,10.0,10.0,10.0,8.0,6.0,4.0,4.0,2.0,2.0,2.0,2.0,0.0,0.0,0.0,0.0,0.0,0.0,0.0,0.0,0.0,0.0,0.0,0.0,0.0,0.0,0.0,0.0,0.0,0.0,0.0,0.0,6.0,8.0,0.0,0.0,0.0,0.0,0.0,0.0,0.0,0.0,0.0,0.0,0.0,0.0,16.0,20.0,18.0,16.0,16.0,6.0,4.0,12.0,10.0,10.0,10.0,10.0,10.0,10.0,10.0,10.0,14.0,14.0,14.0,16.0,12.0,12.0,14.0,14.0,16.0,14.0,10.0,10.0
2025-06-15,2025-06,10.0,10.0,10.0,10.0,10.0,10.0,10.0,10.0,10.0,10.0,10.0,10.0,10.0,10.0,10.0,10.0,10.0,10.0,10.0,10.0,10.0,10.0,10.0,10.0,10.0,10.0,10.0,10.0,4.0,0.0,0.0,0.0,0.0,0.0,0.0,0.0,0.0,0.0,0.0,0.0,0.0,0.0,0.0,0.0,0.0,0.0,0.0,0.0,0.0,0.0,0.0,0.0,0.0,0.0,0.0,18.0,18.0,18.0,18.0,18.0,14.0,16.0,10.0,0.0,0.0,8.0,10.0,6.0,2.0,0.0,0.0,0.0,0.0,0.0,0.0,5.0,10.0,14.0,12.0,12.0,10.0,10.0,10.0,10.0,10.0,10.0,10.0,10.0,10.0,10.0,10.0,10.0,10.0,10.0,10.0,10.0
2025-06-16,2025-06,10.0,10.0,10.0,10.0,10.0,10.0,10.0,10.0,10.0,10.0,10.0,10.0,10.0,10.0,10.0,10.0,10.0,10.0,10.0,10.0,10.0,10.0,10.0,10.0,10.0,10.0,10.0,4.0,0.0,0.0,0.0,2.0,8.0,10.0,10.0,10.0,10.0,10.0,10.0,10.0,6.0,10.0,8.0,6.0,4.0,4.0,4.0,8.0,8.0,8.0,8.0,14.0,12.0,8.0,2.0,0.0,0.0,0.0,0.0,0.0,0.0,2.0,4.0,4.0,4.0,4.0,6.0,6.0,6.0,6.0,4.0,4.0,2.0,2.0,2.0,0.0,2.0,12.0,10.0,10.0,10.0,10.0,10.0,10.0,14.0,18.0,16.0,12.0,10.0,10.0,10.0,10.0,10.0,12.0,14.0,14.0
2025-06-17,2025-06,14.0,16.0,14.0,10.0,10.0,10.0,10.0,10.0,10.0,10.0,10.0,10.0,10.0,10.0,10.0,10.0,10.0,10.0,10.0,10.0,10.0,10.0,10.0,10.0,10.0,10.0,10.0,2.0,10.0,6.0,2.0,0.0,0.0,0.0,0.0,0.0,0.0,0.0,0.0,0.0,0.0,0.0,0.0,0.0,2.0,2.0,0.0,0.0,0.0,0.0,0.0,0.0,0.0,0.0,0.0,0.0,0.0,0.0,0.0,0.0,0.0,0.0,0.0,0.0,0.0,0.0,0.0,0.0,4.0,6.0,6.0,8.0,8.0,6.0,0.0,0.0,6.0,14.0,14.0,18.0,16.0,16.0,16.0,16.0,14.0,12.0,10.0,10.0,10.0,10.0,10.0,10.0,10.0,10.0,10.0,10.0
2025-06-18,2025-06,10.0,10.0,10.0,10.0,10.0,10.0,10.0,10.0,10.0,10.0,10.0,10.0,10.0,10.0,10.0,10.0,10.0,10.0,10.0,10.0,10.0,10.0,10.0,10.0,10.0,10.0,8.0,0.0,0.0,2.0,0.0,0.0,0.0,6.0,6.0,4.0,2.0,2.0,2.0,2.0,6.0,6.0,6.0,6.0,0.0,0.0,4.0,8.0,6.0,4.0,4.0,4.0,4.0,4.0,2.0,0.0,2.0,2.0,0.0,2.0,0.0,2.0,2.0,4.0,2.0,0.0,0.0,0.0,0.0,0.0,0.0,0.0,0.0,0.0,0.0,10.0,0.0,10.0,12.0,10.0,10.0,12.0,10.0,12.0,12.0,10.0,10.0,10.0,10.0,10.0,10.0,10.0,10.0,10.0,10.0,10.0
2025-06-19,2025-06,10.0,10.0,10.0,10.0,10.0,10.0,10.0,10.0,10.0,10.0,10.0,10.0,10.0,10.0,10.0,10.0,10.0,10.0,10.0,10.0,10.0,10.0,10.0,10.0,10.0,10.0,10.0,0.0,0.0,0.0,0.0,0.0,0.0,0.0,0.0,0.0,0.0,0.0,0.0,0.0,6.0,4.0,0.0,0.0,0.0,0.0,0.0,0.0,0.0,0.0,0.0,0.0,0.0,0.0,0.0,0.0,0.0,0.0,12.0,16.0,18.0,16.0,16.0,14.0,16.0,10.0,4.0,6.0,2.0,0.0,0.0,2.0,0.0,2.0,0.0,6.0,4.0,14.0,10.0,10.0,10.0,12.0,12.0,12.0,12.0,10.0,10.0,10.0,10.0,10.0,10.0,10.0,10.0,10.0,10.0,10.0
2025-06-21,2025-06,12.0,12.0,12.0,12.0,12.0,10.0,10.0,10.0,10.0,10.0,10.0,10.0,10.0,10.0,10.0,10.0,10.0,10.0,10.0,10.0,10.0,10.0,10.0,10.0,10.0,10.0,0.0,0.0,0.0,0.0,0.0,0.0,0.0,0.0,0.0,0.0,0.0,0.0,0.0,0.0,2.0,0.0,0.0,0.0,0.0,0.0,0.0,0.0,0.0,0.0,0.0,0.0,0.0,2.0,18.0,22.0,14.0,4.0,4.0,4.0,4.0,2.0,8.0,12.0,4.0,4.0,4.0,4.0,4.0,4.0,4.0,4.0,4.0,0.0,0.0,0.0,8.0,10.0,10.0,10.0,10.0,10.0,10.0,10.0,10.0,10.0,20.0,22.0,18.0,16.0,14.0,14.0,14.0,14.0,14.0,14.0
2025-06-22,2025-06,14.0,14.0,14.0,14.0,14.0,14.0,14.0,14.0,14.0,14.0,14.0,14.0,16.0,16.0,14.0,14.0,14.0,14.0,14.0,14.0,14.0,14.0,14.0,14.0,14.0,14.0,14.0,2.0,2.0,2.0,2.0,2.0,2.0,2.0,2.0,2.0,2.0,2.0,2.0,2.0,2.0,2.0,0.0,0.0,0.0,0.0,0.0,0.0,0.0,0.0,0.0,0.0,0.0,0.0,0.0,0.0,0.0,0.0,12.0,20.0,18.0,16.0,16.0,18.0,14.0,6.0,0.0,0.0,0.0,0.0,0.0,0.0,2.0,4.0,4.0,4.0,4.0,10.0,10.0,10.0,10.0,10.0,10.0,10.0,10.0,10.0,10.0,10.0,10.0,14.0,14.0,14.0,10.0,10.0,10.0,10.0
2025-06-23,2025-06,10.0,10.0,10.0,10.0,10.0,10.0,10.0,10.0,10.0,10.0,10.0,10.0,10.0,10.0,10.0,10.0,10.0,10.0,10.0,10.0,10.0,12.0,12.0,10.0,10.0,10.0,8.0,4.0,0.0,0.0,0.0,0.0,0.0,0.0,0.0,0.0,0.0,0.0,0.0,0.0,0.0,0.0,4.0,2.0,0.0,0.0,0.0,0.0,0.0,0.0,0.0,0.0,0.0,0.0,0.0,0.0,0.0,0.0,0.0,0.0,0.0,0.0,0.0,0.0,0.0,0.0,0.0,0.0,0.0,0.0,0.0,0.0,0.0,0.0,0.0,0.0,0.0,10.0,10.0,10.0,10.0,10.0,10.0,10.0,10.0,10.0,10.0,10.0,12.0,18.0,18.0,18.0,20.0,24.0,16.0,14.0
2025-06-24,2025-06,14.0,14.0,14.0,14.0,14.0,14.0,12.0,12.0,12.0,10.0,12.0,10.0,10.0,10.0,10.0,10.0,10.0,10.0,10.0,10.0,10.0,10.0,10.0,10.0,10.0,10.0,10.0,2.0,0.0,8.0,0.0,0.0,0.0,0.0,0.0,0.0,0.0,0.0,0.0,0.0,0.0,0.0,0.0,0.0,0.0,0.0,0.0,0.0,0.0,0.0,0.0,0.0,2.0,10.0,12.0,18.0,18.0,14.0,14.0,14.0,14.0,12.0,10.0,10.0,10.0,10.0,14.0,10.0,8.0,6.0,4.0,2.0,0.0,0.0,0.0,0.0,8.0,10.0,10.0,10.0,10.0,10.0,10.0,14.0,16.0,16.0,14.0,14.0,14.0,14.0,14.0,14.0,14.0,14.0,16.0,16.0
2025-06-25,2025-06,16.0,16.0,16.0,14.0,14.0,14.0,14.0,14.0,14.0,14.0,14.0,14.0,14.0,14.0,14.0,12.0,10.0,10.0,10.0,10.0,10.0,10.0,10.0,10.0,10.0,10.0,6.0,10.0,6.0,6.0,2.0,0.0,0.0,0.0,0.0,0.0,0.0,2.0,8.0,8.0,8.0,8.0,6.0,4.0,2.0,2.0,2.0,2.0,2.0,2.0,2.0,2.0,2.0,0.0,2.0,2.0,2.0,0.0,2.0,0.0,0.0,0.0,0.0,0.0,0.0,0.0,0.0,0.0,0.0,0.0,0.0,0.0,0.0,0.0,0.0,0.0,2.0,10.0,10.0,10.0,10.0,10.0,10.0,10.0,10.0,10.0,10.0,10.0,10.0,22.0,28.0,34.0,34.0,34.0,30.0,24.0
2025-06-26,2025-06,22.0,20.0,20.0,18.0,16.0,14.0,16.0,16.0,16.0,16.0,14.0,14.0,14.0,14.0,14.0,14.0,14.0,14.0,14.0,14.0,14.0,14.0,14.0,14.0,14.0,10.0,12.0,10.0,2.0,0.0,0.0,0.0,0.0,0.0,0.0,0.0,0.0,0.0,0.0,0.0,0.0,0.0,0.0,0.0,0.0,0.0,10.0,16.0,22.0,34.0,28.0,24.0,24.0,24.0,28.0,24.0,16.0,12.0,12.0,10.0,6.0,10.0,8.0,8.0,8.0,6.0,0.0,0.0,0.0,8.0,8.0,0.0,0.0,0.0,0.0,4.0,14.0,12.0,12.0,12.0,12.0,12.0,12.0,12.0,12.0,10.0,10.0,10.0,10.0,10.0,10.0,14.0,14.0,14.0,14.0,14.0
2025-06-27,2025-06,14.0,14.0,14.0,14.0,14.0,14.0,14.0,14.0,14.0,14.0,14.0,14.0,14.0,14.0,14.0,14.0,14.0,14.0,14.0,14.0,14.0,12.0,12.0,12.0,12.0,12.0,12.0,4.0,0.0,0.0,0.0,0.0,0.0,0.0,0.0,0.0,0.0,0.0,0.0,0.0,0.0,0.0,2.0,2.0,2.0,2.0,2.0,2.0,2.0,2.0,2.0,2.0,2.0,2.0,0.0,0.0,0.0,0.0,0.0,0.0,0.0,0.0,0.0,0.0,0.0,0.0,0.0,0.0,0.0,0.0,6.0,4.0,0.0,0.0,0.0,0.0,2.0,12.0,10.0,10.0,14.0,30.0,28.0,20.0,10.0,10.0,10.0,10.0,10.0,10.0,10.0,14.0,16.0,16.0,18.0,16.0
2025-06-28,2025-06,10.0,10.0,10.0,10.0,10.0,10.0,10.0,10.0,10.0,10.0,10.0,10.0,10.0,10.0,10.0,10.0,10.0,10.0,10.0,10.0,10.0,10.0,10.0,10.0,10.0,10.0,4.0,0.0,0.0,0.0,0.0,4.0,16.0,22.0,40.0,34.0,28.0,32.0,30.0,24.0,16.0,10.0,10.0,8.0,10.0,10.0,8.0,10.0,8.0,12.0,14.0,14.0,14.0,8.0,6.0,6.0,6.0,6.0,4.0,2.0,2.0,2.0,2.0,8.0,6.0,4.0,2.0,2.0,6.0,10.0,10.0,10.0,8.0,8.0,8.0,8.0,6.0,10.0,18.0,16.0,14.0,12.0,12.0,10.0,10.0,12.0,12.0,12.0,14.0,14.0,14.0,14.0,16.0,16.0,16.0,16.0
2025-06-29,2025-06,14.0,10.0,14.0,14.0,14.0,14.0,14.0,14.0,14.0,14.0,14.0,14.0,14.0,14.0,14.0,14.0,14.0,14.0,14.0,14.0,14.0,14.0,14.0,14.0,14.0,14.0,8.0,2.0,0.0,0.0,0.0,0.0,0.0,0.0,0.0,0.0,0.0,0.0,0.0,0.0,0.0,0.0,2.0,2.0,2.0,2.0,2.0,2.0,2.0,2.0,2.0,2.0,2.0,2.0,2.0,2.0,2.0,0.0,0.0,0.0,0.0,0.0,0.0,0.0,0.0,0.0,0.0,0.0,0.0,0.0,10.0,20.0,18.0,20.0,20.0,16.0,24.0,14.0,12.0,10.0,10.0,10.0,10.0,10.0,10.0,10.0,16.0,14.0,10.0,10.0,10.0,10.0,10.0,10.0,10.0,10.0
2025-06-30,2025-06,10.0,10.0,10.0,10.0,10.0,10.0,10.0,10.0,10.0,10.0,10.0,10.0,10.0,10.0,10.0,10.0,10.0,10.0,10.0,10.0,10.0,10.0,10.0,10.0,10.0,10.0,4.0,0.0,0.0,0.0,0.0,0.0,0.0,0.0,0.0,0.0,0.0,0.0,0.0,0.0,0.0,0.0,0.0,0.0,0.0,0.0,0.0,0.0,0.0,8.0,10.0,12.0,12.0,12.0,6.0,0.0,0.0,0.0,0.0,0.0,0.0,0.0,0.0,0.0,0.0,0.0,0.0,0.0,0.0,0.0,0.0,0.0,0.0,0.0,0.0,0.0,0.0,12.0,10.0,10.0,10.0,10.0,12.0,12.0,12.0,12.0,12.0,12.0,12.0,12.0,12.0,12.0,10.0,30.0,32.0,32.0
2025-07-02,2025-07,14.0,12.0,12.0,14.0,14.0,14.0,14.0,14.0,14.0,14.0,14.0,14.0,14.0,14.0,14.0,14.0,14.0,14.0,14.0,14.0,14.0,12.0,12.0,12.0,12.0,14.0,14.0,14.0,16.0,6.0,4.0,6.0,6.0,6.0,6.0,16.0,24.0,20.0,20.0,20.0,18.0,16.0,12.0,4.0,4.0,2.0,2.0,4.0,2.0,2.0,2.0,2.0,2.0,2.0,8.0,6.0,6.0,6.0,6.0,4.0,4.0,4.0,4.0,10.0,10.0,16.0,18.0,12.0,8.0,6.0,6.0,6.0,6.0,6.0,6.0,4.0,4.0,16.0,12.0,12.0,12.0,12.0,12.0,10.0,10.0,10.0,14.0,20.0,22.0,22.0,22.0,22.0,22.0,22.0,22.0,22.0
2025-07-03,2025-07,22.0,22.0,20.0,20.0,20.0,20.0,20.0,20.0,20.0,20.0,20.0,20.0,18.0,18.0,18.0,18.0,18.0,16.0,16.0,14.0,14.0,12.0,12.0,12.0,12.0,12.0,12.0,10.0,6.0,6.0,6.0,0.0,0.0,0.0,0.0,2.0,4.0,4.0,4.0,4.0,4.0,4.0,4.0,6.0,14.0,12.0,4.0,0.0,0.0,0.0,2.0,2.0,0.0,0.0,0.0,2.0,2.0,4.0,2.0,4.0,24.0,22.0,14.0,20.0,20.0,22.0,16.0,14.0,8.0,8.0,4.0,4.0,10.0,10.0,10.0,24.0,20.0,14.0,12.0,12.0,14.0,14.0,14.0,14.0,14.0,14.0,14.0,14.0,24.0,22.0,22.0,24.0,24.0,20.0,16.0,16.0
2025-07-04,2025-07,16.0,15.0,14.0,12.0,10.0,10.0,10.0,10.0,10.0,10.0,10.0,10.0,10.0,10.0,10.0,10.0,10.0,10.0,10.0,10.0,10.0,10.0,10.0,10.0,10.0,10.0,10.0,10.0,8.0,8.0,10.0,8.0,8.0,6.0,4.0,4.0,0.0,0.0,0.0,0.0,0.0,0.0,0.0,0.0,0.0,0.0,0.0,0.0,0.0,0.0,0.0,0.0,4.0,4.0,8.0,4.0,4.0,4.0,4.0,2.0,0.0,0.0,0.0,0.0,0.0,4.0,4.0,0.0,0.0,2.0,2.0,0.0,6.0,22.0,20.0,22.0,26.0,18.0,14.0,14.0,10.0,14.0,16.0,16.0,16.0,16.0,16.0,14.0,16.0,16.0,18.0,18.0,20.0,18.0,18.0,18.0
2025-07-05,2025-07,18.0,18.0,16.0,16.0,14.0,12.0,12.0,10.0,10.0,10.0,10.0,10.0,10.0,10.0,10.0,10.0,10.0,10.0,10.0,10.0,10.0,10.0,10.0,10.0,10.0,10.0,10.0,8.0,0.0,0.0,0.0,0.0,0.0,0.0,0.0,0.0,0.0,0.0,0.0,0.0,4.0,2.0,0.0,0.0,0.0,0.0,0.0,30.0,32.0,32.0,38.0,48.0,46.0,36.0,26.0,22.0,22.0,22.0,22.0,16.0,16.0,14.0,12.0,12.0,10.0,6.0,8.0,8.0,6.0,4.0,2.0,0.0,0.0,0.0,0.0,0.0,0.0,12.0,12.0,10.0,10.0,12.0,10.0,10.0,12.0,12.0,12.0,12.0,12.0,16.0,12.0,10.0,10.0,10.0,10.0,10.0
2025-07-06,2025-07,10.0,10.0,10.0,10.0,10.0,10.0,10.0,10.0,10.0,10.0,10.0,10.0,10.0,10.0,10.0,10.0,10.0,10.0,10.0,10.0,10.0,10.0,10.0,10.0,10.0,10.0,10.0,4.0,0.0,0.0,4.0,4.0,2.0,2.0,2.0,2.0,2.0,2.0,2.0,2.0,2.0,8.0,8.0,8.0,8.0,8.0,8.0,8.0,8.0,8.0,6.0,8.0,6.0,6.0,6.0,6.0,4.0,4.0,4.0,4.0,4.0,4.0,2.0,2.0,0.0,0.0,0.0,0.0,0.0,0.0,2.0,10.0,12.0,12.0,14.0,12.0,14.0,14.0,14.0,12.0,12.0,12.0,12.0,12.0,12.0,12.0,12.0,10.0,24.0,32.0,28.0,24.0,20.0,20.0,20.0,16.0
2025-07-07,2025-07,14.0,12.0,12.0,12.0,12.0,12.0,12.0,12.0,12.0,10.0,10.0,10.0,12.0,10.0,10.0,10.0,12.0,10.0,10.0,10.0,10.0,12.0,12.0,12.0,12.0,10.0,10.0,6.0,4.0,4.0,4.0,4.0,0.0,0.0,0.0,0.0,0.0,0.0,0.0,0.0,0.0,0.0,0.0,0.0,0.0,0.0,0.0,0.0,0.0,0.0,0.0,0.0,0.0,0.0,0.0,0.0,0.0,0.0,0.0,0.0,0.0,0.0,0.0,0.0,0.0,0.0,0.0,0.0,10.0,12.0,12.0,12.0,14.0,26.0,32.0,26.0,24.0,24.0,24.0,24.0,24.0,24.0,24.0,24.0,24.0,24.0,24.0,22.0,20.0,18.0,18.0,24.0,22.0,16.0,14.0,14.0
2025-07-11,2025-07,20.0,18.0,12.0,12.0,10.0,10.0,10.0,10.0,10.0,10.0,10.0,10.0,10.0,10.0,10.0,10.0,10.0,10.0,10.0,10.0,10.0,10.0,10.0,10.0,10.0,12.0,12.0,6.0,6.0,6.0,6.0,6.0,10.0,16.0,10.0,6.0,4.0,4.0,2.0,2.0,0.0,0.0,4.0,8.0,8.0,10.0,10.0,10.0,10.0,10.0,10.0,8.0,8.0,8.0,4.0,6.0,6.0,4.0,4.0,4.0,4.0,4.0,4.0,4.0,4.0,4.0,6.0,4.0,4.0,4.0,2.0,0.0,0.0,0.0,0.0,2.0,2.0,4.0,10.0,10.0,10.0,10.0,10.0,10.0,10.0,10.0,10.0,10.0,12.0,12.0,12.0,12.0,12.0,12.0,12.0,12.0
2025-07-12,2025-07,12.0,12.0,12.0,12.0,12.0,12.0,14.0,12.0,12.0,12.0,12.0,12.0,12.0,14.0,14.0,14.0,12.0,14.0,12.0,12.0,14.0,14.0,14.0,14.0,14.0,14.0,12.0,6.0,10.0,8.0,10.0,4.0,4.0,4.0,4.0,8.0,2.0,2.0,6.0,8.0,10.0,12.0,12.0,10.0,4.0,4.0,4.0,4.0,4.0,4.0,2.0,2.0,2.0,0.0,0.0,2.0,2.0,2.0,2.0,2.0,2.0,2.0,2.0,6.0,2.0,0.0,0.0,0.0,0.0,0.0,0.0,0.0,0.0,0.0,0.0,2.0,10.0,12.0,12.0,12.0,12.0,12.0,12.0,12.0,12.0,12.0,12.0,11.0,10.0,10.0,10.0,10.0,14.0,22.0,22.0,22.0
2025-07-13,2025-07,20.0,14.0,12.0,12.0,12.0,12.0,10.0,10.0,10.0,10.0,10.0,10.0,10.0,10.0,10.0,10.0,10.0,10.0,10.0,10.0,10.0,10.0,10.0,10.0,10.0,10.0,8.0,2.0,6.0,6.0,4.0,4.0,6.0,4.0,4.0,2.0,2.0,2.0,0.0,0.0,0.0,0.0,0.0,0.0,0.0,0.0,0.0,0.0,0.0,0.0,2.0,20.0,20.0,18.0,8.0,18.0,10.0,8.0,6.0,0.0,2.0,0.0,0.0,0.0,0.0,0.0,2.0,2.0,2.0,2.0,2.0,2.0,2.0,4.0,4.0,6.0,12.0,12.0,12.0,10.0,10.0,12.0,10.0,12.0,14.0,14.0,16.0,18.0,16.0,16.0,16.0,16.0,16.0,14.0,14.0,12.0
2025-07-15,2025-07,20.0,20.0,18.0,14.0,12.0,12.0,12.0,12.0,12.0,16.0,16.0,16.0,16.0,16.0,16.0,16.0,16.0,16.0,16.0,16.0,16.0,16.0,16.0,16.0,16.0,16.0,14.0,6.0,10.0,10.0,6.0,6.0,4.0,0.0,0.0,0.0,0.0,0.0,0.0,0.0,0.0,0.0,0.0,0.0,0.0,0.0,0.0,0.0,0.0,0.0,0.0,0.0,0.0,2.0,4.0,14.0,20.0,20.0,24.0,26.0,26.0,26.0,22.0,16.0,10.0,10.0,10.0,10.0,10.0,10.0,8.0,10.0,10.0,10.0,10.0,10.0,16.0,18.0,18.0,18.0,18.0,16.0,14.0,12.0,12.0,12.0,12.0,12.0,12.0,12.0,18.0,18.0,18.0,18.0,14.0,12.0
2025-07-16,2025-07,10.0,10.0,10.0,10.0,10.0,10.0,10.0,10.0,10.0,10.0,10.0,10.0,10.0,10.0,10.0,10.0,10.0,14.0,24.0,24.0,22.0,18.0,18.0,18.0,18.0,14.0,10.0,10.0,2.0,2.0,20.0,20.0,22.0,22.0,14.0,10.0,14.0,12.0,10.0,8.0,8.0,8.0,6.0,6.0,6.0,8.0,8.0,8.0,8.0,6.0,2.0,0.0,0.0,2.0,0.0,0.0,2.0,2.0,2.0,2.0,2.0,2.0,2.0,2.0,2.0,0.0,0.0,2.0,2.0,0.0,2.0,4.0,4.0,4.0,8.0,4.0,6.0,16.0,16.0,16.0,14.0,16.0,16.0,22.0,24.0,24.0,28.0,26.0,24.0,24.0,24.0,24.0,24.0,24.0,24.0,24.0
2025-07-17,2025-07,22.0,20.0,20.0,20.0,18.0,16.0,16.0,14.0,12.0,12.0,12.0,10.0,10.0,10.0,10.0,12.0,10.0,10.0,10.0,10.0,10.0,10.0,10.0,10.0,10.0,10.0,12.0,12.0,4.0,0.0,0.0,0.0,0.0,0.0,2.0,0.0,0.0,0.0,4.0,10.0,16.0,16.0,14.0,14.0,14.0,12.0,12.0,14.0,10.0,6.0,4.0,2.0,2.0,0.0,0.0,0.0,0.0,1.0,2.0,4.0,6.0,6.0,8.0,8.0,6.0,6.0,6.0,6.0,4.0,4.0,4.0,4.0,4.0,8.0,6.0,6.0,6.0,8.0,12.0,10.0,28.0,20.0,22.0,22.0,18.0,16.0,16.0,16.0,14.0,12.0,12.0,10.0,10.0,10.0,10.0,10.0
2025-07-18,2025-07,10.0,10.0,10.0,10.0,10.0,10.0,10.0,10.0,10.0,10.0,10.0,10.0,10.0,10.0,10.0,10.0,10.0,10.0,10.0,10.0,10.0,10.0,10.0,10.0,12.0,12.0,10.0,4.0,2.0,0.0,0.0,0.0,2.0,2.0,2.0,8.0,14.0,16.0,16.0,16.0,14.0,14.0,14.0,14.0,12.0,6.0,4.0,4.0,0.0,0.0,0.0,0.0,0.0,0.0,0.0,0.0,0.0,0.0,12.0,20.0,18.0,16.0,16.0,10.0,6.0,4.0,2.0,0.0,0.0,0.0,0.0,0.0,0.0,0.0,0.0,0.0,0.0,4.0,14.0,16.0,14.0,12.0,12.0,12.0,10.0,10.0,10.0,10.0,18.0,24.0,22.0,22.0,20.0,20.0,18.0,14.0
2025-07-19,2025-07,14.0,16.0,14.0,14.0,14.0,12.0,12.0,12.0,12.0,12.0,10.0,10.0,10.0,10.0,10.0,10.0,10.0,10.0,10.0,10.0,10.0,10.0,10.0,10.0,10.0,10.0,10.0,4.0,0.0,0.0,0.0,0.0,0.0,0.0,2.0,2.0,2.0,2.0,2.0,2.0,0.0,0.0,0.0,0.0,0.0,0.0,4.0,4.0,6.0,6.0,6.0,6.0,6.0,6.0,6.0,6.0,4.0,2.0,0.0,0.0,0.0,0.0,0.0,2.0,2.0,2.0,2.0,4.0,5.0,6.0,6.0,6.0,6.0,6.0,6.0,6.0,8.0,14.0,18.0,14.0,12.0,12.0,14.0,12.0,14.0,12.0,12.0,16.0,18.0,18.0,18.0,16.0,16.0,14.0,14.0,12.0
2025-07-20,2025-07,10.0,12.0,12.0,12.0,12.0,12.0,12.0,12.0,12.0,12.0,10.0,10.0,10.0,10.0,10.0,10.0,10.0,12.0,12.0,14.0,12.0,14.0,14.0,10.0,10.0,10.0,10.0,6.0,0.0,0.0,0.0,0.0,0.0,6.0,6.0,4.0,2.0,2.0,2.0,0.0,0.0,0.0,2.0,2.0,2.0,14.0,16.0,16.0,16.0,12.0,10.0,6.0,4.0,4.0,4.0,6.0,10.0,8.0,8.0,10.0,10.0,10.0,10.0,10.0,10.0,10.0,10.0,10.0,10.0,10.0,10.0,12.0,26.0,30.0,28.0,32.0,26.0,14.0,18.0,20.0,20.0,20.0,18.0,16.0,16.0,16.0,14.0,14.0,14.0,14.0,14.0,20.0,22.0,22.0,20.0,18.0
2025-07-24,2025-07,0.0,0.0,0.0,0.0,0.0,0.0,0.0,0.0,0.0,0.0,0.0,0.0,0.0,0.0,0.0,0.0,0.0,0.0,0.0,0.0,0.0,0.0,0.0,0.0,0.0,0.0,0.0,0.0,2.0,0.0,0.0,6.0,6.0,4.0,2.0,2.0,0.0,0.0,0.0,2.0,14.0,16.0,16.0,16.0,16.0,16.0,14.0,8.0,8.0,20.0,20.0,12.0,8.0,6.0,4.0,2.0,2.0,2.0,0.0,0.0,0.0,0.0,0.0,0.0,4.0,4.0,4.0,4.0,4.0,4.0,2.0,0.0,0.0,0.0,0.0,0.0,0.0,2.0,4.0,4.0,4.0,4.0,4.0,4.0,4.0,4.0,4.0,4.0,6.0,6.0,6.0,6.0,8.0,8.0,8.0,8.0
2025-07-25,2025-07,8.0,8.0,6.0,6.0,6.0,6.0,6.0,6.0,6.0,6.0,6.0,6.0,8.0,6.0,6.0,6.0,6.0,6.0,6.0,6.0,6.0,6.0,6.0,6.0,4.0,4.0,4.0,2.0,2.0,2.0,2.0,2.0,2.0,4.0,4.0,4.0,4.0,4.0,2.0,0.0,0.0,2.0,6.0,6.0,4.0,2.0,2.0,2.0,2.0,2.0,2.0,2.0,0.0,0.0,0.0,0.0,0.0,0.0,0.0,0.0,0.0,0.0,0.0,0.0,0.0,0.0,0.0,0.0,0.0,0.0,0.0,0.0,0.0,0.0,0.0,0.0,0.0,4.0,6.0,6.0,6.0,6.0,6.0,6.0,6.0,6.0,6.0,10.0,30.0,30.0,28.0,28.0,22.0,16.0,14.0,12.0
2025-07-26,2025-07,10.0,10.0,10.0,10.0,10.0,10.0,10.0,8.0,8.0,8.0,8.0,8.0,8.0,8.0,8.0,8.0,8.0,8.0,8.0,8.0,8.0,6.0,6.0,6.0,4.0,4.0,4.0,6.0,4.0,4.0,4.0,4.0,4.0,4.0,4.0,4.0,4.0,4.0,4.0,4.0,2.0,2.0,2.0,2.0,2.0,2.0,2.0,2.0,2.0,2.0,2.0,2.0,2.0,2.0,2.0,2.0,2.0,2.0,2.0,2.0,2.0,2.0,2.0,0.0,0.0,0.0,0.0,0.0,0.0,0.0,0.0,0.0,0.0,0.0,0.0,0.0,2.0,6.0,6.0,4.0,4.0,4.0,4.0,4.0,4.0,4.0,4.0,4.0,4.0,4.0,4.0,4.0,4.0,4.0,4.0,4.0
2025-07-27,2025-07,4.0,4.0,4.0,4.0,0.0,0.0,0.0,0.0,0.0,0.0,0.0,0.0,0.0,0.0,0.0,0.0,0.0,0.0,0.0,0.0,0.0,0.0,0.0,0.0,0.0,0.0,0.0,0.0,0.0,0.0,0.0,0.0,0.0,0.0,0.0,0.0,0.0,0.0,0.0,0.0,0.0,0.0,0.0,0.0,0.0,0.0,0.0,0.0,0.0,0.0,0.0,0.0,0.0,0.0,0.0,0.0,0.0,0.0,0.0,0.0,0.0,0.0,0.0,2.0,4.0,4.0,0.0,2.0,2.0,4.0,4.0,4.0,2.0,4.0,2.0,2.0,2.0,6.0,14.0,12.0,12.0,12.666666666666666,13.333333333333334,14.0,12.0,10.0,8.0,8.0,12.0,12.0,10.0,8.0,8.0,8.0,8.0,8.0
2025-07-30,2025-07,4.0,4.0,4.0,4.0,4.0,5.0,6.0,4.0,4.0,4.0,4.0,4.0,4.0,4.0,4.0,4.0,4.0,4.0,4.0,4.0,4.0,4.0,4.0,4.0,4.0,4.0,4.0,6.0,2.0,4.0,4.0,4.0,4.0,4.0,4.0,12.0,18.0,18.0,16.0,16.0,16.0,16.0,15.0,14.0,12.0,12.0,12.0,10.0,6.0,2.0,2.0,10.0,14.0,14.0,16.0,18.0,18.0,12.0,6.0,4.0,4.0,6.0,4.0,4.0,4.0,4.0,4.0,4.0,4.0,6.0,8.0,6.0,4.0,2.0,2.0,4.0,0.0,4.0,8.0,8.0,8.0,8.0,6.0,6.0,6.0,8.0,8.0,8.0,12.0,10.0,12.0,12.0,12.0,12.0,12.0,12.0
2025-07-31,2025-07,10.0,8.0,6.0,6.0,6.0,6.0,6.0,4.0,4.0,6.0,8.0,8.0,8.0,8.0,8.0,8.0,8.0,6.0,4.0,4.0,4.0,4.0,4.0,4.0,4.0,4.0,4.0,4.0,0.0,0.0,0.0,0.0,8.0,26.0,28.0,28.0,26.0,18.0,10.0,14.0,12.0,10.0,10.0,10.0,10.0,10.0,10.0,10.0,10.0,10.0,10.0,8.0,6.0,6.0,10.0,10.0,12.0,12.0,12.0,12.0,12.0,12.0,12.0,10.0,10.0,8.0,8.0,6.0,6.0,6.0,8.0,10.0,8.0,10.0,8.0,12.0,12.0,12.0,8.0,8.0,8.0,8.0,20.0,32.0,30.0,34.0,30.0,22.0,14.0,12.0,12.0,12.0,14.0,14.0,14.0,14.0
2025-08-01,2025-08,12.0,10.0,10.0,10.0,12.0,10.0,10.0,10.0,8.0,8.0,8.0,8.0,8.0,8.0,8.0,8.0,8.0,8.0,8.0,8.0,8.0,8.0,8.0,8.0,8.0,8.0,8.0,2.0,1.0,0.0,0.0,0.0,0.0,2.0,4.0,6.0,12.0,12.0,12.0,12.0,12.0,12.0,12.0,10.0,6.0,4.0,2.0,2.0,2.0,4.0,6.0,4.0,2.0,2.0,2.0,4.0,2.0,4.0,4.0,4.0,4.0,4.0,4.0,6.0,6.0,6.0,6.0,6.0,8.0,14.0,30.0,28.0,20.0,14.0,14.0,10.0,18.0,22.0,22.0,20.0,18.0,20.0,20.0,20.0,20.0,20.0,18.0,12.0,12.0,12.0,10.0,10.0,10.0,10.0,10.0,10.0
2025-08-02,2025-08,10.0,10.0,12.0,12.0,12.0,12.0,12.0,12.0,12.0,12.0,12.0,12.0,12.0,8.0,8.0,8.0,8.0,8.0,8.0,8.0,8.0,8.0,8.0,8.0,8.0,8.0,8.0,2.0,0.0,0.0,2.0,0.0,0.0,0.0,0.0,0.0,0.0,0.0,0.0,0.0,0.0,0.0,2.0,2.0,2.0,2.0,6.0,10.0,10.0,6.0,6.0,4.0,4.0,4.0,4.0,6.0,6.0,6.0,6.0,4.0,6.0,8.0,16.0,16.0,16.0,16.0,16.0,8.0,4.0,6.0,5.0,4.0,2.0,4.0,6.0,6.0,14.0,14.0,14.0,16.0,18.0,18.0,18.0,18.0,18.0,18.0,18.0,16.0,16.0,16.0,14.0,10.0,16.0,18.0,18.0,18.0
2025-08-03,2025-08,16.0,16.0,16.0,16.0,16.0,16.0,16.0,12.0,10.0,10.0,10.0,10.0,10.0,8.0,8.0,8.0,10.0,8.0,8.0,8.0,8.0,8.0,10.0,10.0,12.0,10.0,8.0,6.0,0.0,0.0,0.0,0.0,0.0,0.0,0.0,0.0,0.0,2.0,2.0,2.0,4.0,4.0,4.0,2.0,2.0,2.0,6.0,6.0,6.0,6.0,6.0,6.0,6.0,2.0,2.0,2.0,2.0,2.0,0.0,0.0,2.0,2.0,2.0,2.0,4.0,6.0,6.0,4.0,2.0,4.0,4.0,2.0,6.0,4.0,4.0,8.0,12.0,14.0,12.0,12.0,12.0,12.0,12.0,10.0,12.0,10.0,12.0,10.0,14.0,16.0,16.0,16.0,14.0,14.0,14.0,14.0
2025-08-04,2025-08,14.0,14.0,14.0,12.0,12.0,12.0,10.0,8.0,8.0,8.0,8.0,8.0,8.0,8.0,8.0,8.0,8.0,8.0,8.0,8.0,8.0,8.0,8.0,8.0,8.0,8.0,8.0,16.0,24.0,14.0,12.0,12.0,14.0,12.0,10.0,8.0,8.0,6.0,12.0,22.0,22.0,20.0,16.0,10.0,4.0,2.0,10.0,8.0,8.0,6.0,4.0,4.0,2.0,0.0,0.0,0.0,6.0,2.0,0.0,2.0,4.0,2.0,2.0,2.0,2.0,2.0,2.0,6.0,6.0,6.0,6.0,6.0,6.0,4.0,2.0,2.0,6.0,12.0,12.0,10.0,12.0,12.0,12.0,12.0,14.0,20.0,20.0,16.0,14.0,14.0,14.0,12.0,12.0,12.0,12.0,12.0
2025-08-05,2025-08,12.0,12.0,10.0,10.0,10.0,10.0,10.0,10.0,10.0,10.0,10.0,9.0,8.0,8.0,8.0,8.0,8.0,8.0,8.0,8.0,8.0,8.0,8.0,8.0,8.0,8.0,8.0,8.0,8.0,4.0,2.0,0.0,0.0,0.0,2.0,8.0,10.0,10.0,10.0,10.0,10.0,8.0,8.0,8.0,8.0,8.0,8.0,6.0,6.0,4.0,4.0,4.0,4.0,4.0,4.0,4.0,2.0,2.0,2.0,0.0,2.0,12.0,10.0,10.0,8.0,2.0,0.0,0.0,0.0,0.0,0.0,0.0,0.0,6.0,8.0,8.0,20.0,20.0,18.0,16.0,14.0,16.0,26.0,26.0,26.0,22.0,20.0,20.0,20.0,16.0,14.0,14.0,12.0,12.0,12.0,12.0
2025-08-06,2025-08,12.0,12.0,10.0,10.0,10.0,10.0,10.0,10.0,10.0,8.0,8.0,8.0,8.0,8.0,8.0,8.0,8.0,8.0,10.0,10.0,10.0,10.0,10.0,10.0,10.0,10.0,10.0,8.0,2.0,6.0,6.0,4.0,4.0,4.0,4.0,8.0,8.0,8.0,6.0,4.0,4.0,4.0,2.0,2.0,0.0,2.0,6.0,6.0,8.0,8.0,6.0,6.0,6.0,6.0,6.0,4.0,4.0,2.0,2.0,2.0,0.0,0.0,0.0,0.0,0.0,0.0,0.0,0.0,2.0,4.0,4.0,4.0,4.0,4.0,12.0,6.0,2.0,4.0,8.0,8.0,8.0,8.0,12.0,14.0,14.0,14.0,14.0,10.0,10.0,10.0,8.0,8.0,12.0,12.0,12.0,12.0
2025-08-07,2025-08,12.0,12.0,14.0,12.0,12.0,12.0,12.0,12.0,12.0,12.0,14.0,14.0,12.0,14.0,14.0,14.0,14.0,12.0,14.0,14.0,14.0,14.0,12.0,14.0,14.0,14.0,14.0,14.0,12.0,4.0,0.0,2.0,2.0,2.0,2.0,2.0,2.0,0.0,0.0,0.0,0.0,0.0,0.0,0.0,4.0,4.0,2.0,0.0,0.0,0.0,0.0,0.0,0.0,0.0,0.0,0.0,0.0,0.0,0.0,0.0,0.0,0.0,0.0,0.0,0.0,6.0,4.0,5.0,6.0,6.0,6.0,4.0,0.0,0.0,2.0,6.0,2.0,6.0,8.0,8.0,8.0,10.0,12.0,12.0,14.0,12.0,12.0,12.0,12.0,12.0,12.0,12.0,12.0,12.0,12.0,12.0
2025-08-08,2025-08,14.0,12.0,12.0,12.0,12.0,12.0,12.0,12.0,14.0,14.0,12.0,14.0,14.0,12.0,12.0,12.0,12.0,12.0,12.0,10.0,10.0,8.0,8.0,8.0,12.0,12.0,10.0,4.0,6.0,4.0,4.0,4.0,4.0,6.0,8.0,8.0,6.0,4.0,4.0,2.0,2.0,4.0,4.0,4.0,4.0,4.0,4.0,2.0,4.0,8.0,10.0,14.0,14.0,14.0,14.0,10.0,10.0,10.0,10.0,8.0,8.0,8.0,6.0,4.0,4.0,2.0,2.0,2.0,2.0,2.0,0.0,0.0,0.0,0.0,2.0,4.0,10.0,8.0,8.0,8.0,10.0,10.0,8.0,10.0,12.0,12.0,10.0,12.0,12.0,12.0,10.0,10.0,8.0,8.0,8.0,8.0
2025-08-09,2025-08,8.0,8.0,8.0,8.0,8.0,8.0,8.0,8.0,8.0,8.0,8.0,8.0,8.0,8.0,8.0,8.0,8.0,8.0,8.0,8.0,8.0,8.0,8.0,8.0,8.0,8.0,8.0,8.0,2.0,0.0,0.0,0.0,0.0,0.0,0.0,0.0,0.0,0.0,0.0,0.0,0.0,0.0,0.0,0.0,0.0,4.0,4.0,2.0,0.0,0.0,0.0,0.0,0.0,0.0,0.0,1.0,2.0,0.0,2.0,2.0,2.0,2.0,2.0,2.0,2.0,2.0,2.0,2.0,0.0,0.0,0.0,0.0,0.0,0.0,0.0,0.0,10.0,12.0,12.0,12.0,12.0,12.0,12.0,12.0,10.0,14.0,14.0,12.0,18.0,18.0,18.0,22.0,22.0,22.0,22.0,22.0
2025-08-11,2025-08,8.0,8.0,8.0,8.0,8.0,8.0,8.0,8.0,8.0,8.0,8.0,8.0,8.0,8.0,8.0,8.0,8.0,8.0,8.0,8.0,8.0,8.0,8.0,8.0,8.0,8.0,4.0,8.0,4.0,0.0,0.0,0.0,0.0,0.0,0.0,0.0,4.0,20.0,22.0,22.0,20.0,12.0,8.0,4.0,4.0,2.0,0.0,0.0,0.0,0.0,0.0,0.0,0.0,0.0,8.0,2.0,0.0,0.0,2.0,4.0,8.0,6.0,4.0,2.0,0.0,0.0,0.0,0.0,0.0,0.0,0.0,0.0,0.0,2.0,4.0,4.0,10.0,8.0,8.0,8.0,8.0,8.0,10.0,10.0,14.0,18.0,16.0,18.0,16.0,14.0,12.0,12.0,12.0,12.0,12.0,12.0
2025-08-12,2025-08,12.0,12.0,12.0,12.0,10.0,8.0,8.0,8.0,8.0,8.0,8.0,8.0,8.0,8.0,8.0,8.0,8.0,8.0,8.0,8.0,8.0,8.0,8.0,8.0,8.0,8.0,10.0,16.0,16.0,10.0,8.0,2.0,2.0,2.0,2.0,2.0,4.0,2.0,2.0,2.0,2.0,4.0,2.0,2.0,2.0,2.0,2.0,0.0,0.0,0.0,0.0,0.0,0.0,0.0,0.0,0.0,0.0,0.0,0.0,4.0,6.0,2.0,2.0,2.0,2.0,2.0,2.0,2.0,2.0,2.0,2.0,2.0,2.0,2.0,2.0,8.0,10.0,10.0,8.0,8.0,8.0,8.0,10.0,10.0,10.0,8.0,8.0,8.0,8.0,8.0,8.0,8.0,8.0,8.0,8.0,8.0
2025-08-13,2025-08,8.0,8.0,8.0,8.0,8.0,8.0,8.0,8.0,8.0,8.0,8.0,8.0,8.0,8.0,8.0,8.0,8.0,8.0,8.0,8.0,8.0,8.0,8.0,8.0,8.0,8.0,8.0,8.0,4.0,0.0,0.0,0.0,0.0,0.0,0.0,0.0,14.0,16.0,16.0,16.0,14.0,12.0,14.0,12.0,8.0,6.0,4.0,2.0,2.0,4.0,2.0,0.0,0.0,0.0,2.0,2.0,2.0,6.0,6.0,2.0,0.0,0.0,0.0,0.0,0.0,0.0,0.0,0.0,0.0,0.0,0.0,0.0,0.0,0.0,0.0,0.0,6.0,8.0,8.0,8.0,8.0,8.0,8.0,8.0,10.0,10.0,10.0,10.0,10.0,10.0,10.0,10.0,8.0,8.0,8.0,8.0
2025-08-16,2025-08,10.0,8.0,8.0,8.0,8.0,8.0,8.0,8.0,8.0,8.0,8.0,8.0,8.0,8.0,8.0,8.0,8.0,8.0,8.0,8.0,8.0,8.0,8.0,8.0,8.0,9.0,10.0,12.0,10.0,6.0,0.0,0.0,0.0,0.0,0.0,0.0,0.0,0.0,0.0,0.0,0.0,0.0,0.0,0.0,0.0,0.0,0.0,0.0,0.0,0.0,0.0,0.0,0.0,0.0,0.0,0.0,0.0,2.0,0.0,2.0,4.0,4.0,4.0,4.0,4.0,4.0,2.0,2.0,0.0,0.0,0.0,0.0,0.0,0.0,0.0,0.0,6.0,8.0,8.0,8.0,8.0,8.0,8.0,8.0,8.0,8.0,8.0,8.0,8.0,8.0,8.0,8.0,8.0,8.0,8.0,8.0
2025-08-17,2025-08,8.0,8.0,8.0,8.0,8.0,8.0,8.0,8.0,8.0,8.0,8.0,8.0,8.0,8.0,8.0,8.0,8.0,8.0,8.0,8.0,8.0,8.0,8.0,10.0,10.0,8.0,6.0,2.0,0.0,2.0,0.0,0.0,0.0,0.0,0.0,0.0,0.0,0.0,0.0,0.0,0.0,0.0,0.0,0.0,0.0,0.0,0.0,0.0,0.0,0.0,0.0,0.0,0.0,0.0,2.0,4.0,2.0,1.0,0.0,0.0,0.0,0.0,0.0,0.0,0.0,0.0,0.0,0.0,0.0,0.0,0.0,4.0,6.0,6.0,10.0,14.0,14.0,16.0,0.0,14.0,14.0,14.0,20.0,26.0,26.0,28.0,34.0,34.0,30.0,26.0,22.0,16.0,14.0,14.0,12.0,12.0
2025-08-18,2025-08,12.0,12.0,10.0,10.0,10.0,10.0,10.0,10.0,10.0,10.0,10.0,8.0,8.0,8.0,8.0,8.0,8.0,8.0,10.0,8.0,10.0,8.0,8.0,8.0,8.0,12.0,8.0,4.0,0.0,0.0,0.0,2.0,0.0,0.0,0.0,0.0,0.0,2.0,2.0,4.0,2.0,2.0,2.0,0.0,14.0,16.0,14.0,8.0,10.0,14.0,10.0,6.0,6.0,6.0,6.0,6.0,6.0,6.0,6.0,6.0,6.0,6.0,8.0,8.0,6.0,6.0,6.0,4.0,6.0,6.0,6.0,6.0,6.0,4.0,4.0,6.0,6.0,16.0,20.0,20.0,16.0,16.0,14.0,14.0,14.0,14.0,12.0,12.0,12.0,12.0,10.0,8.0,8.0,8.0,8.0,8.0
2025-08-19,2025-08,8.0,8.0,8.0,8.0,8.0,8.0,8.0,8.0,8.0,8.0,8.0,8.0,8.0,8.0,8.0,8.0,8.0,8.0,8.0,8.0,8.0,8.0,8.0,8.0,8.0,8.0,8.0,4.0,4.0,2.0,2.0,2.0,2.0,4.0,4.0,4.0,4.0,4.0,6.0,8.0,10.0,8.0,8.0,6.0,6.0,8.0,8.0,6.0,6.0,6.0,6.0,4.0,4.0,2.0,2.0,2.0,2.0,0.0,0.0,0.0,0.0,0.0,0.0,2.0,6.0,2.0,0.0,0.0,0.0,0.0,2.0,0.0,2.0,2.0,0.0,0.0,8.0,8.0,8.0,8.0,8.0,8.0,8.0,10.0,10.0,10.0,10.0,10.0,10.0,10.0,10.0,14.0,14.0,14.0,14.0,14.0
2025-08-20,2025-08,14.0,16.0,14.0,12.0,8.0,8.0,8.0,8.0,8.0,8.0,8.0,8.0,8.0,8.0,8.0,8.0,8.0,8.0,8.0,8.0,8.0,8.0,8.0,8.0,8.0,8.0,8.0,2.0,2.0,4.0,2.0,0.0,0.0,0.0,0.0,0.0,0.0,0.0,0.0,2.0,6.0,6.0,6.0,6.0,6.0,6.0,6.0,6.0,6.0,2.0,2.0,2.0,2.0,2.0,2.0,2.0,0.0,0.0,0.0,2.0,2.0,2.0,2.0,2.0,4.0,12.0,16.0,14.0,14.0,14.0,10.0,10.0,4.0,4.0,4.0,10.0,14.0,14.0,14.0,14.0,14.0,12.0,12.0,12.0,20.0,20.0,18.0,16.0,16.0,18.0,18.0,18.0,18.0,18.0,18.0,18.0
2025-08-21,2025-08,16.0,14.0,14.0,12.0,12.0,12.0,10.0,10.0,10.0,8.0,8.0,8.0,8.0,8.0,8.0,8.0,8.0,8.0,8.0,8.0,8.0,8.0,8.0,8.0,8.0,8.0,8.0,8.0,0.0,0.0,0.0,0.0,0.0,0.0,0.0,0.0,0.0,4.0,14.0,14.0,14.0,14.0,14.0,10.0,8.0,8.0,2.0,2.0,4.0,2.0,2.0,0.0,6.0,6.0,6.0,10.0,6.0,14.0,12.0,10.0,10.0,10.0,6.0,4.0,2.0,2.0,2.0,2.0,2.0,2.0,2.0,2.0,2.0,8.0,14.0,22.0,20.0,16.0,14.0,14.0,12.0,10.0,10.0,10.0,8.0,8.0,10.0,10.0,14.0,16.0,14.0,14.0,14.0,16.0,16.0,16.0
2025-08-22,2025-08,14.0,14.0,14.0,14.0,14.0,14.0,14.0,13.0,12.0,12.0,12.0,12.0,12.0,12.0,12.0,12.0,12.0,12.0,12.0,10.0,10.0,10.0,10.0,10.0,10.0,10.0,10.0,6.0,8.0,10.0,8.0,6.0,8.0,8.0,10.0,6.0,6.0,6.0,2.0,4.0,2.0,2.0,14.0,16.0,20.0,22.0,22.0,22.0,20.0,20.0,20.0,20.0,20.0,18.0,18.0,18.0,16.0,12.0,8.0,6.0,6.0,6.0,6.0,6.0,6.0,8.0,8.0,8.0,8.0,10.0,8.0,8.0,8.0,8.0,8.0,10.0,12.0,14.0,12.0,14.0,14.0,12.0,10.0,10.0,10.0,12.0,12.0,12.0,12.0,10.0,10.0,10.0,10.0,10.0,10.0,10.0
2025-08-23,2025-08,10.0,10.0,10.0,10.0,10.0,10.0,10.0,10.0,10.0,10.0,10.0,10.0,10.0,10.0,10.0,10.0,12.0,10.0,10.0,8.0,8.0,8.0,8.0,8.0,8.0,8.0,8.0,8.0,8.0,2.0,0.0,0.0,0.0,0.0,0.0,0.0,0.0,0.0,0.0,0.0,0.0,0.0,0.0,0.0,0.0,12.0,16.0,14.0,12.0,10.0,6.0,4.0,6.0,4.0,2.0,2.0,2.0,2.0,2.0,2.0,2.0,2.0,2.0,4.0,4.0,4.0,4.0,4.0,4.0,2.0,2.0,2.0,2.0,2.0,2.0,6.0,10.0,10.0,8.0,8.0,18.0,19.0,20.0,20.0,20.0,20.0,20.0,12.0,8.0,8.0,8.0,8.0,8.0,8.0,8.0,8.0
2025-08-24,2025-08,8.0,8.0,8.0,8.0,8.0,8.0,8.0,8.0,8.0,8.0,8.0,8.0,8.0,8.0,8.0,8.0,8.0,8.0,8.0,8.0,8.0,8.0,8.0,8.0,8.0,8.0,8.0,4.0,0.0,0.0,0.0,0.0,0.0,0.0,0.0,6.0,8.0,8.0,8.0,8.0,12.0,14.0,10.0,6.0,6.0,6.0,4.0,4.0,4.0,4.0,2.0,0.0,0.0,0.0,0.0,0.0,0.0,0.0,0.0,0.0,0.0,0.0,0.0,0.0,0.0,0.0,0.0,0.0,0.0,0.0,0.0,0.0,0.0,0.0,2.0,0.0,2.0,8.0,8.0,10.0,18.0,18.0,18.0,18.0,18.0,18.0,18.0,18.0,18.0,18.0,18.0,18.0,18.0,18.0,14.0,12.0
2025-08-25,2025-08,10.0,10.0,10.0,10.0,10.0,8.0,10.0,10.0,8.0,10.0,8.0,10.0,10.0,10.0,12.0,12.0,12.0,12.0,12.0,12.0,12.0,12.0,12.0,12.0,12.0,10.0,8.0,2.0,0.0,2.0,0.0,0.0,0.0,0.0,0.0,0.0,0.0,0.0,0.0,0.0,0.0,0.0,0.0,0.0,0.0,0.0,0.0,0.0,0.0,0.0,2.0,6.0,8.0,8.0,10.0,22.0,22.0,24.0,20.0,18.0,20.0,20.0,16.0,14.0,14.0,10.0,10.0,6.0,4.0,4.0,4.0,6.0,4.0,4.0,0.0,0.0,8.0,12.0,12.0,12.0,10.0,14.0,14.0,14.0,16.0,16.0,16.0,14.0,14.0,10.0,10.0,10.0,10.0,10.0,10.0,10.0
2025-08-26,2025-08,10.0,10.0,10.0,10.0,10.0,10.0,10.0,10.0,10.0,10.0,8.0,8.0,8.0,8.0,8.0,8.0,8.0,8.0,8.0,8.0,8.0,8.0,8.0,8.0,8.0,10.0,8.0,6.0,4.0,0.0,2.0,0.0,0.0,0.0,0.0,0.0,0.0,0.0,0.0,0.0,0.0,0.0,0.0,0.0,0.0,0.0,0.0,0.0,0.0,0.0,2.0,2.0,2.0,2.0,2.0,6.0,6.0,6.0,4.0,2.0,4.0,2.0,2.0,2.0,2.0,2.0,2.0,2.0,2.0,2.0,2.0,2.0,0.0,0.0,0.0,0.0,4.0,8.0,8.0,8.0,10.0,10.0,10.0,10.0,10.0,10.0,10.0,10.0,10.0,16.0,20.0,20.0,20.0,20.0,20.0,20.0
2025-08-27,2025-08,20.0,20.0,16.0,14.0,12.0,10.0,10.0,10.0,8.0,8.0,8.0,8.0,8.0,8.0,8.0,8.0,8.0,8.0,8.0,8.0,8.0,8.0,8.0,8.0,8.0,10.0,16.0,24.0,22.0,18.0,12.0,8.0,8.0,8.0,8.0,2.0,2.0,2.0,2.0,2.0,2.0,2.0,2.0,2.0,0.0,2.0,2.0,2.0,2.0,2.0,0.0,0.0,0.0,0.0,0.0,2.0,4.0,4.0,4.0,2.0,0.0,0.0,0.0,2.0,6.0,6.0,6.0,6.0,12.0,12.0,4.0,2.0,0.0,0.0,0.0,2.0,4.0,14.0,12.0,12.0,12.0,12.0,12.0,8.0,8.0,8.0,8.0,8.0,8.0,14.0,12.0,14.0,14.0,14.0,14.0,14.0
2025-08-28,2025-08,12.0,12.0,12.0,12.0,12.0,12.0,12.0,12.0,10.0,8.0,8.0,8.0,8.0,8.0,8.0,8.0,8.0,8.0,8.0,8.0,8.0,8.0,8.0,8.0,8.0,8.0,8.0,8.0,2.0,0.0,0.0,0.0,0.0,0.0,0.0,4.0,6.0,6.0,6.0,6.0,14.0,16.0,16.0,16.0,16.0,16.0,16.0,16.0,16.0,12.0,8.0,8.0,8.0,6.0,2.0,0.0,0.0,0.0,2.0,2.0,0.0,0.0,0.0,0.0,0.0,0.0,0.0,0.0,0.0,0.0,0.0,0.0,2.0,4.0,10.0,4.0,12.0,12.0,16.0,16.0,16.0,16.0,14.0,12.0,12.0,12.0,10.0,10.0,8.0,8.0,8.0,8.0,8.0,8.0,8.0,8.0
2025-08-29,2025-08,8.0,8.0,8.0,8.0,8.0,8.0,8.0,8.0,8.0,8.0,8.0,8.0,8.0,8.0,8.0,8.0,8.0,8.0,8.0,8.0,8.0,8.0,8.0,8.0,8.0,8.0,8.0,2.0,0.0,0.0,0.0,0.0,0.0,0.0,0.0,0.0,0.0,4.0,12.0,10.0,10.0,10.0,10.0,10.0,10.0,10.0,8.0,8.0,8.0,6.0,4.0,4.0,4.0,10.0,12.0,12.0,12.0,16.0,18.0,18.0,20.0,20.0,18.0,14.0,10.0,6.0,4.0,4.0,2.0,4.0,2.0,2.0,2.0,2.0,2.0,0.0,6.0,10.0,10.0,8.0,8.0,8.0,12.0,12.0,12.0,12.0,12.0,12.0,14.0,16.0,14.0,18.0,18.0,18.0,16.0,16.0
2025-08-30,2025-08,10.0,8.0,8.0,8.0,8.0,8.0,8.0,10.0,8.0,8.0,8.0,8.0,8.0,8.0,8.0,8.0,8.0,8.0,8.0,8.0,8.0,8.0,8.0,8.0,8.0,8.0,6.0,0.0,0.0,0.0,4.0,4.0,4.0,4.0,4.0,0.0,0.0,0.0,0.0,0.0,0.0,0.0,0.0,0.0,0.0,0.0,0.0,0.0,4.0,4.0,4.0,4.0,4.0,4.0,0.0,0.0,0.0,0.0,0.0,0.0,0.0,0.0,0.0,0.0,0.0,0.0,0.0,0.0,0.0,0.0,0.0,0.0,0.0,0.0,0.0,4.0,4.0,8.0,10.0,10.0,12.0,16.0,16.0,14.0,10.0,8.0,8.0,8.0,8.0,8.0,14.0,14.0,14.0,14.0,12.0,10.0
2025-08-31,2025-08,10.0,10.0,10.0,10.0,10.0,10.0,10.0,8.0,8.0,8.0,8.0,8.0,8.0,8.0,8.0,8.0,8.0,8.0,8.0,8.0,8.0,8.0,8.0,8.0,8.0,8.0,8.0,2.0,0.0,0.0,0.0,0.0,0.0,0.0,0.0,0.0,0.0,0.0,0.0,0.0,0.0,0.0,0.0,0.0,0.0,0.0,0.0,0.0,0.0,0.0,0.0,0.0,0.0,0.0,0.0,2.0,24.0,28.0,30.0,30.0,28.0,22.0,14.0,10.0,8.0,6.0,4.0,2.0,0.0,0.0,0.0,0.0,0.0,4.0,6.0,0.0,2.0,8.0,8.0,8.0,8.0,10.0,16.0,16.0,16.0,16.0,16.0,16.0,16.0,16.0,16.0,10.0,12.0,10.0,8.0,8.0
2025-09-01,2025-09,8.0,8.0,8.0,8.0,8.0,8.0,8.0,8.0,8.0,8.0,12.0,12.0,12.0,12.0,12.0,12.0,12.0,10.0,8.0,8.0,8.0,8.0,8.0,8.0,8.0,8.0,6.0,2.0,2.0,2.0,2.0,2.0,0.0,0.0,0.0,2.0,2.0,2.0,4.0,14.0,10.0,8.0,8.0,6.0,6.0,8.0,14.0,20.0,20.0,20.0,20.0,20.0,20.0,18.0,16.0,14.0,12.0,10.0,8.0,8.0,8.0,6.0,6.0,4.0,2.0,0.0,0.0,0.0,0.0,20.0,20.0,22.0,22.0,22.0,30.0,26.0,26.0,24.0,24.0,22.0,12.0,10.0,10.0,8.0,8.0,8.0,8.0,8.0,8.0,8.0,8.0,8.0,8.0,8.0,8.0,8.0
2025-09-02,2025-09,8.0,8.0,8.0,8.0,8.0,8.0,8.0,8.0,8.0,8.0,8.0,8.0,8.0,8.0,8.0,8.0,8.0,8.0,8.0,8.0,8.0,8.0,8.0,8.0,8.0,8.0,6.0,0.0,0.0,0.0,0.0,0.0,0.0,4.0,8.0,8.0,8.0,8.0,8.0,8.0,8.0,14.0,12.0,12.0,12.0,10.0,10.0,9.0,8.0,8.0,8.0,6.0,4.0,4.0,2.0,0.0,0.0,0.0,2.0,4.0,4.0,4.0,4.0,4.0,2.0,4.0,4.0,4.0,4.0,2.0,4.0,6.0,6.0,6.0,6.0,6.0,14.0,14.0,14.0,12.0,12.0,12.0,14.0,14.0,14.0,12.0,14.0,14.0,14.0,14.0,14.0,12.0,10.0,8.0,8.0,8.0
2025-09-05,2025-09,16.0,16.0,16.0,16.0,16.0,16.0,16.0,14.0,12.0,10.0,10.0,8.0,8.0,8.0,8.0,8.0,8.0,8.0,8.0,8.0,8.0,8.0,8.0,8.0,8.0,8.0,6.0,0.0,0.0,0.0,0.0,0.0,0.0,0.0,0.0,0.0,0.0,2.0,2.0,0.0,0.0,0.0,0.0,0.0,0.0,8.0,18.0,32.0,36.0,36.0,30.0,22.0,14.0,10.0,6.0,0.0,2.0,2.0,2.0,6.0,8.0,8.0,8.0,16.0,20.0,10.0,10.0,10.0,14.0,12.0,14.0,14.0,8.0,4.0,4.0,2.0,2.0,6.0,10.0,10.0,8.0,8.0,8.0,8.0,8.0,8.0,8.0,8.0,8.0,8.0,8.0,10.0,18.0,18.0,18.0,18.0
2025-09-06,2025-09,18.0,12.0,12.0,14.0,0.0,0.0,0.0,0.0,0.0,0.0,0.0,0.0,0.0,0.0,0.0,0.0,0.0,0.0,0.0,0.0,0.0,0.0,0.0,0.0,0.0,0.0,0.0,0.0,0.0,0.0,0.0,4.0,8.0,8.0,6.0,6.0,4.0,4.0,4.0,2.0,2.0,8.0,16.0,16.0,16.0,16.0,16.0,16.0,16.0,16.0,14.0,14.0,14.0,16.0,16.0,16.0,12.0,10.0,6.0,4.0,4.0,2.0,2.0,2.0,2.0,2.0,2.0,2.0,18.0,20.0,18.0,18.0,20.0,18.0,18.0,8.0,6.0,10.0,10.0,8.0,8.0,8.0,8.0,8.0,8.0,8.0,8.0,8.0,8.0,8.0,8.0,8.0,8.0,8.0,8.0,8.0
2025-09-07,2025-09,8.0,8.0,8.0,8.0,8.0,8.0,8.0,8.0,8.0,8.0,8.0,8.0,8.0,8.0,8.0,8.0,8.0,8.0,8.0,8.0,8.0,8.0,8.0,8.0,8.0,8.0,8.0,6.0,0.0,0.0,0.0,0.0,0.0,0.0,0.0,0.0,2.0,4.0,4.0,4.0,4.0,4.0,4.0,4.0,4.0,4.0,4.0,4.0,4.0,4.0,4.0,10.0,16.0,16.0,18.0,34.0,32.0,30.0,26.0,24.0,16.0,8.0,4.0,2.0,0.0,2.0,14.0,20.0,8.0,8.0,32.0,40.0,42.0,42.0,40.0,36.0,34.0,30.0,18.0,20.0,18.0,18.0,22.0,24.0,22.0,18.0,16.0,14.0,12.0,14.0,12.0,10.0,10.0,10.0,8.0,8.0
2025-09-08,2025-09,8.0,8.0,8.0,8.0,8.0,8.0,8.0,8.0,8.0,8.0,8.0,8.0,8.0,8.0,8.0,8.0,8.0,8.0,8.0,8.0,8.0,8.0,8.0,8.0,8.0,8.0,8.0,2.0,1.0,0.0,0.0,0.0,0.0,0.0,0.0,0.0,0.0,0.0,0.0,0.0,0.0,0.0,0.0,0.0,0.0,0.0,0.0,0.0,0.0,0.0,0.0,0.0,0.0,0.0,0.0,0.0,0.0,0.0,2.0,12.0,10.0,10.0,6.0,10.0,6.0,2.0,2.0,4.0,4.0,4.0,4.0,8.0,12.0,10.0,10.0,18.0,20.0,20.0,18.0,18.0,18.0,24.0,24.0,22.0,22.0,8.0,8.0,8.0,8.0,8.0,8.0,8.0,8.0,8.0,8.0,8.0
2025-09-09,2025-09,8.0,8.0,8.0,8.0,8.0,8.0,8.0,8.0,8.0,8.0,8.0,8.0,8.0,8.0,8.0,8.0,8.0,8.0,8.0,8.0,8.0,8.0,8.0,8.0,8.0,8.0,6.0,0.0,0.0,0.0,0.0,0.0,2.0,4.0,8.0,8.0,8.0,8.0,6.0,6.0,6.0,6.0,0.0,0.0,0.0,0.0,4.0,6.0,4.0,4.0,4.0,2.0,2.0,2.0,2.0,16.0,22.0,18.0,10.0,0.0,0.0,4.0,16.0,12.0,12.0,12.0,8.0,4.0,4.0,2.0,2.0,4.0,0.0,0.0,0.0,2.0,8.0,8.0,8.0,8.0,8.0,8.0,8.0,8.0,8.0,8.0,12.0,12.0,10.0,10.0,10.0,10.0,8.0,8.0,8.0,8.0
2025-09-10,2025-09,8.0,8.0,8.0,8.0,8.0,8.0,8.0,8.0,8.0,8.0,8.0,8.0,8.0,8.0,8.0,8.0,8.0,8.0,8.0,8.0,8.0,8.0,8.0,8.0,8.0,8.0,6.0,0.0,0.0,2.0,0.0,6.0,6.0,4.0,2.0,0.0,0.0,0.0,0.0,0.0,2.0,8.0,8.0,14.0,14.0,14.0,14.0,14.0,14.0,12.0,12.0,10.0,16.0,20.0,16.0,16.0,16.0,8.0,6.0,6.0,6.0,6.0,6.0,6.0,8.0,8.0,6.0,4.0,4.0,2.0,2.0,2.0,2.0,2.0,0.0,2.0,8.0,10.0,8.0,8.0,8.0,8.0,8.0,8.0,8.0,8.0,8.0,8.0,8.0,8.0,8.0,8.0,8.0,8.0,8.0,8.0
2025-09-11,2025-09,8.0,18.0,20.0,20.0,20.0,20.0,20.0,20.0,18.0,16.0,12.0,12.0,10.0,10.0,10.0,8.0,8.0,8.0,8.0,8.0,8.0,8.0,8.0,8.0,8.0,8.0,4.0,0.0,0.0,0.0,0.0,0.0,0.0,0.0,8.0,10.0,10.0,10.0,12.0,12.0,12.0,10.0,6.0,2.0,0.0,0.0,0.0,0.0,0.0,0.0,0.0,0.0,0.0,4.0,18.0,20.0,22.0,22.0,18.0,28.0,50.0,50.0,42.0,32.0,34.0,30.0,24.0,22.0,18.0,18.0,16.0,12.0,6.0,2.0,4.0,8.0,10.0,10.0,8.0,8.0,8.0,8.0,8.0,8.0,8.0,8.0,8.0,8.0,8.0,10.0,10.0,12.0,12.0,12.0,12.0,12.0
2025-09-14,2025-09,12.0,12.0,12.0,12.0,12.0,12.0,12.0,12.0,12.0,12.0,12.0,12.0,10.0,10.0,10.0,10.0,8.0,10.0,10.0,10.0,10.0,8.0,8.0,8.0,8.0,8.0,8.0,6.0,0.0,0.0,0.0,0.0,0.0,0.0,0.0,0.0,0.0,0.0,0.0,0.0,0.0,0.0,0.0,0.0,0.0,0.0,0.0,0.0,0.0,0.0,0.0,0.0,2.0,12.0,6.0,6.0,4.0,4.0,4.0,4.0,4.0,4.0,4.0,4.0,4.0,2.0,0.0,0.0,0.0,0.0,0.0,0.0,0.0,0.0,0.0,4.0,10.0,8.0,8.0,8.0,8.0,8.0,8.0,8.0,8.0,8.0,8.0,8.0,8.0,12.0,12.0,12.0,12.0,12.0,12.0,12.0
2025-09-15,2025-09,12.0,12.0,12.0,12.0,12.0,10.0,10.0,10.0,10.0,10.0,8.0,8.0,8.0,8.0,8.0,8.0,8.0,8.0,8.0,8.0,8.0,8.0,8.0,8.0,8.0,8.0,2.0,4.0,0.0,2.0,0.0,2.0,0.0,0.0,4.0,0.0,2.0,6.0,8.0,6.0,4.0,4.0,4.0,2.0,2.0,2.0,2.0,0.0,0.0,0.0,0.0,0.0,0.0,0.0,0.0,0.0,0.0,0.0,0.0,0.0,0.0,0.0,0.0,0.0,0.0,0.0,0.0,0.0,0.0,0.0,0.0,0.0,0.0,0.0,2.0,8.0,8.0,8.0,8.0,8.0,8.0,8.0,8.0,8.0,14.0,14.0,14.0,14.0,14.0,14.0,14.0,16.0,16.0,12.0,8.0,8.0
2025-09-16,2025-09,8.0,8.0,8.0,8.0,8.0,8.0,8.0,8.0,8.0,8.0,8.0,8.0,8.0,8.0,8.0,8.0,8.0,8.0,8.0,8.0,8.0,8.0,8.0,8.0,8.0,8.0,8.0,7.0,6.0,0.0,6.0,6.0,6.0,10.0,0.0,0.0,0.0,0.0,0.0,0.0,0.0,0.0,0.0,0.0,0.0,0.0,2.0,0.0,0.0,0.0,0.0,0.0,0.0,0.0,0.0,0.0,2.0,0.0,0.0,0.0,0.0,0.0,0.0,0.0,0.0,0.0,0.0,0.0,0.0,0.0,0.0,0.0,0.0,0.0,4.0,10.0,14.0,14.0,14.0,13.0,12.0,10.0,12.0,14.0,14.0,14.0,12.0,12.0,12.0,12.0,14.0,16.0,20.0,20.0,20.0,20.0
2025-09-17,2025-09,20.0,20.0,20.0,18.0,16.0,16.0,14.0,14.0,14.0,14.0,14.0,14.0,12.0,10.0,10.0,10.0,10.0,10.0,8.0,8.0,8.0,8.0,8.0,8.0,8.0,8.0,6.0,4.0,6.0,0.0,0.0,0.0,0.0,0.0,0.0,0.0,4.0,4.0,4.0,6.0,6.0,6.0,4.0,4.0,4.0,4.0,2.0,2.0,2.0,0.0,0.0,2.0,0.0,0.0,0.0,0.0,0.0,0.0,0.0,0.0,0.0,0.0,0.0,0.0,0.0,0.0,0.0,0.0,0.0,0.0,2.0,0.0,2.0,4.0,8.0,8.0,14.0,16.0,16.0,16.0,12.0,12.0,12.0,12.0,16.0,16.0,16.0,16.0,14.0,14.0,12.0,10.0,10.0,16.0,16.0,16.0
2025-09-19,2025-09,10.0,10.0,10.0,10.0,8.0,8.0,8.0,8.0,8.0,8.0,8.0,8.0,8.0,8.0,8.0,8.0,8.0,8.0,8.0,8.0,8.0,8.0,8.0,8.0,8.0,8.0,10.0,4.0,2.0,2.0,2.0,2.0,2.0,2.0,0.0,0.0,0.0,2.0,2.0,2.0,2.0,2.0,2.0,2.0,2.0,2.0,2.0,0.0,0.0,0.0,0.0,0.0,0.0,0.0,0.0,0.0,2.0,2.0,2.0,2.0,2.0,2.0,0.0,0.0,0.0,0.0,0.0,0.0,0.0,0.0,2.0,6.0,6.0,6.0,8.0,0.0,8.0,8.0,8.0,8.0,8.0,8.0,12.0,14.0,12.0,10.0,10.0,8.0,8.0,8.0,8.0,8.0,12.0,15.0,18.0,18.0
2025-09-21,2025-09,8.0,8.0,8.0,8.0,8.0,8.0,8.0,8.0,8.0,8.0,8.0,8.0,8.0,8.0,8.0,8.0,8.0,8.0,8.0,8.0,8.0,8.0,8.0,8.0,8.0,8.0,8.0,8.0,4.0,0.0,0.0,0.0,0.0,0.0,0.0,0.0,0.0,0.0,0.0,2.0,2.0,2.0,2.0,2.0,6.0,6.0,6.0,8.0,10.0,12.0,10.0,2.0,0.0,0.0,0.0,0.0,0.0,0.0,0.0,0.0,0.0,0.0,0.0,0.0,0.0,0.0,0.0,0.0,0.0,0.0,0.0,0.0,0.0,0.0,0.0,0.0,8.0,8.0,8.0,8.0,8.0,10.0,10.0,10.0,10.0,10.0,10.0,10.0,8.0,8.0,8.0,8.0,8.0,8.0,10.0,10.0
2025-09-22,2025-09,10.0,10.0,10.0,10.0,10.0,10.0,10.0,10.0,10.0,10.0,10.0,10.0,10.0,10.0,10.0,10.0,10.0,10.0,12.0,10.0,10.0,10.0,10.0,8.0,8.0,8.0,8.0,14.0,14.0,8.0,6.0,4.0,2.0,2.0,2.0,4.0,4.0,4.0,4.0,4.0,4.0,4.0,4.0,4.0,4.0,4.0,4.0,4.0,2.0,2.0,2.0,0.0,0.0,0.0,0.0,0.0,0.0,0.0,0.0,0.0,2.0,8.0,16.0,16.0,16.0,16.0,10.0,8.0,16.0,20.0,18.0,16.0,24.0,46.0,42.0,46.0,46.0,42.0,34.0,24.0,16.0,16.0,16.0,14.0,12.0,10.0,10.0,8.0,8.0,8.0,8.0,8.0,8.0,8.0,8.0,8.0
2025-09-23,2025-09,12.0,14.0,16.0,14.0,8.0,8.0,8.0,8.0,8.0,8.0,8.0,8.0,8.0,8.0,8.0,8.0,8.0,8.0,8.0,8.0,8.0,8.0,8.0,8.0,8.0,8.0,8.0,8.0,0.0,0.0,0.0,0.0,0.0,0.0,4.0,10.0,6.0,2.0,8.0,8.0,6.0,2.0,2.0,2.0,2.0,2.0,2.0,0.0,0.0,0.0,10.0,16.0,16.0,16.0,16.0,16.0,12.0,10.0,8.0,8.0,8.0,8.0,8.0,6.0,6.0,6.0,6.0,6.0,6.0,6.0,6.0,2.0,0.0,0.0,0.0,6.0,8.0,8.0,8.0,8.0,8.0,8.0,8.0,8.0,8.0,8.0,8.0,8.0,10.0,10.0,10.0,10.0,10.0,10.0,10.0,8.0
2025-09-24,2025-09,8.0,8.0,8.0,8.0,8.0,8.0,8.0,8.0,8.0,8.0,8.0,8.0,8.0,8.0,8.0,8.0,8.0,8.0,8.0,8.0,8.0,8.0,8.0,8.0,8.0,8.0,8.0,2.0,6.0,4.0,4.0,4.0,4.0,4.0,4.0,0.0,0.0,0.0,0.0,0.0,0.0,0.0,0.0,0.0,0.0,0.0,0.0,8.0,12.0,10.0,14.0,12.0,4.0,8.0,2.0,2.0,2.0,4.0,6.0,10.0,8.0,6.0,10.0,10.0,10.0,10.0,8.0,6.0,4.0,4.0,4.0,26.0,24.0,26.0,28.0,30.0,24.0,22.0,22.0,18.0,14.0,14.0,14.0,14.0,14.0,14.0,14.0,18.0,18.0,20.0,20.0,20.0,20.0,20.0,18.0,18.0
2025-09-25,2025-09,16.0,14.0,14.0,14.0,12.0,10.0,10.0,10.0,10.0,8.0,8.0,8.0,8.0,8.0,8.0,8.0,8.0,8.0,8.0,12.0,16.0,16.0,16.0,16.0,16.0,16.0,16.0,16.0,6.0,2.0,2.0,2.0,1.0,0.0,0.0,0.0,0.0,0.0,0.0,0.0,0.0,0.0,0.0,0.0,0.0,0.0,104.0,42.0,0.0,0.0,0.0,0.0,2.0,6.0,6.0,6.0,8.0,10.0,6.0,2.0,2.0,2.0,2.0,2.0,2.0,2.0,2.0,2.0,20.0,18.0,18.0,18.0,20.0,14.0,14.0,8.0,8.0,8.0,10.0,10.0,10.0,10.0,10.0,10.0,10.0,10.0,10.0,10.0,10.0,8.0,10.0,10.0,10.0,10.0,10.0,8.0
2025-09-26,2025-09,8.0,8.0,8.0,8.0,8.0,8.0,8.0,8.0,8.0,8.0,8.0,8.0,8.0,8.0,8.0,8.0,8.0,8.0,8.0,8.0,10.0,14.0,16.0,16.0,16.0,16.0,16.0,12.0,4.0,6.0,4.0,2.0,2.0,2.0,2.0,2.0,0.0,0.0,0.0,0.0,0.0,0.0,0.0,0.0,0.0,0.0,0.0,0.0,0.0,0.0,0.0,0.0,0.0,0.0,0.0,0.0,0.0,0.0,0.0,0.0,4.0,2.0,2.0,2.0,2.0,0.0,0.0,0.0,0.0,0.0,0.0,0.0,2.0,2.0,6.0,10.0,10.0,10.0,10.0,10.0,10.0,10.0,10.0,10.0,10.0,22.0,22.0,24.0,26.0,26.0,24.0,20.0,16.0,16.0,16.0,14.0
2025-09-27,2025-09,10.0,10.0,8.0,8.0,8.0,8.0,8.0,8.0,8.0,8.0,8.0,8.0,8.0,8.0,8.0,8.0,8.0,8.0,8.0,8.0,8.0,8.0,8.0,8.0,8.0,8.0,8.0,0.0,0.0,0.0,0.0,0.0,0.0,4.0,2.0,4.0,2.0,2.0,2.0,0.0,2.0,2.0,2.0,2.0,6.0,4.0,4.0,4.0,4.0,4.0,6.0,8.0,8.0,6.0,6.0,12.0,26.0,26.0,24.0,26.0,30.0,22.0,14.0,8.0,6.0,6.0,6.0,8.0,8.0,10.0,6.0,8.0,10.0,10.0,10.0,16.0,12.0,10.0,16.0,20.0,22.0,22.0,22.0,22.0,22.0,18.0,14.0,12.0,12.0,16.0,8.0,0.0,0.0,0.0,0.0,0.0
2025-09-28,2025-09,0.0,0.0,0.0,0.0,0.0,0.0,0.0,0.0,0.0,0.0,0.0,0.0,0.0,0.0,0.0,0.0,0.0,0.0,0.0,0.0,0.0,0.0,0.0,0.0,0.0,8.0,20.0,10.0,8.0,6.0,6.0,4.0,4.0,2.0,2.0,4.0,4.0,4.0,4.0,6.0,4.0,4.0,4.0,2.0,2.0,2.0,2.0,0.0,0.0,0.0,0.0,0.0,0.0,0.0,0.0,0.0,0.0,0.0,0.0,0.0,0.0,4.0,6.0,6.0,6.0,6.0,4.0,0.0,0.0,0.0,0.0,0.0,0.0,0.0,0.0,2.0,8.0,8.0,8.0,8.0,8.0,10.0,10.0,10.0,10.0,10.0,10.0,8.0,8.0,8.0,8.0,8.0,8.0,8.0,8.0,8.0
2025-09-29,2025-09,8.0,8.0,8.0,8.0,8.0,8.0,8.0,8.0,8.0,8.0,8.0,8.0,8.0,8.0,8.0,8.0,8.0,8.0,8.0,8.0,8.0,8.0,8.0,8.0,8.0,8.0,4.0,0.0,8.0,20.0,20.0,20.0,20.0,20.0,12.0,0.0,0.0,0.0,0.0,4.0,6.0,6.0,8.0,8.0,8.0,8.0,8.0,8.0,6.0,0.0,0.0,2.0,2.0,2.0,4.0,4.0,4.0,4.0,2.0,2.0,2.0,0.0,0.0,0.0,0.0,0.0,0.0,0.0,2.0,0.0,0.0,0.0,0.0,0.0,0.0,8.0,8.0,8.0,8.0,8.0,8.0,8.0,12.0,10.0,10.0,10.0,10.0,10.0,10.0,10.0,12.0,10.0,10.0,14.0,16.0,16.0
2025-10-02,2025-10,10.0,10.0,8.0,8.0,8.0,8.0,8.0,8.0,8.0,8.0,8.0,8.0,8.0,8.0,8.0,8.0,8.0,8.0,8.0,8.0,8.0,8.0,8.0,8.0,8.0,8.0,8.0,2.0,0.0,0.0,0.0,0.0,8.0,9.0,10.0,10.0,10.0,10.0,10.0,10.0,10.0,4.0,6.0,8.0,8.0,6.0,6.0,6.0,6.0,4.0,4.0,6.0,8.0,8.0,6.0,6.0,4.0,4.0,4.0,4.0,4.0,6.0,28.0,6.0,6.0,10.0,10.0,8.0,8.0,4.0,4.0,4.0,6.0,6.0,6.0,10.0,10.0,10.0,10.0,8.0,8.0,8.0,8.0,8.0,8.0,8.0,8.0,10.0,332.0,386.0,392.0,390.0,386.0,382.0,378.0,370.0
2025-10-03,2025-10,362.0,358.0,352.0,344.0,346.0,342.0,342.0,340.0,336.0,336.0,336.0,340.0,344.0,352.0,342.0,336.0,334.0,332.0,328.0,326.0,326.0,320.0,328.0,108.0,10.0,10.0,6.0,10.0,0.0,0.0,0.0,0.0,0.0,0.0,0.0,8.0,26.0,24.0,24.0,23.0,22.0,14.0,8.0,2.0,2.0,2.0,2.0,2.0,0.0,0.0,0.0,0.0,0.0,0.0,0.0,0.0,0.0,0.0,0.0,0.0,0.0,0.0,0.0,0.0,0.0,0.0,0.0,0.0,0.0,0.0,0.0,0.0,0.0,0.0,0.0,4.0,8.0,8.0,8.0,8.0,8.0,8.0,8.0,8.0,10.0,10.0,10.0,10.0,10.0,10.0,8.0,8.0,8.0,10.0,8.0,8.0
2025-10-06,2025-10,22.0,20.0,20.0,20.0,18.0,18.0,18.0,18.0,18.0,16.0,12.0,12.0,10.0,10.0,10.0,8.0,8.0,8.0,8.0,8.0,8.0,8.0,8.0,8.0,8.0,8.0,8.0,2.0,0.0,0.0,0.0,0.0,0.0,0.0,0.0,8.0,10.0,12.0,12.0,12.0,12.0,6.0,2.0,18.0,20.0,20.0,18.0,14.0,18.0,12.0,16.0,18.0,20.0,16.0,10.0,8.0,6.0,4.0,4.0,2.0,0.0,0.0,0.0,0.0,0.0,6.0,18.0,14.0,14.0,12.0,14.0,6.0,4.0,2.0,0.0,4.0,8.0,8.0,12.0,12.0,12.0,12.0,12.0,12.0,12.0,12.0,10.0,10.0,10.0,10.0,10.0,10.0,10.0,12.0,12.0,12.0
2025-10-07,2025-10,12.0,12.0,10.0,10.0,10.0,10.0,10.0,10.0,10.0,10.0,10.0,10.0,10.0,10.0,10.0,8.0,8.0,8.0,8.0,8.0,8.0,8.0,8.0,8.0,8.0,8.0,8.0,8.0,0.0,0.0,0.0,0.0,0.0,0.0,0.0,0.0,0.0,0.0,2.0,2.0,0.0,0.0,0.0,0.0,0.0,0.0,0.0,6.0,6.0,6.0,6.0,6.0,4.0,2.0,0.0,0.0,0.0,0.0,0.0,0.0,0.0,0.0,0.0,0.0,0.0,0.0,0.0,0.0,0.0,0.0,0.0,0.0,0.0,0.0,4.0,8.0,8.0,8.0,180.0,293.0,406.0,412.0,404.0,394.0,382.0,78.0,14.0,14.0,12.0,12.0,14.0,12.0,12.0,12.0,12.0,12.0
2025-10-08,2025-10,12.0,12.0,12.0,12.0,12.0,12.0,12.0,12.0,12.0,12.0,12.0,12.0,12.0,12.0,12.0,12.0,12.0,12.0,12.0,12.0,12.0,12.0,12.0,12.0,12.0,12.0,12.0,10.0,6.0,2.0,2.0,2.0,0.0,0.0,6.0,6.0,6.0,8.0,12.0,12.0,10.0,8.0,8.0,6.0,6.0,6.0,4.0,0.0,0.0,0.0,0.0,0.0,0.0,0.0,0.0,0.0,0.0,0.0,0.0,0.0,2.0,6.0,6.0,6.0,6.0,6.0,4.0,0.0,0.0,0.0,0.0,0.0,0.0,0.0,2.0,8.0,8.0,8.0,8.0,8.0,8.0,8.0,8.0,8.0,8.0,8.0,8.0,8.0,8.0,8.0,8.0,8.0,8.0,8.0,8.0,8.0
2025-10-09,2025-10,8.0,8.0,8.0,8.0,8.0,8.0,8.0,8.0,8.0,8.0,8.0,8.0,8.0,8.0,8.0,8.0,8.0,8.0,8.0,8.0,8.0,8.0,8.0,8.0,8.0,8.0,8.0,4.0,0.0,0.0,0.0,0.0,0.0,0.0,12.0,24.0,20.0,22.0,24.0,24.0,18.0,8.0,6.0,6.0,6.0,6.0,6.0,4.0,4.0,4.0,4.0,4.0,4.0,4.0,4.0,2.0,0.0,2.0,0.0,0.0,0.0,2.0,2.0,2.0,0.0,0.0,0.0,0.0,0.0,0.0,0.0,0.0,0.0,0.0,4.0,8.0,10.0,10.0,8.0,8.0,8.0,8.0,8.0,8.0,8.0,8.0,8.0,8.0,8.0,8.0,8.0,10.0,10.0,10.0,10.0,8.0
2025-10-10,2025-10,10.0,10.0,8.0,8.0,8.0,8.0,8.0,8.0,8.0,8.0,8.0,8.0,8.0,8.0,8.0,8.0,8.0,8.0,8.0,8.0,8.0,8.0,8.0,8.0,8.0,8.0,2.0,0.0,4.0,4.0,4.0,4.0,4.0,4.0,4.0,4.0,4.0,4.0,4.0,4.0,2.0,0.0,0.0,0.0,6.0,6.0,6.0,4.0,4.0,4.0,4.0,4.0,4.0,4.0,4.0,4.0,8.0,10.0,10.0,10.0,10.0,8.0,8.0,8.0,8.0,16.0,14.0,14.0,12.0,12.0,12.0,10.0,12.0,12.0,12.0,10.0,9.0,8.0,8.0,8.0,8.0,8.0,8.0,8.0,8.0,8.0,8.0,8.0,6.0,8.0,8.0,8.0,8.0,8.0,8.0,10.0
2025-10-11,2025-10,10.0,8.0,8.0,8.0,8.0,8.0,8.0,8.0,8.0,8.0,8.0,8.0,8.0,8.0,8.0,8.0,8.0,8.0,8.0,8.0,8.0,8.0,8.0,8.0,8.0,8.0,8.0,0.0,2.0,0.0,0.0,4.0,0.0,2.0,6.0,6.0,6.0,6.0,8.0,16.0,18.0,18.0,16.0,14.0,10.0,8.0,8.0,6.0,6.0,6.0,6.0,4.0,4.0,4.0,4.0,4.0,10.0,12.0,4.0,4.0,4.0,2.0,6.0,10.0,10.0,4.0,4.0,2.0,2.0,2.0,2.0,2.0,2.0,8.0,8.0,8.0,8.0,8.0,8.0,8.0,8.0,8.0,8.0,8.0,8.0,8.0,8.0,8.0,8.0,8.0,8.0,8.0,8.0,8.0,8.0,8.0
2025-10-12,2025-10,8.0,8.0,8.0,8.0,8.0,8.0,8.0,8.0,8.0,8.0,8.0,8.0,8.0,8.0,8.0,8.0,8.0,8.0,8.0,8.0,8.0,8.0,8.0,8.0,8.0,8.0,8.0,4.0,0.0,0.0,6.0,6.0,6.0,7.0,8.0,8.0,4.0,4.0,8.0,10.0,10.0,10.0,12.0,12.0,10.0,12.0,6.0,6.0,6.0,4.0,4.0,2.0,6.0,4.0,4.0,4.0,4.0,4.0,4.0,4.0,10.0,10.0,12.0,12.0,4.0,8.0,8.0,8.0,6.0,8.0,8.0,6.0,6.0,6.0,12.0,24.0,30.0,32.0,22.0,12.0,12.0,12.0,10.0,10.0,10.0,10.0,12.0,12.0,12.0,10.0,10.0,10.0,10.0,10.0,10.0,8.0
2025-10-14,2025-10,18.0,16.0,16.0,16.0,16.0,16.0,16.0,14.0,14.0,12.0,10.0,10.0,10.0,8.0,8.0,8.0,8.0,8.0,10.0,8.0,8.0,8.0,8.0,8.0,8.0,8.0,8.0,4.0,2.0,2.0,2.0,2.0,4.0,6.0,6.0,6.0,6.0,6.0,6.0,8.0,8.0,8.0,8.0,8.0,8.0,4.0,2.0,0.0,0.0,2.0,8.0,8.0,6.0,8.0,8.0,10.0,8.0,6.0,4.0,4.0,2.0,2.0,2.0,2.0,2.0,2.0,2.0,0.0,0.0,0.0,0.0,0.0,0.0,2.0,8.0,8.0,8.0,8.0,8.0,10.0,10.0,10.0,10.0,12.0,12.0,12.0,10.0,10.0,10.0,10.0,10.0,10.0,10.0,10.0,8.0,8.0
2025-10-15,2025-10,8.0,8.0,8.0,8.0,8.0,8.0,8.0,8.0,8.0,8.0,8.0,8.0,8.0,8.0,8.0,8.0,8.0,8.0,8.0,8.0,8.0,8.0,8.0,8.0,8.0,8.0,4.0,0.0,0.0,2.0,2.0,2.0,2.0,2.0,2.0,2.0,2.0,2.0,2.0,2.0,0.0,0.0,0.0,0.0,0.0,0.0,0.0,0.0,0.0,0.0,0.0,0.0,0.0,0.0,0.0,0.0,0.0,0.0,0.0,2.0,4.0,4.0,4.0,4.0,6.0,6.0,6.0,6.0,6.0,6.0,6.0,2.0,2.0,4.0,2.0,10.0,12.0,14.0,14.0,10.0,10.0,10.0,10.0,8.0,8.0,8.0,8.0,8.0,8.0,8.0,8.0,8.0,0.0,0.0,0.0,0.0
2025-10-16,2025-10,0.0,0.0,0.0,0.0,0.0,0.0,0.0,0.0,0.0,0.0,0.0,0.0,0.0,0.0,0.0,0.0,0.0,0.0,0.0,0.0,0.0,0.0,0.0,0.0,0.0,0.0,4.0,2.0,0.0,0.0,0.0,6.0,6.0,6.0,6.0,8.0,8.0,8.0,8.0,8.0,8.0,268.0,394.0,398.0,406.0,398.0,382.0,376.0,366.0,6.0,4.0,4.0,6.0,6.0,4.0,4.0,4.0,2.0,2.0,2.0,2.0,2.0,2.0,2.0,2.0,0.0,0.0,0.0,0.0,0.0,0.0,0.0,4.0,8.0,8.0,8.0,8.0,8.0,8.0,8.0,8.0,8.0,8.0,8.0,8.0,8.0,8.0,8.0,8.0,8.0,8.0,8.0,8.0,8.0,8.0,8.0
2025-10-17,2025-10,8.0,8.0,8.0,8.0,8.0,8.0,8.0,8.0,8.0,8.0,8.0,8.0,8.0,8.0,8.0,8.0,8.0,8.0,8.0,8.0,8.0,8.0,8.0,8.0,8.0,8.0,8.0,6.0,4.666666666666667,3.3333333333333335,2.0,2.0,2.0,2.0,4.0,4.0,4.0,4.0,4.0,4.0,0.0,0.0,0.0,2.0,18.0,22.0,22.0,2.0,2.0,14.0,8.0,4.0,4.0,22.0,26.0,24.0,18.0,6.0,6.0,6.0,6.0,6.0,2.0,4.0,4.0,4.0,2.0,2.0,4.0,8.0,12.0,12.0,12.0,10.0,4.0,8.0,8.0,8.0,8.0,10.0,10.0,10.0,10.0,10.0,10.0,10.0,8.0,8.0,8.0,8.0,10.0,10.0,10.0,10.0,10.0,10.0
2025-10-18,2025-10,10.0,10.0,10.0,10.0,10.0,8.0,8.0,8.0,8.0,8.0,8.0,8.0,8.0,8.0,8.0,8.0,8.0,8.0,8.0,8.0,8.0,8.0,8.0,8.0,8.0,8.0,4.0,0.0,0.0,0.0,0.0,0.0,0.0,0.0,0.0,0.0,0.0,4.0,4.0,4.0,4.0,4.0,4.0,6.0,6.0,6.0,6.0,6.0,6.0,6.0,6.0,6.0,4.0,2.0,2.0,2.0,2.0,0.0,6.0,8.0,10.0,12.0,10.0,10.0,6.0,6.0,6.0,6.0,6.0,6.0,2.0,2.0,2.0,2.0,10.0,10.0,10.0,8.0,8.0,8.0,8.0,12.0,14.0,14.0,14.0,12.0,12.0,12.0,10.0,16.0,18.0,16.0,16.0,16.0,16.0,14.0
2025-10-19,2025-10,12.0,12.0,10.0,8.0,8.0,8.0,10.0,10.0,8.0,8.0,8.0,8.0,8.0,8.0,8.0,8.0,8.0,8.0,8.0,8.0,8.0,8.0,10.0,10.0,8.0,8.0,10.0,5.0,0.0,0.0,0.0,2.0,2.0,4.0,4.0,4.0,2.0,0.0,4.0,4.0,4.0,4.0,0.0,0.0,0.0,0.0,0.0,0.0,0.0,0.0,0.0,0.0,0.0,0.0,0.0,0.0,0.0,0.0,0.0,2.0,4.0,4.0,4.0,4.0,4.0,4.0,2.0,2.0,0.0,0.0,0.0,0.0,0.0,0.0,8.0,8.0,8.0,8.0,8.0,8.0,8.0,8.0,8.0,8.0,8.0,8.0,8.0,8.0,8.0,8.0,8.0,8.0,8.0,8.0,8.0,8.0
2025-10-20,2025-10,8.0,8.0,8.0,8.0,8.0,8.0,8.0,8.0,8.0,8.0,8.0,8.0,8.0,8.0,8.0,8.0,8.0,8.0,8.0,8.0,8.0,8.0,8.0,8.0,8.0,8.0,8.0,8.0,0.0,0.0,0.0,2.0,4.0,4.0,4.0,22.0,22.0,22.0,22.0,20.0,14.0,6.0,4.0,4.0,0.0,0.0,0.0,0.0,0.0,0.0,0.0,0.0,0.0,0.0,2.0,0.0,0.0,0.0,0.0,0.0,2.0,6.0,6.0,6.0,4.0,4.0,4.0,0.0,0.0,0.0,0.0,0.0,0.0,0.0,4.0,8.0,8.0,8.0,8.0,8.0,8.0,8.0,8.0,8.0,8.0,8.0,8.0,8.0,8.0,8.0,8.0,8.0,8.0,8.0,8.0,8.0
2025-10-21,2025-10,8.0,8.0,8.0,8.0,8.0,8.0,8.0,8.0,8.0,8.0,10.0,12.0,12.0,12.0,12.0,12.0,12.0,12.0,12.0,10.0,10.0,8.0,8.0,8.0,8.0,8.0,6.0,0.0,0.0,0.0,0.0,0.0,0.0,0.0,0.0,0.0,0.0,0.0,0.0,0.0,0.0,0.0,0.0,4.0,4.0,4.0,2.0,8.0,20.0,18.0,19.0,20.0,20.0,20.0,18.0,18.0,12.0,10.0,8.0,6.0,6.0,4.0,4.0,4.0,4.0,4.0,0.0,0.0,0.0,0.0,0.0,0.0,0.0,0.0,2.0,8.0,10.0,8.0,8.0,8.0,12.0,14.0,14.0,14.0,14.0,14.0,14.0,14.0,14.0,16.0,16.0,14.0,14.0,12.0,12.0,12.0
2025-10-22,2025-10,16.0,16.0,14.0,14.0,14.0,14.0,14.0,14.0,14.0,14.0,14.0,14.0,14.0,14.0,14.0,14.0,14.0,14.0,12.0,12.0,12.0,12.0,12.0,12.0,12.0,12.0,14.0,6.0,6.0,6.0,6.0,8.0,8.0,8.0,8.0,6.0,6.0,6.0,4.0,4.0,2.0,2.0,0.0,2.0,4.0,4.0,4.0,4.0,4.0,4.0,2.0,2.0,0.0,0.0,0.0,0.0,0.0,0.0,0.0,0.0,0.0,0.0,0.0,0.0,0.0,0.0,0.0,0.0,0.0,0.0,0.0,2.0,4.0,2.0,4.0,8.0,8.0,8.0,8.0,8.0,10.0,10.0,10.0,10.0,12.0,12.0,12.0,12.0,12.0,10.0,10.0,10.0,334.0,408.0,406.0,404.0
2025-10-23,2025-10,398.0,380.0,364.0,354.0,346.0,340.0,342.0,338.0,340.0,340.0,10.0,0.0,0.0,0.0,0.0,0.0,0.0,0.0,0.0,0.0,0.0,0.0,0.0,0.0,0.0,0.0,0.0,0.0,0.0,0.0,0.0,0.0,0.0,0.0,0.0,0.0,0.0,0.0,0.0,0.0,0.0,0.0,0.0,0.0,0.0,0.0,0.0,0.0,0.0,0.0,0.0,0.0,0.0,0.0,0.0,0.0,0.0,0.0,0.0,0.0,0.0,4.0,4.0,4.0,6.0,6.0,8.0,6.0,8.0,6.0,6.0,6.0,6.0,6.0,4.0,14.0,14.0,14.0,14.0,14.0,14.0,12.0,12.0,12.0,14.0,18.0,18.0,18.0,18.0,18.0,18.0,20.0,20.0,20.0,16.0,18.0
2025-10-24,2025-10,18.0,16.0,16.0,16.0,16.0,16.0,16.0,16.0,16.0,14.0,14.0,14.0,14.0,14.0,12.0,10.0,10.0,8.0,8.0,8.0,8.0,8.0,8.0,8.0,8.0,10.0,10.0,6.0,2.0,2.0,2.0,2.0,0.0,0.0,0.0,0.0,0.0,0.0,0.0,0.0,0.0,0.0,0.0,0.0,0.0,0.0,0.0,0.0,0.0,0.0,2.0,2.0,2.0,2.0,2.0,2.0,2.0,2.0,2.0,2.0,2.0,2.0,2.0,2.0,2.0,4.0,6.0,6.0,2.0,4.0,2.0,2.0,2.0,4.0,10.0,10.0,10.0,10.0,10.0,12.0,14.0,14.0,10.0,10.0,10.0,10.0,10.0,10.0,10.0,8.0,8.0,12.0,12.0,12.0,12.0,12.0
2025-10-25,2025-10,12.0,10.0,8.0,8.0,8.0,8.0,8.0,8.0,8.0,8.0,8.0,8.0,8.0,8.0,8.0,8.0,8.0,8.0,8.0,8.0,8.0,8.0,8.0,8.0,8.0,8.0,6.0,0.0,0.0,0.0,0.0,0.0,2.0,4.0,4.0,4.0,4.0,4.0,4.0,4.0,4.0,0.0,6.0,10.0,10.0,10.0,10.0,10.0,14.0,14.0,14.0,12.0,10.0,8.0,4.0,2.0,2.0,0.0,0.0,0.0,0.0,0.0,0.0,0.0,0.0,0.0,0.0,0.0,0.0,0.0,0.0,0.0,0.0,0.0,6.0,8.0,8.0,8.0,10.0,10.0,10.0,10.0,10.0,10.0,10.0,10.0,10.0,10.0,10.0,10.0,10.0,10.0,8.0,10.0,10.0,10.0
2025-10-26,2025-10,10.0,10.0,10.0,10.0,10.0,10.0,10.0,12.0,10.0,10.0,10.0,10.0,8.0,8.0,8.0,8.0,8.0,8.0,8.0,8.0,8.0,8.0,8.0,8.0,8.0,8.0,8.0,86.0,368.0,398.0,392.0,378.0,370.0,358.0,354.0,10.0,0.0,0.0,0.0,0.0,0.0,0.0,0.0,0.0,0.0,0.0,0.0,0.0,0.0,0.0,0.0,0.0,0.0,0.0,0.0,0.0,4.0,6.0,6.0,8.0,8.0,6.0,10.0,12.0,16.0,30.0,30.0,30.0,30.0,30.0,24.0,10.0,4.0,6.0,10.0,10.0,10.0,10.0,12.0,10.0,10.0,10.0,10.0,10.0,8.0,10.0,10.0,10.0,10.0,10.0,8.0,8.0,8.0,8.0,8.0,8.0
2025-10-27,2025-10,8.0,8.0,8.0,8.0,8.0,8.0,8.0,8.0,8.0,8.0,8.0,8.0,8.0,8.0,8.0,8.0,8.0,8.0,8.0,8.0,8.0,8.0,8.0,8.0,8.0,8.0,12.0,4.0,2.0,2.0,2.0,2.0,2.0,2.0,2.0,2.0,2.0,2.0,2.0,2.0,0.0,0.0,0.0,0.0,0.0,0.0,4.0,4.0,4.0,4.0,4.0,4.0,4.0,4.0,2.0,2.0,0.0,0.0,0.0,0.0,0.0,0.0,0.0,0.0,0.0,0.0,0.0,0.0,0.0,0.0,0.0,0.0,0.0,2.0,8.0,8.0,8.0,10.0,10.0,10.0,10.0,10.0,10.0,10.0,8.0,10.0,12.0,12.0,12.0,12.0,12.0,12.0,12.0,12.0,12.0,12.0
2025-10-28,2025-10,12.0,10.0,10.0,8.0,8.0,8.0,8.0,8.0,8.0,8.0,8.0,8.0,8.0,8.0,8.0,8.0,8.0,8.0,8.0,8.0,8.0,8.0,8.0,8.0,8.0,8.0,8.0,2.0,2.0,2.0,2.0,2.0,2.0,4.0,4.0,4.0,0.0,0.0,0.0,0.0,0.0,0.0,0.0,0.0,0.0,0.0,0.0,0.0,186.0,390.0,398.0,398.0,396.0,254.0,4.0,2.0,2.0,2.0,2.0,4.0,0.0,2.0,12.0,4.0,4.0,4.0,0.0,0.0,0.0,2.0,6.0,6.0,14.0,28.0,32.0,34.0,30.0,22.0,10.0,8.0,8.0,8.0,8.0,8.0,8.0,8.0,8.0,8.0,8.0,8.0,8.0,8.0,8.0,8.0,8.0,8.0
2025-10-29,2025-10,8.0,8.0,8.0,8.0,8.0,8.0,8.0,8.0,8.0,8.0,8.0,8.0,8.0,8.0,8.0,8.0,8.0,8.0,8.0,8.0,8.0,8.0,8.0,8.0,8.0,8.0,6.0,0.0,0.0,0.0,0.0,0.0,0.0,0.0,0.0,4.0,4.0,4.0,4.0,4.0,4.0,4.0,4.0,4.0,4.0,6.0,4.0,4.0,4.0,2.0,2.0,2.0,2.0,2.0,2.0,2.0,2.0,2.0,2.0,2.0,2.0,2.0,2.0,2.0,2.0,2.0,2.0,2.0,2.0,0.0,0.0,0.0,0.0,0.0,4.0,8.0,8.0,8.0,8.0,10.0,10.0,8.0,8.0,12.0,12.0,12.0,10.0,8.0,10.0,12.0,12.0,10.0,10.0,10.0,10.0,10.0
2025-10-30,2025-10,10.0,10.0,10.0,10.0,10.0,10.0,10.0,10.0,10.0,10.0,10.0,10.0,8.0,8.0,8.0,8.0,8.0,8.0,8.0,8.0,8.0,8.0,8.0,8.0,8.0,8.0,8.0,0.0,2.0,0.0,0.0,0.0,0.0,0.0,2.0,2.0,4.0,4.0,4.0,4.0,4.0,4.0,4.0,2.0,3.0,4.0,4.0,4.0,2.0,2.0,0.0,0.0,0.0,0.0,0.0,0.0,0.0,2.0,4.0,4.0,2.0,0.0,2.0,2.0,2.0,2.0,2.0,0.0,2.0,0.0,0.0,0.0,0.0,4.0,8.0,8.0,26.0,28.0,28.0,26.0,26.0,20.0,10.0,8.0,8.0,8.0,8.0,4.0,0.0,0.0,0.0,0.0,0.0,0.0,0.0,0.0
2025-11-01,2025-11,12.0,12.0,12.0,12.0,12.0,12.0,10.0,10.0,12.0,10.0,8.0,8.0,8.0,8.0,8.0,8.0,8.0,8.0,8.0,8.0,8.0,8.0,8.0,8.0,8.0,8.0,6.0,0.0,0.0,0.0,0.0,0.0,0.0,2.0,2.0,2.0,2.0,2.0,2.0,2.0,2.0,4.0,4.0,4.0,8.0,8.0,6.0,6.0,6.0,6.0,6.0,4.0,4.0,2.0,0.0,0.0,0.0,0.0,0.0,0.0,0.0,0.0,0.0,0.0,0.0,0.0,0.0,0.0,2.0,2.0,2.0,2.0,2.0,2.0,4.0,10.0,10.0,10.0,10.0,8.0,8.0,8.0,12.0,12.0,12.0,12.0,12.0,12.0,12.0,12.0,12.0,12.0,14.0,12.0,12.0,12.0
2025-11-02,2025-11,10.0,10.0,8.0,8.0,8.0,8.0,8.0,8.0,8.0,8.0,8.0,8.0,8.0,8.0,8.0,8.0,8.0,8.0,8.0,8.0,8.0,8.0,8.0,8.0,8.0,8.0,8.0,8.0,8.0,0.0,0.0,0.0,0.0,2.0,4.0,4.0,4.0,2.0,0.0,0.0,2.0,0.0,0.0,0.0,0.0,0.0,0.0,0.0,0.0,0.0,0.0,0.0,0.0,0.0,0.0,0.0,0.0,0.0,0.0,0.0,0.0,2.0,2.0,2.0,0.0,1.0,2.0,0.0,0.0,0.0,0.0,0.0,0.0,0.0,6.0,10.0,10.0,8.0,8.0,8.0,8.0,8.0,8.0,8.0,10.0,10.0,12.0,12.0,12.0,12.0,10.0,8.0,8.0,8.0,8.0,8.0
2025-11-03,2025-11,8.0,8.0,8.0,8.0,8.0,8.0,8.0,8.0,8.0,8.0,8.0,8.0,8.0,8.0,8.0,8.0,8.0,8.0,8.0,8.0,8.0,8.0,8.0,8.0,8.0,10.0,6.0,0.0,0.0,0.0,0.0,2.0,4.0,4.0,4.0,4.0,4.0,4.0,0.0,0.0,4.0,2.0,4.0,4.0,4.0,4.0,4.0,8.0,8.0,8.0,4.0,2.0,2.0,2.0,2.0,8.0,8.0,8.0,6.0,6.0,8.0,6.0,6.0,6.0,8.0,6.0,4.0,6.0,6.0,6.0,4.0,4.0,4.0,2.0,20.0,26.0,228.0,364.0,368.0,372.0,368.0,362.0,374.0,356.0,358.0,352.0,344.0,346.0,336.0,330.0,324.0,320.0,150.0,8.0,8.0,8.0
2025-11-04,2025-11,8.0,8.0,8.0,8.0,8.0,8.0,8.0,8.0,8.0,8.0,8.0,8.0,8.0,8.0,8.0,8.0,8.0,8.0,8.0,8.0,8.0,8.0,8.0,8.0,8.0,8.0,8.0,4.0,0.0,0.0,2.0,4.0,4.0,4.0,4.0,4.0,4.0,6.0,5.0,4.0,4.0,14.0,24.0,20.0,20.0,20.0,20.0,18.0,16.0,10.0,16.0,16.0,16.0,14.0,12.0,14.0,10.0,8.0,6.0,4.0,8.0,8.0,8.0,10.0,12.0,8.0,6.0,4.0,2.0,0.0,0.0,0.0,0.0,0.0,6.0,8.0,8.0,10.0,10.0,10.0,12.0,12.0,12.0,12.0,12.0,10.0,12.0,14.0,18.0,18.0,16.0,14.0,14.0,14.0,12.0,10.0
2025-11-05,2025-11,10.0,8.0,8.0,8.0,8.0,8.0,8.0,8.0,8.0,8.0,8.0,8.0,8.0,8.0,8.0,8.0,8.0,8.0,8.0,8.0,8.0,8.0,10.0,10.0,10.0,10.0,8.0,4.0,2.0,2.0,2.0,2.0,0.0,0.0,0.0,0.0,0.0,0.0,0.0,0.0,0.0,0.0,2.0,2.0,2.0,0.0,0.0,2.0,2.0,2.0,2.0,2.0,2.0,0.0,2.0,2.0,2.0,2.0,2.0,2.0,2.0,2.0,2.0,2.0,2.0,2.0,2.0,2.0,2.0,4.0,12.0,20.0,20.0,20.0,26.0,28.0,22.0,16.0,10.0,12.0,12.0,12.0,12.0,10.0,8.0,8.0,8.0,8.0,10.0,10.0,10.0,10.0,10.0,10.0,10.0,10.0
2025-11-06,2025-11,10.0,10.0,10.0,10.0,10.0,10.0,10.0,10.0,10.0,10.0,10.0,10.0,10.0,10.0,10.0,10.0,10.0,10.0,10.0,10.0,12.0,12.0,12.0,12.0,12.0,10.0,10.0,0.0,2.0,2.0,2.0,2.0,2.0,2.0,2.0,0.0,0.0,0.0,0.0,0.0,0.0,0.0,0.0,0.0,0.0,0.0,0.0,0.0,2.0,2.0,2.0,2.0,2.0,2.0,2.0,2.0,2.0,2.0,2.0,2.0,2.0,0.0,0.0,0.0,0.0,0.0,0.0,2.0,2.0,2.0,4.0,2.0,4.0,10.0,6.0,20.0,20.0,20.0,16.0,15.0,14.0,14.0,14.0,108.0,380.0,398.0,396.0,394.0,392.0,384.0,372.0,364.0,352.0,348.0,344.0,342.0
2025-11-07,2025-11,344.0,342.0,340.0,340.0,342.0,348.0,346.0,332.0,330.0,326.0,324.0,325.0,326.0,336.0,6.0,0.0,0.0,0.0,0.0,0.0,0.0,0.0,0.0,0.0,0.0,0.0,0.0,0.0,0.0,0.0,0.0,0.0,0.0,0.0,0.0,0.0,0.0,0.0,0.0,0.0,0.0,0.0,0.0,0.0,8.0,8.0,8.0,8.0,8.0,14.0,14.0,14.0,14.0,14.0,12.0,12.0,12.0,16.0,16.0,16.0,16.0,14.0,10.0,10.0,6.0,4.0,4.0,2.0,2.0,2.0,2.0,2.0,2.0,8.0,10.0,10.0,12.0,14.0,12.0,14.0,14.0,14.0,14.0,14.0,14.0,14.0,12.0,12.0,12.0,12.0,12.0,10.0,10.0,10.0,10.0,10.0
2025-11-08,2025-11,8.0,8.0,8.0,8.0,8.0,8.0,8.0,8.0,8.0,8.0,8.0,8.0,8.0,8.0,8.0,8.0,8.0,8.0,8.0,8.0,8.0,8.0,8.0,8.0,8.0,8.0,8.0,6.0,0.0,4.0,4.0,4.0,6.0,4.0,2.0,2.0,2.0,2.0,2.0,4.0,4.0,4.0,4.0,6.0,8.0,10.0,8.0,8.0,5.0,2.0,2.0,0.0,0.0,0.0,0.0,0.0,0.0,0.0,0.0,0.0,0.0,2.0,0.0,0.0,0.0,0.0,0.0,0.0,0.0,0.0,0.0,2.0,0.0,0.0,10.0,10.0,10.0,10.0,10.0,10.0,10.0,8.0,10.0,12.0,12.0,12.0,12.0,12.0,10.0,10.0,10.0,12.0,12.0,12.0,12.0,12.0
2025-11-09,2025-11,14.0,12.0,8.0,8.0,8.0,8.0,8.0,8.0,8.0,8.0,8.0,8.0,8.0,8.0,8.0,8.0,8.0,10.0,10.0,10.0,10.0,10.0,8.0,10.0,10.0,10.0,8.0,2.0,0.0,0.0,0.0,0.0,0.0,0.0,0.0,0.0,0.0,0.0,0.0,0.0,0.0,0.0,2.0,0.0,0.0,0.0,0.0,0.0,0.0,0.0,0.0,0.0,0.0,0.0,0.0,0.0,0.0,0.0,0.0,0.0,0.0,0.0,0.0,0.0,0.0,0.0,0.0,0.0,0.0,0.0,0.0,0.0,20.0,22.0,32.0,30.0,24.0,14.0,12.0,12.0,10.0,10.0,10.0,10.0,10.0,12.0,12.0,12.0,12.0,12.0,8.0,8.0,8.0,8.0,8.0,8.0
2025-11-10,2025-11,8.0,8.0,8.0,8.0,8.0,8.0,8.0,8.0,8.0,8.0,8.0,8.0,8.0,8.0,8.0,8.0,8.0,8.0,8.0,8.0,8.0,8.0,8.0,8.0,8.0,8.0,8.0,0.0,0.0,0.0,0.0,0.0,0.0,0.0,0.0,0.0,0.0,0.0,0.0,0.0,0.0,0.0,0.0,2.0,2.0,6.0,6.0,6.0,6.0,6.0,6.0,6.0,6.0,4.0,4.0,2.0,2.0,2.0,2.0,2.0,0.0,0.0,0.0,0.0,0.0,0.0,0.0,20.0,20.0,12.0,6.0,4.0,8.0,10.0,20.0,18.0,18.0,18.0,22.0,28.0,28.0,28.0,28.0,22.0,20.0,20.0,20.0,20.0,20.0,18.0,18.0,18.0,20.0,20.0,18.0,18.0
2025-11-11,2025-11,14.0,12.0,12.0,10.0,8.0,10.0,10.0,10.0,10.0,10.0,8.0,8.0,8.0,8.0,8.0,8.0,10.0,12.0,12.0,12.0,12.0,12.0,12.0,12.0,12.0,12.0,10.0,2.0,2.0,0.0,0.0,4.0,4.0,4.0,2.0,0.0,0.0,0.0,0.0,0.0,0.0,0.0,0.0,0.0,0.0,0.0,0.0,0.0,0.0,0.0,0.0,0.0,0.0,0.0,0.0,2.0,8.0,8.0,8.0,8.0,8.0,8.0,4.0,4.0,4.0,2.0,6.0,6.0,6.0,6.0,4.0,6.0,6.0,4.0,10.0,10.0,8.0,8.0,8.0,10.0,8.0,8.0,8.0,8.0,10.0,12.0,14.0,14.0,14.0,14.0,14.0,12.0,12.0,12.0,12.0,12.0
2025-11-12,2025-11,12.0,12.0,10.0,10.0,10.0,8.0,8.0,8.0,8.0,8.0,8.0,8.0,8.0,8.0,8.0,8.0,8.0,8.0,8.0,8.0,8.0,8.0,8.0,8.0,8.0,8.0,8.0,2.0,0.0,0.0,0.0,0.0,0.0,0.0,0.0,2.0,0.0,0.0,0.0,0.0,0.0,0.0,0.0,2.0,4.0,3.0,2.0,2.0,2.0,2.0,2.0,2.0,2.0,2.0,2.0,2.0,2.0,2.0,0.0,2.0,2.0,2.0,2.0,2.0,2.0,0.0,0.0,0.0,0.0,0.0,0.0,18.0,18.0,18.0,20.0,18.0,8.0,8.0,8.0,8.0,8.0,8.0,8.0,8.0,8.0,8.0,8.0,8.0,8.0,8.0,8.0,8.0,8.0,10.0,10.0,10.0
2025-11-13,2025-11,10.0,10.0,10.0,10.0,10.0,10.0,10.0,10.0,8.0,8.0,8.0,8.0,8.0,8.0,8.0,8.0,8.0,8.0,8.0,8.0,8.0,8.0,8.0,8.0,8.0,8.0,8.0,8.0,6.0,2.0,0.0,0.0,2.0,0.0,0.0,0.0,0.0,0.0,0.0,0.0,0.0,0.0,2.0,2.0,2.0,2.0,0.0,0.0,0.0,0.0,0.0,4.0,4.0,4.0,4.0,4.0,4.0,2.0,4.0,8.0,8.0,8.0,8.0,10.0,10.0,10.0,10.0,10.0,4.0,2.0,2.0,8.0,8.0,10.0,14.0,16.0,14.0,14.0,14.0,14.0,14.0,14.0,14.0,14.0,14.0,12.0,10.0,10.0,184.0,378.0,378.0,372.0,368.0,360.0,354.0,350.0
2025-11-14,2025-11,348.0,344.0,338.0,336.0,334.0,336.0,328.0,324.0,320.0,224.0,10.0,10.0,8.0,8.0,8.0,8.0,8.0,8.0,8.0,8.0,8.0,8.0,8.0,8.0,8.0,8.0,4.0,0.0,0.0,0.0,0.0,0.0,0.0,0.0,0.0,0.0,0.0,0.0,0.0,0.0,0.0,0.0,0.0,0.0,2.0,2.0,4.0,4.0,4.0,4.0,4.0,4.0,4.0,6.0,6.0,6.0,6.0,6.0,6.0,6.0,6.0,6.0,6.0,6.0,6.0,8.0,8.0,8.0,6.0,4.0,4.0,4.0,4.0,4.0,10.0,30.0,28.0,10.0,10.0,10.0,8.0,10.0,10.0,12.0,12.0,12.0,12.0,12.0,12.0,2.0,0.0,0.0,0.0,0.0,0.0,0.0
2025-11-15,2025-11,0.0,0.0,0.0,0.0,0.0,0.0,0.0,0.0,0.0,0.0,0.0,0.0,0.0,0.0,0.0,0.0,0.0,0.0,0.0,0.0,0.0,0.0,0.0,0.0,0.0,2.0,8.0,8.0,4.0,0.0,0.0,0.0,0.0,0.0,0.0,0.0,0.0,0.0,0.0,0.0,0.0,0.0,0.0,0.0,0.0,0.0,0.0,0.0,0.0,0.0,0.0,4.0,4.0,4.0,2.0,2.0,4.0,4.0,8.0,8.0,8.0,6.0,6.0,6.0,6.0,6.0,14.0,30.0,30.0,30.0,30.0,28.0,18.0,12.0,10.0,10.0,10.0,8.0,8.0,8.0,8.0,8.0,10.0,10.0,10.0,10.0,10.0,10.0,10.0,10.0,10.0,10.0,10.0,10.0,10.0,10.0
2025-11-16,2025-11,10.0,10.0,10.0,8.0,10.0,8.0,8.0,8.0,10.0,10.0,10.0,8.0,8.0,8.0,8.0,10.0,10.0,10.0,10.0,10.0,14.0,13.0,12.0,12.0,12.0,12.0,12.0,8.0,2.0,0.0,0.0,0.0,0.0,0.0,0.0,0.0,0.0,0.0,0.0,0.0,0.0,0.0,0.0,0.0,0.0,0.0,0.0,0.0,0.0,0.0,0.0,0.0,0.0,0.0,0.0,0.0,0.0,0.0,0.0,0.0,0.0,0.0,0.0,0.0,0.0,0.0,0.0,0.0,0.0,0.0,0.0,0.0,0.0,0.0,10.0,10.0,10.0,10.0,10.0,14.0,14.0,14.0,14.0,14.0,16.0,18.0,14.0,14.0,12.0,12.0,14.0,14.0,14.0,14.0,14.0,12.0
2025-11-17,2025-11,12.0,12.0,12.0,12.0,10.0,8.0,8.0,8.0,8.0,8.0,8.0,8.0,8.0,8.0,8.0,8.0,8.0,8.0,8.0,8.0,8.0,8.0,8.0,8.0,8.0,8.0,8.0,8.0,2.0,0.0,0.0,0.0,0.0,0.0,0.0,0.0,0.0,0.0,0.0,0.0,0.0,0.0,0.0,0.0,0.0,2.0,2.0,2.0,2.0,2.0,2.0,2.0,2.0,2.0,2.0,4.0,6.0,26.0,24.0,18.0,26.0,26.0,20.0,22.0,16.0,8.0,6.0,6.0,2.0,0.0,2.0,4.0,4.0,4.0,8.0,12.0,10.0,10.0,10.0,10.0,10.0,10.0,10.0,10.0,10.0,10.0,10.0,10.0,10.0,10.0,10.0,10.0,10.0,10.0,10.0,10.0
2025-11-18,2025-11,8.0,8.0,8.0,8.0,8.0,8.0,8.0,8.0,8.0,8.0,8.0,8.0,8.0,8.0,8.0,8.0,8.0,8.0,8.0,8.0,8.0,8.0,8.0,8.0,8.0,8.0,8.0,2.0,0.0,0.0,2.0,0.0,0.0,0.0,0.0,0.6666666666666666,1.3333333333333333,2.0,2.0,2.0,2.0,0.0,0.0,0.0,0.0,0.0,0.0,0.0,0.0,0.0,0.0,0.0,0.0,0.0,0.0,0.0,0.0,0.0,0.0,0.0,0.0,0.0,0.0,0.0,0.0,0.0,0.0,0.0,0.0,0.0,2.0,2.0,2.0,2.0,10.0,10.0,10.0,8.0,8.0,8.0,10.0,10.0,10.0,10.0,10.0,10.0,10.0,10.0,10.0,12.0,14.0,16.0,14.0,14.0,14.0,14.0
2025-11-19,2025-11,12.0,12.0,10.0,10.0,10.0,10.0,10.0,10.0,8.0,8.0,8.0,8.0,8.0,8.0,8.0,8.0,8.0,8.0,8.0,8.0,8.0,8.0,8.0,8.0,8.0,8.0,8.0,2.0,0.0,0.0,0.0,0.0,0.0,0.0,0.0,0.0,0.0,18.0,18.0,18.0,18.0,16.0,18.0,12.0,4.0,2.0,0.0,0.0,0.0,0.0,0.0,0.0,0.0,0.0,0.0,0.0,0.0,0.0,0.0,0.0,0.0,0.0,0.0,0.0,0.0,0.0,0.0,0.0,0.0,0.0,0.0,0.0,0.0,2.0,0.0,6.0,10.0,10.0,10.0,10.0,10.0,10.0,12.0,12.0,12.0,12.0,14.0,12.0,12.0,12.0,12.0,14.0,12.0,14.0,16.0,16.0
2025-11-22,2025-11,416.0,412.0,406.0,404.0,400.0,398.0,396.0,394.0,383.0,372.0,366.0,362.0,6.0,0.0,0.0,0.0,0.0,0.0,0.0,0.0,0.0,0.0,0.0,0.0,0.0,0.0,0.0,0.0,0.0,0.0,0.0,0.0,0.0,0.0,0.0,0.0,0.0,0.0,0.0,0.0,0.0,0.0,0.0,0.0,0.0,0.0,0.0,0.0,0.0,0.0,0.0,0.0,0.0,0.0,0.0,0.0,0.0,0.0,0.0,0.0,0.0,0.0,0.0,0.0,0.0,0.0,0.0,0.0,0.0,0.0,0.0,0.0,0.0,0.0,0.0,0.0,0.0,0.0,8.0,10.0,10.0,10.0,10.0,14.0,16.0,16.0,16.0,16.0,16.0,16.0,16.0,16.0,20.0,20.0,20.0,20.0
2025-11-23,2025-11,18.0,16.0,12.0,12.0,12.0,12.0,12.0,12.0,12.0,12.0,10.0,10.0,10.0,12.0,12.0,10.0,10.0,10.0,8.0,8.0,8.0,8.0,8.0,8.0,14.0,14.0,12.0,6.0,6.0,10.0,8.0,6.0,4.0,2.0,2.0,2.0,1.0,0.0,0.0,0.0,2.0,2.0,2.0,4.0,8.0,6.0,6.0,0.0,0.0,0.0,4.0,6.0,6.0,6.0,4.0,4.0,4.0,2.0,4.0,6.0,6.0,4.0,4.0,4.0,6.0,0.0,0.0,0.0,0.0,0.0,0.0,0.0,0.0,0.0,0.0,6.0,8.0,10.0,14.0,18.0,16.0,18.0,18.0,16.0,14.0,14.0,14.0,14.0,14.0,12.0,14.0,14.0,14.0,10.0,6.0,4.0
2025-11-24,2025-11,4.0,2.0,2.0,0.0,0.0,0.0,0.0,0.0,0.0,0.0,0.0,0.0,0.0,0.0,0.0,0.0,0.0,0.0,0.0,0.0,0.0,0.0,0.0,0.0,4.0,10.0,8.0,6.0,2.0,2.0,2.0,2.0,2.0,6.0,20.0,18.0,20.0,8.0,0.0,2.0,2.0,0.0,0.0,2.0,4.0,4.0,4.0,6.0,8.0,10.0,8.0,8.0,6.0,8.0,8.0,8.0,6.0,6.0,4.0,4.0,2.0,2.0,2.0,0.0,0.0,0.0,0.0,0.0,0.0,0.0,0.0,0.0,0.0,4.0,6.0,8.0,8.0,10.0,10.0,10.0,10.0,10.0,10.0,8.0,8.0,8.0,8.0,8.0,8.0,8.0,8.0,8.0,8.0,8.0,8.0,8.0
2025-11-29,2025-11,8.0,8.0,8.0,8.0,8.0,8.0,8.0,8.0,8.0,8.0,8.0,8.0,8.0,8.0,8.0,8.0,8.0,8.0,8.0,8.0,8.0,8.0,8.0,8.0,8.0,8.0,6.0,3.0,0.0,0.0,0.0,0.0,0.0,0.0,0.0,2.0,2.0,2.0,2.0,2.0,0.0,0.0,0.0,0.0,0.0,0.0,0.0,0.0,0.0,0.0,2.0,2.0,2.0,2.0,2.0,2.0,2.0,2.0,2.0,2.0,0.0,0.0,0.0,0.0,0.0,0.0,0.0,0.0,0.0,0.0,0.0,0.0,0.0,0.0,8.0,10.0,10.0,10.0,10.0,10.0,10.0,10.0,8.0,8.0,8.0,8.0,8.0,8.0,8.0,8.0,8.0,10.0,10.0,10.0,10.0,10.0
2025-11-30,2025-11,10.0,10.0,10.0,8.0,8.0,8.0,8.0,8.0,8.0,8.0,8.0,8.0,8.0,8.0,8.0,8.0,8.0,8.0,8.0,8.0,8.0,8.0,8.0,8.0,8.0,8.0,8.0,8.0,2.0,2.0,2.0,2.0,2.0,2.0,2.0,2.0,2.0,2.0,2.0,2.0,4.0,4.0,4.0,4.0,4.0,4.0,4.0,4.0,4.0,4.0,4.0,4.0,4.0,4.0,4.0,4.0,4.0,4.0,4.0,4.0,4.0,4.0,4.0,4.0,4.0,4.0,4.0,4.0,4.0,4.0,4.0,2.0,2.0,2.0,0.0,4.0,8.0,8.0,8.0,8.0,8.0,8.0,8.0,8.0,8.0,8.0,8.0,8.0,8.0,10.0,10.0,8.0,8.0,8.0,8.0,8.0
2025-12-01,2025-12,8.0,8.0,8.0,8.0,8.0,8.0,8.0,8.0,8.0,8.0,8.0,8.0,8.0,8.0,8.0,8.0,8.0,8.0,8.0,8.0,8.0,8.0,8.0,200.0,354.0,360.0,352.0,348.0,340.0,334.0,326.0,320.0,322.0,320.0,318.0,318.0,316.0,318.0,316.0,314.0,318.0,294.0,0.0,0.0,2.0,0.0,2.0,2.0,2.0,2.0,0.0,0.0,0.0,0.0,2.0,4.0,4.0,2.0,4.0,4.0,4.0,4.0,4.0,4.0,4.0,4.0,4.0,10.0,10.0,10.0,10.0,10.0,4.0,8.0,14.0,12.0,8.0,8.0,8.0,8.0,8.0,8.0,8.0,8.0,8.0,12.0,16.0,14.0,12.0,14.0,12.0,14.0,14.0,14.0,14.0,14.0
2025-12-04,2025-12,12.0,10.0,10.0,10.0,10.0,10.0,10.0,10.0,10.0,10.0,10.0,10.0,10.0,10.0,8.0,8.0,10.0,10.0,10.0,10.0,10.0,10.0,10.0,10.0,10.0,10.0,14.0,12.0,6.0,6.0,4.0,2.0,0.0,0.0,2.0,8.0,6.0,10.0,14.0,8.0,6.0,8.0,342.0,422.0,422.0,412.0,410.0,404.0,400.0,388.0,8.0,0.0,352.0,376.0,376.0,116.0,0.0,0.0,0.0,0.0,0.0,0.0,2.0,14.0,14.0,14.0,12.0,12.0,12.0,14.0,16.0,10.0,6.0,0.0,6.0,28.0,28.0,28.0,28.0,30.0,30.0,28.0,18.0,12.0,10.0,10.0,10.0,10.0,8.0,8.0,8.0,8.0,8.0,8.0,8.0,8.0
2025-12-05,2025-12,8.0,8.0,8.0,8.0,8.0,8.0,8.0,8.0,8.0,8.0,8.0,8.0,8.0,8.0,8.0,8.0,8.0,8.0,8.0,8.0,8.0,8.0,8.0,8.0,8.0,8.0,8.0,6.0,0.0,0.0,0.0,0.0,0.0,0.0,0.0,0.0,0.0,0.0,0.0,0.0,0.0,0.0,0.0,0.0,0.0,0.0,0.0,0.0,0.0,0.0,0.0,0.0,0.0,0.0,0.0,0.0,0.0,6.0,6.0,6.0,6.0,6.0,6.0,6.0,6.0,6.0,6.0,6.0,6.0,8.0,18.0,16.0,12.0,12.0,12.0,10.0,8.0,8.0,10.0,14.0,16.0,16.0,16.0,18.0,20.0,20.0,20.0,20.0,20.0,20.0,260.0,392.0,392.0,388.0,386.0,384.0
2025-12-06,2025-12,378.0,372.0,360.0,356.0,354.0,354.0,350.0,348.0,346.0,344.0,340.0,338.0,336.0,334.0,332.0,332.0,328.0,324.0,218.0,0.0,1.0,2.0,2.0,2.0,4.0,10.0,10.0,4.0,2.0,2.0,0.0,0.0,0.0,0.0,0.0,0.0,6.0,8.0,8.0,10.0,8.0,6.0,10.0,4.0,0.0,0.0,0.0,0.0,4.0,22.0,18.0,14.0,12.0,24.0,20.0,14.0,6.0,0.0,0.0,2.0,2.0,0.0,0.0,0.0,0.0,0.0,0.0,0.0,0.0,0.0,0.0,0.0,0.0,0.0,0.0,0.0,8.0,8.0,10.0,14.0,18.0,16.0,14.0,14.0,16.0,22.0,22.0,22.0,24.0,26.0,24.0,20.0,10.0,6.0,6.0,6.0
2025-12-07,2025-12,6.0,6.0,6.0,6.0,6.0,4.0,2.0,2.0,0.0,0.0,0.0,0.0,0.0,0.0,0.0,0.0,0.0,0.0,0.0,0.0,0.0,0.0,0.0,0.0,0.0,8.0,4.0,0.0,2.0,0.0,0.0,0.0,0.0,0.0,0.0,0.0,4.0,6.0,4.0,4.0,4.0,4.0,4.0,4.0,2.0,2.0,2.0,4.0,4.0,4.0,6.0,6.0,2.0,2.0,0.0,0.0,0.0,0.0,4.0,6.0,6.0,6.0,6.0,10.0,10.0,12.0,8.0,2.0,2.0,2.0,0.0,0.0,0.0,2.0,2.0,0.0,8.0,8.0,8.0,8.0,8.0,8.0,8.0,8.0,12.0,12.0,12.0,14.0,14.0,14.0,14.0,14.0,14.0,12.0,12.0,238.0
2025-12-08,2025-12,414.0,428.0,426.0,426.0,420.0,412.0,402.0,396.0,390.0,382.0,374.0,370.0,374.0,374.0,376.0,376.0,378.0,378.0,378.0,376.0,374.0,372.0,372.0,372.0,372.0,380.0,374.0,366.0,362.0,354.0,170.0,2.0,2.0,2.0,3.0,4.0,4.0,4.0,12.0,12.666666666666666,13.333333333333334,14.0,14.0,12.0,12.0,10.0,8.0,8.0,6.0,4.0,0.0,0.0,16.0,24.0,24.0,28.0,30.0,20.0,6.0,6.0,6.0,6.0,6.0,22.0,22.0,22.0,24.0,24.0,20.0,14.0,6.0,4.0,2.0,10.0,6.0,8.0,8.0,8.0,14.0,8.0,14.0,14.0,12.0,12.0,12.0,12.0,12.0,12.0,12.0,14.0,14.0,14.0,14.0,14.0,14.0,14.0
2025-12-09,2025-12,14.0,12.0,12.0,12.0,12.0,10.0,10.0,10.0,10.0,10.0,10.0,10.0,10.0,10.0,10.0,10.0,10.0,10.0,10.0,10.0,10.0,10.0,10.0,10.0,10.0,10.0,10.0,10.0,10.0,8.0,4.0,8.0,8.0,4.0,2.0,2.0,2.0,2.0,2.0,2.0,2.0,2.0,8.0,8.0,6.0,6.0,6.0,6.0,6.0,6.0,6.0,6.0,6.0,6.0,6.0,6.0,6.0,6.0,2.0,0.0,0.0,0.0,0.0,0.0,0.0,0.0,0.0,0.0,0.0,0.0,0.0,0.0,0.0,4.0,6.0,8.0,8.0,8.0,10.0,10.0,8.0,8.0,8.0,8.0,8.0,8.0,8.0,8.0,8.0,8.0,8.0,10.0,10.0,10.0,10.0,10.0
2025-12-11,2025-12,14.0,14.0,14.0,14.0,14.0,14.0,14.0,14.0,14.0,14.0,14.0,14.0,14.0,12.0,12.0,14.0,14.0,12.0,12.0,12.0,12.0,10.0,10.0,10.0,8.0,8.0,8.0,2.0,2.0,2.0,4.0,6.0,6.0,6.0,6.0,6.0,6.0,6.0,8.0,8.0,8.0,8.0,8.0,8.0,8.0,8.0,8.0,4.0,4.0,2.0,2.0,2.0,2.0,2.0,2.0,2.0,4.0,6.0,4.0,4.0,4.0,4.0,4.0,4.0,4.0,4.0,4.0,4.0,0.0,0.0,2.0,6.0,4.0,20.0,28.0,30.0,28.0,16.0,10.0,10.0,10.0,10.0,10.0,10.0,10.0,10.0,12.0,12.0,14.0,12.0,12.0,12.0,10.0,10.0,10.0,8.0
2025-12-13,2025-12,8.0,8.0,8.0,8.0,8.0,8.0,8.0,8.0,8.0,8.0,8.0,8.0,8.0,8.0,8.0,8.0,8.0,8.0,8.0,8.0,8.0,8.0,8.0,8.0,8.0,8.0,8.0,8.0,0.0,0.0,0.0,0.0,0.0,0.0,0.0,0.0,0.0,0.0,0.0,0.0,0.0,0.0,0.0,0.0,0.0,0.0,0.0,6.0,12.0,12.0,12.0,12.0,12.666666666666666,13.333333333333334,14.0,4.0,0.0,2.0,4.0,4.0,4.0,4.0,2.0,2.0,0.0,0.0,0.0,0.0,0.0,0.0,0.0,0.0,0.0,0.0,2.0,6.0,8.0,8.0,8.0,8.0,8.0,8.0,8.0,8.0,8.0,8.0,8.0,8.0,8.0,8.0,12.0,10.0,10.0,12.0,14.0,14.0
2025-12-14,2025-12,14.0,12.0,14.0,14.0,14.0,12.0,12.0,12.0,12.0,10.0,10.0,10.0,8.0,8.0,8.0,8.0,8.0,10.0,10.0,10.0,10.0,8.0,8.0,8.0,8.0,8.0,8.0,4.0,0.0,0.0,0.0,0.0,0.0,0.0,0.0,0.0,2.0,2.0,2.0,2.0,10.0,12.0,12.0,12.0,12.0,10.0,10.0,10.0,8.0,4.0,4.0,6.0,8.0,8.0,8.0,8.0,8.0,8.0,8.0,6.0,6.0,6.0,6.0,6.0,6.0,6.0,6.0,4.0,2.0,14.0,20.0,18.0,18.0,18.0,12.0,6.0,8.0,8.0,8.0,8.0,8.0,10.0,10.0,10.0,10.0,10.0,10.0,10.0,10.0,8.0,8.0,8.0,8.0,8.0,8.0,8.0
2026-01-02,2026-01,16.0,16.0,14.0,14.0,14.0,14.0,14.0,12.0,10.0,10.0,10.0,10.0,8.0,8.0,8.0,10.0,10.0,10.0,10.0,10.0,10.0,10.0,10.0,10.0,10.0,8.0,8.0,8.0,4.0,0.0,0.0,0.0,10.0,12.0,18.0,18.0,18.0,24.0,28.0,26.0,22.0,20.0,18.0,34.0,46.0,48.0,48.0,64.0,62.0,64.0,66.0,44.0,370.0,428.0,422.0,416.0,404.0,406.0,152.0,34.0,32.0,30.0,30.0,36.0,32.0,28.0,24.0,22.0,22.0,22.0,22.0,18.0,18.0,22.0,18.0,26.0,26.0,62.0,382.0,386.0,382.0,378.0,370.0,190.0,26.0,20.0,18.0,16.0,14.0,14.0,10.0,32.0,32.0,32.0,32.0,34.0
2026-01-03,2026-01,32.0,34.0,38.0,42.0,40.0,38.0,36.0,36.0,30.0,26.0,24.0,22.0,20.0,18.0,16.0,14.0,12.0,12.0,12.0,12.0,12.0,12.0,12.0,12.0,12.0,12.0,12.0,12.0,12.0,8.0,20.0,20.0,20.0,22.0,24.0,36.0,44.0,48.0,46.0,44.0,40.0,36.0,28.0,28.0,36.0,34.0,34.0,32.0,32.0,30.0,16.0,12.0,8.0,4.0,2.0,2.0,0.0,0.0,6.0,6.0,8.0,12.0,12.0,12.0,12.0,12.0,10.0,8.0,8.0,8.0,6.0,26.0,18.0,20.0,20.0,20.0,20.0,8.0,10.0,14.0,8.0,8.0,8.0,8.0,10.0,10.0,10.0,10.0,10.0,10.0,10.0,12.0,20.0,20.0,20.0,20.0
2026-01-04,2026-01,20.0,18.0,16.0,12.0,8.0,6.0,6.0,4.0,4.0,4.0,4.0,4.0,4.0,4.0,4.0,6.0,16.0,16.0,16.0,16.0,16.0,16.0,16.0,14.0,12.0,8.0,8.0,10.0,6.0,0.0,2.0,2.0,2.0,4.0,4.0,4.0,2.0,0.0,0.0,0.0,8.0,18.0,20.0,20.0,20.0,20.0,16.0,26.0,30.0,30.0,28.0,20.0,20.0,32.0,30.0,28.0,22.0,20.0,14.0,10.0,6.0,12.0,14.0,14.0,12.0,12.0,12.0,12.0,12.0,14.0,16.0,10.0,6.0,4.0,34.0,38.0,40.0,38.0,42.0,48.0,46.0,40.0,32.0,30.0,28.0,24.0,26.0,24.0,22.0,22.0,20.0,26.0,28.0,26.0,22.0,306.0
2026-01-05,2026-01,408.0,414.0,414.0,410.0,8.0,0.0,0.0,0.0,0.0,0.0,0.0,0.0,0.0,0.0,0.0,0.0,0.0,0.0,0.0,0.0,0.0,0.0,0.0,0.0,0.0,0.0,0.0,16.0,366.0,374.0,370.0,367.0,364.0,370.0,368.0,370.0,370.0,372.0,368.0,366.0,360.0,358.0,356.0,350.0,350.0,344.0,186.0,0.0,0.0,2.0,2.0,12.0,16.0,16.0,16.0,18.0,12.0,4.0,0.0,0.0,0.0,0.0,0.0,0.0,0.0,0.0,0.0,2.0,12.0,12.0,12.0,12.0,14.0,14.0,14.0,14.0,16.0,12.0,10.0,10.0,8.0,8.0,14.0,20.0,20.0,28.0,28.0,28.0,26.0,22.0,22.0,28.0,26.0,22.0,20.0,22.0
2026-01-06,2026-01,26.0,26.0,26.0,26.0,26.0,26.0,26.0,26.0,26.0,26.0,24.0,24.0,22.0,22.0,22.0,16.0,12.0,12.0,12.0,12.0,12.0,12.0,12.0,12.0,12.0,12.0,12.0,10.0,8.0,4.0,12.0,14.0,18.0,32.0,34.0,32.0,32.0,32.0,30.0,30.0,28.0,28.0,32.0,36.0,36.0,32.0,278.0,394.0,398.0,398.0,186.0,24.0,92.0,245.0,398.0,400.0,392.0,174.0,14.0,16.0,16.0,24.0,30.0,26.0,24.0,26.0,24.0,24.0,16.0,16.0,16.0,16.0,12.0,8.0,12.0,16.0,24.0,24.0,24.0,26.0,24.0,26.0,26.0,25.333333333333332,24.666666666666668,24.0,26.0,22.0,18.0,16.0,16.0,14.0,14.0,14.0,14.0,14.0
2026-01-07,2026-01,14.0,14.0,14.0,12.0,10.0,10.0,9.0,8.0,8.0,8.0,8.0,8.0,6.0,6.0,6.0,4.0,4.0,4.0,4.0,8.0,8.0,6.0,4.0,4.0,14.0,12.0,12.0,12.0,6.0,6.0,14.0,12.0,16.0,14.0,14.0,24.0,24.0,22.0,20.0,16.0,14.0,14.0,12.0,12.0,12.0,18.0,18.0,18.0,20.0,24.0,24.0,20.0,28.0,32.0,26.0,24.0,322.0,412.0,420.0,428.0,140.0,52.0,46.0,44.0,44.0,40.0,28.0,28.0,16.0,16.0,14.0,12.0,10.0,10.0,10.0,10.0,10.0,10.0,10.0,12.0,10.0,20.0,24.0,26.0,26.0,26.0,26.0,22.0,24.0,22.0,18.0,18.0,16.0,16.0,18.0,18.0
2026-01-08,2026-01,18.0,18.0,18.0,18.0,18.0,18.0,18.0,18.0,14.0,10.0,10.0,12.0,12.0,10.0,10.0,10.0,12.0,12.0,12.0,12.0,12.0,12.0,12.0,12.0,12.0,10.0,8.0,8.0,6.0,2.0,0.0,6.0,2.0,4.0,8.0,6.0,6.0,8.0,10.0,8.0,8.0,8.0,8.0,10.0,8.0,28.0,26.0,24.0,28.0,44.0,42.0,38.0,40.0,34.0,32.0,40.0,52.0,46.0,40.0,36.0,30.0,24.0,18.0,14.0,12.0,12.0,12.0,10.0,8.0,8.0,8.0,8.0,10.0,14.0,10.0,10.0,14.0,18.0,22.0,22.0,22.0,22.0,22.0,22.0,20.0,22.0,22.0,20.0,18.0,20.0,26.0,20.0,18.0,18.0,18.0,18.0
2026-01-09,2026-01,18.0,18.0,20.0,20.0,16.0,16.0,16.0,14.0,14.0,16.0,16.0,14.0,14.0,14.0,14.0,12.0,12.0,12.0,12.0,12.0,12.0,12.0,12.0,12.0,12.0,12.0,12.0,12.0,12.0,18.0,10.0,10.0,8.0,8.0,14.0,36.0,36.0,36.0,32.0,22.0,22.0,14.0,14.0,14.0,14.0,16.0,18.0,18.0,14.0,14.0,14.0,368.0,404.0,408.0,416.0,414.0,434.0,418.0,394.0,406.0,190.0,58.0,52.0,48.0,42.0,38.0,26.0,20.0,14.0,10.0,6.0,4.0,4.0,6.0,2.0,10.0,10.0,20.0,34.0,34.0,34.0,32.0,30.0,24.0,20.0,22.0,20.0,34.0,34.0,34.0,34.0,33.0,32.0,30.0,28.0,26.0
2026-01-10,2026-01,24.0,24.0,22.0,22.0,22.0,20.0,20.0,20.0,20.0,20.0,18.0,18.0,18.0,18.0,18.0,18.0,18.0,18.0,18.0,18.0,18.0,18.0,18.0,16.0,16.0,16.0,20.0,20.0,20.0,48.0,42.0,42.0,40.0,40.0,28.0,26.0,24.0,20.0,16.0,14.0,12.0,10.0,8.0,8.0,8.0,6.0,4.0,4.0,4.0,4.0,4.0,4.0,4.0,4.0,4.0,4.0,8.0,24.0,0.0,0.0,0.0,0.0,0.0,0.0,0.0,0.0,0.0,0.0,0.0,0.0,0.0,0.0,0.0,0.0,0.0,0.0,22.0,42.0,48.0,42.0,38.0,38.0,22.0,12.0,16.0,16.0,20.0,22.0,22.0,22.0,18.0,18.0,16.0,16.0,18.0,20.0
2026-01-11,2026-01,36.0,306.0,400.0,412.0,412.0,410.0,406.0,400.0,390.0,378.0,368.0,358.0,352.0,346.0,340.0,340.0,338.0,334.0,338.0,338.0,334.0,332.0,334.0,336.0,336.0,332.0,330.0,328.0,350.0,284.0,6.0,6.0,0.0,0.0,0.0,0.0,18.0,22.0,20.0,20.0,30.0,24.0,20.0,18.0,28.0,46.0,44.0,42.0,42.0,42.0,26.0,14.0,14.0,18.0,20.0,22.0,24.0,24.0,22.0,22.0,20.0,28.0,30.0,30.0,28.0,20.0,20.0,20.0,20.0,18.0,18.0,18.0,16.0,16.0,14.0,18.0,18.0,26.0,28.0,22.0,18.0,14.0,18.0,14.0,16.0,12.0,12.0,8.0,8.0,8.0,8.0,8.0,8.0,8.0,244.0,384.0
2026-01-12,2026-01,8.0,0.0,0.0,0.0,0.0,0.0,0.0,0.0,0.0,0.0,0.0,0.0,0.0,0.0,0.0,0.0,0.0,0.0,0.0,0.0,0.0,0.0,0.0,0.0,0.0,0.0,0.0,0.0,0.0,0.0,0.0,0.0,0.0,0.0,0.0,0.0,0.0,0.0,0.0,0.0,0.0,0.0,0.0,0.0,0.0,0.0,0.0,0.0,0.0,0.0,8.0,46.0,42.0,42.0,44.0,36.0,50.0,42.0,34.0,26.0,24.0,36.0,34.0,38.0,40.0,32.0,22.0,20.0,20.0,16.0,18.0,16.0,12.0,8.0,6.0,14.0,16.0,20.0,20.0,20.0,24.0,22.0,28.0,24.0,20.0,20.0,16.0,20.0,22.0,22.0,20.0,20.0,16.0,22.0,24.0,24.0
2026-01-13,2026-01,24.0,22.0,20.0,18.0,18.0,18.0,14.0,12.0,12.0,12.0,10.0,10.0,9.0,8.0,8.0,8.0,8.0,8.0,8.0,8.0,8.0,8.0,8.0,8.0,8.0,8.0,8.0,8.0,8.0,8.0,6.0,2.0,2.0,4.0,6.0,6.0,6.0,8.0,10.0,14.0,14.0,14.0,12.0,10.0,26.0,42.0,42.0,40.0,38.0,26.0,14.0,8.0,4.0,0.0,0.0,238.0,388.0,406.0,422.0,422.0,416.0,408.0,138.0,36.0,32.0,28.0,28.0,0.0,0.0,0.0,0.0,0.0,0.0,0.0,0.0,0.0,10.0,12.0,12.0,12.0,12.0,14.0,16.0,14.0,14.0,18.0,28.0,30.0,26.0,24.0,22.0,22.0,22.0,22.0,24.0,26.0
2026-01-14,2026-01,26.0,22.0,22.0,22.0,22.0,22.0,22.0,22.0,22.0,22.0,22.0,22.0,22.0,22.0,20.0,20.0,18.0,18.0,16.0,18.0,18.0,18.0,18.0,18.0,18.0,18.0,18.0,20.0,14.0,12.0,8.0,8.0,8.0,8.0,6.0,10.0,14.0,14.0,12.0,8.0,6.0,6.0,6.0,6.0,6.0,6.0,8.0,6.0,8.0,22.0,26.0,26.0,26.0,24.0,14.0,10.0,22.0,24.0,22.0,22.0,14.0,12.0,10.0,6.0,4.0,4.0,4.0,2.0,8.0,4.0,2.0,2.0,4.0,8.0,2.0,8.0,10.0,38.0,36.0,36.0,36.0,34.0,32.0,26.0,24.0,18.0,16.0,14.0,10.0,10.0,8.0,8.0,8.0,8.0,8.0,8.0
2026-01-15,2026-01,10.0,14.0,14.0,14.0,14.0,14.0,12.0,12.0,14.0,14.0,14.0,12.0,8.0,8.0,8.0,8.0,8.0,8.0,8.0,8.0,8.0,8.0,8.0,8.0,8.0,8.0,8.0,8.0,8.0,0.0,0.0,0.0,2.0,2.0,0.0,0.0,0.0,0.0,0.0,0.0,0.0,0.0,330.0,386.0,396.0,398.0,396.0,388.0,380.0,394.0,408.0,400.0,100.0,38.0,32.0,28.0,26.0,26.0,24.0,22.0,20.0,18.0,18.0,16.0,14.0,16.0,14.0,14.0,10.0,2.0,2.0,2.0,2.0,8.0,8.0,14.0,14.0,16.0,16.0,14.0,14.0,16.0,18.0,20.0,22.0,20.0,18.0,18.0,22.0,18.0,16.0,14.0,14.0,14.0,18.0,22.0
2026-01-16,2026-01,22.0,22.0,22.0,22.0,22.0,22.0,22.0,22.0,22.0,22.0,20.0,18.0,18.0,16.0,16.0,14.0,12.0,10.0,8.0,8.0,8.0,8.0,8.0,8.0,8.0,8.0,8.0,8.0,2.0,0.0,0.0,0.0,0.0,0.0,0.0,0.0,42.0,42.0,40.0,42.0,40.0,26.0,24.0,18.0,16.0,14.0,14.0,12.0,12.0,12.0,10.0,10.0,8.0,8.0,4.0,0.0,2.0,4.0,2.0,2.0,2.0,4.0,4.0,4.0,4.0,52.0,56.0,54.0,54.0,52.0,42.0,28.0,20.0,18.0,10.0,10.0,16.0,14.0,12.0,12.0,12.0,12.0,16.0,10.0,10.0,10.0,10.0,12.0,10.0,10.0,12.0,10.0,8.0,330.0,404.0,414.0
2026-01-17,2026-01,416.0,414.0,412.0,408.0,404.0,396.0,390.0,384.0,376.0,370.0,364.0,358.0,356.0,354.0,354.0,354.0,352.0,350.0,352.0,356.0,356.0,354.0,352.0,356.0,352.0,350.0,348.0,348.0,346.0,336.0,26.0,0.0,0.0,0.0,0.0,0.0,0.0,0.0,0.0,0.0,0.0,0.0,0.0,0.0,0.0,0.0,0.0,0.0,0.0,0.0,0.0,0.0,6.0,10.0,12.0,12.0,32.0,30.0,26.0,26.0,26.0,24.0,24.0,22.0,26.0,24.0,20.0,12.0,10.0,8.0,4.0,4.0,6.0,6.0,6.0,2.0,10.0,10.0,10.0,12.0,20.0,24.0,22.0,22.0,22.0,22.0,20.0,20.0,16.0,14.0,12.0,10.0,10.0,12.0,14.0,14.0
2026-01-18,2026-01,14.0,14.0,14.0,14.0,14.0,14.0,14.0,16.0,16.0,16.0,14.0,14.0,12.0,12.0,12.0,12.0,12.0,12.0,12.0,10.0,10.0,10.0,8.0,8.0,8.0,8.0,8.0,8.0,2.0,0.0,0.0,0.0,0.0,0.0,0.0,0.0,0.0,0.0,0.0,0.0,0.0,6.0,8.0,12.0,10.0,10.0,10.0,10.0,12.0,42.0,42.0,42.0,46.0,46.0,46.0,44.0,38.0,34.0,30.0,26.0,22.0,20.0,18.0,16.0,30.0,24.0,22.0,22.0,24.0,18.0,10.0,12.0,32.0,30.0,30.0,34.0,30.0,28.0,26.0,24.0,26.0,18.0,22.0,20.0,28.0,26.0,24.0,20.0,20.0,22.0,22.0,30.0,32.0,32.0,32.0,30.0
2026-01-19,2026-01,26.0,26.0,24.0,24.0,24.0,24.0,24.0,24.0,24.0,24.0,24.0,24.0,24.0,18.0,14.0,12.0,12.0,12.0,12.0,12.0,12.0,12.0,12.0,10.0,12.0,12.0,10.0,10.0,10.0,2.0,0.0,0.0,0.0,8.0,14.0,22.0,312.0,404.0,414.0,416.0,414.0,406.0,394.0,384.0,378.0,372.0,148.0,12.0,12.0,10.0,6.0,8.0,14.0,14.0,16.0,14.0,16.0,32.0,30.0,38.0,48.0,46.0,46.0,38.0,34.0,20.0,28.0,48.0,50.0,44.0,32.0,28.0,18.0,10.0,20.0,28.0,36.0,42.0,46.0,42.0,36.0,34.0,30.0,22.0,18.0,14.0,12.0,14.0,14.0,14.0,14.0,14.0,34.0,34.0,32.0,32.0
2026-01-20,2026-01,32.0,22.0,30.0,34.0,32.0,32.0,32.0,20.0,14.0,10.0,8.0,8.0,8.0,8.0,8.0,8.0,8.0,8.0,8.0,8.0,10.0,8.0,8.0,8.0,8.0,8.0,8.0,8.0,8.0,0.0,0.0,0.0,0.0,0.0,2.0,2.0,2.0,2.0,2.0,0.0,0.0,0.0,14.0,18.0,18.0,18.0,18.0,18.0,20.0,22.0,22.0,22.0,22.0,26.0,24.0,22.0,20.0,280.0,402.0,416.0,426.0,448.0,444.0,436.0,426.0,268.0,30.0,28.0,26.0,24.0,24.0,24.0,26.0,50.0,50.0,56.0,50.0,52.0,42.0,40.0,42.0,46.0,30.0,30.0,37.0,44.0,30.0,28.0,28.0,26.0,26.0,24.0,22.0,18.0,16.0,16.0
2026-01-21,2026-01,16.0,14.0,14.0,14.0,12.0,10.0,10.0,10.0,8.0,8.0,8.0,8.0,8.0,8.0,8.0,8.0,8.0,10.0,12.0,12.0,10.0,8.0,8.0,8.0,8.0,8.0,8.0,10.0,2.0,0.0,0.0,0.0,0.0,0.0,4.0,8.0,8.0,8.0,6.0,6.0,6.0,6.0,24.0,28.0,24.0,22.0,24.0,26.0,16.0,10.0,6.0,14.0,16.0,14.0,10.0,18.0,22.0,24.0,24.0,22.0,22.0,22.0,28.0,26.0,24.0,24.0,24.0,22.0,24.0,26.0,32.0,42.0,40.0,38.0,38.0,34.0,34.0,34.0,34.0,28.0,16.0,14.0,12.0,10.0,8.0,8.0,8.0,8.0,14.0,8.0,8.0,8.0,8.0,8.0,8.0,8.0
2026-01-22,2026-01,8.0,8.0,8.0,8.0,16.0,18.0,20.0,20.0,20.0,20.0,20.0,20.0,18.0,16.0,14.0,12.0,12.0,10.0,8.0,8.0,8.0,8.0,8.0,8.0,8.0,8.0,8.0,8.0,2.0,0.0,0.0,0.0,4.0,14.0,14.0,12.0,10.0,10.0,10.0,330.0,8.0,318.0,398.0,406.0,406.0,118.0,2.0,2.0,12.0,12.0,12.0,12.0,12.0,12.0,12.0,12.0,8.0,6.0,4.0,4.0,4.0,4.0,4.0,4.0,4.0,4.0,4.0,4.0,4.0,6.0,6.0,6.0,6.0,6.0,8.0,12.0,14.0,18.0,14.0,16.0,24.0,62.0,64.0,72.0,74.0,84.0,80.0,74.0,72.0,66.0,64.0,62.0,58.0,54.0,52.0,50.0
2026-01-23,2026-01,48.0,46.0,44.0,44.0,42.0,42.0,38.0,36.0,26.0,20.0,20.0,20.0,18.0,14.0,12.0,8.0,8.0,8.0,8.0,8.0,8.0,8.0,8.0,8.0,8.0,8.0,8.0,8.0,12.0,12.0,14.0,16.0,12.0,12.0,12.0,16.0,16.0,14.0,12.0,10.0,8.0,20.0,24.0,24.0,22.0,22.0,20.0,16.0,14.0,12.0,10.0,10.0,10.0,8.0,42.0,346.0,358.0,240.0,14.0,10.0,6.0,4.0,2.0,0.0,0.0,0.0,0.0,0.0,0.0,0.0,0.0,2.0,2.0,6.0,2.0,8.0,10.0,34.0,46.0,44.0,44.0,44.0,44.0,44.0,42.0,38.0,32.0,28.0,26.0,24.0,16.0,14.0,12.0,10.0,10.0,10.0
2026-01-24,2026-01,10.0,10.0,10.0,10.0,10.0,10.0,10.0,10.0,10.0,10.0,10.0,10.0,10.0,10.0,10.0,10.0,10.0,10.0,10.0,10.0,10.0,10.0,10.0,10.0,10.0,10.0,10.0,10.0,10.0,8.0,0.0,0.0,0.0,0.0,0.0,0.0,0.0,0.0,0.0,8.0,20.0,18.0,18.0,18.0,18.0,18.0,18.0,16.0,10.0,6.0,4.0,2.0,2.0,0.0,12.0,20.0,24.0,24.0,16.0,18.0,18.0,16.0,12.0,10.0,8.0,8.0,8.0,6.0,6.0,6.0,6.0,6.0,6.0,20.0,18.0,20.0,26.0,30.0,24.0,18.0,30.0,30.0,30.0,30.0,30.0,32.0,30.0,28.0,24.0,14.0,12.0,14.0,16.0,20.0,20.0,20.0
2026-01-25,2026-01,20.0,20.0,20.0,20.0,20.0,20.0,20.0,20.0,20.0,18.0,18.0,16.0,16.0,16.0,16.0,16.0,14.0,14.0,14.0,12.0,12.0,12.0,10.0,14.0,20.0,16.0,14.0,12.0,4.0,0.0,0.0,0.0,0.0,0.0,0.0,0.0,0.0,36.0,350.0,374.0,372.0,368.0,374.0,374.0,244.0,20.0,20.0,20.0,20.0,18.0,16.0,14.0,12.0,10.0,10.0,10.0,12.0,10.0,10.0,8.0,14.0,14.0,16.0,22.0,28.0,26.0,20.0,28.0,34.0,40.0,34.0,30.0,32.0,36.0,30.0,32.0,30.0,26.0,28.0,38.0,42.0,42.0,48.0,50.0,50.0,46.0,40.0,38.0,38.0,36.0,24.0,18.0,16.0,14.0,24.0,24.0
2026-01-26,2026-01,22.0,22.0,22.0,22.0,22.0,22.0,22.0,20.0,18.0,16.0,14.0,16.0,24.0,24.0,24.0,24.0,24.0,24.0,26.0,24.0,24.0,24.0,24.0,24.0,24.0,24.0,24.0,24.0,22.0,20.0,18.0,20.0,20.0,18.0,18.0,18.0,29.0,40.0,56.0,66.0,70.0,70.0,66.0,57.0,48.0,42.0,32.0,28.0,26.0,36.0,36.0,38.0,44.0,40.0,48.0,56.0,58.0,54.0,46.0,40.0,36.0,28.0,26.0,24.0,24.0,22.0,20.0,20.0,18.0,18.0,18.0,16.0,16.0,0.0,0.0,4.0,8.0,12.0,12.0,12.0,12.0,12.0,12.0,12.0,8.0,8.0,8.0,8.0,8.0,8.0,8.0,8.0,8.0,8.0,8.0,8.0
2026-01-27,2026-01,8.0,8.0,8.0,8.0,8.0,8.0,8.0,8.0,8.0,8.0,8.0,8.0,8.0,8.0,8.0,8.0,8.0,8.0,8.0,8.0,8.0,8.0,8.0,8.0,8.0,8.0,8.0,8.0,248.0,374.0,410.0,416.0,412.0,414.0,410.0,404.0,400.0,394.0,386.0,380.0,372.0,34.0,18.0,18.0,22.0,22.0,22.0,22.0,22.0,20.0,20.0,16.0,12.0,16.0,16.0,14.0,14.0,20.0,24.0,28.0,26.0,24.0,22.0,20.0,14.0,8.0,4.0,4.0,4.0,18.0,18.0,20.0,32.0,24.0,8.0,8.0,26.0,34.0,22.0,12.0,20.0,38.0,18.0,12.0,14.0,14.0,14.0,14.0,14.0,14.0,14.0,14.0,14.0,14.0,14.0,14.0
2026-01-28,2026-01,14.0,14.0,14.0,14.0,12.0,12.0,12.0,10.0,10.0,10.0,10.0,10.0,10.0,10.0,8.0,8.0,8.0,8.0,8.0,8.0,8.0,8.0,8.0,8.0,8.0,8.0,8.0,8.0,4.0,8.0,8.0,0.0,318.0,378.0,390.0,390.0,388.0,386.0,380.0,376.0,368.0,364.0,358.0,194.0,374.0,376.0,372.0,364.0,362.0,362.0,30.0,32.0,34.0,36.0,34.0,34.0,32.0,30.0,30.0,24.0,18.0,14.0,12.0,10.0,8.0,10.0,10.0,10.0,14.0,38.0,36.0,36.0,34.0,26.0,20.0,18.0,20.0,28.0,38.0,40.0,38.0,38.0,34.0,34.0,32.0,42.0,42.0,32.0,28.0,24.0,22.0,24.0,32.0,32.0,30.0,32.0
2026-01-29,2026-01,30.0,30.0,30.0,30.0,30.0,30.0,30.0,28.0,24.0,22.0,22.0,22.0,22.0,22.0,22.0,22.0,22.0,22.0,22.0,22.0,22.0,22.0,22.0,22.0,22.0,12.0,8.0,8.0,8.0,4.0,0.0,0.0,24.0,38.0,40.0,52.0,54.0,54.0,54.0,46.0,38.0,28.0,20.0,16.0,12.0,8.0,4.0,8.0,14.0,14.0,22.0,26.0,24.0,28.0,184.0,386.0,400.0,398.0,68.0,12.0,10.0,8.0,10.0,10.0,8.0,8.0,6.0,6.0,10.0,28.0,26.0,16.0,16.0,24.0,28.0,24.0,18.0,24.0,28.0,28.0,30.0,32.0,32.0,30.0,32.0,36.0,30.0,30.0,30.0,32.0,30.0,38.0,40.0,40.0,42.0,42.0
2026-01-30,2026-01,40.0,40.0,34.0,32.0,32.0,32.0,30.0,30.0,28.0,26.0,22.0,20.0,18.0,16.0,14.0,10.0,10.0,10.0,8.0,8.0,8.0,8.0,8.0,8.0,8.0,10.0,8.0,8.0,8.0,8.0,2.0,0.0,0.0,0.0,0.0,0.0,0.0,0.0,0.0,0.0,0.0,0.0,0.0,0.0,0.0,0.0,32.0,36.0,34.0,36.0,40.0,28.0,32.0,34.0,34.0,34.0,34.0,16.0,12.0,8.0,8.0,12.0,10.0,6.0,6.0,4.0,2.0,2.0,2.0,2.0,0.0,0.0,0.0,0.0,0.0,6.0,8.0,12.0,12.0,12.0,12.0,12.0,8.0,8.0,8.0,12.0,20.0,36.0,20.0,4.0,8.0,8.0,8.0,8.0,8.0,8.0
2026-01-31,2026-01,8.0,8.0,8.0,8.0,8.0,8.0,8.0,8.0,8.0,8.0,8.0,8.0,8.0,8.0,8.0,8.0,8.0,8.0,8.0,8.0,8.0,8.0,8.0,8.0,8.0,8.0,8.0,8.0,8.0,4.0,2.0,0.0,8.0,6.0,6.0,4.0,4.0,4.0,4.0,2.0,2.0,2.0,0.0,0.0,0.0,0.0,0.0,0.0,0.0,0.0,8.0,12.0,12.0,14.0,18.0,16.0,8.0,4.0,2.0,14.0,12.0,8.0,18.0,18.0,20.0,14.0,10.0,2.0,0.0,0.0,0.0,0.0,0.0,0.0,0.0,6.0,8.0,8.0,10.0,12.0,12.0,12.0,12.0,12.0,12.0,10.0,8.0,12.0,10.0,8.0,8.0,16.0,18.0,18.0,16.0,14.0
2026-02-03,2026-02,8.0,8.0,8.0,8.0,8.0,8.0,8.0,8.0,8.0,8.0,8.0,8.0,8.0,8.0,8.0,8.0,8.0,8.0,8.0,8.0,8.0,8.0,8.0,8.0,8.0,8.0,8.0,8.0,2.0,0.0,0.0,0.0,0.0,0.0,0.0,0.0,0.0,0.0,0.0,0.0,0.0,0.0,0.0,0.0,0.0,0.0,0.0,0.0,0.0,0.0,0.0,10.0,10.0,12.0,18.0,18.0,18.0,18.0,18.0,14.0,12.0,10.0,8.0,6.0,4.0,4.0,0.0,0.0,0.0,0.0,0.0,0.0,0.0,0.0,0.0,6.0,14.0,14.0,20.0,20.0,20.0,20.0,20.0,14.0,18.0,18.0,18.0,48.0,52.0,50.0,46.0,44.0,38.0,32.0,26.0,24.0
2026-02-04,2026-02,20.0,20.0,18.0,14.0,14.0,12.0,12.0,16.0,14.0,14.0,14.0,14.0,14.0,12.0,12.0,10.0,10.0,10.0,10.0,10.0,12.0,10.0,8.0,8.0,8.0,18.0,14.0,12.0,10.0,12.0,14.0,20.0,26.0,26.0,36.0,34.0,30.0,24.0,34.0,32.0,32.0,32.0,30.0,36.0,38.0,38.0,36.0,0.0,0.0,0.0,0.0,0.0,18.0,36.0,34.0,34.0,32.0,30.0,26.0,24.0,26.0,26.0,28.0,34.0,34.0,34.0,34.0,34.0,28.0,28.0,26.0,22.0,18.0,20.0,16.0,18.0,24.0,24.0,22.0,28.0,28.0,18.0,10.0,10.0,10.0,10.0,10.0,10.0,10.0,10.0,8.0,8.0,8.0,10.0,8.0,8.0
2026-02-05,2026-02,56.0,388.0,414.0,418.0,422.0,418.0,416.0,412.0,404.0,394.0,384.0,376.0,366.0,360.0,356.0,354.0,352.0,350.0,352.0,362.0,358.0,354.0,352.0,350.0,350.0,348.0,346.0,346.0,338.0,334.0,330.0,78.0,0.0,0.0,0.0,0.0,0.0,2.0,22.0,22.0,22.0,22.0,24.0,24.0,24.0,20.0,12.0,8.0,6.0,6.0,2.0,0.0,2.0,2.0,12.0,18.0,16.0,26.0,42.0,40.0,32.0,24.0,26.0,30.0,22.0,18.0,18.0,22.0,28.0,20.0,18.0,20.0,12.0,12.0,10.0,8.0,14.0,12.0,10.0,10.0,8.0,12.0,14.0,18.0,20.0,20.0,20.0,20.0,20.0,16.0,14.0,14.0,14.0,12.0,12.0,12.0
2026-02-07,2026-02,48.0,46.0,314.0,432.0,442.0,440.0,436.0,434.0,428.0,418.0,408.0,396.0,386.0,380.0,382.0,380.0,376.0,376.0,372.0,370.0,374.0,374.0,372.0,370.0,366.0,364.0,384.0,380.0,8.0,0.0,0.0,0.0,0.0,0.0,0.0,0.0,0.0,0.0,0.0,0.0,0.0,0.0,0.0,0.0,0.0,0.0,0.0,0.0,0.0,0.0,0.0,0.0,0.0,0.0,0.0,0.0,0.0,0.0,0.0,0.0,0.0,0.0,0.0,0.0,0.0,0.0,0.0,22.0,22.0,24.0,24.0,22.0,18.0,20.0,22.0,22.0,24.0,34.0,32.0,26.0,24.0,20.0,18.0,16.0,16.0,16.0,12.0,10.0,10.0,8.0,8.0,8.0,8.0,10.0,10.0,10.0
2026-02-08,2026-02,10.0,10.0,10.0,10.0,10.0,10.0,10.0,10.0,10.0,10.0,10.0,10.0,10.0,10.0,10.0,10.0,10.0,10.0,10.0,10.0,10.0,10.0,10.0,10.0,10.0,10.0,10.0,12.0,14.0,8.0,8.0,8.0,8.0,6.0,6.0,10.0,8.0,8.0,8.0,8.0,10.0,14.0,14.0,12.0,12.0,22.0,22.0,22.0,22.0,22.0,22.0,22.0,20.0,22.0,22.0,30.0,32.0,30.0,26.0,24.0,22.0,24.0,26.0,24.0,20.0,18.0,16.0,16.0,18.0,16.0,14.0,12.0,10.0,8.0,6.0,4.0,8.0,8.0,8.0,8.0,8.0,8.0,8.0,10.0,18.0,20.0,20.0,20.0,22.0,22.0,20.0,16.0,14.0,16.0,16.0,16.0
2026-02-09,2026-02,16.0,16.0,16.0,16.0,16.0,16.0,16.0,14.0,14.0,14.0,12.0,12.0,12.0,12.0,12.0,12.0,12.0,10.0,10.0,10.0,10.0,10.0,10.0,8.0,8.0,10.0,10.0,10.0,10.0,2.0,2.0,10.0,32.0,30.0,28.0,24.0,8.0,12.0,12.0,12.0,10.0,8.0,10.0,12.0,12.0,14.0,22.0,24.0,24.0,22.0,22.0,22.0,20.0,18.0,14.0,18.0,16.0,16.0,20.0,14.0,10.0,8.0,8.0,8.0,8.0,6.0,4.0,2.0,2.0,2.0,2.0,2.0,2.0,4.0,4.0,4.0,4.0,2.0,2.0,2.0,2.0,6.0,12.0,12.0,12.0,12.0,12.0,12.0,12.0,12.0,12.0,12.0,16.0,12.0,12.0,14.0
2026-02-10,2026-02,16.0,20.0,20.0,18.0,18.0,18.0,16.0,16.0,14.0,14.0,14.0,14.0,16.0,16.0,16.0,14.0,14.0,12.0,10.0,10.0,10.0,8.0,8.0,8.0,8.0,10.0,10.0,10.0,4.0,0.0,0.0,6.0,8.0,6.0,8.0,10.0,10.0,10.0,10.0,8.0,10.0,8.0,10.0,10.0,10.0,10.0,8.0,8.0,10.0,8.0,8.0,8.0,8.0,8.0,8.0,8.0,8.0,6.0,6.0,8.0,6.0,4.0,4.0,0.0,0.0,0.0,0.0,0.0,0.0,0.0,0.0,0.0,0.0,0.0,0.0,0.0,0.0,2.0,2.0,4.0,4.0,4.0,4.0,4.0,4.0,0.0,0.0,0.0,0.0,2.0,4.0,8.0,8.0,6.0,4.0,2.0
2026-02-12,2026-02,14.0,98.0,372.0,394.0,400.0,402.0,398.0,396.0,388.0,380.0,372.0,364.0,358.0,354.0,348.0,344.0,340.0,336.0,332.0,334.0,334.0,334.0,356.0,352.0,346.0,344.0,342.0,338.0,336.0,84.0,0.0,0.0,0.0,0.0,16.0,18.0,16.0,26.0,16.0,18.0,26.0,30.0,30.0,30.0,30.0,32.0,32.0,24.0,20.0,14.0,12.0,10.0,18.0,18.0,20.0,30.0,30.0,30.0,30.0,30.0,30.0,30.0,30.0,18.0,10.0,8.0,8.0,6.0,14.0,16.0,16.0,14.0,16.0,18.0,18.0,18.0,18.0,12.0,10.0,20.0,24.0,22.0,24.0,28.0,26.0,26.0,30.0,28.0,34.0,36.0,34.0,30.0,32.0,32.0,30.0,32.0
2026-02-13,2026-02,32.0,32.0,32.0,32.0,32.0,32.0,32.0,32.0,30.0,30.0,28.0,26.0,24.0,22.0,20.0,18.0,14.0,12.0,12.0,12.0,12.0,12.0,12.0,10.0,10.0,10.0,12.0,12.0,12.0,2.0,0.0,0.0,2.0,2.0,2.0,2.0,2.0,2.0,2.0,2.0,2.0,2.0,2.0,0.0,0.0,4.0,6.0,6.0,10.0,10.0,14.0,16.0,16.0,16.0,14.0,14.0,22.0,30.0,30.0,32.0,28.0,20.0,16.0,16.0,18.0,14.0,10.0,10.0,8.0,6.0,4.0,4.0,4.0,2.0,2.0,0.0,4.0,6.0,8.0,8.0,6.0,8.0,8.0,8.0,8.0,8.0,8.0,6.0,6.0,6.0,6.0,6.0,4.0,6.0,6.0,6.0
2026-02-16,2026-02,24.0,20.0,20.0,20.0,18.0,16.0,16.0,16.0,16.0,14.0,14.0,14.0,12.0,10.0,8.0,8.0,8.0,4.0,4.0,2.0,2.0,0.0,0.0,0.0,0.0,0.0,0.0,0.0,2.0,0.0,0.0,0.0,2.0,4.0,4.0,4.0,4.0,4.0,4.0,4.0,10.0,24.0,24.0,24.0,26.0,26.0,26.0,26.0,24.0,24.0,24.0,20.0,18.0,14.0,12.0,24.0,24.0,26.0,26.0,26.0,26.0,26.0,24.0,20.0,16.0,12.0,10.0,10.0,14.0,16.0,18.0,18.0,18.0,18.0,16.0,8.0,8.0,10.0,12.0,22.0,28.0,28.0,28.0,28.0,28.0,28.0,28.0,28.0,26.0,26.0,24.0,12.0,6.0,4.0,4.0,4.0
2026-02-17,2026-02,4.0,4.0,2.0,2.0,2.0,2.0,2.0,2.0,0.0,2.0,0.0,0.0,0.0,0.0,0.0,0.0,0.0,0.0,0.0,0.0,0.0,0.0,0.0,0.0,0.0,0.0,0.0,0.0,0.0,0.0,0.0,0.0,328.0,410.0,424.0,430.0,402.0,430.0,428.0,420.0,414.0,66.0,38.0,34.0,32.0,30.0,36.0,40.0,54.0,74.0,68.0,66.0,64.0,62.0,54.0,34.0,20.0,16.0,14.0,14.0,12.0,10.0,18.0,20.0,30.0,32.0,32.0,30.0,28.0,26.0,20.0,16.0,10.0,12.0,10.0,10.0,14.0,16.0,16.0,16.0,16.0,10.0,8.0,8.0,8.0,8.0,8.0,8.0,12.0,20.0,20.0,20.0,20.0,20.0,20.0,20.0
2026-02-18,2026-02,16.0,12.0,12.0,12.0,12.0,8.0,6.0,4.0,4.0,4.0,2.0,2.0,2.0,0.0,0.0,0.0,0.0,0.0,0.0,0.0,0.0,0.0,0.0,0.0,0.0,0.0,0.0,2.0,2.0,2.0,2.0,2.0,6.0,12.0,4.0,12.0,12.0,14.0,14.0,12.0,12.0,10.0,10.0,6.0,4.0,4.0,2.0,4.0,2.0,4.0,4.0,6.0,4.0,4.0,4.0,0.0,0.0,0.0,0.0,2.0,0.0,0.0,0.0,0.0,0.0,0.0,0.0,0.0,0.0,0.0,0.0,0.0,0.0,0.0,0.0,0.0,2.0,16.0,34.0,36.0,38.0,38.0,36.0,36.0,36.0,32.0,28.0,26.0,26.0,26.0,26.0,26.0,24.0,24.0,24.0,24.0
2026-02-19,2026-02,24.0,18.0,12.0,8.0,8.0,6.0,6.0,6.0,6.0,4.0,4.0,2.0,2.0,0.0,0.0,0.0,0.0,0.0,0.0,0.0,0.0,0.0,0.0,0.0,0.0,0.0,0.0,4.0,4.0,0.0,0.0,4.0,4.0,4.0,6.0,18.0,26.0,34.0,34.0,34.0,34.0,34.0,34.0,30.0,24.0,30.0,30.0,28.0,26.0,24.0,22.0,18.0,16.0,22.0,26.0,22.0,26.0,26.0,26.0,28.0,30.0,30.0,24.0,22.0,20.0,18.0,18.0,16.0,16.0,12.0,8.0,8.0,4.0,2.0,4.0,4.0,4.0,4.0,4.0,4.0,4.0,4.0,4.0,4.0,4.0,4.0,4.0,4.0,4.0,4.0,26.0,42.0,16.0,42.0,42.0,42.0
2026-02-20,2026-02,40.0,38.0,36.0,32.0,28.0,26.0,24.0,24.0,22.0,20.0,20.0,20.0,20.0,20.0,20.0,18.0,18.0,18.0,4.0,0.0,0.0,0.0,0.0,0.0,0.0,0.0,4.0,4.0,4.0,0.0,0.0,0.0,0.0,0.0,0.0,0.0,2.0,18.0,22.0,24.0,24.0,20.0,18.0,16.0,14.0,12.0,10.0,16.0,30.0,34.0,34.0,34.0,32.0,32.0,30.0,28.0,24.0,22.0,20.0,20.0,30.0,30.0,26.0,26.0,26.0,24.0,20.0,18.0,16.0,8.0,0.0,0.0,10.0,24.0,16.0,12.0,18.0,18.0,22.0,24.0,22.0,22.0,22.0,18.0,18.0,18.0,20.0,20.0,20.0,20.0,20.0,20.0,18.0,16.0,22.0,26.0
2026-02-21,2026-02,26.0,26.0,26.0,22.0,18.0,16.0,16.0,16.0,14.0,14.0,14.0,14.0,14.0,16.0,14.0,12.0,12.0,12.0,12.0,12.0,12.0,8.0,0.0,0.0,0.0,0.0,0.0,2.0,4.0,2.0,0.0,0.0,0.0,0.0,24.0,34.0,34.0,36.0,38.0,50.0,48.0,44.0,44.0,36.0,26.0,36.0,36.0,40.0,36.0,34.0,34.0,32.0,28.0,38.0,38.0,32.0,28.0,24.0,20.0,18.0,18.0,14.0,14.0,12.0,10.0,6.0,6.0,4.0,2.0,12.0,20.0,20.0,20.0,18.0,12.0,14.0,24.0,24.0,24.0,24.0,26.0,28.0,26.0,26.0,22.0,20.0,18.0,22.0,26.0,44.0,42.0,58.0,60.0,58.0,56.0,58.0
2026-02-22,2026-02,46.0,36.0,28.0,26.0,24.0,20.0,16.0,14.0,12.0,10.0,8.0,8.0,6.0,4.0,4.0,4.0,4.0,2.0,2.0,4.0,4.0,4.0,4.0,4.0,2.0,4.0,6.0,2.0,2.0,2.0,2.0,2.0,2.0,2.0,2.0,2.0,6.0,20.0,20.0,20.0,20.0,22.0,22.0,20.0,20.0,20.0,16.0,14.0,14.0,14.0,12.0,10.0,8.0,0.0,0.0,0.0,0.0,0.0,0.0,6.0,6.0,6.0,6.0,8.0,8.0,16.0,32.0,34.0,34.0,34.0,28.0,20.0,20.0,24.0,22.0,18.0,16.0,18.0,16.0,12.0,8.0,10.0,24.0,24.0,24.0,26.0,24.0,22.0,20.0,18.0,16.0,18.0,12.0,8.0,242.0,400.0
2026-02-23,2026-02,408.0,404.0,404.0,402.0,402.0,400.0,396.0,394.0,390.0,386.0,378.0,372.0,364.0,356.0,350.0,346.0,344.0,342.0,340.0,340.0,340.0,340.0,340.0,348.0,344.0,342.0,340.0,342.0,346.0,342.0,340.0,8.0,0.0,0.0,0.0,0.0,0.0,0.0,0.0,0.0,0.0,0.0,0.0,0.0,0.0,0.0,0.0,0.0,0.0,0.0,0.0,0.0,0.0,0.0,0.0,0.0,0.0,0.0,0.0,0.0,0.0,0.0,0.0,0.0,0.0,0.0,0.0,0.0,0.0,0.0,0.0,0.0,0.0,0.0,0.0,0.0,0.0,0.0,0.0,2.0,4.0,6.0,8.0,8.0,8.0,8.0,8.0,8.0,8.0,8.0,6.0,8.0,6.0,6.0,6.0,6.0
2026-02-24,2026-02,6.0,6.0,10.0,12.0,8.0,8.0,8.0,8.0,8.0,8.0,10.0,10.0,8.0,8.0,8.0,6.0,4.0,2.0,2.0,2.0,2.0,2.0,2.0,2.0,2.0,2.0,2.0,2.0,2.0,4.0,4.0,0.0,0.0,0.0,2.0,14.0,38.0,34.0,34.0,34.0,28.0,22.0,14.0,24.0,50.0,50.0,50.0,50.0,44.0,40.0,44.0,36.0,32.0,30.0,42.0,46.0,52.0,56.0,58.0,58.0,56.0,58.0,56.0,52.0,50.0,46.0,42.0,38.0,38.0,48.0,46.0,54.0,56.0,54.0,54.0,44.0,46.0,44.0,46.0,52.0,54.0,54.0,50.0,48.0,46.0,44.0,44.0,38.0,34.0,32.0,30.0,26.0,22.0,14.0,8.0,6.0
2026-02-25,2026-02,2.0,2.0,0.0,0.0,0.0,0.0,0.0,2.0,2.0,2.0,2.0,2.0,2.0,2.0,2.0,2.0,2.0,2.0,2.0,2.0,2.0,4.0,2.0,2.0,2.0,2.0,2.0,2.0,2.0,2.0,2.0,2.0,2.0,2.0,2.0,2.0,2.0,0.0,4.0,42.0,42.0,42.0,42.0,42.0,42.0,36.0,38.0,40.0,38.0,34.0,30.0,28.0,26.0,24.0,24.0,24.0,24.0,16.0,12.0,12.0,12.0,12.0,10.0,22.0,26.0,26.0,22.0,18.0,18.0,4.0,0.0,0.0,0.0,0.0,0.0,0.0,4.0,4.0,4.0,4.0,4.0,4.0,4.0,4.0,4.0,4.0,4.0,4.0,4.0,4.0,6.0,6.0,6.0,6.0,6.0,6.0
2026-02-28,2026-02,26.0,26.0,26.0,24.0,24.0,22.0,22.0,18.0,14.0,12.0,10.0,10.0,8.0,8.0,6.0,6.0,6.0,4.0,4.0,2.0,2.0,2.0,2.0,4.0,4.0,4.0,6.0,4.0,2.0,0.0,0.0,0.0,0.0,0.0,0.0,0.0,0.0,0.0,0.0,0.0,4.0,10.0,8.0,8.0,8.0,6.0,6.0,6.0,6.0,4.0,6.0,28.0,26.0,28.0,30.0,26.0,12.0,8.0,8.0,8.0,8.0,8.0,8.0,8.0,8.0,8.0,8.0,8.0,8.0,8.0,8.0,6.0,6.0,6.0,6.0,6.0,6.0,4.0,4.0,4.0,4.0,26.0,44.0,44.0,46.0,46.0,48.0,50.0,48.0,44.0,40.0,32.0,24.0,22.0,46.0,48.0
2026-03-01,2026-03,48.0,48.0,44.0,40.0,38.0,32.0,24.0,18.0,14.0,12.0,10.0,8.0,6.0,6.0,6.0,6.0,6.0,4.0,4.0,4.0,5.0,6.0,8.0,4.0,4.0,4.0,4.0,2.0,0.0,0.0,0.0,0.0,0.0,0.0,0.0,0.0,10.0,16.0,16.0,16.0,16.0,16.0,14.0,10.0,8.0,6.0,6.0,6.0,4.0,4.0,2.0,2.0,2.0,2.0,2.0,2.0,2.0,0.0,0.0,0.0,0.0,12.0,28.0,26.0,26.0,26.0,12.0,8.0,8.0,8.0,10.0,8.0,0.0,0.0,0.0,0.0,4.0,6.0,10.0,14.0,14.0,14.0,14.0,16.0,16.0,16.0,16.0,14.0,14.0,14.0,12.0,20.0,26.0,30.0,30.0,32.0
2026-03-02,2026-03,26.0,20.0,18.0,18.0,18.0,16.0,16.0,14.0,12.0,12.0,12.0,12.0,12.0,12.0,10.0,10.0,8.0,8.0,8.0,8.0,6.0,6.0,6.0,6.0,6.0,6.0,6.0,4.0,4.0,2.0,2.0,0.0,0.0,0.0,0.0,14.0,34.0,46.0,46.0,42.0,18.0,6.0,6.0,18.0,18.0,14.0,6.0,6.0,6.0,6.0,12.0,12.0,12.0,12.0,12.0,24.0,28.0,30.0,28.0,24.0,16.0,16.0,16.0,17.0,18.0,18.0,18.0,16.0,16.0,16.0,12.0,0.0,0.0,0.0,0.0,2.0,4.0,4.0,8.0,12.0,14.0,14.0,12.0,8.0,8.0,10.0,10.0,8.0,8.0,8.0,8.0,8.0,8.0,8.0,10.0,10.0
2026-03-03,2026-03,18.0,8.0,12.0,14.0,14.0,14.0,14.0,14.0,12.0,12.0,8.0,4.0,4.0,2.0,2.0,2.0,2.0,2.0,2.0,2.0,2.0,2.0,6.0,4.0,2.0,4.0,2.0,2.0,14.0,18.0,22.0,24.0,24.0,6.0,6.0,6.0,4.0,4.0,4.0,2.0,0.0,0.0,0.0,0.0,0.0,0.0,0.0,0.0,0.0,0.0,0.0,0.0,0.0,0.0,0.0,0.0,0.0,0.0,0.0,0.0,0.0,0.0,0.0,0.0,0.0,0.0,0.0,0.0,0.0,0.0,0.0,0.0,0.0,0.0,0.0,2.0,6.0,6.0,4.0,6.0,6.0,6.0,8.0,10.0,8.0,8.0,8.0,6.0,6.0,6.0,6.0,6.0,6.0,22.0,30.0,30.0
2026-03-04,2026-03,34.0,34.0,32.0,32.0,30.0,28.0,22.0,16.0,16.0,14.0,12.0,12.0,12.0,12.0,12.0,12.0,10.0,8.0,6.0,8.0,6.0,6.0,6.0,8.0,8.0,8.0,8.0,8.0,6.0,16.0,16.0,16.0,18.0,22.0,32.0,34.0,34.0,28.0,26.0,24.0,24.0,32.0,40.0,40.0,38.0,38.0,36.0,30.0,24.0,18.0,16.0,16.0,16.0,386.0,416.0,422.0,424.0,430.0,196.0,22.0,22.0,22.0,26.0,26.0,26.0,26.0,24.0,24.0,24.0,22.0,22.0,20.0,14.0,6.0,6.0,2.0,2.0,6.0,12.0,14.0,18.0,20.0,26.0,28.0,28.0,26.0,24.0,24.0,22.0,20.0,16.0,16.0,10.0,10.0,10.0,14.0
2026-03-07,2026-03,4.0,4.0,4.0,4.0,4.0,4.0,4.0,4.0,4.0,4.0,4.0,4.0,4.0,4.0,4.0,4.0,4.0,4.0,4.0,4.0,4.0,4.0,4.0,4.0,4.0,6.0,5.0,4.0,4.0,2.0,2.0,2.0,2.0,14.0,16.0,14.0,14.0,14.0,12.0,12.0,10.0,8.0,6.0,6.0,8.0,8.0,6.0,4.0,4.0,2.0,4.0,4.0,26.0,42.0,42.0,42.0,40.0,40.0,36.0,32.0,26.0,24.0,20.0,18.0,16.0,16.0,16.0,16.0,14.0,14.0,12.0,10.0,10.0,10.0,8.0,4.0,4.0,4.0,4.0,4.0,4.0,4.0,4.0,4.0,4.0,4.0,4.0,4.0,4.0,4.0,6.0,6.0,2.0,2.0,2.0,2.0
2026-03-08,2026-03,0.0,0.0,0.0,0.0,0.0,0.0,0.0,0.0,0.0,0.0,0.0,0.0,0.0,0.0,0.0,0.0,0.0,0.0,0.0,0.0,0.0,0.0,0.0,0.0,0.0,0.0,0.0,0.0,0.0,0.0,0.0,0.0,6.0,24.0,24.0,26.0,26.0,26.0,26.0,24.0,22.0,18.0,16.0,26.0,30.0,30.0,28.0,28.0,24.0,20.0,24.0,26.0,26.0,26.0,34.0,46.0,50.0,66.0,66.0,64.0,66.0,64.0,46.0,42.0,34.0,28.0,26.0,20.0,18.0,18.0,18.0,18.0,18.0,16.0,16.0,16.0,16.0,24.0,22.0,20.0,20.0,22.0,26.0,26.0,26.0,26.0,26.0,24.0,24.0,24.0,24.0,22.0,12.0,8.0,6.0,8.0
2026-03-09,2026-03,14.0,14.0,14.0,14.0,14.0,14.0,14.0,14.0,14.0,12.0,12.0,8.0,8.0,8.0,8.0,8.0,8.0,8.0,10.0,8.0,8.0,8.0,8.0,6.0,6.0,6.0,6.0,6.0,0.0,0.0,0.0,0.0,0.0,0.0,0.0,2.0,4.0,4.0,4.0,4.0,4.0,4.0,4.0,4.0,4.0,4.0,2.0,2.0,6.0,22.0,30.0,28.0,28.0,28.0,12.0,10.0,10.0,10.0,10.0,10.0,8.0,8.0,6.0,6.0,8.0,8.0,4.0,4.0,4.0,2.0,2.0,2.0,2.0,2.0,0.0,0.0,2.0,6.0,4.0,4.0,4.0,4.0,6.0,6.0,8.0,8.0,8.0,8.0,8.0,8.0,8.0,8.0,8.0,10.0,6.0,4.0
2026-03-10,2026-03,4.0,4.0,4.0,4.0,4.0,4.0,4.0,4.0,4.0,4.0,4.0,4.0,4.0,4.0,4.0,6.0,6.0,6.0,6.0,6.0,6.0,4.0,4.0,4.0,4.0,4.0,4.0,6.0,2.0,2.0,2.0,2.0,2.0,2.0,2.0,2.0,2.0,0.0,0.0,0.0,0.0,0.0,0.0,0.0,0.0,0.0,0.0,0.0,0.0,0.0,6.0,14.0,16.0,16.0,14.0,14.0,14.0,12.0,10.0,12.0,8.0,8.0,8.0,16.0,18.0,18.0,18.0,18.0,16.0,16.0,16.0,14.0,10.0,8.0,6.0,6.0,6.0,6.0,10.0,14.0,12.0,12.0,12.0,8.0,6.0,10.0,12.0,10.0,12.0,12.0,12.0,12.0,12.0,12.0,14.0,14.0
2026-03-11,2026-03,14.0,12.0,12.0,12.0,12.0,10.0,8.0,8.0,8.0,8.0,6.0,6.0,6.0,6.0,6.0,6.0,6.0,6.0,6.0,6.0,6.0,6.0,6.0,6.0,8.0,8.0,6.0,4.0,0.0,0.0,2.0,4.0,4.0,4.0,4.0,6.0,6.0,6.0,6.0,4.0,2.0,2.0,2.0,6.0,24.0,20.0,22.0,6.0,8.0,8.0,8.0,8.0,6.0,6.0,6.0,6.0,6.0,6.0,6.0,6.0,6.0,6.0,12.0,16.0,14.0,16.0,16.0,16.0,14.0,14.0,14.0,14.0,12.0,12.0,12.0,12.0,18.0,18.0,20.0,28.0,26.0,30.0,30.0,30.0,30.0,30.0,30.0,24.0,22.0,16.0,12.0,16.0,20.0,36.0,34.0,32.0
2026-03-12,2026-03,32.0,32.0,30.0,356.0,408.0,414.0,414.0,410.0,406.0,398.0,388.0,382.0,376.0,10.0,0.0,0.0,0.0,0.0,0.0,0.0,0.0,0.0,0.0,0.0,0.0,0.0,0.0,0.0,0.0,0.0,0.0,0.0,0.0,0.0,0.0,0.0,0.0,0.0,0.0,0.0,0.0,0.0,0.0,0.0,0.0,0.0,0.0,0.0,0.0,0.0,0.0,0.0,0.0,0.0,0.0,2.0,4.0,4.0,4.0,2.0,2.0,4.0,4.0,4.0,4.0,4.0,4.0,4.0,2.0,4.0,4.0,2.0,2.0,2.0,0.0,0.0,2.0,4.0,8.0,12.0,14.0,16.0,16.0,14.0,14.0,14.0,10.0,10.0,8.0,8.0,8.0,8.0,6.0,4.0,4.0,4.0
2026-03-13,2026-03,8.0,12.0,12.0,12.0,12.0,12.0,12.0,12.0,12.0,10.0,8.0,6.0,6.0,6.0,6.0,4.0,4.0,4.0,4.0,4.0,4.0,4.0,4.0,4.0,4.0,4.0,4.0,2.0,0.0,8.0,20.0,18.0,20.0,24.0,10.0,6.0,6.0,6.0,9.0,12.0,10.0,8.0,6.0,6.0,6.0,6.0,10.0,10.0,8.0,8.0,6.0,6.0,6.0,6.0,6.0,6.0,10.0,8.0,8.0,8.0,8.0,8.0,4.0,2.0,2.0,2.0,10.0,4.0,4.0,4.0,6.0,8.0,8.0,6.0,6.0,6.0,12.0,10.0,8.0,6.0,6.0,6.0,6.0,6.0,8.0,6.0,6.0,6.0,4.0,4.0,4.0,4.0,4.0,4.0,4.0,4.0
2026-03-14,2026-03,4.0,4.0,4.0,4.0,4.0,4.0,4.0,4.0,4.0,4.0,4.0,4.0,4.0,4.0,4.0,4.0,4.0,4.0,4.0,4.0,4.0,4.0,4.0,4.0,4.0,4.0,2.0,2.0,0.0,0.0,0.0,0.0,0.0,0.0,0.0,0.0,0.0,0.0,0.0,0.0,0.0,0.0,0.0,0.0,0.0,0.0,0.0,0.0,0.0,0.0,0.0,222.0,378.0,390.0,394.0,394.0,82.0,4.0,8.0,8.0,8.0,8.0,8.0,8.0,8.0,8.0,8.0,8.0,12.0,28.0,28.0,24.0,24.0,22.0,20.0,18.0,10.0,8.0,10.0,8.0,8.0,10.0,8.0,8.0,8.0,6.0,6.0,6.0,6.0,6.0,6.0,6.0,6.0,4.0,4.0,4.0
2026-03-15,2026-03,4.0,4.0,4.0,4.0,4.0,4.0,4.0,4.0,4.0,4.0,4.0,4.0,4.0,4.0,4.0,4.0,4.0,4.0,4.0,4.0,4.0,4.0,4.0,4.0,4.0,4.0,4.0,0.0,0.0,18.0,20.0,12.0,2.0,0.0,0.0,0.0,2.0,2.0,2.0,2.0,0.0,0.0,0.0,0.0,0.0,0.0,0.0,0.0,0.0,0.0,0.0,0.0,0.0,0.0,0.0,0.0,0.0,0.0,0.0,0.0,10.0,10.0,8.0,8.0,8.0,8.0,8.0,8.0,4.0,2.0,0.0,0.0,0.0,0.0,0.0,0.0,0.0,4.0,4.0,6.0,8.0,8.0,8.0,8.0,8.0,6.0,6.0,6.0,6.0,6.0,6.0,6.0,4.0,2.0,2.0,2.0
2026-03-16,2026-03,2.0,2.0,2.0,2.0,2.0,2.0,2.0,0.0,0.0,0.0,0.0,0.0,0.0,0.0,0.0,0.0,0.0,0.0,0.0,0.0,0.0,0.0,0.0,0.0,0.0,0.0,0.0,2.0,0.0,0.0,0.0,0.0,0.0,0.0,0.0,0.0,0.0,0.0,0.0,0.0,0.0,0.0,0.0,0.0,0.0,0.0,2.0,12.0,12.0,10.0,10.0,10.0,8.0,4.0,2.0,2.0,0.0,0.0,0.0,0.0,0.0,0.0,0.0,0.0,0.0,0.0,0.0,0.0,2.0,2.0,2.0,2.0,4.0,2.0,2.0,2.0,4.0,12.0,26.0,26.0,26.0,24.0,16.0,6.0,6.0,8.0,2.0,0.0,0.0,0.0,0.0,0.0,0.0,0.0,0.0,0.0
2026-03-17,2026-03,0.0,0.0,0.0,0.0,0.0,0.0,0.0,0.0,0.0,0.0,0.0,0.0,0.0,0.0,0.0,0.0,0.0,0.0,0.0,0.0,0.0,0.0,0.0,0.0,0.0,0.0,0.0,0.0,0.0,0.0,4.0,6.0,6.0,6.0,8.0,8.0,6.0,6.0,16.0,18.0,24.0,30.0,28.0,22.0,14.0,12.0,12.0,12.0,10.0,2.0,2.0,0.0,0.0,0.0,0.0,0.0,0.0,0.0,0.0,0.0,0.0,2.0,0.0,0.0,0.0,2.0,2.0,8.0,14.0,14.0,6.0,2.0,2.0,2.0,2.0,2.0,6.0,6.0,6.0,6.0,6.0,6.0,6.0,6.0,4.0,8.0,10.0,10.0,16.0,16.0,14.0,14.0,14.0,8.0,8.0,8.0
2026-03-21,2026-03,10.0,10.0,8.0,12.0,12.0,12.0,12.0,12.0,12.0,12.0,10.0,8.0,8.0,8.0,4.0,4.0,4.0,4.0,4.0,4.0,4.0,4.0,4.0,4.0,4.0,4.0,4.0,18.0,18.0,18.0,18.0,12.0,0.0,0.0,0.0,0.0,2.0,2.0,4.0,4.0,4.0,6.0,6.0,6.0,6.0,6.0,6.0,336.0,408.0,416.0,418.0,414.0,8.0,6.0,8.0,6.0,6.0,8.0,8.0,8.0,8.0,8.0,8.0,8.0,8.0,6.0,5.0,4.0,4.0,6.0,4.0,4.0,4.0,2.0,4.0,8.0,10.0,10.0,10.0,11.0,12.0,20.0,20.0,18.0,18.0,18.0,18.0,18.0,18.0,18.0,14.0,12.0,10.0,8.0,8.0,6.0
2026-03-22,2026-03,4.0,4.0,4.0,4.0,4.0,4.0,4.0,4.0,6.0,6.0,6.0,6.0,6.0,6.0,6.0,6.0,6.0,6.0,6.0,4.0,4.0,4.0,4.0,4.0,4.0,4.0,4.0,0.0,0.0,18.0,20.0,20.0,16.0,4.0,2.0,2.0,2.0,2.0,2.0,4.0,6.0,6.0,6.0,6.0,8.0,8.0,8.0,8.0,8.0,8.0,14.0,18.0,22.0,24.0,24.0,24.0,22.0,14.0,18.0,18.0,20.0,16.0,14.0,20.0,24.0,24.0,26.0,26.0,26.0,28.0,26.0,26.0,22.0,20.0,20.0,18.0,22.0,22.0,28.0,30.0,28.0,28.0,24.0,24.0,22.0,18.0,12.0,12.0,12.0,10.0,10.0,10.0,10.0,12.0,10.0,8.0
2026-03-23,2026-03,6.0,6.0,4.0,2.0,2.0,2.0,2.0,2.0,2.0,2.0,2.0,0.0,0.0,0.0,0.0,0.0,0.0,0.0,0.0,0.0,0.0,0.0,0.0,0.0,2.0,6.0,8.0,6.0,8.0,24.0,22.0,20.0,20.0,12.0,4.0,4.0,2.0,0.0,0.0,0.0,0.0,0.0,0.0,0.0,0.0,0.0,0.0,0.0,0.0,0.0,0.0,6.0,12.0,10.0,10.0,8.0,10.0,14.0,14.0,12.0,14.0,6.0,4.0,4.0,4.0,0.0,0.0,0.0,6.0,20.0,20.0,20.0,20.0,20.0,12.0,4.0,12.0,20.0,18.0,18.0,18.0,18.0,16.0,16.0,12.0,10.0,8.0,8.0,8.0,8.0,2.0,2.0,2.0,2.0,2.0,2.0
2026-03-24,2026-03,0.0,0.0,0.0,0.0,0.0,0.0,0.0,0.0,0.0,0.0,0.0,0.0,0.0,0.0,0.0,0.0,0.0,0.0,0.0,0.0,0.0,0.0,0.0,0.0,0.0,0.0,2.0,6.0,14.0,24.0,22.0,22.0,22.0,8.0,4.0,4.0,6.0,6.0,12.0,12.0,12.0,12.0,10.0,10.0,8.0,8.0,16.0,28.0,28.0,28.0,28.0,24.0,22.0,20.0,18.0,18.0,18.0,16.0,16.0,18.0,20.0,20.0,20.0,20.0,16.0,14.0,12.0,12.0,12.0,14.0,14.0,12.0,12.0,10.0,8.0,6.0,6.0,6.0,4.0,4.0,4.0,4.0,4.0,12.0,12.0,8.0,8.0,14.0,20.0,20.0,20.0,10.0,4.0,4.0,8.0,12.0
2026-03-25,2026-03,12.0,10.0,6.0,6.0,6.0,6.0,6.0,4.0,2.0,2.0,2.0,0.0,0.0,0.0,0.0,0.0,0.0,0.0,0.0,0.0,0.0,0.0,0.0,0.0,0.0,0.0,2.0,2.0,0.0,0.0,0.0,0.0,4.0,6.0,6.0,6.0,6.0,6.0,6.0,8.0,8.0,8.0,8.0,8.0,6.0,6.0,6.0,6.0,6.0,0.0,0.0,0.0,2.0,2.0,2.0,2.0,2.0,2.0,10.0,10.0,8.0,8.0,8.0,8.0,6.0,4.0,2.0,2.0,2.0,2.0,2.0,0.0,0.0,0.0,0.0,0.0,0.0,2.0,4.0,6.0,6.0,6.0,6.0,6.0,6.0,6.0,6.0,24.0,24.0,20.0,20.0,20.0,8.0,4.0,4.0,4.0
2026-03-26,2026-03,4.0,4.0,4.0,4.0,4.0,4.0,4.0,4.0,4.0,4.0,4.0,4.0,4.0,4.0,4.0,4.0,4.0,4.0,4.0,4.0,4.0,4.0,4.0,12.0,16.0,16.0,14.0,14.0,10.0,10.0,4.0,0.0,2.0,2.0,2.0,2.0,2.0,2.0,2.0,2.0,2.0,2.0,0.0,0.0,2.0,2.0,2.0,2.0,2.0,2.0,2.0,2.0,2.0,2.0,2.0,2.0,2.0,2.0,4.0,6.0,4.0,6.0,4.0,4.0,6.0,6.0,4.0,4.0,4.0,2.0,6.0,4.0,4.0,4.0,4.0,2.0,0.0,4.0,4.0,4.0,6.0,6.0,6.0,4.0,4.0,4.0,4.0,4.0,4.0,4.0,4.0,312.0,392.0,404.0,404.0,404.0
2026-03-27,2026-03,406.0,406.0,404.0,400.0,394.0,386.0,380.0,374.0,372.0,366.0,360.0,358.0,354.0,354.0,352.0,348.0,348.0,350.0,348.0,346.0,346.0,344.0,344.0,342.0,344.0,342.0,334.0,332.0,330.0,334.0,220.0,2.0,4.0,4.0,4.0,4.0,4.0,4.0,4.0,3.0,2.0,0.0,0.0,0.0,0.0,0.0,0.0,0.0,0.0,0.0,0.0,0.0,0.0,0.0,0.0,4.0,6.0,6.0,4.0,16.0,22.0,22.0,36.0,40.0,40.0,36.0,34.0,32.0,18.0,8.0,6.0,4.0,0.0,0.0,0.0,0.0,4.0,8.0,8.0,8.0,8.0,8.0,8.0,8.0,8.0,8.0,8.0,8.0,8.0,8.0,8.0,6.0,4.0,4.0,4.0,4.0
2026-03-28,2026-03,4.0,4.0,4.0,4.0,4.0,4.0,0.0,0.0,0.0,0.0,0.0,0.0,0.0,0.0,0.0,0.0,0.0,0.0,0.0,0.0,0.0,0.0,4.0,4.0,4.0,4.0,4.0,4.0,2.0,2.0,2.0,2.0,2.0,16.0,22.0,20.0,6.0,2.0,0.0,0.0,0.0,0.0,0.0,2.0,0.0,0.0,0.0,0.0,0.0,0.0,0.0,0.0,0.0,0.0,0.0,0.0,0.0,0.0,0.0,0.0,0.0,0.0,0.0,0.0,0.0,0.0,0.0,2.0,4.0,4.0,4.0,4.0,4.0,4.0,2.0,2.0,6.0,6.0,6.0,6.0,6.0,6.0,4.0,6.0,6.0,6.0,4.0,4.0,6.0,6.0,2.0,2.0,2.0,2.0,2.0,2.0
2026-03-29,2026-03,2.0,2.0,2.0,2.0,2.0,2.0,0.0,0.0,0.0,0.0,0.0,0.0,0.0,0.0,0.0,0.0,0.0,0.0,0.0,0.0,0.0,0.0,0.0,0.0,0.0,2.0,2.0,2.0,2.0,0.0,0.0,0.0,0.0,0.0,0.0,0.0,0.0,4.0,6.0,0.0,0.0,0.0,0.0,6.0,6.0,6.0,6.0,6.0,6.0,6.0,6.0,6.0,6.0,4.0,4.0,2.0,2.0,2.0,2.0,0.0,0.0,2.0,2.0,4.0,12.0,36.0,34.0,32.0,34.0,38.0,32.0,32.0,26.0,16.0,6.0,6.0,8.0,14.0,6.0,6.0,6.0,10.0,10.0,10.0,10.0,10.0,10.0,10.0,8.0,8.0,6.0,6.0,6.0,10.0,8.0,6.0
2026-03-30,2026-03,6.0,6.0,2.0,2.0,2.0,2.0,2.0,2.0,2.0,2.0,2.0,2.0,2.0,2.0,2.0,2.0,2.0,2.0,2.0,2.0,2.0,4.0,4.0,4.0,6.0,6.0,6.0,6.0,0.0,0.0,14.0,20.0,20.0,16.0,2.0,2.0,0.0,0.0,0.0,0.0,0.0,0.0,0.0,0.0,0.0,0.0,0.0,0.0,0.0,0.0,0.0,0.0,0.0,0.0,0.0,0.0,0.0,0.0,0.0,0.0,0.0,0.0,0.0,0.0,0.0,0.0,0.0,0.0,0.0,0.0,0.0,0.0,2.0,2.0,2.0,2.0,6.0,6.0,6.0,10.0,10.0,8.0,8.0,10.0,10.0,6.0,6.0,6.0,6.0,6.0,6.0,6.0,6.0,8.0,8.0,6.0
2026-03-31,2026-03,6.0,6.0,6.0,4.0,4.0,4.0,4.0,4.0,4.0,4.0,4.0,4.0,4.0,4.0,4.0,4.0,4.0,4.0,4.0,4.0,4.0,4.0,4.0,4.0,4.0,8.0,8.0,10.0,4.0,18.0,22.0,20.0,2.0,2.0,4.0,4.0,4.0,2.0,4.0,6.0,6.0,6.0,8.0,10.0,10.0,6.0,4.0,0.0,0.0,0.0,0.0,0.0,0.0,0.0,0.0,2.0,0.0,0.0,0.0,0.0,0.0,8.0,18.0,22.0,24.0,24.0,22.0,11.0,0.0,0.0,0.0,12.0,32.0,24.0,24.0,16.0,6.0,6.0,4.0,4.0,8.0,8.0,8.0,6.0,4.0,4.0,4.0,0.0,0.0,0.0,0.0,0.0,0.0,0.0,0.0,0.0
2026-04-01,2026-04,0.0,0.0,0.0,0.0,0.0,0.0,0.0,0.0,0.0,0.0,0.0,0.0,0.0,0.0,0.0,0.0,0.0,0.0,0.0,0.0,0.0,0.0,0.0,0.0,0.0,0.0,0.0,2.0,0.0,0.0,0.0,0.0,0.0,0.0,0.0,0.0,0.0,0.0,0.0,0.0,0.0,0.0,0.0,0.0,0.0,0.0,2.0,0.0,0.0,0.0,0.0,0.0,2.0,1.0,0.0,0.0,4.0,2.0,2.0,16.0,18.0,20.0,20.0,20.0,18.0,22.0,20.0,18.0,16.0,14.0,16.0,14.0,12.0,16.0,18.0,14.0,16.0,18.0,14.0,14.0,14.0,14.0,10.0,10.0,10.0,10.0,10.0,10.0,18.0,18.0,18.0,16.0,18.0,18.0,18.0,18.0
2026-04-02,2026-04,12.0,10.0,10.0,10.0,10.0,8.0,6.0,4.0,4.0,4.0,4.0,4.0,4.0,2.0,2.0,2.0,2.0,2.0,2.0,2.0,2.0,2.0,2.0,0.0,0.0,4.0,4.0,2.0,0.0,2.0,4.0,2.0,2.0,2.0,2.0,0.0,0.0,4.0,4.0,2.0,0.0,0.0,0.0,0.0,2.0,2.0,2.0,0.0,0.0,0.0,1.0,2.0,4.0,6.0,8.0,6.0,6.0,8.0,8.0,8.0,8.0,8.0,8.0,8.0,8.0,6.0,6.0,4.0,4.0,6.0,6.0,30.0,32.0,28.0,12.0,10.0,14.0,16.0,16.0,14.0,12.0,10.0,6.0,8.0,8.0,4.0,4.0,4.0,4.0,4.0,4.0,10.0,10.0,6.0,4.0,4.0
2026-04-06,2026-04,8.0,8.0,8.0,8.0,8.0,6.0,6.0,2.0,8.0,10.0,8.0,8.0,8.0,8.0,6.0,6.0,6.0,6.0,6.0,6.0,4.0,4.0,4.0,4.0,4.0,4.0,4.0,2.0,2.0,0.0,0.0,0.0,0.0,0.0,2.0,4.0,2.666666666666667,1.3333333333333335,0.0,0.0,0.0,0.0,0.0,0.0,0.0,0.0,0.0,0.0,0.0,0.0,0.0,0.0,0.0,0.0,0.0,0.0,0.0,3.0,6.0,8.0,8.0,14.0,12.0,8.0,6.0,6.0,6.0,6.0,6.0,6.0,6.0,6.0,6.0,6.0,6.0,6.0,8.0,6.0,6.0,6.0,4.0,6.0,6.0,8.0,8.0,8.0,8.0,8.0,8.0,8.0,6.0,8.0,8.0,8.0,8.0,10.0
2026-04-07,2026-04,6.0,4.0,4.0,4.0,4.0,4.0,4.0,4.0,4.0,4.0,4.0,4.0,4.0,4.0,4.0,4.0,4.0,4.0,4.0,4.0,4.0,4.0,4.0,4.0,4.0,4.0,4.0,4.0,0.0,0.0,2.0,2.0,2.0,4.0,4.0,4.0,2.0,2.0,170.0,338.0,346.0,340.0,326.0,312.0,280.0,0.0,0.0,0.0,0.0,0.0,0.0,0.0,0.0,0.0,0.0,0.0,0.0,0.0,4.0,18.0,28.0,32.0,32.0,32.0,32.0,28.0,22.0,14.0,12.0,12.0,4.0,10.0,18.0,18.0,18.0,18.0,16.0,18.0,16.0,12.0,12.0,10.0,16.0,24.0,24.0,20.0,28.0,32.0,34.0,28.0,30.0,28.0,24.0,18.0,16.0,12.0
2026-04-08,2026-04,10.0,4.0,2.0,2.0,2.0,0.0,0.0,0.0,0.0,0.0,0.0,0.0,0.0,0.0,0.0,0.0,0.0,0.0,0.0,0.0,0.0,0.0,0.0,0.0,4.0,6.0,6.0,4.0,0.0,0.0,0.0,0.0,0.0,0.0,0.0,0.0,0.0,0.0,2.0,4.0,12.0,16.0,14.0,12.0,12.0,12.0,12.0,8.0,8.0,6.0,6.0,6.0,6.0,16.0,26.0,26.0,26.0,28.0,18.0,12.0,12.0,12.0,12.0,14.0,10.0,8.0,8.0,4.0,4.0,6.0,12.0,8.0,6.0,4.0,6.0,6.0,10.0,12.0,12.0,18.0,18.0,18.0,18.0,18.0,18.0,18.0,16.0,10.0,10.0,10.0,12.0,12.0,12.0,10.0,6.0,6.0
2026-04-09,2026-04,6.0,6.0,4.0,4.0,4.0,6.0,4.0,4.0,2.0,2.0,2.0,2.0,2.0,2.0,0.0,0.0,0.0,0.0,0.0,2.0,0.0,0.0,4.0,8.0,8.0,6.0,6.0,2.0,2.0,2.0,2.0,2.0,2.0,2.0,2.0,2.0,2.0,2.0,0.0,0.0,0.0,4.0,2.0,2.0,4.0,4.0,4.0,4.0,4.0,4.0,24.0,26.0,24.0,26.0,26.0,24.0,18.0,11.0,4.0,4.0,4.0,4.0,4.0,4.0,4.0,2.0,4.0,2.0,10.0,12.0,12.0,10.0,10.0,10.0,10.0,10.0,6.0,10.0,26.0,26.0,24.0,16.0,11.0,6.0,6.0,6.0,6.0,6.0,6.0,6.0,6.0,6.0,6.0,6.0,6.0,6.0
2026-04-10,2026-04,6.0,6.0,6.0,6.0,6.0,4.0,4.0,4.0,6.0,6.0,6.0,6.0,6.0,6.0,6.0,6.0,4.0,4.0,4.0,4.0,4.0,4.0,4.0,4.0,4.0,6.0,4.0,2.0,0.0,0.0,8.0,16.0,6.0,4.0,10.0,18.0,22.0,18.0,8.0,4.0,4.0,4.0,4.0,4.0,4.0,4.0,4.0,2.0,2.0,2.0,2.0,2.0,2.0,4.0,4.0,3.0,2.0,0.0,0.0,0.0,0.0,0.0,0.0,0.0,0.0,0.0,0.0,0.0,0.0,0.0,0.0,0.0,0.0,0.0,2.0,4.0,6.0,6.0,4.0,4.0,4.0,4.0,4.0,6.0,6.0,6.0,6.0,4.0,4.0,4.0,4.0,4.0,4.0,4.0,4.0,4.0
2026-04-11,2026-04,4.0,4.0,4.0,4.0,4.0,4.0,4.0,4.0,4.0,4.0,4.0,4.0,4.0,4.0,4.0,4.0,4.0,4.0,4.0,4.0,4.0,4.0,4.0,4.0,4.0,4.0,4.0,0.0,0.0,0.0,0.0,0.0,0.0,0.0,0.0,0.0,0.0,2.0,2.0,2.0,2.0,2.0,2.0,2.0,6.0,14.0,14.0,14.0,24.0,26.0,26.0,26.0,22.0,20.0,18.0,16.0,10.0,6.0,4.0,2.0,0.0,0.0,0.0,0.0,10.0,20.0,20.0,18.0,18.0,18.0,16.0,10.0,2.0,0.0,0.0,2.0,4.0,4.0,4.0,4.0,4.0,4.0,4.0,4.0,6.0,6.0,6.0,6.0,6.0,6.0,2.0,2.0,2.0,2.0,2.0,2.0
2026-04-12,2026-04,2.0,2.0,2.0,2.0,2.0,2.0,2.0,2.0,2.0,2.0,2.0,2.0,2.0,2.0,2.0,2.0,2.0,1.0,0.0,0.0,0.0,0.0,0.0,0.0,2.0,6.0,4.0,0.0,0.0,0.0,0.0,0.0,0.0,8.0,12.0,12.0,12.0,12.0,12.0,22.0,22.0,22.0,22.0,22.0,22.0,22.0,20.0,18.0,20.0,20.0,20.0,20.0,16.0,16.0,16.0,16.0,14.0,14.0,12.0,10.0,6.0,8.0,8.0,12.0,14.0,11.0,8.0,8.0,10.0,8.0,8.0,6.0,6.0,6.0,8.0,8.0,8.0,6.0,6.0,6.0,4.0,4.0,4.0,4.0,4.0,4.0,4.0,4.0,4.0,4.0,2.0,0.0,0.0,0.0,0.0,0.0
2026-04-13,2026-04,0.0,0.0,0.0,0.0,0.0,0.0,0.0,0.0,0.0,0.0,0.0,0.0,0.0,0.0,0.0,2.0,2.0,2.0,0.0,0.0,0.0,0.0,0.0,0.0,0.0,0.0,0.0,0.0,2.0,6.0,6.0,6.0,6.0,34.0,40.0,42.0,44.0,30.0,26.0,22.0,20.0,16.0,16.0,16.0,18.0,16.0,12.0,10.0,8.0,6.0,6.0,4.0,8.0,10.0,8.0,8.0,8.0,20.0,28.0,32.0,32.0,30.0,30.0,22.0,16.0,16.0,16.0,16.0,16.0,16.666666666666668,17.333333333333332,18.0,18.0,16.0,16.0,18.0,20.0,20.0,20.0,20.0,20.0,14.0,14.0,14.0,12.0,14.0,18.0,18.0,18.0,18.0,14.0,10.0,6.0,4.0,4.0,4.0
2026-04-14,2026-04,4.0,4.0,4.0,4.0,4.0,4.0,4.0,4.0,4.0,4.0,4.0,4.0,4.0,4.0,4.0,4.0,4.0,4.0,4.0,4.0,4.0,4.0,4.0,4.0,4.0,4.0,4.0,2.0,2.0,0.0,0.0,0.0,0.0,280.0,380.0,394.0,398.0,398.0,396.0,222.0,4.0,6.0,6.0,6.0,6.0,6.0,6.0,6.0,6.0,6.0,8.0,8.0,12.0,10.0,10.0,12.0,12.0,14.0,14.0,12.0,12.0,12.0,14.0,14.0,12.0,10.0,10.0,8.0,6.0,4.0,4.0,20.0,22.0,24.0,24.0,24.0,22.0,14.0,8.0,10.0,8.0,4.0,6.0,6.0,8.0,8.0,8.0,8.0,8.0,5.0,2.0,2.0,2.0,2.0,2.0,2.0
2026-04-15,2026-04,2.0,2.0,2.0,0.0,0.0,0.0,0.0,0.0,0.0,0.0,0.0,0.0,0.0,0.0,0.0,0.0,0.0,0.0,0.0,0.0,0.0,0.0,0.0,0.0,0.0,0.0,0.0,0.0,0.0,0.0,0.0,0.0,0.0,0.0,0.0,0.0,0.0,0.0,0.0,0.0,0.0,0.0,2.0,14.0,14.0,12.0,12.0,12.0,14.0,20.0,18.0,16.0,12.0,10.0,8.0,8.0,8.0,8.0,6.0,4.0,4.0,4.0,4.0,4.0,4.0,2.0,2.0,2.0,2.0,2.0,4.0,6.0,8.0,8.0,6.0,4.0,2.0,4.0,4.0,4.0,4.0,4.0,8.0,8.0,8.0,6.0,6.0,8.0,8.0,8.0,18.0,20.0,20.0,20.0,20.0,20.0
2026-04-16,2026-04,20.0,18.0,14.0,12.0,10.0,10.0,8.0,8.0,8.0,8.0,8.0,8.0,8.0,8.0,8.0,8.0,10.0,8.0,8.0,8.0,8.0,6.0,6.0,6.0,6.0,2.0,8.0,6.0,4.0,2.0,2.0,2.0,4.0,4.0,4.0,4.0,6.0,4.0,4.0,4.0,104.0,366.0,382.0,388.0,68.0,4.0,4.0,4.0,0.0,0.0,0.0,0.0,0.0,0.0,0.0,0.0,0.0,2.0,0.0,2.0,2.0,2.0,2.0,0.0,2.0,2.0,2.0,8.0,8.0,8.0,8.0,8.0,8.0,8.0,8.0,6.0,10.0,10.0,10.0,8.0,8.0,6.0,4.0,4.0,4.0,4.0,4.0,10.0,26.0,26.0,24.0,24.0,18.0,10.0,10.0,6.0
2026-04-17,2026-04,4.0,4.0,4.0,4.0,4.0,4.0,4.0,4.0,4.0,4.0,4.0,4.0,4.0,4.0,4.0,4.0,4.0,4.0,4.0,4.0,4.0,0.0,4.0,4.0,4.0,4.0,4.0,2.0,0.0,0.0,2.0,8.0,8.0,8.0,8.0,8.0,8.0,8.0,8.0,8.0,8.0,8.0,8.0,6.0,4.0,4.0,2.0,0.0,4.0,4.0,4.0,2.0,2.0,0.0,0.0,0.0,0.0,0.0,0.0,0.0,0.0,0.0,2.0,2.0,4.0,4.0,4.0,4.0,2.0,0.0,0.0,22.0,26.0,24.0,24.0,22.0,20.0,16.0,4.0,4.0,6.0,6.0,6.0,6.0,6.0,6.0,6.0,6.0,6.0,6.0,4.0,4.0,4.0,4.0,4.0,4.0
2026-04-18,2026-04,4.0,6.0,6.0,6.0,6.0,6.0,6.0,6.0,5.0,4.0,4.0,4.0,4.0,4.0,4.0,4.0,4.0,4.0,4.0,4.0,4.0,4.0,4.0,4.0,4.0,4.0,2.0,0.0,0.0,0.0,0.0,0.0,0.0,0.0,0.0,0.0,2.0,2.0,2.0,2.0,2.0,2.0,2.0,2.0,0.0,0.0,0.0,0.0,0.0,0.0,12.0,28.0,28.0,28.0,28.0,16.0,12.0,12.0,10.0,4.0,0.0,0.0,0.0,0.0,0.0,0.0,0.0,0.0,0.0,0.0,0.0,0.0,2.0,4.0,6.0,8.0,8.0,6.0,8.0,8.0,8.0,8.0,8.0,8.0,8.0,6.0,4.0,4.0,4.0,4.0,4.0,4.0,2.0,0.0,0.0,0.0
2026-04-19,2026-04,0.0,6.0,6.0,6.0,6.0,4.0,4.0,4.0,4.0,4.0,4.0,4.0,4.0,4.0,4.0,4.0,4.0,4.0,4.0,4.0,4.0,4.0,4.0,4.0,4.0,4.0,4.0,0.0,0.0,0.0,0.0,0.0,0.0,0.0,0.0,0.0,0.0,0.0,0.0,0.0,0.0,0.0,0.0,18.0,20.0,20.0,20.0,18.0,12.0,2.0,0.0,0.0,0.0,0.0,0.0,0.0,0.0,0.0,4.0,20.0,18.0,18.0,18.0,18.0,4.0,2.0,2.0,2.0,2.0,4.0,4.0,4.0,4.0,2.0,2.0,2.0,2.0,6.0,6.0,4.0,6.0,6.0,6.0,6.0,6.0,4.0,4.0,4.0,4.0,4.0,4.0,4.0,6.0,8.0,8.0,8.0
2026-04-20,2026-04,8.0,8.0,8.0,8.0,8.0,8.0,8.0,6.0,6.0,4.0,4.0,4.0,4.0,4.0,4.0,4.0,4.0,4.0,4.0,4.0,4.0,4.0,4.0,4.0,4.0,4.0,4.0,0.0,0.0,2.0,2.0,2.0,2.0,0.0,0.0,0.0,0.0,0.0,12.0,24.0,22.0,22.0,22.0,22.0,22.0,22.0,20.0,18.0,16.0,14.0,14.0,12.0,14.0,16.0,22.0,16.0,12.0,8.0,8.0,6.0,6.0,8.0,12.0,18.0,14.0,12.0,10.0,10.0,10.0,10.0,8.0,14.0,16.0,16.0,16.0,18.0,20.0,18.0,12.0,10.0,8.0,8.0,8.0,8.0,8.0,8.0,8.0,6.0,2.0,0.0,0.0,0.0,0.0,0.0,0.0,0.0
2026-04-21,2026-04,0.0,0.0,0.0,0.0,0.0,0.0,0.0,0.0,0.0,0.0,0.0,0.0,0.0,0.0,0.0,0.0,0.0,0.0,0.0,0.0,0.0,0.0,0.0,0.0,0.0,0.0,4.0,4.0,0.0,4.0,4.0,4.0,4.0,4.0,4.0,4.0,2.0,2.0,4.0,4.0,4.0,4.0,4.0,4.0,4.0,4.0,4.0,2.0,2.0,2.0,0.0,0.0,0.0,0.0,0.0,2.0,14.0,20.0,20.0,18.0,16.0,20.0,18.0,2.0,2.0,2.0,2.0,2.0,2.0,0.0,18.0,22.0,20.0,2.0,2.0,2.0,4.0,6.0,6.0,6.0,7.0,8.0,10.0,10.0,10.0,10.0,8.0,8.0,16.0,18.0,16.0,14.0,10.0,10.0,10.0,10.0
2026-04-22,2026-04,10.0,12.0,12.0,12.0,12.0,12.0,12.0,12.0,10.0,10.0,10.0,8.0,8.0,8.0,8.0,8.0,8.0,8.0,8.0,8.0,10.0,9.0,8.0,8.0,8.0,12.0,10.0,4.0,4.0,4.0,28.0,26.0,24.0,34.0,18.0,16.0,14.0,12.0,12.0,12.0,10.0,8.0,4.0,4.0,18.0,18.0,18.0,18.0,18.0,18.0,16.0,14.0,10.0,8.0,6.0,6.0,4.0,4.0,4.0,4.0,4.0,4.0,4.0,4.0,4.0,4.0,4.0,4.0,4.0,4.0,4.0,4.0,2.0,0.0,0.0,0.0,2.0,4.0,4.0,4.0,4.0,4.0,4.0,4.0,4.0,6.0,8.0,8.0,8.0,7.0,6.0,6.0,6.0,6.0,6.0,2.0
2026-04-23,2026-04,0.0,0.0,0.0,0.0,4.0,6.0,6.0,6.0,6.0,6.0,6.0,6.0,6.0,6.0,6.0,6.0,6.0,6.0,6.0,6.0,6.0,6.0,5.0,4.0,4.0,4.0,4.0,0.0,0.0,2.0,2.0,2.0,2.0,2.0,4.0,4.0,4.0,6.0,6.0,6.0,6.0,6.0,18.0,22.0,22.0,18.0,16.0,18.0,18.0,18.0,18.0,18.0,18.0,16.0,14.0,10.0,8.0,14.0,20.0,18.0,18.0,18.0,18.0,30.0,34.0,42.0,44.0,40.0,22.0,20.0,16.0,8.0,0.0,0.0,0.0,0.0,4.0,4.0,4.0,4.0,4.0,4.0,4.0,4.0,4.0,4.0,4.0,4.0,6.0,8.0,8.0,8.0,8.0,8.0,6.0,6.0
2026-04-24,2026-04,6.0,6.0,4.0,4.0,4.0,6.0,6.0,6.0,6.0,6.0,6.0,6.0,6.0,6.0,6.0,6.0,6.0,6.0,6.0,6.0,6.0,6.0,6.0,6.0,6.0,8.0,8.0,4.0,4.0,4.0,4.0,8.0,12.0,12.0,12.0,12.0,12.0,16.0,16.0,14.0,12.0,8.0,6.0,4.0,4.0,4.0,4.0,4.0,4.0,4.0,4.0,4.0,4.0,4.0,4.0,4.0,4.0,2.0,0.0,4.0,4.0,4.0,8.0,14.0,14.0,12.0,12.0,12.0,12.0,12.0,12.0,12.0,12.0,12.0,12.0,14.0,24.0,24.0,40.0,50.0,42.0,34.0,22.0,20.0,18.0,18.0,16.0,12.0,10.0,10.0,6.0,4.0,6.0,8.0,6.0,6.0
2026-04-25,2026-04,4.0,4.0,4.0,4.0,4.0,4.0,4.0,4.0,6.0,6.0,6.0,6.0,6.0,6.0,6.0,4.0,4.0,4.0,4.0,4.0,4.0,4.0,4.0,4.0,4.0,4.0,4.0,2.0,0.0,0.0,0.0,2.0,2.0,2.0,0.0,0.0,2.0,22.0,18.0,18.0,18.0,6.0,0.0,0.0,0.0,2.0,42.0,368.0,400.0,406.0,406.0,218.0,2.0,2.0,0.0,0.0,0.0,0.0,0.0,0.0,0.0,0.0,0.0,0.0,0.0,0.0,0.0,0.0,0.0,0.0,0.0,0.0,0.0,0.0,0.0,2.0,6.0,6.0,6.0,6.0,6.0,6.0,4.0,4.0,4.0,4.0,4.0,4.0,4.0,4.0,4.0,6.0,2.0,0.0,0.0,0.0
2026-04-26,2026-04,0.0,0.0,4.0,6.0,6.0,6.0,6.0,6.0,6.0,6.0,6.0,6.0,6.0,6.0,4.0,2.0,2.0,2.0,0.0,0.0,0.0,2.0,0.0,0.0,4.0,4.0,4.0,10.0,12.0,12.0,14.0,8.0,0.0,0.0,10.0,12.0,14.0,14.0,16.0,18.0,38.0,34.0,32.0,30.0,28.0,20.0,12.0,6.0,6.0,4.0,6.0,4.0,4.0,6.0,6.0,10.0,20.0,20.0,20.0,20.0,22.0,28.0,26.0,24.0,20.0,20.0,18.0,18.0,18.0,18.0,16.0,12.0,4.0,2.0,0.0,2.0,4.0,4.0,6.0,6.0,6.0,4.0,4.0,4.0,4.0,4.0,4.0,4.0,4.0,4.0,4.0,5.0,6.0,4.0,2.0,2.0
2026-04-27,2026-04,2.0,2.0,2.0,2.0,2.0,2.0,2.0,2.0,0.0,0.0,0.0,0.0,0.0,0.0,0.0,0.0,0.0,0.0,0.0,0.0,0.0,0.0,0.0,0.0,2.0,4.0,0.0,2.0,0.0,0.0,0.0,0.0,0.0,0.0,2.0,6.0,6.0,6.0,6.0,6.0,4.0,4.0,4.0,4.0,4.0,4.0,4.0,4.0,4.0,4.0,4.0,4.0,4.0,4.0,4.0,6.0,4.0,28.0,28.0,26.0,26.0,26.0,28.0,28.0,20.0,16.0,14.0,14.0,14.0,12.0,16.0,36.0,32.0,28.0,32.0,22.0,18.0,24.0,28.0,50.0,38.0,22.0,20.0,14.0,8.0,8.0,8.0,10.0,10.0,10.0,8.0,8.0,8.0,8.0,8.0,2.0
2026-04-28,2026-04,2.0,2.0,2.0,2.0,2.0,2.0,2.0,2.0,2.0,4.0,2.0,2.0,2.0,4.0,4.0,4.0,4.0,4.0,2.0,2.0,2.0,2.0,2.0,2.0,4.0,6.0,3.0,0.0,0.0,0.0,0.0,0.0,0.0,0.0,0.0,0.0,0.0,0.0,0.0,0.0,0.0,0.0,0.0,0.0,0.0,0.0,0.0,0.0,0.0,0.0,0.0,0.0,0.0,0.0,0.0,0.0,0.0,0.0,2.0,6.0,2.0,0.0,0.0,0.0,0.0,0.0,0.0,0.0,2.0,0.0,2.0,2.0,10.0,14.0,14.0,16.0,18.0,18.0,18.0,18.0,10.0,6.0,4.0,4.0,4.0,4.0,6.0,6.0,6.0,8.0,10.0,8.0,8.0,10.0,8.0,7.0
2026-04-29,2026-04,6.0,6.0,6.0,4.0,4.0,4.0,4.0,6.0,6.0,6.0,6.0,6.0,6.0,6.0,6.0,6.0,6.0,6.0,6.0,6.0,6.0,6.0,6.0,8.0,10.0,10.0,8.0,4.0,4.0,6.0,6.0,4.0,4.0,4.0,4.0,4.0,6.0,6.0,6.0,6.0,6.0,6.0,6.0,6.0,6.0,6.0,6.0,6.0,6.0,8.0,8.0,10.0,10.0,10.0,10.0,10.0,10.0,10.0,10.0,8.0,8.0,10.0,12.0,12.0,12.0,12.0,12.0,12.0,12.0,10.0,16.0,30.0,28.0,26.0,16.0,12.0,14.0,14.0,14.0,14.0,12.0,10.0,10.0,10.0,10.0,10.0,10.0,10.0,10.0,10.0,10.0,10.0,10.0,8.0,6.0,4.0
2026-04-30,2026-04,4.0,8.0,16.0,16.0,16.0,16.0,16.0,16.0,14.0,14.0,12.0,8.0,8.0,7.0,6.0,6.0,5.0,4.0,4.0,4.0,4.0,4.0,4.0,4.0,4.0,4.0,3.0,2.0,2.0,2.0,2.0,2.0,2.0,4.0,4.0,6.0,10.0,14.0,14.0,14.0,14.0,14.0,176.0,396.0,414.0,418.0,416.0,228.0,12.0,8.0,6.0,2.0,2.0,2.0,4.0,2.0,2.0,2.0,2.0,2.0,2.0,2.0,6.0,6.0,4.0,2.0,2.0,2.0,2.0,2.0,6.0,6.0,6.0,6.0,4.0,2.0,6.0,8.0,8.0,6.0,6.0,6.0,6.0,10.0,10.0,8.0,8.0,8.0,8.0,8.0,8.0,8.0,8.0,8.0,8.0,8.0
2026-05-18,2026-05,4.0,4.0,4.0,4.0,4.0,4.0,4.0,4.0,4.0,4.0,4.0,4.0,4.0,4.0,4.0,4.0,4.0,4.0,4.0,4.0,4.0,4.0,4.0,4.0,4.0,4.0,4.0,2.0,0.0,0.6666666666666666,1.3333333333333333,2.0,2.0,0.0,0.0,0.0,0.0,0.0,0.0,0.0,0.0,0.0,0.0,0.0,2.0,0.0,0.0,0.0,0.0,0.0,0.0,0.0,0.0,0.0,0.0,0.0,0.0,0.0,0.0,0.0,0.0,0.0,0.0,0.0,0.0,4.0,6.0,6.0,4.0,6.0,22.0,32.0,32.0,36.0,44.0,42.0,28.0,22.0,16.0,16.0,14.0,10.0,8.0,6.0,32.0,44.0,44.0,44.0,42.0,42.0,42.0,42.0,42.0,42.0,42.0,42.0
2026-05-26,2026-05,8.0,6.0,6.0,6.0,8.0,6.0,6.0,4.0,4.0,4.0,4.0,6.0,6.0,6.0,6.0,6.0,6.0,6.0,6.0,6.0,6.0,6.0,6.0,4.0,4.0,4.0,4.0,4.0,2.0,2.0,0.0,0.0,2.0,0.0,0.0,0.0,0.0,0.0,0.0,0.0,0.0,0.0,2.0,4.0,4.0,4.0,4.0,4.0,4.0,4.0,2.0,2.0,2.0,2.0,2.0,2.0,1.0,0.0,0.0,0.0,0.0,0.0,0.0,0.0,0.0,6.0,6.0,6.0,6.0,6.0,6.0,6.0,6.0,6.0,6.0,8.0,12.0,12.0,12.0,4.0,4.0,4.0,4.0,4.0,4.0,4.0,4.0,4.0,4.0,4.0,6.0,6.0,6.0,6.0,4.0,4.0
2026-06-13,2026-06,2.0,2.0,2.0,0.0,0.0,0.0,0.0,0.0,0.0,0.0,0.0,0.0,0.0,0.0,0.0,0.0,0.0,0.0,0.0,0.0,0.0,0.0,0.0,2.0,6.0,6.0,6.0,6.0,6.0,4.0,2.0,4.0,4.0,4.0,4.0,4.0,4.0,4.0,6.0,6.0,6.0,6.0,6.0,4.0,4.0,4.0,4.0,2.0,2.0,2.0,2.0,2.0,2.0,0.0,0.0,2.0,2.0,4.0,6.0,6.0,6.0,4.0,2.0,2.0,2.0,2.0,2.0,2.0,2.0,2.0,2.0,2.0,2.0,2.0,2.0,2.0,2.0,4.0,6.0,4.0,2.0,0.0,0.0,0.0,0.0,2.0,8.0,2.0,0.0,0.0,0.0,0.0,0.0,0.0,0.0,0.0
2026-06-14,2026-06,0.0,0.0,0.0,0.0,0.0,0.0,0.0,0.0,0.0,0.0,0.0,0.0,0.0,0.0,0.0,0.0,0.0,0.0,0.0,0.0,0.0,0.0,0.0,0.0,0.0,0.0,0.0,0.0,2.0,2.0,2.0,2.0,4.0,4.0,4.0,4.0,4.0,4.0,4.0,6.0,4.0,4.0,4.0,4.0,4.0,4.0,4.0,4.0,4.0,4.0,4.0,4.0,4.0,4.0,2.0,2.0,4.0,4.0,4.0,12.0,30.0,4.0,4.0,6.0,10.0,10.0,10.0,10.0,10.0,10.0,10.0,10.0,10.0,10.0,10.0,10.0,10.0,10.0,10.0,12.0,16.0,8.0,10.0,10.0,12.0,12.0,12.0,14.0,14.0,14.0,14.0,14.0,14.0,14.0,14.0,14.0
2026-07-28,2026-07,16.0,14.0,14.0,12.0,10.0,10.0,8.0,8.0,8.0,8.0,8.0,8.0,6.0,8.0,8.0,8.0,8.0,8.0,6.0,8.0,6.0,8.0,6.0,8.0,6.0,6.0,8.0,8.0,6.0,0.0,0.0,0.0,12.0,20.0,20.0,20.0,16.0,10.0,6.0,0.0,0.0,0.0,2.0,2.0,2.0,2.0,2.0,2.0,2.0,2.0,2.0,2.0,2.0,2.0,2.0,0.0,0.0,0.0,0.0,0.0,0.0,0.0,2.0,0.0,0.0,0.0,0.0,2.0,0.0,0.0,0.0,0.0,0.0,0.0,0.0,0.0,4.0,16.0,20.0,18.0,18.0,18.0,24.0,26.0,22.0,20.0,18.0,18.0,18.0,18.0,12.0,10.0,8.0,8.0,8.0,8.0
2026-07-29,2026-07,8.0,8.0,8.0,8.0,8.0,8.0,10.0,10.0,10.0,12.0,12.0,12.0,12.0,11.0,10.0,8.0,8.0,8.0,8.0,8.0,8.0,8.0,8.0,6.0,6.0,6.0,6.0,4.0,2.0,4.0,0.0,0.0,4.0,4.0,4.0,4.0,4.0,4.0,4.0,4.0,4.0,6.0,4.0,4.0,2.0,0.0,0.0,0.0,0.0,0.0,0.0,0.0,0.0,0.0,2.0,0.0,0.0,2.0,2.0,2.0,2.0,0.0,0.0,0.0,0.0,0.0,0.0,0.0,0.0,0.0,4.0,28.0,28.0,26.0,24.0,18.0,10.0,11.333333333333334,12.666666666666666,14.0,16.0,22.0,22.0,22.0,24.0,20.0,16.0,16.0,14.0,12.0,8.0,8.0,8.0,8.0,8.0,8.0
