jour,mois,slot_0,slot_1,slot_2,slot_3,slot_4,slot_5,slot_6,slot_7,slot_8,slot_9,slot_10,slot_11,slot_12,slot_13,slot_14,slot_15,slot_16,slot_17,slot_18,slot_19,slot_20,slot_21,slot_22,slot_23,slot_24,slot_25,slot_26,slot_27,slot_28,slot_29,slot_30,slot_31,slot_32,slot_33,slot_34,slot_35,slot_36,slot_37,slot_38,slot_39,slot_40,slot_41,slot_42,slot_43,slot_44,slot_45,slot_46,slot_47,slot_48,slot_49,slot_50,slot_51,slot_52,slot_53,slot_54,slot_55,slot_56,slot_57,slot_58,slot_59,slot_60,slot_61,slot_62,slot_63,slot_64,slot_65,slot_66,slot_67,slot_68,slot_69,slot_70,slot_71,slot_72,slot_73,slot_74,slot_75,slot_76,slot_77,slot_78,slot_79,slot_80,slot_81,slot_82,slot_83,slot_84,slot_85,slot_86,slot_87,slot_88,slot_89,slot_90,slot_91,slot_92,slot_93,slot_94,slot_95
2025-03-13,2025-03,8.0,8.0,4.0,2.0,0.0,0.0,0.0,0.0,0.0,0.0,0.0,0.0,0.0,0.0,0.0,0.0,0.0,0.0,0.0,2.0,0.0,0.0,0.0,0.0,0.0,0.0,0.0,0.0,0.0,0.0,0.0,0.0,0.0,0.0,0.0,0.0,0.0,0.0,0.0,0.0,0.0,0.0,0.0,0.0,0.0,0.0,0.0,0.0,0.0,0.0,0.0,0.0,0.0,0.0,0.0,0.0,0.0,0.0,0.0,0.0,10.0,28.0,182.0,6.0,30.0,0.0,0.0,0.0,0.0,0.0,0.0,30.0,184.0,238.0,238.0,230.0,222.0,216.0,208.0,204.0,202.0,202.0,208.0,208.0,206.0,206.0,204.0,200.0,198.0,198.0,196.0,196.0,194.0,190.0,190.0,190.0
2025-03-16,2025-03,0.0,0.0,0.0,0.0,0.0,0.0,0.0,0.0,0.0,0.0,0.0,0.0,0.0,0.0,0.0,0.0,0.0,0.0,0.0,0.0,0.0,0.0,0.0,0.0,0.0,0.0,0.0,0.0,0.0,0.0,0.0,0.0,0.0,10.0,38.0,188.0,206.0,208.0,210.0,208.0,208.0,206.0,204.0,204.0,202.0,200.0,196.0,194.0,196.0,198.0,198.0,196.0,200.0,202.0,214.0,218.0,220.0,214.0,208.0,206.0,218.0,218.0,220.0,110.0,0.0,0.0,6.0,28.0,162.0,202.0,196.0,194.0,190.0,198.0,84.0,0.0,0.0,0.0,0.0,0.0,0.0,0.0,0.0,0.0,0.0,0.0,0.0,0.0,20.0,88.0,198.0,202.0,204.0,206.0,198.0,194.0
2025-03-18,2025-03,194.0,190.0,188.0,186.0,184.0,182.0,182.0,182.0,180.0,180.0,180.0,180.0,178.0,178.0,178.0,178.0,176.0,176.0,176.0,176.0,176.0,176.0,174.0,174.0,174.0,174.0,170.0,170.0,170.0,168.0,170.0,168.0,166.0,168.0,170.0,170.0,172.0,170.0,2.0,6.0,30.0,188.0,190.0,130.0,78.0,78.0,178.0,212.0,214.0,212.0,212.0,212.0,208.0,218.0,218.0,216.0,216.0,210.0,16.0,0.0,4.0,30.0,206.0,220.0,230.0,226.0,214.0,214.0,230.0,230.0,8.0,0.0,22.0,96.0,216.0,206.0,202.0,192.0,194.0,112.0,12.0,6.0,4.0,0.0,0.0,0.0,0.0,0.0,28.0,128.0,160.0,14.0,72.0,206.0,208.0,208.0
2025-03-19,2025-03,214.0,214.0,208.0,204.0,198.0,194.0,190.0,188.0,186.0,184.0,182.0,180.0,180.0,180.0,178.0,178.0,178.0,178.0,178.0,176.0,176.0,176.0,174.0,176.0,174.0,174.0,174.0,172.0,170.0,170.0,168.0,168.0,170.0,168.0,168.0,166.0,170.0,168.0,170.0,168.0,176.0,174.0,172.0,170.0,170.0,170.0,176.0,174.0,140.0,94.0,96.0,96.0,94.0,88.0,84.0,196.0,210.0,208.0,208.0,174.0,64.0,0.0,0.0,6.0,28.0,220.0,232.0,220.0,218.0,216.0,210.0,206.0,196.0,178.0,0.0,0.0,0.0,0.0,10.0,44.0,116.0,188.0,176.0,178.0,182.0,2.0,0.0,0.0,4.0,10.0,10.0,6.0,6.0,10.0,10.0,24.0
2025-03-21,2025-03,192.0,188.0,184.0,180.0,178.0,178.0,176.0,174.0,172.0,172.0,172.0,172.0,170.0,170.0,170.0,170.0,170.0,170.0,168.0,168.0,168.0,168.0,168.0,168.0,168.0,150.0,108.0,102.0,98.0,96.0,96.0,96.0,96.0,96.0,96.0,96.0,94.0,94.0,92.0,90.0,88.0,86.0,84.0,82.0,82.0,82.0,82.0,82.0,82.0,82.0,82.0,82.0,84.0,84.0,84.0,144.0,208.0,210.0,212.0,206.0,204.0,202.0,202.0,200.0,200.0,202.0,202.0,200.0,196.0,196.0,2.0,0.0,0.0,0.0,0.0,0.0,0.0,0.0,0.0,8.0,14.0,0.0,0.0,0.0,0.0,30.0,130.0,184.0,186.0,184.0,182.0,178.0,176.0,174.0,174.0,174.0
2025-03-22,2025-03,172.0,170.0,168.0,168.0,166.0,166.0,166.0,166.0,166.0,166.0,166.0,164.0,164.0,164.0,162.0,162.0,162.0,162.0,160.0,160.0,160.0,158.0,158.0,158.0,156.0,156.0,156.0,158.0,156.0,154.0,154.0,152.0,154.0,152.0,152.0,150.0,152.0,154.0,154.0,154.0,160.0,160.0,174.0,2.0,0.0,0.0,0.0,0.0,0.0,0.0,0.0,0.0,0.0,0.0,0.0,0.0,0.0,0.0,0.0,0.0,0.0,0.0,0.0,0.0,4.0,28.0,178.0,196.0,202.0,192.0,196.0,188.0,190.0,114.0,22.0,130.0,226.0,218.0,210.0,206.0,202.0,198.0,192.0,188.0,186.0,184.0,178.0,176.0,174.0,172.0,172.0,170.0,168.0,166.0,164.0,164.0
2025-03-23,2025-03,164.0,162.0,162.0,162.0,162.0,162.0,162.0,160.0,160.0,160.0,158.0,158.0,158.0,158.0,158.0,156.0,158.0,156.0,156.0,156.0,156.0,154.0,154.0,154.0,154.0,154.0,152.0,152.0,152.0,152.0,152.0,156.0,162.0,164.0,164.0,164.0,164.0,162.0,122.0,52.0,182.0,176.0,170.0,4.0,0.0,0.0,0.0,0.0,0.0,0.0,2.0,32.0,160.0,184.0,194.0,192.0,196.0,206.0,194.0,196.0,184.0,180.0,180.0,98.0,0.0,0.0,0.0,28.0,148.0,188.0,202.0,184.0,198.0,122.0,100.66666666666667,79.33333333333334,58.0,200.0,200.0,214.0,104.0,30.0,162.0,30.0,158.0,186.0,188.0,186.0,180.0,178.0,180.0,122.0,0.0,30.0,156.0,194.0
2025-03-25,2025-03,182.0,200.0,204.0,202.0,198.0,194.0,190.0,184.0,180.0,178.0,174.0,174.0,172.0,172.0,170.0,170.0,170.0,168.0,168.0,168.0,166.0,166.0,166.0,166.0,166.0,164.0,164.0,164.0,38.0,112.0,164.0,160.0,160.0,158.0,158.0,158.0,158.0,156.0,158.0,158.0,160.0,172.0,166.0,164.0,164.0,164.0,164.0,164.0,166.0,172.0,168.0,166.0,182.0,180.0,2.0,0.0,0.0,0.0,0.0,0.0,0.0,0.0,0.0,0.0,22.0,108.0,198.0,208.0,206.0,210.0,206.0,202.0,198.0,198.0,196.0,204.0,194.0,188.0,184.0,178.0,178.0,176.0,174.0,188.0,188.0,184.0,178.0,130.0,26.0,142.0,202.0,198.0,196.0,196.0,192.0,192.0
2025-03-27,2025-03,180.0,178.0,176.0,176.0,174.0,174.0,172.0,172.0,172.0,170.0,170.0,168.0,168.0,168.0,166.0,166.0,166.0,166.0,164.0,164.0,164.0,162.0,164.0,162.0,162.0,162.0,160.0,160.0,160.0,158.0,158.0,160.0,158.0,156.0,156.0,156.0,156.0,162.0,158.0,158.0,156.0,160.0,166.0,172.0,174.0,170.0,170.0,178.0,129.0,80.0,66.0,0.0,0.0,12.0,60.0,194.0,200.0,206.0,200.0,0.0,10.0,22.0,0.0,0.0,0.0,2.0,28.0,162.0,196.0,124.0,0.0,0.0,0.0,18.0,84.0,192.0,194.0,194.0,192.0,110.0,46.0,8.0,0.0,0.0,0.0,2.0,0.0,6.0,10.0,10.0,10.0,18.0,22.0,38.0,92.0,188.0
2025-03-31,2025-03,174.0,174.0,172.0,172.0,170.0,170.0,170.0,169.0,168.0,168.0,168.0,166.0,166.0,168.0,166.0,166.0,164.0,164.0,164.0,164.0,164.0,164.0,162.0,162.0,160.0,158.0,158.0,158.0,158.0,158.0,158.0,160.0,160.0,158.0,158.0,158.0,158.0,158.0,156.0,162.0,170.0,164.0,164.0,164.0,170.0,162.0,170.0,176.0,172.0,182.0,180.0,176.0,174.0,172.0,182.0,190.0,190.0,186.0,180.0,40.0,0.0,0.0,18.0,90.0,192.0,196.0,200.0,198.0,132.0,0.0,0.0,0.0,0.0,0.0,0.0,0.0,0.0,0.0,0.0,0.0,0.0,0.0,0.0,12.0,34.0,146.0,2.0,0.0,0.0,0.0,2.0,12.0,38.0,128.0,188.0,194.0
2025-04-03,2025-04,174.0,172.0,170.0,170.0,168.0,168.0,166.0,166.0,166.0,166.0,166.0,166.0,166.0,164.0,164.0,164.0,162.0,164.0,162.0,162.0,160.0,158.0,158.0,156.0,156.0,156.0,156.0,154.0,154.0,156.0,156.0,154.0,154.0,152.0,152.0,152.0,154.0,154.0,154.0,154.0,160.0,162.0,160.0,160.0,160.0,160.0,156.0,158.0,160.0,164.0,168.0,172.0,168.0,166.0,164.0,170.0,16.0,0.0,0.0,0.0,0.0,0.0,0.0,0.0,0.0,0.0,0.0,0.0,0.0,0.0,0.0,0.0,0.0,0.0,0.0,2.0,14.0,14.0,16.0,26.0,20.0,8.0,2.0,2.0,2.0,0.0,0.0,20.0,26.0,30.0,142.0,168.0,110.0,54.0,174.0,176.0
2025-04-04,2025-04,176.0,174.0,174.0,172.0,170.0,170.0,170.0,168.0,168.0,166.0,164.0,164.0,164.0,162.0,162.0,162.0,162.0,160.0,160.0,160.0,160.0,160.0,158.0,158.0,158.0,158.0,158.0,154.0,154.0,152.0,154.0,152.0,154.0,154.0,152.0,152.0,154.0,152.0,152.0,154.0,158.0,166.0,162.0,162.0,168.0,164.0,168.0,174.0,174.0,174.0,180.0,180.0,180.0,180.0,182.0,180.0,180.0,182.0,180.0,178.0,182.0,180.0,184.0,180.0,190.0,188.0,186.0,186.0,184.0,184.0,184.0,182.0,180.0,138.0,46.0,0.0,0.0,0.0,0.0,0.0,0.0,0.0,0.0,0.0,0.0,0.0,0.0,0.0,0.0,0.0,0.0,26.0,110.0,170.0,178.0,180.0
2025-04-05,2025-04,182.0,182.0,180.0,180.0,178.0,176.0,176.0,174.0,172.0,172.0,172.0,170.0,168.0,168.0,168.0,166.0,166.0,164.0,164.0,164.0,164.0,162.0,164.0,164.0,158.0,158.0,158.0,158.0,158.0,156.0,156.0,158.0,156.0,156.0,158.0,158.0,160.0,158.0,158.0,158.0,160.0,160.0,162.0,166.0,162.0,172.0,172.0,170.0,172.0,174.0,174.0,174.0,176.0,178.0,176.0,186.0,186.0,190.0,188.0,186.0,196.0,202.0,202.0,204.0,202.0,198.0,182.0,38.0,0.0,0.0,0.0,0.0,0.0,0.0,0.0,0.0,6.0,30.0,172.0,180.0,2.0,0.0,0.0,8.0,40.0,170.0,176.0,180.0,180.0,182.0,180.0,178.0,178.0,176.0,174.0,174.0
2025-04-06,2025-04,172.0,172.0,170.0,170.0,168.0,168.0,166.0,166.0,166.0,164.0,164.0,164.0,164.0,164.0,162.0,162.0,162.0,162.0,160.0,160.0,160.0,160.0,168.0,168.0,172.0,166.0,164.0,162.0,164.0,160.0,156.0,156.0,156.0,156.0,158.0,156.0,156.0,156.0,162.0,158.0,0.0,0.0,0.0,0.0,0.0,0.0,0.0,0.0,0.0,0.0,0.0,0.0,0.0,0.0,0.0,0.0,0.0,0.0,26.0,124.0,176.0,182.0,184.0,184.0,186.0,186.0,184.0,184.0,184.0,184.0,34.0,0.0,0.0,0.0,0.0,0.0,0.0,0.0,0.0,0.0,0.0,0.0,0.0,0.0,0.0,0.0,8.0,34.0,164.0,172.0,176.0,178.0,182.0,184.0,186.0,188.0
2025-04-07,2025-04,188.0,192.0,184.0,180.0,178.0,178.0,176.0,174.0,174.0,172.0,170.0,170.0,170.0,168.0,168.0,166.0,166.0,166.0,166.0,166.0,164.0,164.0,164.0,162.0,162.0,160.0,158.0,158.0,158.0,156.0,156.0,156.0,158.0,156.0,158.0,154.0,36.0,36.0,20.0,22.0,116.0,166.0,166.0,164.0,166.0,164.0,164.0,174.0,170.0,172.0,172.0,170.0,172.0,176.0,104.0,32.0,176.0,176.0,180.0,182.0,178.0,176.0,178.0,184.0,178.0,176.0,182.0,176.0,174.0,178.0,176.0,174.0,174.0,170.0,170.0,170.0,170.0,168.0,162.0,164.0,160.0,160.0,160.0,164.0,164.0,4.0,0.0,0.0,0.0,0.0,0.0,0.0,0.0,0.0,26.0,110.0
2025-04-08,2025-04,168.0,172.0,172.0,172.0,170.0,170.0,168.0,168.0,168.0,166.0,166.0,164.0,164.0,162.0,162.0,162.0,160.0,160.0,160.0,160.0,158.0,158.0,158.0,158.0,158.0,158.0,156.0,154.0,154.0,154.0,152.0,152.0,152.0,156.0,158.0,158.0,158.0,160.0,160.0,160.0,160.0,160.0,160.0,162.0,162.0,162.0,162.0,160.0,94.0,28.0,140.0,170.0,178.0,2.0,0.0,0.0,0.0,0.0,0.0,0.0,0.0,0.0,0.0,0.0,0.0,0.0,0.0,0.0,0.0,0.0,0.0,0.0,0.0,0.0,0.0,0.0,0.0,0.0,0.0,0.0,0.0,0.0,0.0,0.0,0.0,0.0,0.0,10.0,40.0,136.0,170.0,174.0,174.0,172.0,172.0,170.0
2025-04-09,2025-04,170.0,168.0,168.0,174.0,44.0,10.0,10.0,22.0,36.0,54.0,164.0,146.0,80.0,80.0,104.0,170.0,170.0,168.0,166.0,166.0,164.0,164.0,164.0,162.0,162.0,160.0,162.0,160.0,160.0,158.0,158.0,156.0,158.0,160.0,160.0,162.0,164.0,162.0,162.0,162.0,162.0,162.0,162.0,162.0,160.0,160.0,158.0,162.0,166.0,164.0,166.0,166.0,2.0,0.0,0.0,0.0,0.0,0.0,0.0,0.0,0.0,0.0,0.0,0.0,0.0,0.0,0.0,0.0,0.0,0.0,2.0,30.0,105.0,180.0,186.0,180.0,176.0,182.0,188.0,186.0,172.0,170.0,172.0,172.0,172.0,172.0,88.0,0.0,2.0,10.0,10.0,6.0,8.0,10.0,44.0,150.0
2025-04-10,2025-04,182.0,182.0,180.0,178.0,176.0,176.0,174.0,172.0,170.0,170.0,168.0,168.0,168.0,166.0,166.0,164.0,164.0,164.0,162.0,162.0,164.0,162.0,160.0,74.0,84.0,109.33333333333333,134.66666666666666,160.0,160.0,158.0,160.0,158.0,158.0,156.0,156.0,156.0,156.0,156.0,158.0,158.0,158.0,160.0,158.0,160.0,162.0,164.0,164.0,123.0,82.0,176.0,172.0,170.0,170.0,170.0,174.0,174.0,170.0,170.0,172.0,170.0,170.0,40.0,130.0,182.0,184.0,182.0,184.0,186.0,4.0,0.0,0.0,0.0,0.0,0.0,0.0,0.0,0.0,0.0,0.0,0.0,8.0,10.0,40.0,154.0,180.0,184.0,182.0,142.0,30.0,168.0,174.0,172.0,172.0,170.0,170.0,168.0
2025-04-12,2025-04,162.0,166.0,170.0,170.0,170.0,168.0,166.0,166.0,164.0,164.0,162.0,162.0,161.0,160.0,158.0,158.0,158.0,158.0,156.0,156.0,156.0,156.0,154.0,154.0,154.0,154.0,152.0,152.0,150.0,148.0,148.0,148.0,148.0,148.0,148.0,148.0,150.0,150.0,150.0,152.0,152.0,152.0,154.0,154.0,158.0,156.0,156.0,154.0,154.0,156.0,156.0,164.0,160.0,106.0,0.0,0.0,0.0,0.0,0.0,0.0,0.0,0.0,0.0,0.0,0.0,0.0,0.0,0.0,0.0,0.0,10.0,44.0,158.0,162.0,162.0,162.0,162.0,160.0,120.0,0.0,0.0,0.0,0.0,0.0,0.0,0.0,0.0,0.0,0.0,0.0,0.0,0.0,0.0,0.0,8.0,36.0
2025-04-13,2025-04,158.0,166.0,168.0,170.0,170.0,168.0,168.0,168.0,170.0,168.0,168.0,166.0,166.0,164.0,163.0,162.0,162.0,162.0,160.0,160.0,160.0,158.0,158.0,158.0,156.0,154.0,156.0,156.0,154.0,154.0,152.0,152.0,152.0,152.0,152.0,152.0,154.0,156.0,154.0,152.0,174.0,158.0,156.0,164.0,164.0,160.0,158.0,158.0,160.0,168.0,168.0,174.0,176.0,174.0,178.0,174.0,2.0,0.0,0.0,20.0,94.0,178.0,178.0,178.0,180.0,180.0,178.0,176.0,178.0,100.0,0.0,0.0,0.0,0.0,0.0,28.0,118.0,176.0,180.0,97.0,14.0,66.0,174.0,176.0,176.0,176.0,176.0,174.0,174.0,170.0,168.0,166.0,164.0,166.0,166.0,166.0
2025-04-14,2025-04,166.0,166.0,164.0,164.0,162.0,161.0,160.0,160.0,160.0,158.0,158.0,158.0,158.0,158.0,156.0,156.0,156.0,156.0,158.0,156.0,154.0,154.0,154.0,154.0,152.0,152.0,154.0,150.0,150.0,150.0,152.0,152.0,150.0,150.0,150.0,150.0,2.0,0.0,0.0,0.0,0.0,0.0,0.0,0.0,0.0,0.0,0.0,0.0,28.0,126.0,166.0,168.0,168.0,166.0,168.0,170.0,168.0,168.0,172.0,182.0,180.0,154.0,0.0,0.0,0.0,0.0,0.0,0.0,0.0,0.0,0.0,4.0,8.0,8.0,8.0,8.0,8.0,10.0,8.0,6.0,4.0,2.0,0.0,0.0,0.0,0.0,0.0,0.0,0.0,0.0,0.0,14.0,60.0,162.0,170.0,176.0
2025-04-15,2025-04,178.0,178.0,176.0,176.0,174.0,174.0,172.0,172.0,170.0,170.0,168.0,168.0,168.0,166.0,168.0,166.0,166.0,166.0,166.0,166.0,164.0,164.0,162.0,160.0,160.0,160.0,118.0,82.0,82.0,82.0,44.0,68.0,158.0,160.0,158.0,158.0,158.0,158.0,160.0,158.0,162.0,161.0,160.0,160.0,162.0,158.0,158.0,164.0,166.0,166.0,166.0,166.0,166.0,164.0,164.0,164.0,164.0,164.0,2.0,0.0,0.0,0.0,0.0,0.0,0.0,0.0,0.0,0.0,0.0,0.0,0.0,0.0,0.0,0.0,0.0,0.0,0.0,0.0,4.0,8.0,0.0,0.0,0.0,0.0,18.0,72.0,166.0,174.0,176.0,178.0,180.0,178.0,177.0,176.0,176.0,174.0
2025-04-16,2025-04,172.0,172.0,170.0,170.0,170.0,168.0,168.0,166.0,166.0,164.0,164.0,164.0,162.0,162.0,156.0,90.0,84.0,84.0,84.0,82.0,68.0,32.0,62.0,170.0,170.0,168.0,48.0,104.0,160.0,160.0,134.0,30.0,146.0,162.0,160.0,158.0,158.0,158.0,160.0,158.0,164.0,160.0,164.0,160.0,158.0,162.0,168.0,168.0,99.0,30.0,140.0,172.0,170.0,180.0,184.0,184.0,182.0,180.0,180.0,180.0,180.0,180.0,178.0,180.0,182.0,186.0,184.0,182.0,180.0,178.0,176.0,174.0,100.0,0.0,30.0,140.0,178.0,178.0,180.0,178.0,174.0,172.0,172.0,170.0,170.0,168.0,170.0,170.0,170.0,172.0,172.0,172.0,170.0,170.0,168.0,168.0
2025-04-17,2025-04,166.0,166.0,166.0,164.0,164.0,164.0,164.0,162.0,160.0,160.0,160.0,160.0,160.0,160.0,160.0,160.0,158.0,158.0,158.0,156.0,156.0,156.0,156.0,154.0,156.0,154.0,154.0,154.0,152.0,152.0,152.0,152.0,152.0,152.0,150.0,152.0,152.0,152.0,152.0,152.0,152.0,152.0,154.0,108.0,20.0,30.0,160.0,162.0,168.0,166.0,164.0,162.0,170.0,166.0,164.0,164.0,166.0,166.0,164.0,166.0,2.0,0.0,0.0,0.0,0.0,4.0,28.0,156.0,176.0,164.0,168.0,172.0,166.0,166.0,166.0,164.0,162.0,164.0,164.0,162.0,170.0,170.0,166.0,166.0,164.0,164.0,162.0,164.0,24.0,92.0,164.0,164.0,162.0,162.0,162.0,160.0
2025-04-18,2025-04,160.0,158.0,158.0,156.0,156.0,156.0,156.0,154.0,154.0,154.0,154.0,154.0,152.0,152.0,152.0,152.0,152.0,152.0,152.0,152.0,152.0,154.0,154.0,152.0,152.0,152.0,152.0,2.0,18.0,80.0,154.0,154.0,152.0,150.0,150.0,152.0,152.0,150.0,152.0,152.0,152.0,158.0,156.0,154.0,158.0,156.0,156.0,156.0,158.0,158.0,164.0,168.0,84.0,0.0,0.0,0.0,0.0,0.0,0.0,0.0,18.0,86.0,172.0,178.0,180.0,180.0,178.0,176.0,176.0,172.0,116.0,0.0,0.0,0.0,0.0,12.0,60.0,168.0,168.0,166.0,166.0,166.0,164.0,110.0,0.0,0.0,0.0,0.0,0.0,0.0,0.0,22.0,90.0,166.0,170.0,172.0
2025-04-19,2025-04,172.0,172.0,170.0,170.0,168.0,168.0,166.0,166.0,164.0,162.0,2.0,8.0,34.0,162.0,164.0,162.0,162.0,162.0,162.0,160.0,160.0,160.0,160.0,158.0,158.0,158.0,158.0,156.0,154.0,154.0,152.0,152.0,152.0,150.0,150.0,150.0,152.0,154.0,154.0,154.0,154.0,158.0,162.0,168.0,166.0,162.0,164.0,164.0,170.0,174.0,170.0,168.0,166.0,168.0,178.0,172.0,170.0,172.0,174.0,172.0,176.0,170.0,172.0,170.0,170.0,174.0,6.0,30.0,154.0,170.0,170.0,168.0,170.0,168.0,166.0,168.0,172.0,173.0,174.0,176.0,174.0,2.0,0.0,0.0,0.0,0.0,0.0,0.0,0.0,0.0,2.0,30.0,136.0,164.0,166.0,168.0
2025-04-20,2025-04,168.0,168.0,168.0,170.0,168.0,168.0,168.0,166.0,166.0,164.0,164.0,164.0,162.0,162.0,160.0,160.0,160.0,160.0,158.0,158.0,156.0,156.0,156.0,156.0,154.0,154.0,154.0,154.0,154.0,154.0,154.0,152.0,152.0,152.0,150.0,150.0,152.0,156.0,156.0,128.0,80.0,80.0,80.0,80.0,82.0,82.0,84.0,86.0,86.0,116.0,170.0,6.0,0.0,0.0,0.0,0.0,14.0,28.0,158.0,174.0,176.0,176.0,178.0,182.0,184.0,182.0,180.0,184.0,92.0,0.0,0.0,0.0,0.0,0.0,0.0,0.0,0.0,0.0,0.0,0.0,0.0,0.0,0.0,0.0,0.0,0.0,8.0,34.0,156.0,162.0,164.0,174.0,174.0,174.0,174.0,172.0
2025-04-21,2025-04,172.0,172.0,170.0,169.0,168.0,168.0,168.0,166.0,166.0,164.0,164.0,164.0,162.0,162.0,162.0,160.0,160.0,158.0,158.0,158.0,156.0,156.0,156.0,156.0,154.0,154.0,152.0,152.0,82.0,70.0,156.0,156.0,154.0,154.0,154.0,164.0,162.0,164.0,164.0,162.0,160.0,162.0,166.0,166.0,168.0,168.0,2.0,0.0,10.0,40.0,34.0,28.0,126.0,168.0,168.0,168.0,168.0,168.0,174.0,172.0,170.0,170.0,168.0,170.0,170.0,170.0,162.0,92.0,72.0,26.0,28.0,166.0,176.0,176.0,178.0,180.0,180.0,176.0,174.0,172.0,170.0,168.0,166.0,162.0,166.0,164.0,160.0,158.0,158.0,156.0,156.0,166.0,162.0,160.0,158.0,158.0
2025-04-22,2025-04,160.0,160.0,160.0,158.0,156.0,156.0,156.0,154.0,154.0,4.0,0.0,0.0,0.0,0.0,0.0,0.0,0.0,0.0,0.0,0.0,0.0,0.0,0.0,0.0,0.0,0.0,0.0,0.0,0.0,0.0,0.0,0.0,0.0,0.0,0.0,22.0,88.0,152.0,156.0,158.0,160.0,160.0,160.0,160.0,160.0,160.0,164.0,165.0,166.0,164.0,168.0,170.0,170.0,170.0,99.0,28.0,116.0,172.0,172.0,174.0,172.0,172.0,170.0,168.0,174.0,136.0,0.0,0.0,0.0,0.0,0.0,0.0,0.0,0.0,0.0,0.0,0.0,0.0,0.0,0.0,2.0,30.0,144.0,168.0,170.0,170.0,170.0,170.0,170.0,166.0,160.0,160.0,158.0,156.0,158.0,156.0
2025-04-23,2025-04,156.0,154.0,154.0,152.0,150.0,150.0,150.0,150.0,150.0,150.0,76.0,2.0,0.0,0.0,0.0,0.0,0.0,0.0,0.0,0.0,0.0,0.0,0.0,0.0,0.0,0.0,0.0,0.0,0.0,0.0,0.0,0.0,0.0,0.0,0.0,0.0,0.0,0.0,0.0,0.0,0.0,0.0,10.0,38.0,148.0,152.0,152.0,154.0,152.0,119.0,86.0,162.0,160.0,160.0,158.0,158.0,158.0,156.0,158.0,156.0,158.0,156.0,156.0,156.0,156.0,156.0,154.0,154.0,158.0,154.0,154.0,152.0,150.0,156.0,154.0,152.0,150.0,150.0,154.0,150.0,148.0,148.0,152.0,150.0,146.0,150.0,154.0,156.0,156.0,158.0,160.0,164.0,162.0,160.0,158.0,160.0
2025-04-24,2025-04,160.0,158.0,158.0,156.0,156.0,156.0,154.0,154.0,152.0,152.0,152.0,152.0,152.0,152.0,150.0,150.0,150.0,150.0,148.0,148.0,148.0,148.0,148.0,148.0,148.0,148.0,148.0,146.0,146.0,146.0,144.0,146.0,146.0,144.0,146.0,146.0,148.0,148.0,4.0,30.0,134.0,158.0,156.0,156.0,156.0,154.0,154.0,154.0,154.0,156.0,154.0,156.0,158.0,158.0,158.0,164.0,168.0,166.0,162.0,160.0,162.0,162.0,2.0,0.0,0.0,0.0,0.0,0.0,0.0,0.0,0.0,0.0,0.0,0.0,0.0,0.0,0.0,0.0,0.0,0.0,0.0,0.0,0.0,0.0,0.0,0.0,0.0,0.0,0.0,0.0,0.0,0.0,0.0,0.0,0.0,0.0
2025-04-26,2025-04,154.0,152.0,152.0,150.0,150.0,148.0,148.0,148.0,148.0,146.0,146.0,146.0,146.0,2.0,0.0,0.0,0.0,0.0,0.0,0.0,0.0,0.0,0.0,22.0,86.0,150.0,152.0,152.0,150.0,150.0,150.0,148.0,150.0,152.0,152.0,152.0,152.0,152.0,154.0,154.0,152.0,152.0,152.0,150.0,156.0,158.0,158.0,156.0,158.0,160.0,158.0,156.0,160.0,160.0,160.0,158.0,156.0,156.0,2.0,0.0,0.0,0.0,0.0,0.0,0.0,0.0,0.0,0.0,0.0,0.0,0.0,0.0,0.0,0.0,0.0,0.0,0.0,0.0,0.0,0.0,0.0,0.0,0.0,0.0,0.0,0.0,0.0,0.0,0.0,0.0,0.0,0.0,0.0,0.0,0.0,0.0
2025-04-27,2025-04,0.0,0.0,0.0,0.0,0.0,0.0,0.0,0.0,0.0,0.0,0.0,0.0,0.0,0.0,0.0,0.0,0.0,0.0,0.0,0.0,0.0,0.0,0.0,0.0,0.0,0.0,0.0,0.0,0.0,0.0,0.0,0.0,0.0,0.0,0.0,0.0,0.0,0.0,0.0,0.0,0.0,0.0,0.0,0.0,0.0,0.0,0.0,0.0,0.0,0.0,0.0,0.0,0.0,0.0,0.0,0.0,0.0,0.0,0.0,0.0,0.0,0.0,0.0,0.0,0.0,0.0,0.0,0.0,0.0,0.0,0.0,0.0,0.0,0.0,0.0,0.0,0.0,0.0,0.0,0.0,0.0,0.0,0.0,0.0,0.0,0.0,0.0,0.0,0.0,0.0,0.0,0.0,0.0,0.0,0.0,0.0
2025-04-28,2025-04,0.0,0.0,0.0,0.0,0.0,0.0,0.0,0.0,0.0,0.0,0.0,0.0,0.0,0.0,0.0,0.0,0.0,0.0,0.0,0.0,0.0,0.0,0.0,0.0,0.0,0.0,0.0,0.0,0.0,0.0,0.0,0.0,0.0,0.0,0.0,0.0,0.0,0.0,0.0,0.0,0.0,0.0,0.0,0.0,0.0,0.0,0.0,0.0,0.0,0.0,0.0,0.0,0.0,0.0,0.0,0.0,0.0,0.0,0.0,0.0,0.0,0.0,0.0,0.0,0.0,0.0,0.0,0.0,0.0,0.0,0.0,0.0,0.0,0.0,0.0,0.0,0.0,0.0,0.0,0.0,0.0,0.0,0.0,0.0,0.0,0.0,0.0,0.0,0.0,0.0,0.0,0.0,0.0,0.0,0.0,0.0
2025-04-29,2025-04,0.0,0.0,0.0,0.0,0.0,0.0,0.0,0.0,0.0,0.0,0.0,0.0,0.0,0.0,0.0,0.0,0.0,0.0,0.0,0.0,0.0,0.0,0.0,0.0,0.0,0.0,0.0,0.0,0.0,0.0,0.0,0.0,0.0,0.0,0.0,0.0,0.0,0.0,0.0,0.0,0.0,0.0,0.0,0.0,0.0,0.0,0.0,0.0,0.0,0.0,0.0,0.0,0.0,0.0,0.0,0.0,0.0,0.0,0.0,0.0,0.0,0.0,0.0,0.0,0.0,0.0,0.0,0.0,0.0,0.0,0.0,0.0,0.0,0.0,0.0,0.0,0.0,0.0,0.0,0.0,0.0,0.0,0.0,0.0,0.0,0.0,0.0,0.0,0.0,0.0,0.0,0.0,0.0,0.0,0.0,0.0
2025-04-30,2025-04,0.0,0.0,0.0,0.0,0.0,0.0,0.0,0.0,0.0,0.0,0.0,0.0,0.0,0.0,0.0,0.0,0.0,0.0,0.0,0.0,0.0,0.0,0.0,0.0,0.0,0.0,0.0,0.0,0.0,0.0,0.0,0.0,0.0,0.0,0.0,0.0,0.0,0.0,0.0,0.0,0.0,0.0,0.0,0.0,0.0,0.0,0.0,0.0,0.0,0.0,0.0,0.0,0.0,0.0,0.0,0.0,0.0,0.0,0.0,0.0,0.0,0.0,0.0,0.0,0.0,0.0,0.0,0.0,0.0,0.0,0.0,0.0,0.0,0.0,0.0,0.0,0.0,0.0,0.0,0.0,0.0,0.0,0.0,0.0,0.0,0.0,0.0,0.0,18.0,72.0,156.0,156.0,156.0,158.0,158.0,160.0
2025-05-01,2025-05,162.0,162.0,164.0,166.0,166.0,170.0,166.0,166.0,164.0,164.0,164.0,162.0,162.0,162.0,160.0,160.0,160.0,158.0,158.0,158.0,156.0,156.0,156.0,154.0,154.0,154.0,154.0,152.0,152.0,32.0,122.0,154.0,154.0,154.0,156.0,156.0,156.0,154.0,154.0,156.0,156.0,156.0,156.0,158.0,156.0,154.0,154.0,154.0,154.0,156.0,156.0,154.0,156.0,156.0,156.0,156.0,98.0,28.0,80.0,76.0,68.0,28.0,138.0,162.0,160.0,160.0,160.0,158.0,158.0,156.0,156.0,154.0,154.0,154.0,2.0,0.0,0.0,0.0,0.0,0.0,0.0,0.0,0.0,0.0,0.0,0.0,30.0,130.0,156.0,156.0,156.0,156.0,154.0,154.0,154.0,152.0
2025-05-02,2025-05,152.0,152.0,152.0,150.0,150.0,148.0,148.0,148.0,148.0,148.0,148.0,146.0,150.0,150.0,150.0,148.0,148.0,148.0,148.0,148.0,148.0,146.0,148.0,150.0,146.0,144.0,144.0,144.0,144.0,144.0,142.0,142.0,142.0,142.0,142.0,144.0,142.0,142.0,140.0,142.0,142.0,142.0,142.0,142.0,142.0,142.0,142.0,142.0,144.0,144.0,123.0,102.0,150.0,148.0,148.0,148.0,148.0,148.0,146.0,146.0,154.0,152.0,2.0,0.0,0.0,0.0,0.0,0.0,0.0,0.0,0.0,0.0,0.0,0.0,0.0,0.0,0.0,0.0,0.0,0.0,0.0,16.0,64.0,154.0,158.0,160.0,160.0,160.0,162.0,160.0,162.0,162.0,162.0,160.0,158.0,158.0
2025-05-03,2025-05,158.0,158.0,156.0,156.0,156.0,156.0,154.0,152.0,152.0,152.0,150.0,150.0,148.0,148.0,148.0,148.0,148.0,146.0,146.0,146.0,146.0,146.0,144.0,144.0,144.0,144.0,144.0,144.0,142.0,142.0,142.0,142.0,142.0,140.0,140.0,140.0,140.0,140.0,142.0,142.0,144.0,144.0,144.0,144.0,144.0,146.0,146.0,146.0,146.0,154.0,152.0,152.0,152.0,154.0,154.0,2.0,0.0,0.0,0.0,0.0,0.0,0.0,0.0,0.0,0.0,0.0,0.0,0.0,0.0,0.0,0.0,0.0,0.0,0.0,0.0,0.0,0.0,0.0,0.0,0.0,0.0,0.0,0.0,24.0,94.0,154.0,156.0,154.0,156.0,158.0,158.0,156.0,158.0,158.0,158.0,156.0
2025-05-04,2025-05,156.0,154.0,154.0,154.0,152.0,152.0,152.0,150.0,150.0,150.0,148.0,148.0,148.0,148.0,146.0,146.0,146.0,146.0,146.0,146.0,146.0,146.0,144.0,144.0,144.0,144.0,144.0,144.0,142.0,142.0,142.0,140.0,140.0,140.0,144.0,146.0,144.0,146.0,146.0,146.0,146.0,148.0,148.0,148.0,150.0,150.0,2.0,0.0,0.0,0.0,38.0,130.0,156.0,160.0,158.0,66.0,88.0,168.0,168.0,168.0,168.0,170.0,172.0,172.0,170.0,170.0,178.0,176.0,166.0,164.0,154.0,0.0,0.0,0.0,0.0,0.0,0.0,0.0,0.0,0.0,0.0,0.0,6.0,0.0,0.0,0.0,0.0,0.0,0.0,8.0,40.0,124.0,164.0,166.0,168.0,168.0
2025-05-06,2025-05,158.0,156.0,156.0,156.0,154.0,154.0,154.0,2.0,0.0,0.0,0.0,0.0,0.0,0.0,0.0,0.0,0.0,0.0,0.0,0.0,0.0,0.0,0.0,0.0,0.0,0.0,0.0,0.0,0.0,0.0,0.0,0.0,0.0,0.0,0.0,0.0,0.0,0.0,0.0,24.0,96.0,150.0,152.0,154.0,154.0,154.0,154.0,156.0,156.0,156.0,160.0,158.0,160.0,162.0,160.0,93.0,26.0,34.0,162.0,164.0,162.0,162.0,162.0,162.0,164.0,164.0,164.0,162.0,64.0,0.0,0.0,0.0,0.0,0.0,0.0,0.0,0.0,0.0,0.0,0.0,8.0,0.0,0.0,0.0,4.0,40.0,103.0,166.0,166.0,170.0,168.0,168.0,166.0,162.0,160.0,156.0
2025-05-07,2025-05,156.0,154.0,154.0,154.0,152.0,152.0,152.0,152.0,150.0,150.0,150.0,150.0,146.0,30.0,124.0,150.0,150.0,148.0,148.0,2.0,14.0,62.0,146.0,148.0,146.0,146.0,144.0,144.0,144.0,144.0,144.0,144.0,142.0,142.0,140.0,142.0,142.0,144.0,144.0,144.0,144.0,144.0,144.0,144.0,146.0,146.0,146.0,146.0,144.0,149.0,154.0,156.0,156.0,156.0,158.0,162.0,164.0,164.0,162.0,164.0,170.0,172.0,172.0,174.0,176.0,176.0,170.0,164.0,12.0,0.0,0.0,0.0,0.0,0.0,0.0,0.0,0.0,0.0,0.0,0.0,0.0,0.0,0.0,0.0,0.0,0.0,0.0,4.0,30.0,140.0,152.0,154.0,156.0,156.0,154.0,152.0
2025-05-08,2025-05,152.0,152.0,152.0,152.0,150.0,150.0,150.0,150.0,150.0,150.0,148.0,148.0,148.0,148.0,148.0,148.0,146.0,146.0,146.0,145.0,144.0,144.0,144.0,144.0,142.0,142.0,144.0,142.0,142.0,142.0,142.0,140.0,140.0,140.0,142.0,142.0,142.0,142.0,142.0,140.0,140.0,140.0,142.0,142.0,142.0,142.0,142.0,144.0,144.0,148.0,146.0,146.0,144.0,146.0,24.0,0.0,0.0,0.0,0.0,0.0,0.0,0.0,0.0,0.0,0.0,0.0,0.0,0.0,0.0,0.0,4.0,8.0,8.0,8.0,8.0,8.0,8.0,8.0,8.0,6.0,6.0,4.0,0.0,0.0,0.0,0.0,0.0,4.0,4.0,28.0,94.0,154.0,152.0,152.0,152.0,152.0
2025-05-09,2025-05,2.0,0.0,0.0,0.0,0.0,0.0,0.0,0.0,0.0,0.0,0.0,0.0,0.0,0.0,0.0,0.0,0.0,0.0,0.0,0.0,0.0,0.0,0.0,0.0,0.0,0.0,0.0,0.0,0.0,0.0,0.0,0.0,0.0,8.0,76.0,144.0,148.0,150.0,152.0,152.0,152.0,158.0,160.0,158.0,158.0,156.0,154.0,156.0,156.0,156.0,156.0,154.0,156.0,154.0,154.0,154.0,154.0,154.0,66.0,0.0,0.0,0.0,0.0,0.0,0.0,0.0,0.0,0.0,0.0,0.0,0.0,0.0,0.0,0.0,0.0,0.0,0.0,0.0,2.0,10.0,10.0,10.0,10.0,10.0,10.0,8.0,6.0,2.0,2.0,16.0,58.0,144.0,148.0,150.0,150.0,150.0
2025-05-10,2025-05,150.0,150.0,148.0,148.0,148.0,148.0,146.0,146.0,146.0,146.0,146.0,144.0,144.0,144.0,144.0,144.0,144.0,144.0,144.0,144.0,142.0,142.0,142.0,142.0,142.0,140.0,140.0,138.0,2.0,0.0,0.0,0.0,0.0,0.0,0.0,0.0,4.0,16.0,0.0,0.0,28.0,106.0,144.0,144.0,146.0,146.0,146.0,148.0,148.0,148.0,148.0,150.0,148.0,150.0,148.0,148.0,152.0,152.0,150.0,152.0,150.0,152.0,154.0,160.0,158.0,156.0,156.0,158.0,158.0,156.0,154.0,154.0,156.0,154.0,152.0,42.0,0.0,0.0,0.0,0.0,14.0,12.0,10.0,10.0,10.0,10.0,8.0,6.0,4.0,2.0,16.0,60.0,148.0,150.0,152.0,152.0
2025-05-11,2025-05,152.0,152.0,150.0,150.0,150.0,148.0,148.0,148.0,146.0,146.0,146.0,146.0,144.0,144.0,146.0,144.0,144.0,144.0,142.0,142.0,142.0,142.0,140.0,142.0,140.0,140.0,140.0,140.0,140.0,138.0,138.0,138.0,138.0,138.0,140.0,138.0,140.0,140.0,140.0,140.0,142.0,142.0,146.0,146.0,144.0,146.0,146.0,146.0,146.0,146.0,150.0,148.0,148.0,148.0,148.0,148.0,130.0,0.0,0.0,0.0,0.0,0.0,0.0,0.0,0.0,0.0,0.0,0.0,0.0,0.0,0.0,0.0,0.0,0.0,0.0,0.0,4.0,10.0,10.0,10.0,10.0,10.0,10.0,8.0,4.0,2.0,2.0,0.0,0.0,0.0,0.0,22.0,86.0,150.0,156.0,158.0
2025-05-12,2025-05,160.0,158.0,158.0,158.0,156.0,156.0,154.0,154.0,154.0,152.0,152.0,152.0,150.0,150.0,150.0,2.0,0.0,0.0,0.0,0.0,0.0,0.0,0.0,0.0,0.0,0.0,0.0,0.0,0.0,0.0,0.0,0.0,0.0,0.0,0.0,0.0,22.0,82.0,146.0,148.0,152.0,156.0,158.0,160.0,156.0,156.0,154.0,154.0,156.0,154.0,154.0,156.0,156.0,156.0,154.0,156.0,154.0,154.0,154.0,154.0,152.0,154.0,154.0,152.0,152.0,152.0,152.0,76.0,0.0,0.0,0.0,0.0,0.0,0.0,0.0,0.0,0.0,0.0,0.0,0.0,0.0,12.0,50.0,146.0,148.0,150.0,148.0,148.0,148.0,146.0,146.0,146.0,148.0,148.0,148.0,146.0
2025-05-13,2025-05,146.0,146.0,146.0,144.0,144.0,144.0,144.0,144.0,144.0,142.0,142.0,142.0,142.0,142.0,140.0,140.0,140.0,140.0,140.0,140.0,140.0,140.0,138.0,138.0,138.0,138.0,136.0,136.0,136.0,136.0,136.0,136.0,136.0,136.0,136.0,136.0,136.0,137.0,138.0,136.0,140.0,140.0,138.0,138.0,138.0,140.0,140.0,140.0,140.0,142.0,140.0,142.0,144.0,148.0,66.0,0.0,0.0,0.0,0.0,0.0,0.0,0.0,0.0,0.0,0.0,0.0,0.0,0.0,0.0,0.0,0.0,0.0,0.0,0.0,0.0,2.0,8.0,10.0,10.0,6.0,0.0,0.0,0.0,0.0,0.0,0.0,0.0,0.0,10.0,20.0,78.0,156.0,158.0,160.0,162.0,164.0
2025-05-14,2025-05,162.0,162.0,160.0,160.0,158.0,154.0,150.0,148.0,146.0,146.0,146.0,146.0,144.0,144.0,144.0,144.0,144.0,144.0,144.0,144.0,144.0,140.0,140.0,136.0,140.0,140.0,140.0,140.0,138.0,138.0,2.0,0.0,0.0,0.0,2.0,30.0,126.0,140.0,140.0,144.0,146.0,146.0,146.0,146.0,146.0,146.0,162.0,154.0,156.0,100.0,38.0,74.0,115.0,156.0,156.0,160.0,128.0,28.0,156.0,16.0,8.0,0.0,0.0,12.0,56.0,68.0,0.0,0.0,0.0,0.0,0.0,0.0,0.0,0.0,0.0,0.0,0.0,0.0,0.0,0.0,0.0,0.0,6.0,8.0,8.0,8.0,6.0,6.0,8.0,8.0,10.0,38.0,134.0,116.0,36.0,152.0
2025-05-15,2025-05,156.0,156.0,156.0,154.0,152.0,152.0,125.0,98.0,106.0,112.0,118.0,118.0,110.0,112.0,106.0,106.0,108.0,112.0,114.0,116.0,106.0,112.0,120.0,106.0,100.0,70.0,42.0,146.0,146.0,146.0,144.0,144.0,144.0,144.0,144.0,144.0,144.0,144.0,144.0,146.0,148.0,148.0,148.0,146.0,146.0,148.0,146.0,148.0,146.0,146.0,148.0,148.0,148.0,148.0,148.0,70.0,0.0,0.0,0.0,0.0,0.0,0.0,0.0,0.0,0.0,0.0,0.0,0.0,0.0,0.0,0.0,0.0,0.0,0.0,0.0,0.0,0.0,0.0,0.0,0.0,0.0,0.0,2.0,6.0,10.0,10.0,10.0,10.0,34.0,110.0,156.0,158.0,158.0,158.0,156.0,154.0
2025-05-16,2025-05,152.0,150.0,148.0,146.0,146.0,146.0,32.0,112.0,144.0,144.0,144.0,142.0,144.0,142.0,142.0,140.0,142.0,140.0,140.0,140.0,140.0,140.0,140.0,138.0,140.0,138.0,138.0,136.0,138.0,136.0,136.0,136.0,136.0,136.0,136.0,136.0,138.0,138.0,138.0,136.0,144.0,144.0,144.0,144.0,144.0,144.0,148.0,146.0,78.0,0.0,0.0,0.0,0.0,0.0,0.0,0.0,0.0,0.0,0.0,0.0,0.0,0.0,0.0,0.0,0.0,0.0,0.0,0.0,0.0,0.0,0.0,0.0,0.0,0.0,0.0,0.0,0.0,0.0,0.0,0.0,0.0,0.0,0.0,0.0,0.0,10.0,38.0,142.0,148.0,148.0,150.0,150.0,150.0,150.0,150.0,152.0
2025-05-17,2025-05,152.0,150.0,150.0,148.0,148.0,148.0,148.0,146.0,146.0,146.0,146.0,146.0,144.0,144.0,144.0,144.0,144.0,144.0,144.0,144.0,144.0,142.0,142.0,142.0,142.0,142.0,140.0,140.0,140.0,140.0,140.0,138.0,138.0,138.0,138.0,138.0,138.0,139.0,140.0,140.0,140.0,140.0,140.0,142.0,144.0,144.0,144.0,144.0,144.0,144.0,144.0,144.0,144.0,146.0,142.0,144.0,142.0,138.0,138.0,136.0,136.0,136.0,134.0,134.0,134.0,134.0,130.0,130.0,130.0,130.0,130.0,132.0,132.0,132.0,132.0,132.0,132.0,132.0,132.0,130.0,132.0,132.0,136.0,138.0,132.0,90.0,86.0,86.0,88.0,88.0,88.0,88.0,90.0,90.0,90.0,50.0
2025-05-18,2025-05,70.0,140.0,140.0,140.0,140.0,140.0,140.0,138.0,138.0,138.0,138.0,138.0,138.0,136.0,136.0,138.0,136.0,136.0,136.0,136.0,136.0,136.0,136.0,136.0,140.0,136.0,134.0,134.0,134.0,134.0,134.0,134.0,134.0,136.0,134.0,134.0,134.0,134.0,134.0,134.0,134.0,134.0,132.0,134.0,134.0,132.0,132.0,132.0,134.0,132.0,132.0,132.0,132.0,132.0,132.0,132.0,132.0,132.0,132.0,134.0,132.0,132.0,2.0,0.0,0.0,0.0,0.0,20.0,82.0,136.0,136.0,136.0,136.0,134.0,134.0,134.0,134.0,136.0,136.0,136.0,134.0,134.0,134.0,134.0,134.0,134.0,134.0,132.0,132.0,132.0,136.0,138.0,136.0,136.0,135.0,134.0
2025-05-19,2025-05,134.0,134.0,134.0,134.0,134.0,134.0,132.0,132.0,132.0,132.0,132.0,132.0,132.0,132.0,132.0,130.0,130.0,130.0,130.0,130.0,130.0,130.0,132.0,132.0,130.0,130.0,130.0,130.0,130.0,130.0,128.0,128.0,128.0,130.0,130.0,130.0,130.0,130.0,130.0,130.0,130.0,130.0,132.0,132.0,132.0,132.0,132.0,132.0,132.0,134.0,134.0,134.0,134.0,134.0,136.0,138.0,138.0,136.0,136.0,138.0,138.0,138.0,139.0,140.0,140.0,138.0,138.0,140.0,36.0,18.0,0.0,0.0,0.0,0.0,0.0,0.0,0.0,0.0,0.0,0.0,0.0,0.0,0.0,2.0,10.0,8.0,6.0,4.0,2.0,0.0,18.0,64.0,138.0,140.0,140.0,138.0
2025-05-20,2025-05,138.0,134.0,92.0,2.0,0.0,0.0,0.0,0.0,0.0,0.0,0.0,0.0,0.0,0.0,0.0,0.0,0.0,0.0,0.0,0.0,0.0,0.0,0.0,0.0,0.0,0.0,0.0,0.0,0.0,0.0,0.0,0.0,4.0,8.0,32.0,134.0,136.0,136.0,136.0,136.0,136.0,138.0,138.0,142.0,142.0,140.0,140.0,140.0,142.0,140.0,156.0,176.0,162.0,152.0,148.0,146.0,156.0,148.0,144.0,140.0,140.0,138.0,136.0,136.0,132.0,132.0,130.0,130.0,132.0,132.0,132.0,132.0,132.0,132.0,130.0,130.0,130.0,130.0,130.0,132.0,62.0,0.0,0.0,0.0,0.0,0.0,0.0,0.0,0.0,10.0,8.0,4.0,4.0,2.0,2.0,0.0
2025-05-21,2025-05,0.0,0.0,0.0,0.0,0.0,0.0,0.0,0.0,0.0,0.0,0.0,0.0,0.0,0.0,0.0,0.0,0.0,0.0,14.0,56.0,134.0,134.0,134.0,134.0,134.0,132.0,132.0,132.0,132.0,132.0,132.0,132.0,132.0,131.0,130.0,130.0,132.0,132.0,132.0,132.0,132.0,132.0,132.0,132.0,130.0,132.0,4.0,0.0,0.0,0.0,0.0,0.0,0.0,0.0,0.0,0.0,0.0,0.0,0.0,0.0,0.0,0.0,0.0,0.0,0.0,0.0,0.0,0.0,0.0,0.0,0.0,0.0,0.0,0.0,0.0,0.0,0.0,0.0,0.0,0.0,0.0,0.0,0.0,0.0,0.0,0.0,0.0,0.0,0.0,0.0,0.0,0.0,0.0,0.0,0.0,0.0
2025-05-22,2025-05,0.0,0.0,0.0,0.0,0.0,0.0,0.0,0.0,0.0,0.0,0.0,0.0,0.0,0.0,0.0,0.0,0.0,0.0,0.0,0.0,0.0,0.0,0.0,0.0,0.0,0.0,0.0,0.0,0.0,0.0,0.0,0.0,0.0,0.0,0.0,0.0,0.0,30.0,68.0,160.0,164.0,160.0,160.0,160.0,160.0,46.0,100.0,144.0,142.0,144.0,142.0,142.0,144.0,2.0,0.0,0.0,0.0,0.0,0.0,0.0,0.0,0.0,0.0,0.0,0.0,0.0,0.0,0.0,0.0,0.0,0.0,0.0,0.0,0.0,0.0,0.0,0.0,0.0,0.0,0.0,0.0,0.0,30.0,120.0,142.0,142.0,144.0,142.0,142.0,144.0,146.0,148.0,150.0,148.0,148.0,148.0
2025-05-23,2025-05,146.0,146.0,146.0,146.0,144.0,144.0,144.0,142.0,142.0,142.0,140.0,142.0,138.0,106.0,92.0,96.0,108.0,112.0,112.0,110.0,110.0,110.0,110.0,110.0,104.0,86.0,32.0,140.0,138.0,138.0,138.0,136.0,136.0,136.0,136.0,138.0,138.0,138.0,138.0,138.0,138.0,140.0,140.0,140.0,138.0,136.0,136.0,134.0,134.0,136.0,134.0,136.0,134.0,134.0,134.0,134.0,134.0,132.0,132.0,130.0,130.0,130.0,132.0,130.0,130.0,132.0,132.0,132.0,134.0,134.0,134.0,134.0,134.0,134.0,134.0,132.0,132.0,132.0,136.0,142.0,140.0,138.0,138.0,138.0,136.0,136.0,136.0,136.0,134.0,134.0,134.0,134.0,134.0,134.0,134.0,134.0
2025-05-24,2025-05,134.0,134.0,132.0,132.0,132.0,132.0,132.0,132.0,132.0,132.0,132.0,132.0,130.0,130.0,130.0,130.0,130.0,130.0,130.0,130.0,130.0,130.0,130.0,130.0,128.0,128.0,128.0,128.0,128.0,130.0,130.0,130.0,130.0,128.0,128.0,128.0,130.0,130.0,130.0,130.0,130.0,130.0,130.0,132.0,130.0,132.0,132.0,128.0,58.0,50.0,74.0,32.0,48.0,44.0,36.0,82.0,78.0,78.0,78.0,78.0,78.0,78.0,78.0,78.0,78.0,18.0,0.0,12.0,50.0,136.0,136.0,136.0,136.0,136.0,134.0,132.0,134.0,132.0,132.0,130.0,130.0,130.0,2.0,0.0,0.0,0.0,0.0,0.0,0.0,0.0,0.0,10.0,40.0,132.0,134.0,134.0
2025-05-25,2025-05,134.0,134.0,134.0,134.0,132.0,132.0,132.0,132.0,132.0,132.0,132.0,132.0,132.0,132.0,130.0,132.0,130.0,130.0,130.0,130.0,130.0,130.0,130.0,130.0,130.0,130.0,130.0,130.0,128.0,128.0,128.0,128.0,126.0,126.0,128.0,128.0,128.0,128.0,128.0,128.0,128.0,130.0,2.0,0.0,0.0,0.0,0.0,0.0,0.0,0.0,0.0,0.0,0.0,0.0,0.0,0.0,0.0,0.0,0.0,0.0,0.0,0.0,0.0,0.0,0.0,0.0,0.0,0.0,0.0,0.0,0.0,0.0,8.0,10.0,10.0,10.0,10.0,10.0,10.0,10.0,8.0,4.0,2.0,2.0,0.0,0.0,0.0,0.0,0.0,0.0,0.0,0.0,2.0,30.0,118.0,142.0
2025-05-26,2025-05,146.0,146.0,146.0,146.0,146.0,146.0,144.0,144.0,144.0,142.0,142.0,142.0,142.0,142.0,140.0,140.0,140.0,140.0,140.0,140.0,138.0,138.0,136.0,136.0,136.0,136.0,136.0,136.0,134.0,136.0,136.0,134.0,134.0,134.0,134.0,132.0,132.0,134.0,134.0,136.0,2.0,0.0,0.0,0.0,0.0,0.0,0.0,0.0,0.0,0.0,0.0,0.0,0.0,0.0,0.0,0.0,0.0,0.0,0.0,0.0,0.0,0.0,0.0,0.0,0.0,0.0,0.0,0.0,0.0,0.0,0.0,0.0,0.0,0.0,0.0,0.0,0.0,0.0,0.0,0.0,0.0,0.0,0.0,0.0,0.0,0.0,0.0,0.0,0.0,0.0,4.0,8.0,6.0,28.0,108.0,142.0
2025-05-28,2025-05,146.0,146.0,144.0,144.0,142.0,142.0,142.0,140.0,140.0,140.0,140.0,138.0,138.0,138.0,138.0,138.0,136.0,136.0,136.0,136.0,136.0,134.0,134.0,134.0,134.0,134.0,134.0,134.0,134.0,134.0,134.0,132.0,134.0,132.0,132.0,130.0,130.0,132.0,132.0,130.0,130.0,132.0,132.0,132.0,134.0,134.0,134.0,134.0,134.0,134.0,136.0,136.0,136.0,138.0,138.0,112.0,10.0,10.0,10.0,10.0,2.0,0.0,0.0,0.0,0.0,0.0,0.0,0.0,0.0,0.0,0.0,0.0,0.0,0.0,0.0,2.0,2.0,2.0,2.0,2.0,0.0,0.0,0.0,0.0,0.0,10.0,10.0,10.0,28.0,20.0,38.0,134.0,136.0,136.0,136.0,136.0
2025-05-29,2025-05,134.0,2.0,0.0,0.0,0.0,0.0,0.0,0.0,0.0,0.0,0.0,0.0,0.0,0.0,0.0,0.0,0.0,0.0,0.0,0.0,0.0,0.0,0.0,0.0,0.0,0.0,0.0,0.0,0.0,16.0,58.0,134.0,136.0,136.0,136.0,138.0,136.0,134.0,134.0,134.0,132.0,132.0,132.0,54.0,0.0,0.0,0.0,0.0,6.0,10.0,10.0,10.0,10.0,10.0,10.0,8.0,4.0,2.0,2.0,0.0,0.0,0.0,0.0,0.0,0.0,0.0,0.0,0.0,0.0,0.0,0.0,0.0,0.0,0.0,0.0,0.0,0.0,0.0,0.0,0.0,0.0,0.0,0.0,0.0,0.0,0.0,0.0,0.0,22.0,82.0,136.0,138.0,138.0,138.0,138.0,136.0
2025-05-30,2025-05,136.0,136.0,134.0,134.0,134.0,134.0,132.0,132.0,132.0,132.0,132.0,130.0,130.0,130.0,130.0,130.0,130.0,130.0,130.0,130.0,130.0,130.0,128.0,128.0,2.0,0.0,0.0,0.0,0.0,0.0,0.0,0.0,0.0,0.0,0.0,0.0,0.0,0.0,0.0,0.0,0.0,0.0,0.0,6.0,30.0,128.0,114.0,84.0,84.0,88.0,18.0,52.0,140.0,140.0,138.0,142.0,140.0,140.0,140.0,140.0,38.0,0.0,4.0,10.0,10.0,10.0,2.0,0.0,0.0,0.0,0.0,0.0,0.0,0.0,0.0,0.0,0.0,0.0,0.0,0.0,0.0,0.0,0.0,0.0,0.0,0.0,0.0,0.0,0.0,0.0,0.0,0.0,26.0,52.0,138.0,142.0
2025-05-31,2025-05,144.0,144.0,142.0,142.0,142.0,142.0,140.0,140.0,138.0,138.0,138.0,136.0,136.0,136.0,136.0,134.0,134.0,134.0,134.0,134.0,132.0,132.0,132.0,132.0,132.0,132.0,132.0,130.0,130.0,130.0,128.0,128.0,128.0,128.0,128.0,128.0,130.0,130.0,130.0,130.0,130.0,130.0,130.0,130.0,130.0,132.0,132.0,132.0,132.0,132.0,134.0,132.0,134.0,136.0,136.0,136.0,136.0,134.0,2.0,0.0,0.0,0.0,0.0,0.0,0.0,0.0,0.0,0.0,0.0,0.0,0.0,0.0,0.0,0.0,0.0,0.0,0.0,0.0,0.0,0.0,0.0,0.0,0.0,0.0,0.0,0.0,0.0,0.0,0.0,0.0,0.0,0.0,0.0,0.0,0.0,0.0
2025-06-01,2025-06,0.0,0.0,0.0,0.0,0.0,0.0,0.0,0.0,0.0,0.0,0.0,0.0,0.0,0.0,0.0,0.0,0.0,0.0,0.0,0.0,0.0,0.0,0.0,0.0,0.0,0.0,0.0,0.0,24.0,90.0,136.0,138.0,138.0,130.0,96.0,104.0,106.0,112.0,116.0,88.0,84.0,148.0,152.0,152.0,152.0,152.0,152.0,152.0,152.0,152.0,154.0,154.0,152.0,148.0,146.0,146.0,146.0,146.0,100.0,0.0,0.0,0.0,0.0,0.0,0.0,0.0,0.0,0.0,0.0,0.0,0.0,0.0,0.0,0.0,0.0,0.0,0.0,0.0,0.0,0.0,0.0,6.0,2.0,4.0,2.0,2.0,2.0,2.0,2.0,2.0,2.0,2.0,2.0,2.0,2.0,2.0
2025-06-02,2025-06,2.0,2.0,0.0,0.0,0.0,0.0,0.0,0.0,2.0,2.0,0.0,0.0,0.0,0.0,0.0,0.0,0.0,0.0,0.0,0.0,0.0,0.0,0.0,0.0,0.0,0.0,0.0,0.0,0.0,0.0,0.0,0.0,0.0,0.0,0.0,0.0,0.0,0.0,0.0,0.0,0.0,2.0,2.0,4.0,4.0,4.0,4.0,4.0,4.0,2.0,1.3333333333333335,0.6666666666666667,0.0,0.0,0.0,18.0,68.0,140.0,142.0,144.0,142.0,140.0,140.0,140.0,138.0,46.0,0.0,0.0,0.0,0.0,0.0,0.0,0.0,0.0,0.0,0.0,0.0,0.0,0.0,0.0,0.0,0.0,0.0,0.0,0.0,0.0,0.0,0.0,0.0,0.0,8.0,10.0,8.0,8.0,8.0,8.0
2025-06-03,2025-06,6.0,4.0,2.0,0.0,0.0,0.0,0.0,0.0,0.0,0.0,0.0,0.0,0.0,0.0,0.0,0.0,0.0,0.0,0.0,0.0,0.0,0.0,0.0,0.0,0.0,0.0,0.0,0.0,0.0,0.0,28.0,100.0,136.0,136.0,136.0,134.0,134.0,134.0,132.0,132.0,132.0,132.0,134.0,134.0,134.0,132.0,134.0,134.0,12.0,0.0,0.0,0.0,0.0,0.0,0.0,0.0,0.0,0.0,0.0,0.0,0.0,0.0,0.0,0.0,0.0,0.0,0.0,0.0,0.0,0.0,0.0,0.0,18.0,70.0,144.0,2.0,0.0,30.0,120.0,146.0,146.0,146.0,144.0,144.0,144.0,144.0,144.0,142.0,144.0,144.0,142.0,142.0,140.0,140.0,138.0,138.0
2025-06-04,2025-06,140.0,138.0,138.0,138.0,138.0,138.0,136.0,136.0,136.0,134.0,134.0,134.0,134.0,134.0,134.0,134.0,122.0,108.0,108.0,112.0,116.0,118.0,116.0,120.0,116.0,116.0,118.0,118.0,116.0,116.0,112.0,112.0,112.0,108.0,110.0,112.0,114.0,110.0,108.0,110.0,24.0,0.0,10.0,66.0,122.0,114.0,120.0,118.0,120.0,122.0,122.0,120.0,118.0,118.0,118.0,114.0,114.0,28.0,0.0,0.0,0.0,0.0,0.0,0.0,0.0,0.0,0.0,0.0,0.0,0.0,0.0,0.0,0.0,0.0,0.0,0.0,0.0,0.0,0.0,2.0,8.0,10.0,10.0,10.0,10.0,10.0,8.0,6.0,0.0,0.0,0.0,0.0,0.0,0.0,0.0,0.0
2025-06-05,2025-06,0.0,0.0,0.0,0.0,0.0,0.0,0.0,0.0,0.0,0.0,0.0,0.0,0.0,0.0,0.0,0.0,0.0,0.0,0.0,0.0,10.0,44.0,132.0,136.0,136.0,136.0,136.0,4.0,0.0,0.0,0.0,0.0,0.0,0.0,0.0,0.0,0.0,0.0,0.0,0.0,0.0,0.0,0.0,0.0,0.0,0.0,0.0,0.0,0.0,0.0,0.0,0.0,0.0,8.0,38.0,136.0,142.0,142.0,142.0,144.0,144.0,142.0,142.0,142.0,142.0,142.0,112.0,0.0,0.0,0.0,0.0,0.0,0.0,0.0,0.0,0.0,0.0,0.0,0.0,0.0,0.0,0.0,0.0,0.0,0.0,0.0,0.0,0.0,26.0,98.0,140.0,142.0,142.0,142.0,140.0,140.0
2025-06-08,2025-06,128.0,128.0,128.0,128.0,128.0,128.0,126.0,126.0,126.0,126.0,126.0,124.0,124.0,124.0,124.0,124.0,124.0,124.0,124.0,124.0,124.0,122.0,122.0,124.0,124.0,124.0,122.0,86.0,0.0,0.0,0.0,26.0,90.0,128.0,102.0,100.0,102.0,104.0,106.0,104.0,104.0,104.0,104.0,104.0,100.0,104.0,22.0,42.0,132.0,132.0,132.0,132.0,130.0,130.0,130.0,130.0,130.0,132.0,132.0,130.0,130.0,130.0,130.0,130.0,112.0,0.0,0.0,0.0,0.0,0.0,0.0,0.0,0.0,0.0,0.0,0.0,0.0,0.0,0.0,0.0,0.0,0.0,0.0,0.0,0.0,0.0,0.0,0.0,0.0,0.0,0.0,0.0,0.0,0.0,0.0,0.0
2025-06-09,2025-06,0.0,0.0,0.0,0.0,0.0,0.0,0.0,0.0,0.0,0.0,0.0,0.0,0.0,0.0,0.0,0.0,0.0,0.0,0.0,0.0,0.0,0.0,0.0,0.0,0.0,0.0,10.0,42.0,130.0,132.0,132.0,134.0,132.0,134.0,132.0,134.0,136.0,136.0,134.0,134.0,134.0,134.0,132.0,134.0,2.0,0.0,0.0,0.0,0.0,0.0,0.0,0.0,0.0,0.0,0.0,0.0,0.0,0.0,0.0,0.0,0.0,0.0,0.0,0.0,0.0,0.0,0.0,0.0,0.0,0.0,0.0,0.0,0.0,0.0,0.0,0.0,0.0,0.0,0.0,0.0,0.0,0.0,0.0,0.0,0.0,0.0,0.0,0.0,0.0,0.0,0.0,0.0,0.0,0.0,0.0,0.0
2025-06-10,2025-06,0.0,0.0,0.0,0.0,0.0,0.0,0.0,0.0,0.0,0.0,0.0,0.0,0.0,0.0,0.0,0.0,0.0,0.0,0.0,0.0,0.0,0.0,10.0,42.0,132.0,134.0,134.0,134.0,134.0,134.0,132.0,130.0,130.0,130.0,130.0,130.0,130.0,130.0,130.0,130.0,130.0,130.0,130.0,130.0,130.0,132.0,132.0,134.0,134.0,134.0,134.0,136.0,136.0,136.0,134.0,136.0,136.0,26.0,0.0,0.0,0.0,0.0,0.0,0.0,0.0,0.0,0.0,0.0,0.0,0.0,0.0,0.0,0.0,0.0,0.0,0.0,0.0,0.0,0.0,0.0,0.0,0.0,0.0,0.0,0.0,0.0,0.0,0.0,0.0,0.0,0.0,0.0,0.0,2.0,10.0,10.0
2025-06-11,2025-06,8.0,8.0,8.0,6.0,4.0,2.0,2.0,0.0,0.0,0.0,0.0,0.0,0.0,0.0,0.0,0.0,0.0,0.0,0.0,0.0,0.0,0.0,0.0,0.0,0.0,0.0,0.0,0.0,0.0,0.0,0.0,0.0,0.0,0.0,24.0,84.0,136.0,138.0,138.0,140.0,140.0,140.0,138.0,138.0,52.0,0.0,0.0,0.0,0.0,0.0,0.0,0.0,0.0,0.0,0.0,0.0,0.0,0.0,0.0,0.0,0.0,0.0,0.0,0.0,0.0,0.0,0.0,0.0,0.0,0.0,0.0,0.0,0.0,0.0,0.0,0.0,0.0,4.0,6.0,6.0,6.0,6.0,6.0,6.0,6.0,6.0,0.0,0.0,0.0,6.0,10.0,10.0,8.0,6.0,6.0,2.0
2025-06-12,2025-06,2.0,0.0,0.0,0.0,0.0,0.0,0.0,0.0,0.0,0.0,0.0,0.0,0.0,0.0,0.0,0.0,0.0,0.0,0.0,0.0,0.0,0.0,28.0,98.0,132.0,134.0,132.0,132.0,130.0,130.0,132.0,130.0,130.0,130.0,130.0,130.0,82.0,0.0,0.0,0.0,0.0,0.0,0.0,0.0,0.0,0.0,0.0,0.0,0.0,0.0,0.0,0.0,0.0,0.0,0.0,0.0,0.0,0.0,0.0,0.0,0.0,2.0,10.0,10.0,10.0,10.0,10.0,10.0,8.0,4.0,2.0,2.0,0.0,0.0,0.0,0.0,0.0,0.0,0.0,2.0,0.0,0.0,0.0,0.0,0.0,0.0,0.0,0.0,0.0,0.0,0.0,0.0,0.0,0.0,0.0,0.0
2025-06-13,2025-06,0.0,0.0,0.0,0.0,0.0,0.0,0.0,0.0,0.0,0.0,0.0,0.0,0.0,0.0,0.0,0.0,0.0,0.0,0.0,0.0,0.0,2.0,0.0,0.0,2.0,10.0,10.0,4.0,0.0,0.0,0.0,0.0,0.0,0.0,0.0,0.0,0.0,0.0,0.0,0.0,0.0,0.0,0.0,0.0,0.0,0.0,0.0,0.0,0.0,0.0,0.0,0.0,0.0,0.0,0.0,0.0,0.0,0.0,0.0,0.0,0.0,0.0,0.0,0.0,0.0,0.0,0.0,0.0,0.0,0.0,0.0,0.0,0.0,0.0,0.0,0.0,0.0,0.0,0.0,0.0,0.0,0.0,0.0,0.0,0.0,0.0,0.0,0.0,0.0,0.0,0.0,0.0,0.0,0.0,0.0,0.0
2025-06-14,2025-06,0.0,0.0,0.0,0.0,0.0,0.0,0.0,0.0,0.0,0.0,0.0,0.0,0.0,0.0,0.0,0.0,0.0,0.0,0.0,0.0,0.0,0.0,0.0,0.0,0.0,0.0,0.0,0.0,0.0,0.0,26.0,92.0,134.0,136.0,136.0,134.0,134.0,134.0,68.0,0.0,0.0,0.0,0.0,0.0,0.0,0.0,0.0,0.0,0.0,0.0,0.0,0.0,0.0,0.0,0.0,0.0,0.0,0.0,0.0,0.0,0.0,0.0,0.0,0.0,0.0,0.0,0.0,0.0,0.0,0.0,0.0,0.0,0.0,0.0,0.0,0.0,0.0,0.0,0.0,0.0,0.0,0.0,0.0,0.0,0.0,0.0,0.0,0.0,0.0,0.0,0.0,0.0,0.0,0.0,0.0,0.0
2025-06-15,2025-06,0.0,0.0,0.0,0.0,0.0,0.0,0.0,0.0,0.0,0.0,0.0,0.0,0.0,0.0,0.0,0.0,0.0,0.0,0.0,0.0,0.0,0.0,0.0,0.0,0.0,0.0,0.0,0.0,0.0,0.0,0.0,0.0,0.0,0.0,0.0,0.0,0.0,0.0,0.0,0.0,0.0,0.0,0.0,0.0,0.0,0.0,0.0,0.0,0.0,0.0,0.0,0.0,0.0,0.0,0.0,0.0,0.0,0.0,0.0,0.0,0.0,0.0,0.0,0.0,0.0,0.0,0.0,0.0,0.0,0.0,0.0,0.0,0.0,0.0,0.0,0.0,0.0,0.0,0.0,0.0,0.0,0.0,0.0,0.0,0.0,0.0,0.0,0.0,0.0,0.0,0.0,0.0,0.0,0.0,0.0,0.0
2025-06-17,2025-06,0.0,0.0,0.0,0.0,0.0,0.0,0.0,0.0,0.0,0.0,0.0,0.0,0.0,0.0,0.0,0.0,0.0,0.0,0.0,0.0,0.0,0.0,0.0,0.0,0.0,0.0,0.0,0.0,0.0,0.0,0.0,0.0,0.0,0.0,0.0,0.0,0.0,0.0,0.0,0.0,0.0,0.0,0.0,0.0,0.0,0.0,0.0,0.0,0.0,0.0,0.0,0.0,0.0,0.0,0.0,0.0,0.0,0.0,0.0,0.0,0.0,0.0,0.0,0.0,0.0,0.0,0.0,0.0,0.0,0.0,0.0,0.0,0.0,0.0,0.0,0.0,0.0,0.0,0.0,0.0,0.0,0.0,0.0,0.0,0.0,0.0,0.0,0.0,0.0,0.0,0.0,0.0,0.0,0.0,0.0,0.0
2025-06-18,2025-06,0.0,0.0,0.0,0.0,0.0,0.0,0.0,0.0,0.0,0.0,0.0,0.0,0.0,0.0,0.0,0.0,0.0,0.0,0.0,0.0,0.0,0.0,0.0,0.0,0.0,0.0,0.0,0.0,0.0,0.0,0.0,0.0,0.0,0.0,0.0,0.0,0.0,0.0,0.0,0.0,0.0,0.0,0.0,0.0,0.0,0.0,0.0,0.0,0.0,0.0,0.0,0.0,0.0,0.0,0.0,0.0,0.0,0.0,0.0,0.0,0.0,0.0,0.0,0.0,0.0,0.0,0.0,0.0,0.0,0.0,0.0,0.0,0.0,0.0,0.0,0.0,0.0,0.0,0.0,0.0,0.0,0.0,0.0,0.0,0.0,0.0,0.0,0.0,0.0,0.0,0.0,0.0,0.0,0.0,0.0,0.0
2025-06-19,2025-06,0.0,0.0,0.0,0.0,0.0,0.0,0.0,0.0,0.0,0.0,0.0,0.0,0.0,0.0,0.0,0.0,0.0,0.0,0.0,0.0,0.0,0.0,0.0,0.0,0.0,0.0,0.0,0.0,0.0,0.0,0.0,0.0,0.0,0.0,0.0,0.0,0.0,0.0,0.0,0.0,0.0,0.0,0.0,0.0,0.0,0.0,0.0,0.0,0.0,0.0,0.0,0.0,0.0,0.0,0.0,0.0,0.0,0.0,0.0,0.0,0.0,0.0,0.0,0.0,0.0,0.0,0.0,0.0,0.0,0.0,0.0,0.0,0.0,0.0,0.0,0.0,0.0,0.0,0.0,0.0,0.0,0.0,0.0,0.0,0.0,0.0,0.0,0.0,0.0,0.0,0.0,0.0,0.0,0.0,0.0,0.0
2025-06-20,2025-06,0.0,0.0,0.0,0.0,0.0,0.0,0.0,0.0,0.0,0.0,0.0,0.0,0.0,0.0,0.0,0.0,0.0,0.0,0.0,0.0,0.0,0.0,0.0,0.0,0.0,0.0,4.0,6.0,6.0,4.0,6.0,6.0,0.0,0.0,0.0,0.0,0.0,0.0,0.0,0.0,0.0,0.0,0.0,0.0,0.0,0.0,0.0,0.0,0.0,0.0,0.0,0.0,0.0,0.0,0.0,0.0,0.0,0.0,0.0,0.0,0.0,0.0,0.0,0.0,0.0,0.0,0.0,0.0,0.0,0.0,0.0,0.0,0.0,0.0,0.0,0.0,0.0,0.0,0.0,0.0,0.0,0.0,0.0,0.0,0.0,0.0,0.0,0.0,0.0,0.0,0.0,0.0,0.0,0.0,0.0,0.0
2025-06-21,2025-06,0.0,0.0,0.0,0.0,0.0,0.0,0.0,0.0,0.0,0.0,0.0,0.0,0.0,0.0,0.0,0.0,0.0,0.0,0.0,0.0,0.0,0.0,0.0,0.0,0.0,0.0,0.0,0.0,0.0,0.0,0.0,0.0,0.0,0.0,0.0,0.0,0.0,0.0,0.0,0.0,0.0,0.0,0.0,0.0,0.0,0.0,0.0,0.0,0.0,0.0,0.0,0.0,0.0,0.0,0.0,0.0,0.0,0.0,0.0,0.0,0.0,0.0,0.0,0.0,0.0,0.0,0.0,0.0,0.0,0.0,0.0,0.0,0.0,0.0,0.0,0.0,0.0,0.0,0.0,0.0,0.0,0.0,0.0,0.0,0.0,0.0,0.0,0.0,0.0,0.0,0.0,0.0,0.0,0.0,0.0,0.0
2025-06-22,2025-06,0.0,0.0,0.0,0.0,0.0,0.0,0.0,0.0,0.0,0.0,0.0,0.0,0.0,0.0,0.0,0.0,0.0,0.0,0.0,0.0,0.0,0.0,0.0,0.0,0.0,0.0,0.0,0.0,0.0,0.0,0.0,0.0,0.0,0.0,0.0,0.0,0.0,0.0,0.0,0.0,0.0,0.0,0.0,0.0,0.0,0.0,0.0,0.0,0.0,0.0,0.0,0.0,0.0,0.0,0.0,0.0,0.0,0.0,0.0,0.0,0.0,0.0,0.0,0.0,0.0,0.0,0.0,0.0,0.0,0.0,0.0,0.0,0.0,0.0,0.0,0.0,0.0,0.0,0.0,0.0,0.0,0.0,0.0,0.0,0.0,0.0,0.0,0.0,0.0,0.0,0.0,0.0,0.0,0.0,0.0,0.0
2025-06-23,2025-06,0.0,0.0,0.0,0.0,0.0,0.0,0.0,0.0,0.0,0.0,0.0,0.0,0.0,0.0,0.0,0.0,0.0,0.0,0.0,0.0,0.0,0.0,0.0,0.0,0.0,0.0,0.0,0.0,0.0,0.0,0.0,0.0,0.0,0.0,0.0,0.0,0.0,0.0,0.0,0.0,0.0,0.0,0.0,0.0,0.0,0.0,0.0,0.0,0.0,0.0,0.0,0.0,0.0,0.0,0.0,0.0,0.0,0.0,0.0,0.0,0.0,0.0,0.0,0.0,0.0,0.0,0.0,0.0,0.0,0.0,0.0,6.0,10.0,10.0,10.0,10.0,10.0,10.0,0.0,0.0,0.0,0.0,0.0,0.0,0.0,0.0,0.0,0.0,0.0,0.0,0.0,0.0,10.0,10.0,10.0,8.0
2025-06-24,2025-06,4.0,2.0,2.0,0.0,0.0,0.0,0.0,0.0,0.0,0.0,0.0,0.0,0.0,0.0,2.0,0.0,0.0,0.0,0.0,0.0,0.0,0.0,0.0,0.0,0.0,0.0,0.0,0.0,0.0,0.0,0.0,0.0,0.0,0.0,0.0,0.0,0.0,0.0,0.0,0.0,0.0,0.0,0.0,0.0,0.0,0.0,0.0,0.0,0.0,0.0,0.0,0.0,0.0,0.0,0.0,0.0,0.0,0.0,0.0,0.0,0.0,0.0,0.0,0.0,0.0,0.0,0.0,0.0,0.0,0.0,0.0,0.0,0.0,0.0,0.0,0.0,0.0,0.0,0.0,0.0,0.0,0.0,0.0,0.0,0.0,0.0,0.0,0.0,0.0,0.0,0.0,0.0,0.0,0.0,0.0,0.0
2025-06-25,2025-06,0.0,0.0,8.0,8.0,8.0,6.0,8.0,8.0,8.0,6.0,4.0,2.0,2.0,0.0,0.0,0.0,0.0,0.0,0.0,0.0,0.0,0.0,0.0,0.0,0.0,0.0,0.0,0.0,0.0,0.0,0.0,4.0,30.0,128.0,136.0,138.0,140.0,138.0,138.0,2.0,0.0,0.0,0.0,0.0,0.0,0.0,0.0,0.0,0.0,0.0,0.0,0.0,0.0,0.0,0.0,0.0,0.0,0.0,0.0,0.0,0.0,0.0,0.0,0.0,0.0,0.0,0.0,0.0,0.0,0.0,0.0,0.0,0.0,0.0,0.0,0.0,0.0,0.0,0.0,0.0,0.0,0.0,0.0,0.0,0.0,0.0,0.0,0.0,0.0,0.0,0.0,0.0,0.0,0.0,0.0,0.0
2025-06-26,2025-06,0.0,0.0,0.0,0.0,0.0,0.0,0.0,0.0,0.0,0.0,0.0,0.0,0.0,0.0,0.0,0.0,0.0,0.0,0.0,0.0,0.0,0.0,0.0,0.0,0.0,0.0,0.0,0.0,0.0,0.0,0.0,0.0,0.0,0.0,0.0,0.0,0.0,0.0,0.0,0.0,0.0,0.0,0.0,0.0,0.0,0.0,0.0,0.0,0.0,0.0,0.0,0.0,0.0,0.0,0.0,0.0,0.0,0.0,0.0,0.0,0.0,0.0,0.0,0.0,0.0,0.0,0.0,0.0,0.0,0.0,0.0,0.0,0.0,0.0,0.0,0.0,0.0,0.0,0.0,0.0,0.0,0.0,0.0,4.0,12.0,12.0,14.0,12.0,4.0,4.0,4.0,4.0,6.0,14.0,14.0,14.0
2025-06-28,2025-06,8.0,10.0,6.0,6.0,10.0,10.0,10.0,6.0,4.0,2.0,2.0,0.0,0.0,0.0,0.0,0.0,0.0,0.0,0.0,0.0,0.0,0.0,0.0,0.0,0.0,0.0,0.0,0.0,0.0,0.0,0.0,0.0,0.0,0.0,0.0,0.0,0.0,0.0,0.0,0.0,0.0,0.0,0.0,0.0,0.0,0.0,0.0,0.0,0.0,0.0,0.0,0.0,0.0,0.0,0.0,0.0,0.0,0.0,0.0,0.0,0.0,0.0,0.0,0.0,0.0,0.0,0.0,0.0,0.0,0.0,0.0,0.0,0.0,0.0,0.0,0.0,0.0,0.0,0.0,0.0,0.0,0.0,0.0,0.0,0.0,0.0,0.0,0.0,0.0,0.0,0.0,0.0,0.0,0.0,0.0,0.0
2025-06-29,2025-06,0.0,0.0,0.0,0.0,0.0,0.0,0.0,0.0,0.0,0.0,0.0,0.0,0.0,0.0,0.0,0.0,0.0,0.0,0.0,0.0,0.0,0.0,0.0,0.0,0.0,0.0,0.0,0.0,0.0,0.0,0.0,0.0,0.0,0.0,0.0,0.0,0.0,0.0,0.0,0.0,0.0,0.0,0.0,0.0,0.0,0.0,0.0,0.0,0.0,0.0,0.0,0.0,0.0,0.0,0.0,0.0,0.0,0.0,0.0,0.0,0.0,0.0,0.0,0.0,0.0,0.0,0.0,0.0,0.0,0.0,0.0,0.0,0.0,0.0,0.0,0.0,0.0,0.0,0.0,0.0,0.0,0.0,0.0,0.0,0.0,0.0,0.0,0.0,0.0,0.0,0.0,0.0,0.0,0.0,0.0,0.0
2025-06-30,2025-06,0.0,0.0,0.0,0.0,0.0,0.0,0.0,0.0,0.0,0.0,0.0,0.0,0.0,0.0,0.0,0.0,0.0,0.0,0.0,0.0,0.0,0.0,0.0,0.0,0.0,0.0,0.0,0.0,0.0,0.0,0.0,0.0,0.0,0.0,0.0,0.0,0.0,0.0,0.0,0.0,0.0,0.0,0.0,0.0,0.0,0.0,0.0,0.0,0.0,0.0,0.0,0.0,0.0,0.0,0.0,0.0,0.0,0.0,0.0,0.0,0.0,0.0,0.0,0.0,0.0,0.0,0.0,0.0,0.0,0.0,0.0,0.0,0.0,0.0,0.0,0.0,0.0,0.0,0.0,0.0,0.0,0.0,0.0,0.0,0.0,0.0,0.0,0.0,0.0,0.0,0.0,0.0,0.0,0.0,0.0,0.0
2025-07-01,2025-07,0.0,0.0,0.0,0.0,0.0,0.0,0.0,0.0,0.0,0.0,0.0,0.0,0.0,0.0,0.0,0.0,0.0,0.0,0.0,0.0,0.0,0.0,0.0,0.0,0.0,0.0,0.0,0.0,0.0,0.0,0.0,0.0,0.0,0.0,0.0,0.0,0.0,0.0,0.0,0.0,0.0,0.0,0.0,0.0,0.0,0.0,0.0,0.0,0.0,0.0,0.0,0.0,0.0,0.0,0.0,0.0,0.0,0.0,0.0,0.0,0.0,0.0,0.0,0.0,0.0,0.0,0.0,0.0,0.0,0.0,0.0,2.0,2.0,2.0,0.0,0.0,0.0,0.0,0.0,0.0,0.0,0.0,0.0,8.0,12.0,12.0,10.0,12.0,16.0,12.0,10.0,12.0,10.0,6.0,4.0,8.0
2025-07-02,2025-07,34.0,124.0,138.0,140.0,140.0,140.0,140.0,138.0,138.0,138.0,136.0,136.0,134.0,134.0,134.0,134.0,134.0,132.0,132.0,132.0,132.0,130.0,130.0,130.0,130.0,128.0,128.0,128.0,128.0,128.0,126.0,126.0,124.0,124.0,124.0,124.0,126.0,126.0,124.0,124.0,126.0,126.0,126.0,124.0,126.0,128.0,128.0,128.0,124.0,98.0,98.0,106.0,108.0,32.0,28.0,68.0,76.0,14.0,0.0,0.0,0.0,0.0,0.0,0.0,0.0,0.0,0.0,0.0,0.0,0.0,0.0,0.0,0.0,0.0,0.0,0.0,0.0,0.0,0.0,0.0,0.0,0.0,0.0,0.0,0.0,0.0,0.0,0.0,0.0,0.0,0.0,0.0,0.0,0.0,0.0,0.0
2025-07-03,2025-07,0.0,0.0,0.0,0.0,0.0,0.0,0.0,0.0,0.0,0.0,0.0,0.0,0.0,0.0,0.0,0.0,0.0,0.0,0.0,0.0,0.0,0.0,0.0,0.0,0.0,0.0,0.0,0.0,18.0,64.0,130.0,132.0,132.0,132.0,130.0,128.0,128.0,128.0,128.0,126.0,126.0,126.0,126.0,126.0,126.0,126.0,126.0,126.0,124.0,124.0,122.0,0.0,0.0,0.0,0.0,0.0,0.0,0.0,0.0,0.0,0.0,0.0,0.0,0.0,0.0,0.0,0.0,0.0,0.0,0.0,0.0,0.0,0.0,4.0,4.0,8.0,8.0,6.0,6.0,6.0,6.0,4.0,2.0,0.0,0.0,0.0,0.0,0.0,0.0,0.0,0.0,0.0,0.0,0.0,0.0,0.0
2025-07-04,2025-07,0.0,0.0,0.0,0.0,0.0,0.0,0.0,0.0,0.0,0.0,0.0,0.0,0.0,0.0,0.0,0.0,0.0,0.0,0.0,0.0,0.0,0.0,0.0,10.0,10.0,14.0,14.0,4.0,0.0,0.0,0.0,0.0,0.0,0.0,0.0,24.0,84.0,132.0,132.0,132.0,132.0,130.0,130.0,130.0,128.0,128.0,128.0,128.0,126.0,126.0,126.0,126.0,126.0,126.0,126.0,124.0,126.0,124.0,124.0,124.0,124.0,2.0,0.0,0.0,0.0,0.0,0.0,0.0,0.0,0.0,0.0,0.0,0.0,0.0,0.0,0.0,0.0,0.0,0.0,0.0,0.0,0.0,0.0,0.0,0.0,0.0,0.0,0.0,0.0,0.0,0.0,0.0,0.0,0.0,0.0,0.0
2025-07-05,2025-07,0.0,0.0,0.0,0.0,0.0,0.0,0.0,0.0,0.0,0.0,0.0,0.0,0.0,0.0,0.0,0.0,0.0,0.0,0.0,0.0,0.0,0.0,0.0,0.0,0.0,0.0,0.0,0.0,0.0,0.0,0.0,0.0,0.0,0.0,0.0,0.0,0.0,0.0,0.0,0.0,0.0,0.0,0.0,0.0,0.0,0.0,0.0,0.0,0.0,0.0,0.0,0.0,0.0,0.0,0.0,0.0,0.0,0.0,0.0,0.0,0.0,0.0,0.0,0.0,0.0,0.0,0.0,0.0,0.0,0.0,0.0,0.0,0.0,0.0,0.0,0.0,0.0,0.0,0.0,0.0,0.0,0.0,0.0,0.0,0.0,0.0,0.0,0.0,0.0,0.0,0.0,0.0,0.0,0.0,0.0,0.0
2025-07-06,2025-07,0.0,0.0,0.0,0.0,0.0,0.0,0.0,0.0,0.0,0.0,0.0,0.0,0.0,0.0,0.0,0.0,0.0,0.0,0.0,0.0,0.0,0.0,0.0,0.0,0.0,0.0,0.0,0.0,0.0,0.0,0.0,0.0,0.0,0.0,0.0,0.0,0.0,0.0,0.0,0.0,0.0,0.0,0.0,0.0,0.0,0.0,0.0,0.0,0.0,0.0,0.0,0.0,0.0,0.0,0.0,0.0,0.0,0.0,0.0,0.0,0.0,0.0,0.0,0.0,0.0,0.0,0.0,0.0,0.0,0.0,0.0,0.0,0.0,0.0,0.0,0.0,0.0,0.0,0.0,0.0,0.0,0.0,0.0,0.0,0.0,0.0,0.0,0.0,0.0,0.0,0.0,0.0,0.0,0.0,0.0,0.0
2025-07-09,2025-07,0.0,0.0,0.0,0.0,0.0,0.0,0.0,0.0,0.0,0.0,0.0,0.0,0.0,0.0,0.0,0.0,0.0,0.0,0.0,0.0,0.0,0.0,0.0,0.0,0.0,0.0,0.0,0.0,0.0,0.0,0.0,0.0,0.0,0.0,0.0,0.0,0.0,0.0,0.0,0.0,0.0,0.0,0.0,0.0,0.0,0.0,0.0,0.0,0.0,0.0,0.0,0.0,0.0,0.0,0.0,0.0,0.0,0.0,0.0,0.0,0.0,0.0,0.0,0.0,0.0,0.0,0.0,0.0,0.0,0.0,0.0,0.0,0.0,0.0,0.0,0.0,0.0,0.0,0.0,0.0,0.0,0.0,0.0,0.0,0.0,0.0,0.0,0.0,0.0,0.0,0.0,0.0,0.0,0.0,0.0,0.0
2025-07-10,2025-07,0.0,0.0,0.0,0.0,0.0,0.0,0.0,0.0,0.0,0.0,0.0,0.0,0.0,0.0,0.0,0.0,0.0,0.0,0.0,0.0,0.0,0.0,0.0,0.0,0.0,0.0,0.0,0.0,0.0,0.0,0.0,0.0,0.0,0.0,0.0,0.0,0.0,0.0,0.0,0.0,0.0,0.0,0.0,0.0,0.0,0.0,0.0,0.0,0.0,0.0,0.0,0.0,0.0,0.0,0.0,0.0,0.0,0.0,0.0,0.0,0.0,0.0,0.0,0.0,0.0,0.0,0.0,0.0,0.0,0.0,0.0,0.0,0.0,0.0,0.0,0.0,0.0,0.0,0.0,0.0,0.0,0.0,0.0,0.0,0.0,0.0,0.0,0.0,0.0,0.0,0.0,0.0,0.0,0.0,0.0,0.0
2025-07-11,2025-07,0.0,0.0,0.0,0.0,0.0,0.0,0.0,0.0,0.0,0.0,0.0,0.0,0.0,0.0,0.0,0.0,0.0,0.0,0.0,0.0,0.0,0.0,0.0,0.0,0.0,0.0,0.0,0.0,0.0,0.0,0.0,0.0,0.0,0.0,0.0,0.0,0.0,0.0,0.0,0.0,0.0,0.0,0.0,0.0,0.0,0.0,0.0,0.0,0.0,0.0,0.0,0.0,0.0,0.0,0.0,0.0,0.0,0.0,0.0,0.0,0.0,0.0,0.0,0.0,0.0,0.0,0.0,0.0,0.0,0.0,0.0,0.0,0.0,0.0,0.0,0.0,0.0,0.0,0.0,0.0,0.0,0.0,0.0,0.0,0.0,0.0,0.0,0.0,0.0,0.0,0.0,0.0,0.0,0.0,0.0,0.0
2025-07-14,2025-07,0.0,0.0,0.0,0.0,0.0,0.0,0.0,0.0,0.0,0.0,0.0,0.0,0.0,0.0,0.0,0.0,0.0,0.0,0.0,0.0,0.0,0.0,0.0,0.0,0.0,0.0,0.0,0.0,0.0,0.0,0.0,0.0,0.0,0.0,0.0,0.0,0.0,0.0,0.0,0.0,0.0,0.0,0.0,0.0,0.0,0.0,0.0,0.0,0.0,0.0,0.0,0.0,0.0,0.0,0.0,0.0,0.0,0.0,0.0,0.0,0.0,0.0,0.0,0.0,0.0,0.0,0.0,0.0,0.0,0.0,0.0,0.0,0.0,0.0,0.0,0.0,0.0,0.0,0.0,0.0,0.0,0.0,0.0,0.0,0.0,0.0,0.0,0.0,0.0,0.0,0.0,0.0,0.0,0.0,0.0,0.0
2025-07-15,2025-07,0.0,0.0,0.0,0.0,0.0,0.0,0.0,0.0,0.0,0.0,0.0,0.0,0.0,0.0,0.0,0.0,0.0,0.0,0.0,0.0,0.0,0.0,0.0,0.0,0.0,0.0,0.0,0.0,0.0,0.0,0.0,0.0,0.0,0.0,0.0,0.0,0.0,0.0,0.0,0.0,0.0,0.0,0.0,0.0,0.0,0.0,0.0,0.0,0.0,0.0,0.0,0.0,0.0,0.0,0.0,0.0,0.0,0.0,0.0,0.0,0.0,0.0,0.0,0.0,0.0,0.0,0.0,0.0,0.0,0.0,0.0,0.0,0.0,0.0,0.0,0.0,0.0,0.0,0.0,0.0,0.0,0.0,0.0,0.0,0.0,0.0,0.0,0.0,0.0,0.0,0.0,0.0,0.0,0.0,0.0,0.0
2025-07-16,2025-07,0.0,0.0,0.0,0.0,0.0,0.0,0.0,0.0,0.0,0.0,0.0,0.0,0.0,0.0,0.0,0.0,0.0,0.0,0.0,0.0,0.0,0.0,0.0,0.0,0.0,0.0,0.0,0.0,0.0,0.0,0.0,0.0,0.0,0.0,0.0,0.0,0.0,0.0,0.0,0.0,0.0,0.0,0.0,0.0,0.0,0.0,0.0,0.0,0.0,0.0,0.0,0.0,0.0,0.0,0.0,0.0,0.0,0.0,0.0,0.0,0.0,0.0,0.0,0.0,0.0,0.0,0.0,0.0,0.0,0.0,0.0,0.0,0.0,0.0,0.0,0.0,0.0,0.0,0.0,0.0,0.0,0.0,0.0,0.0,0.0,0.0,0.0,0.0,0.0,0.0,0.0,0.0,0.0,0.0,0.0,0.0
2025-07-17,2025-07,0.0,0.0,0.0,0.0,0.0,0.0,0.0,0.0,0.0,0.0,0.0,0.0,0.0,0.0,0.0,0.0,0.0,0.0,0.0,0.0,0.0,0.0,0.0,0.0,0.0,0.0,0.0,0.0,0.0,0.0,0.0,0.0,0.0,0.0,0.0,0.0,0.0,0.0,0.0,0.0,0.0,0.0,0.0,0.0,0.0,0.0,0.0,0.0,0.0,0.0,0.0,0.0,0.0,0.0,0.0,0.0,0.0,0.0,0.0,0.0,0.0,0.0,0.0,0.0,0.0,0.0,0.0,0.0,0.0,0.0,0.0,0.0,0.0,0.0,0.0,0.0,0.0,0.0,0.0,0.0,0.0,0.0,0.0,0.0,0.0,0.0,0.0,0.0,0.0,0.0,0.0,0.0,0.0,0.0,0.0,0.0
2025-07-18,2025-07,0.0,0.0,0.0,0.0,0.0,0.0,0.0,0.0,0.0,0.0,0.0,0.0,0.0,0.0,0.0,0.0,0.0,0.0,0.0,0.0,0.0,0.0,0.0,0.0,0.0,0.0,0.0,0.0,0.0,0.0,0.0,0.0,0.0,0.0,0.0,0.0,0.0,0.0,0.0,0.0,0.0,0.0,0.0,0.0,0.0,0.0,0.0,0.0,0.0,0.0,0.0,0.0,0.0,0.0,0.0,0.0,0.0,0.0,0.0,0.0,0.0,0.0,0.0,0.0,0.0,0.0,0.0,0.0,0.0,0.0,0.0,0.0,0.0,0.0,0.0,0.0,0.0,0.0,0.0,0.0,0.0,0.0,0.0,0.0,0.0,0.0,0.0,0.0,0.0,0.0,0.0,0.0,0.0,0.0,0.0,0.0
2025-07-19,2025-07,0.0,0.0,0.0,0.0,0.0,0.0,0.0,0.0,0.0,0.0,0.0,0.0,0.0,0.0,0.0,0.0,0.0,0.0,0.0,0.0,0.0,0.0,0.0,0.0,0.0,0.0,0.0,0.0,0.0,0.0,0.0,0.0,0.0,0.0,0.0,0.0,0.0,0.0,0.0,0.0,0.0,0.0,0.0,0.0,0.0,0.0,0.0,0.0,0.0,0.0,0.0,0.0,0.0,0.0,0.0,0.0,0.0,0.0,0.0,0.0,0.0,0.0,0.0,0.0,0.0,0.0,0.0,0.0,0.0,0.0,0.0,0.0,0.0,0.0,0.0,0.0,0.0,0.0,0.0,0.0,0.0,0.0,0.0,0.0,0.0,0.0,0.0,0.0,0.0,0.0,0.0,0.0,0.0,0.0,0.0,0.0
2025-07-20,2025-07,0.0,0.0,0.0,0.0,0.0,0.0,0.0,0.0,0.0,0.0,0.0,0.0,0.0,0.0,0.0,0.0,0.0,0.0,0.0,0.0,0.0,0.0,0.0,0.0,0.0,0.0,0.0,0.0,0.0,0.0,0.0,0.0,0.0,0.0,0.0,0.0,0.0,0.0,0.0,0.0,0.0,0.0,0.0,0.0,0.0,0.0,0.0,0.0,0.0,0.0,0.0,0.0,0.0,0.0,0.0,0.0,0.0,0.0,0.0,0.0,0.0,0.0,0.0,0.0,0.0,0.0,0.0,0.0,0.0,0.0,0.0,0.0,0.0,0.0,0.0,0.0,0.0,0.0,0.0,0.0,0.0,0.0,0.0,0.0,0.0,0.0,0.0,0.0,0.0,0.0,0.0,0.0,0.0,0.0,0.0,0.0
2025-07-21,2025-07,0.0,0.0,0.0,0.0,0.0,0.0,0.0,0.0,0.0,0.0,0.0,0.0,0.0,0.0,0.0,0.0,0.0,0.0,0.0,0.0,0.0,0.0,0.0,0.0,0.0,0.0,0.0,0.0,0.0,0.0,0.0,0.0,0.0,0.0,0.0,0.0,0.0,0.0,0.0,0.0,0.0,0.0,0.0,0.0,0.0,0.0,0.0,0.0,0.0,0.0,0.0,0.0,0.0,0.0,0.0,0.0,0.0,0.0,0.0,0.0,0.0,0.0,0.0,0.0,0.0,0.0,0.0,0.0,0.0,0.0,0.0,0.0,0.0,0.0,0.0,0.0,0.0,0.0,0.0,0.0,0.0,0.0,0.0,0.0,0.0,0.0,0.0,0.0,0.0,0.0,0.0,0.0,0.0,0.0,0.0,0.0
2025-07-22,2025-07,0.0,0.0,0.0,0.0,0.0,0.0,0.0,0.0,0.0,0.0,0.0,0.0,0.0,0.0,0.0,0.0,0.0,0.0,0.0,0.0,0.0,0.0,0.0,0.0,0.0,0.0,0.0,0.0,0.0,0.0,0.0,0.0,0.0,0.0,0.0,0.0,0.0,0.0,0.0,0.0,0.0,0.0,0.0,0.0,0.0,0.0,0.0,0.0,0.0,0.0,0.0,0.0,0.0,0.0,0.0,0.0,0.0,0.0,0.0,0.0,0.0,0.0,0.0,0.0,0.0,0.0,0.0,0.0,0.0,0.0,0.0,0.0,0.0,0.0,0.0,0.0,0.0,0.0,0.0,0.0,0.0,0.0,0.0,0.0,0.0,0.0,0.0,0.0,0.0,0.0,0.0,0.0,0.0,0.0,0.0,0.0
2025-07-24,2025-07,0.0,0.0,0.0,0.0,0.0,0.0,0.0,0.0,0.0,0.0,0.0,0.0,0.0,0.0,0.0,0.0,0.0,0.0,0.0,0.0,0.0,0.0,0.0,0.0,0.0,0.0,0.0,0.0,0.0,0.0,0.0,0.0,0.0,0.0,0.0,0.0,0.0,0.0,0.0,0.0,0.0,0.0,0.0,0.0,0.0,0.0,0.0,0.0,0.0,0.0,0.0,0.0,0.0,0.0,0.0,0.0,0.0,2.0,0.0,0.0,0.0,0.0,0.0,0.0,0.0,0.0,0.0,0.0,0.0,14.0,56.0,136.0,140.0,142.0,140.0,140.0,140.0,138.0,138.0,136.0,136.0,134.0,136.0,136.0,136.0,134.0,134.0,134.0,134.0,132.0,132.0,132.0,132.0,132.0,132.0,130.0
2025-07-25,2025-07,130.0,130.0,130.0,130.0,128.0,128.0,128.0,128.0,128.0,128.0,126.0,126.0,126.0,126.0,126.0,126.0,126.0,126.0,126.0,126.0,126.0,126.0,124.0,124.0,124.0,96.0,94.0,94.0,96.0,60.0,4.0,30.0,120.0,126.0,126.0,126.0,126.0,126.0,126.0,126.0,126.0,124.0,124.0,124.0,124.0,126.0,126.0,126.0,126.0,126.0,126.0,126.0,126.0,126.0,2.0,0.0,0.0,0.0,0.0,0.0,0.0,0.0,0.0,0.0,0.0,0.0,0.0,0.0,0.0,0.0,0.0,0.0,0.0,0.0,0.0,0.0,0.0,0.0,0.0,20.0,74.0,128.0,128.0,128.0,126.0,126.0,124.0,126.0,126.0,126.0,126.0,126.0,126.0,98.66666666666667,71.33333333333334,44.0
2025-07-27,2025-07,0.0,0.0,0.0,0.0,0.0,0.0,0.0,0.0,0.0,0.0,0.0,0.0,0.0,0.0,0.0,0.0,0.0,0.0,0.0,0.0,0.0,0.0,0.0,0.0,0.0,0.0,0.0,0.0,0.0,0.0,0.0,0.0,0.0,0.0,0.0,0.0,0.0,8.0,36.0,126.0,128.0,128.0,128.0,128.0,128.0,128.0,126.0,126.0,126.0,32.0,0.0,0.0,0.0,0.0,0.0,0.0,0.0,0.0,0.0,0.0,0.0,0.0,0.0,0.0,0.0,0.0,0.0,0.0,0.0,0.0,0.0,0.0,0.0,0.0,0.0,0.0,0.0,0.0,0.0,0.0,0.0,0.0,0.0,0.0,0.0,0.0,0.0,0.0,0.0,0.0,0.0,0.0,0.0,0.0,0.0,0.0
2025-08-07,2025-08,0.0,0.0,0.0,0.0,0.0,0.0,0.0,0.0,0.0,0.0,0.0,0.0,0.0,0.0,0.0,0.0,0.0,0.0,0.0,0.0,0.0,0.0,0.0,0.0,0.0,0.0,0.0,0.0,0.0,0.0,0.0,0.0,0.0,0.0,0.0,0.0,0.0,0.0,0.0,0.0,0.0,0.0,0.0,0.0,0.0,0.0,0.0,0.0,0.0,0.0,0.0,0.0,0.0,0.0,0.0,0.0,0.0,0.0,0.0,0.0,0.0,0.0,0.0,0.0,0.0,0.0,0.0,0.0,0.0,0.0,0.0,0.0,0.0,0.0,0.0,0.0,0.0,0.0,0.0,0.0,0.0,0.0,0.0,0.0,0.0,0.0,0.0,0.0,0.0,0.0,0.0,0.0,0.0,0.0,0.0,0.0
2025-08-11,2025-08,0.0,0.0,0.0,0.0,0.0,0.0,0.0,0.0,0.0,0.0,0.0,0.0,0.0,0.0,0.0,0.0,0.0,0.0,0.0,0.0,0.0,0.0,0.0,0.0,0.0,0.0,0.0,0.0,0.0,0.0,0.0,0.0,0.0,0.0,0.0,0.0,0.0,0.0,0.0,0.0,0.0,0.0,0.0,0.0,0.0,0.0,0.0,0.0,0.0,0.0,0.0,0.0,0.0,0.0,0.0,0.0,0.0,0.0,0.0,0.0,0.0,0.0,0.0,0.0,0.0,0.0,0.0,0.0,0.0,0.0,0.0,0.0,0.0,0.0,0.0,0.0,0.0,0.0,0.0,0.0,0.0,0.0,0.0,0.0,0.0,0.0,0.0,0.0,0.0,0.0,0.0,0.0,0.0,0.0,0.0,0.0
2025-08-13,2025-08,0.0,0.0,0.0,0.0,0.0,0.0,0.0,0.0,0.0,0.0,0.0,0.0,0.0,0.0,0.0,0.0,0.0,0.0,0.0,0.0,0.0,0.0,0.0,0.0,0.0,0.0,0.0,0.0,0.0,0.0,0.0,0.0,0.0,0.0,0.0,0.0,0.0,0.0,0.0,0.0,0.0,0.0,0.0,0.0,0.0,0.0,0.0,0.0,0.0,0.0,0.0,0.0,0.0,0.0,0.0,0.0,0.0,0.0,0.0,0.0,0.0,0.0,0.0,0.0,0.0,0.0,0.0,0.0,0.0,0.0,0.0,0.0,0.0,0.0,0.0,0.0,0.0,0.0,0.0,0.0,0.0,0.0,0.0,0.0,0.0,0.0,0.0,0.0,0.0,0.0,0.0,0.0,2.0,2.0,2.0,2.0
2025-08-14,2025-08,2.0,2.0,2.0,2.0,2.0,2.0,2.0,2.0,2.0,0.0,2.0,0.0,0.0,0.0,0.0,0.0,0.0,0.0,0.0,0.0,0.0,0.0,0.0,0.0,0.0,0.0,0.0,0.0,2.0,6.0,6.0,6.0,6.0,4.0,4.0,6.0,6.0,6.0,6.0,6.0,6.0,4.0,4.0,2.0,2.0,6.0,0.0,0.0,0.0,0.0,2.0,2.0,0.0,0.0,2.0,0.0,0.0,0.0,0.0,0.0,0.0,0.0,0.0,0.0,0.0,0.0,0.0,0.0,0.0,0.0,0.0,0.0,0.0,0.0,0.0,0.0,0.0,2.0,0.0,2.0,16.0,18.0,10.0,6.0,6.0,4.0,2.0,4.0,4.0,2.0,0.0,0.0,0.0,0.0,0.0,0.0
2025-08-15,2025-08,0.0,0.0,0.0,0.0,0.0,0.0,0.0,0.0,0.0,0.0,0.0,0.0,0.0,0.0,0.0,0.0,0.0,0.0,0.0,0.0,0.0,0.0,0.0,0.0,0.0,0.0,0.0,4.0,6.0,0.0,2.0,2.0,0.0,0.0,0.0,2.0,0.0,2.0,2.0,2.0,0.0,0.0,0.0,0.0,0.0,0.0,0.0,0.0,0.0,0.0,0.0,0.0,0.0,0.0,0.0,0.0,0.0,2.0,2.0,2.0,2.0,0.0,0.0,0.0,2.0,0.0,0.0,0.0,2.0,2.0,2.0,0.0,0.0,0.0,0.0,0.0,0.0,0.0,0.0,2.0,0.0,0.0,0.0,0.0,2.0,0.0,0.0,1.0,2.0,0.0,0.0,0.0,0.0,0.0,0.0,0.0
2025-08-16,2025-08,0.0,0.0,0.0,0.0,0.0,0.0,0.0,0.0,0.0,0.0,0.0,2.0,0.0,0.0,0.0,0.0,0.0,0.0,0.0,0.0,0.0,0.0,0.0,0.0,0.0,0.0,0.0,0.0,0.0,0.0,0.0,0.0,0.0,0.0,0.0,0.0,0.0,0.0,0.0,2.0,2.0,0.0,2.0,2.0,0.0,0.0,0.0,0.0,0.0,0.0,0.0,0.0,0.0,0.0,0.0,0.0,0.0,0.0,0.0,0.0,0.0,0.0,0.0,0.0,0.0,0.0,0.0,0.0,0.0,0.0,0.0,0.0,0.0,0.0,2.0,2.0,0.0,0.0,0.0,0.0,0.0,0.0,0.0,0.0,0.0,0.0,0.0,0.0,0.0,0.0,0.0,2.0,2.0,2.0,2.0,2.0
2025-08-17,2025-08,2.0,2.0,2.0,2.0,2.0,0.0,2.0,0.0,0.0,0.0,0.0,0.0,0.0,0.0,0.0,0.0,0.0,0.0,0.0,0.0,0.0,0.0,4.0,2.0,0.0,0.0,2.0,2.0,2.0,0.0,0.0,0.0,0.0,0.0,0.0,2.0,0.0,0.0,0.0,0.0,0.0,0.0,2.0,2.0,2.0,2.0,0.0,6.0,2.0,0.0,0.0,0.0,0.0,0.0,0.0,0.0,2.0,2.0,1.0,0.0,0.0,0.0,0.0,0.0,0.0,0.0,0.0,0.0,0.0,0.0,0.0,0.0,0.0,0.0,0.0,0.0,0.0,2.0,0.0,0.0,4.0,4.0,0.0,0.0,0.0,0.0,0.0,0.0,0.0,0.0,0.0,0.0,0.0,0.0,0.0,0.0
2025-08-18,2025-08,0.0,0.0,0.0,0.0,0.0,0.0,0.0,0.0,0.0,0.0,0.0,2.0,2.0,2.0,2.0,2.0,0.0,0.0,0.0,0.0,0.0,0.0,0.0,0.0,0.0,0.0,0.0,0.0,0.0,0.0,0.0,0.0,0.0,0.0,0.0,0.0,0.0,0.0,0.0,0.0,0.0,2.0,2.0,2.0,2.0,0.0,2.0,0.0,0.0,0.0,0.0,0.0,0.0,0.0,0.0,0.0,0.0,0.0,0.0,0.0,0.0,0.0,0.0,0.0,0.0,0.0,0.0,0.0,0.0,0.0,0.0,0.0,0.0,0.0,0.0,0.0,2.0,0.0,0.0,0.0,0.0,0.0,0.0,0.0,0.0,0.0,0.0,0.0,0.0,0.0,0.0,0.0,0.0,0.0,0.0,0.0
2025-08-19,2025-08,0.0,0.0,0.0,0.0,0.0,0.0,0.0,0.0,0.0,0.0,0.0,0.0,0.0,0.0,0.0,2.0,2.0,0.0,0.0,0.0,0.0,0.0,0.0,0.0,0.0,0.0,0.0,0.0,0.0,0.0,0.0,0.0,0.0,0.0,0.0,0.0,0.0,0.0,0.0,0.0,0.0,0.0,0.0,0.0,0.0,0.0,0.0,0.0,0.0,2.0,2.0,2.0,2.0,2.0,2.0,2.0,0.0,0.0,0.0,0.0,0.0,0.0,0.0,0.0,0.0,0.0,0.0,0.0,0.0,2.0,2.0,0.0,0.0,0.0,0.0,0.0,0.0,0.0,0.0,2.0,2.0,2.0,2.0,0.0,0.0,0.0,0.0,0.0,0.0,0.0,0.0,0.0,0.0,0.0,0.0,0.0
2025-08-20,2025-08,0.0,0.0,0.0,0.0,0.0,0.0,0.0,0.0,0.0,0.0,0.0,0.0,0.0,0.0,0.0,0.0,0.0,0.0,0.0,0.0,0.0,0.0,0.0,0.0,0.0,0.0,0.0,0.0,0.0,0.0,0.0,0.0,0.0,0.0,0.0,0.0,0.0,0.0,0.0,0.0,0.0,0.0,0.0,0.0,0.0,0.0,0.0,1.0,2.0,0.0,0.0,0.0,0.0,0.0,0.0,0.0,0.0,0.0,0.0,0.0,0.0,0.0,0.0,0.0,0.0,0.0,0.0,0.0,0.0,0.0,0.0,0.0,0.0,0.0,2.0,0.0,0.0,0.0,0.0,0.0,0.0,0.0,0.0,0.0,0.0,0.0,0.0,0.0,0.0,0.0,0.0,0.0,0.0,0.0,0.0,0.0
2025-08-21,2025-08,0.0,0.0,0.0,0.0,0.0,0.0,0.0,0.0,0.0,0.0,0.0,0.0,0.0,0.0,0.0,0.0,0.0,0.0,0.0,0.0,2.0,6.0,0.0,0.0,0.0,0.0,0.0,0.0,0.0,0.0,0.0,0.0,0.0,0.0,0.0,0.0,0.0,0.0,0.0,0.0,0.0,0.0,0.0,0.0,0.0,0.0,0.0,0.0,0.0,0.0,0.0,0.0,0.0,0.0,0.0,0.0,0.0,0.0,0.0,0.0,0.0,0.0,0.0,0.0,0.0,0.0,0.0,0.0,0.0,0.0,0.0,0.0,0.0,0.0,0.0,0.0,0.0,0.0,0.0,0.0,0.0,0.0,0.0,0.0,0.0,0.0,2.0,0.0,0.0,0.0,0.0,0.0,0.0,0.0,0.0,2.0
2025-08-22,2025-08,2.0,2.0,2.0,2.0,2.0,2.0,2.0,2.0,0.0,2.0,2.0,2.0,0.0,0.0,0.0,0.0,0.0,0.0,0.0,0.0,0.0,0.0,0.0,0.0,0.0,0.0,0.0,0.0,0.0,0.0,0.0,0.0,0.0,0.0,0.0,0.0,0.0,0.0,0.0,0.0,0.0,0.0,0.0,0.0,0.0,0.0,0.0,2.0,0.0,0.0,0.0,0.0,0.0,0.0,0.0,0.0,0.0,0.0,0.0,0.0,0.0,0.0,0.0,0.0,0.0,0.0,0.0,0.0,0.0,0.0,0.0,0.0,0.0,0.0,0.0,0.0,0.0,0.0,0.0,0.0,0.0,0.0,0.0,0.0,0.0,0.0,0.0,0.0,0.0,0.0,0.0,0.0,0.0,0.0,0.0,0.0
2025-08-23,2025-08,0.0,0.0,0.0,0.0,0.0,0.0,0.0,0.0,0.0,0.0,0.0,0.0,0.0,0.0,0.0,0.0,0.0,0.0,0.0,0.0,0.0,0.0,0.0,0.0,0.0,0.0,0.0,0.0,0.0,0.0,0.0,0.0,0.0,0.0,0.0,0.0,0.0,0.0,0.0,0.0,0.0,0.0,0.0,0.0,0.0,0.0,0.0,0.0,0.0,0.0,0.0,0.0,0.0,0.0,0.0,0.0,0.0,0.0,0.0,0.0,0.0,0.0,0.0,0.0,0.0,0.0,0.0,0.0,0.0,0.0,0.0,0.0,0.0,0.0,0.0,0.0,0.0,0.0,0.0,0.0,0.0,0.0,0.0,0.0,0.0,0.0,0.0,0.0,0.0,0.0,0.0,0.0,0.0,0.0,0.0,0.0
2025-08-24,2025-08,0.0,0.0,0.0,0.0,0.0,0.0,0.0,0.0,0.0,0.0,0.0,0.0,0.0,0.0,0.0,0.0,0.0,0.0,0.0,0.0,0.0,0.0,0.0,0.0,0.0,0.0,0.0,0.0,0.0,0.0,0.0,0.0,0.0,0.0,0.0,0.0,0.0,0.0,0.0,0.0,0.0,0.0,0.0,0.0,0.0,0.0,0.0,0.0,0.0,0.0,0.0,0.0,0.0,0.0,0.0,0.0,0.0,0.0,0.0,0.0,0.0,0.0,0.0,0.0,0.0,0.0,0.0,0.0,0.0,0.0,0.0,0.0,0.0,0.0,0.0,0.0,0.0,0.0,0.0,0.0,0.0,0.0,0.0,0.0,0.0,0.0,0.0,0.0,0.0,0.0,0.0,0.0,0.0,0.0,0.0,0.0
2025-08-25,2025-08,0.0,0.0,0.0,0.0,0.0,0.0,0.0,0.0,0.0,0.0,0.0,0.0,0.0,0.0,0.0,0.0,0.0,0.0,0.0,0.0,0.0,0.0,0.0,0.0,0.0,0.0,0.0,0.0,0.0,0.0,0.0,0.0,0.0,0.0,0.0,0.0,0.0,0.0,0.0,0.0,0.0,0.0,0.0,0.0,0.0,0.0,0.0,0.0,0.0,0.0,0.0,0.0,0.0,0.0,0.0,0.0,0.0,0.0,0.0,0.0,0.0,0.0,0.0,0.0,0.0,0.0,0.0,0.0,0.0,0.0,0.0,0.0,0.0,0.0,0.0,0.0,0.0,0.0,0.0,0.0,0.0,0.0,0.0,0.0,0.0,0.0,0.0,0.0,0.0,0.0,0.0,0.0,0.0,0.0,0.0,0.0
2025-08-26,2025-08,0.0,0.0,0.0,0.0,0.0,0.0,0.0,0.0,0.0,0.0,0.0,0.0,0.0,0.0,0.0,0.0,0.0,0.0,0.0,0.0,0.0,0.0,0.0,0.0,0.0,0.0,0.0,0.0,0.0,0.0,0.0,0.0,0.0,0.0,0.0,0.0,0.0,0.0,0.0,0.0,0.0,0.0,0.0,0.0,0.0,0.0,0.0,0.0,0.0,0.0,0.0,0.0,0.0,0.0,0.0,0.0,0.0,0.0,0.0,0.0,0.0,0.0,0.0,0.0,0.0,0.0,0.0,0.0,0.0,0.0,0.0,0.0,0.0,0.0,0.0,0.0,0.0,0.0,0.0,0.0,0.0,0.0,0.0,0.0,0.0,0.0,0.0,0.0,0.0,0.0,0.0,0.0,0.0,0.0,0.0,0.0
2025-08-27,2025-08,0.0,0.0,0.0,0.0,0.0,0.0,0.0,0.0,0.0,0.0,0.0,0.0,0.0,0.0,0.0,0.0,0.0,0.0,0.0,0.0,0.0,0.0,0.0,0.0,0.0,0.0,0.0,0.0,0.0,0.0,0.0,0.0,0.0,0.0,0.0,0.0,0.0,0.0,0.0,0.0,0.0,0.0,0.0,0.0,0.0,0.0,0.0,0.0,0.0,0.0,0.0,0.0,0.0,0.0,0.0,0.0,0.0,0.0,0.0,0.0,0.0,0.0,0.0,0.0,0.0,0.0,0.0,0.0,0.0,0.0,0.0,0.0,0.0,0.0,0.0,0.0,0.0,0.0,0.0,0.0,0.0,0.0,0.0,0.0,0.0,0.0,0.0,0.0,0.0,0.0,0.0,0.0,0.0,0.0,0.0,0.0
2025-08-28,2025-08,0.0,0.0,0.0,0.0,0.0,0.0,0.0,0.0,0.0,0.0,0.0,0.0,0.0,0.0,0.0,0.0,0.0,0.0,0.0,0.0,0.0,0.0,0.0,0.0,0.0,0.0,0.0,0.0,0.0,0.0,0.0,0.0,0.0,0.0,0.0,0.0,0.0,0.0,0.0,0.0,0.0,0.0,0.0,0.0,0.0,0.0,0.0,0.0,0.0,0.0,0.0,0.0,0.0,0.0,0.0,0.0,0.0,0.0,0.0,0.0,0.0,0.0,0.0,0.0,0.0,0.0,0.0,0.0,0.0,0.0,0.0,0.0,0.0,0.0,0.0,0.0,0.0,0.0,0.0,0.0,0.0,0.0,0.0,0.0,0.0,6.0,4.0,0.0,0.0,0.0,0.0,0.0,0.0,0.0,0.0,0.0
2025-08-29,2025-08,0.0,0.0,0.0,0.0,0.0,0.0,0.0,0.0,0.0,0.0,0.0,0.0,0.0,0.0,0.0,0.0,0.0,0.0,0.0,0.0,0.0,0.0,0.0,0.0,0.0,0.0,0.0,0.0,0.0,0.0,0.0,0.0,0.0,0.0,0.0,0.0,2.0,2.0,0.0,0.0,2.0,0.0,0.0,0.0,0.0,0.0,0.0,0.0,0.0,0.0,0.0,0.0,2.0,2.0,2.0,2.0,2.0,2.0,0.0,0.0,0.0,0.0,0.0,0.0,0.0,0.0,0.0,0.0,2.0,2.0,2.0,2.0,2.0,2.0,2.0,2.0,2.0,2.0,4.0,4.0,0.0,0.0,0.0,0.0,0.0,0.0,0.0,0.0,0.0,0.0,0.0,0.0,0.0,0.0,2.0,2.0
2025-08-30,2025-08,2.0,2.0,2.0,2.0,2.0,2.0,2.0,2.0,2.0,2.0,2.0,2.0,0.0,30.0,100.0,126.0,118.0,2.0,2.0,2.0,2.0,2.0,2.0,2.0,0.0,0.0,0.0,6.0,2.0,0.0,0.0,0.0,0.0,0.0,0.0,0.0,0.0,0.0,0.0,0.0,0.0,0.0,0.0,0.0,0.0,0.0,0.0,0.0,0.0,0.0,2.0,0.0,0.0,0.0,0.0,0.0,0.0,0.0,0.0,0.0,0.0,0.0,0.0,0.0,0.0,0.0,0.0,0.0,0.0,0.0,0.0,0.0,0.0,0.0,0.0,0.0,0.0,0.0,0.0,0.0,0.0,0.0,4.0,10.0,8.0,0.0,2.0,4.0,0.0,0.0,0.0,0.0,2.0,10.0,12.0,6.0
2025-08-31,2025-08,0.0,0.0,0.0,0.0,0.0,0.0,0.0,0.0,0.0,0.0,0.0,0.0,0.0,0.0,0.0,0.0,0.0,0.0,0.0,0.0,0.0,0.0,0.0,0.0,0.0,0.0,0.0,0.0,0.0,0.0,0.0,0.0,0.0,0.0,0.0,0.0,0.0,0.0,0.0,0.0,2.0,2.0,2.0,2.0,0.0,2.0,0.0,0.0,0.0,0.0,0.0,0.0,0.0,0.0,0.0,0.0,0.0,0.0,0.0,0.0,0.0,0.0,0.0,0.0,0.0,0.0,0.0,0.0,0.0,0.0,0.0,0.0,0.0,0.0,0.0,0.0,0.0,0.0,0.0,4.0,6.0,0.0,0.0,0.0,0.0,0.0,0.0,0.0,0.0,0.0,0.0,2.0,4.0,4.0,2.0,0.0
2025-09-01,2025-09,0.0,0.0,0.0,0.0,0.0,0.0,0.0,0.0,0.0,0.0,0.0,0.0,0.0,0.0,0.0,0.0,0.0,0.0,0.0,0.0,2.0,6.0,14.0,8.0,10.0,6.0,6.0,4.0,0.0,0.0,0.0,0.0,0.0,0.0,0.0,0.0,0.0,0.0,0.0,0.0,0.0,0.0,0.0,0.0,0.0,0.0,0.0,0.0,0.0,0.0,0.0,0.0,0.0,0.0,0.0,0.0,0.0,0.0,0.0,0.0,0.0,0.0,0.0,0.0,0.0,0.0,0.0,0.0,0.0,0.0,0.0,0.0,0.0,0.0,0.0,0.0,0.0,2.0,0.0,0.0,0.0,0.0,0.0,0.0,0.0,0.0,0.0,0.0,0.0,0.0,0.0,0.0,0.0,0.0,0.0,0.0
2025-09-02,2025-09,0.0,0.0,0.0,0.0,0.0,0.0,0.0,0.0,0.0,0.0,0.0,0.0,0.0,0.0,0.0,0.0,0.0,0.0,0.0,0.0,0.0,0.0,0.0,0.0,0.0,0.0,0.0,0.0,0.0,0.0,0.0,0.0,0.0,0.0,0.0,0.0,0.0,0.0,0.0,0.0,0.0,0.0,0.0,0.0,0.0,0.0,0.0,0.0,0.0,0.0,0.0,0.0,0.0,0.0,0.0,0.0,0.0,0.0,0.0,0.0,0.0,0.0,0.0,0.0,0.0,0.0,0.0,0.0,0.0,0.0,0.0,0.0,0.0,0.0,0.0,0.0,0.0,0.0,0.0,0.0,0.0,0.0,0.0,0.0,0.0,0.0,0.0,0.0,0.0,0.0,0.0,0.0,0.0,0.0,0.0,6.0
2025-09-03,2025-09,10.0,10.0,8.0,10.0,8.0,6.0,4.0,2.0,2.0,0.0,0.0,0.0,0.0,0.0,0.0,0.0,0.0,0.0,0.0,0.0,0.0,0.0,0.0,0.0,0.0,0.0,0.0,0.0,2.0,4.0,4.0,0.0,0.0,0.0,0.0,0.0,0.0,0.0,0.0,0.0,0.0,0.0,0.0,0.0,0.0,0.0,0.0,0.0,0.0,0.0,0.0,0.0,0.0,2.0,0.0,0.0,0.0,0.0,0.0,0.0,0.0,0.0,0.0,0.0,0.0,0.0,0.0,0.0,0.0,0.0,0.0,0.0,0.0,0.0,0.0,0.0,0.0,0.0,2.0,10.0,10.0,8.0,8.0,10.0,10.0,0.0,0.0,0.0,0.0,0.0,0.0,0.0,0.0,0.0,0.0,0.0
2025-09-04,2025-09,0.0,0.0,0.0,0.0,0.0,0.0,0.0,0.0,0.0,0.0,0.0,0.0,0.0,0.0,0.0,0.0,0.0,0.0,0.0,0.0,0.0,0.0,0.0,0.0,2.0,5.0,8.0,6.0,4.0,0.0,0.0,0.0,0.0,0.0,0.0,0.0,0.0,0.0,0.0,0.0,0.0,0.0,0.0,0.0,0.0,0.0,0.0,0.0,0.0,0.0,0.0,0.0,0.0,0.0,0.0,0.0,0.0,0.0,0.0,0.0,0.0,0.0,0.0,0.0,0.0,0.0,0.0,0.0,0.0,0.0,0.0,0.0,0.0,0.0,0.0,0.0,0.0,0.0,0.0,0.0,0.0,10.0,10.0,12.0,12.0,12.0,12.0,10.0,0.0,0.0,0.0,0.0,2.0,10.0,10.0,8.0
2025-09-05,2025-09,8.0,14.0,10.0,6.0,4.0,2.0,2.0,0.0,0.0,0.0,0.0,0.0,0.0,0.0,0.0,0.0,0.0,0.0,0.0,0.0,0.0,0.0,0.0,0.0,0.0,0.0,0.0,0.0,0.0,0.0,0.0,0.0,0.0,0.0,0.0,0.0,0.0,0.0,0.0,0.0,0.0,0.0,0.0,0.0,0.0,0.0,0.0,0.0,0.0,0.0,0.0,0.0,0.0,0.0,10.0,42.0,128.0,132.0,130.0,8.0,128.0,176.0,90.0,0.0,0.0,0.0,0.0,0.0,0.0,0.0,0.0,0.0,0.0,0.0,0.0,0.0,0.0,0.0,0.0,0.0,0.0,0.0,0.0,0.0,0.0,0.0,0.0,0.0,0.0,0.0,0.0,0.0,0.0,0.0,0.0,0.0
2025-09-06,2025-09,0.0,0.0,0.0,0.0,0.0,0.0,0.0,0.0,0.0,0.0,0.0,0.0,0.0,0.0,0.0,0.0,0.0,0.0,0.0,0.0,0.0,0.0,0.0,0.0,0.0,0.0,0.0,0.0,0.0,0.0,0.0,0.0,0.0,0.0,0.0,0.0,0.0,0.0,0.0,0.0,0.0,0.0,0.0,0.0,0.0,0.0,0.0,0.0,0.0,0.0,0.0,0.0,0.0,0.0,0.0,0.0,0.0,0.0,0.0,0.0,0.0,0.0,0.0,0.0,0.0,0.0,0.0,0.0,0.0,0.0,0.0,0.0,0.0,0.0,0.0,0.0,0.0,0.0,0.0,0.0,0.0,0.0,0.0,0.0,0.0,0.0,0.0,0.0,0.0,0.0,0.0,0.0,0.0,0.0,0.0,0.0
2025-09-07,2025-09,0.0,0.0,0.0,0.0,0.0,0.0,0.0,0.0,0.0,0.0,0.0,0.0,0.0,0.0,0.0,0.0,0.0,0.0,0.0,0.0,0.0,0.0,0.0,0.0,0.0,0.0,0.0,0.0,0.0,0.0,0.0,0.0,0.0,0.0,0.0,0.0,0.0,0.0,0.0,0.0,0.0,0.0,0.0,0.0,0.0,0.0,0.0,0.0,0.0,0.0,0.0,0.0,0.0,0.0,0.0,0.0,0.0,0.0,0.0,0.0,0.0,0.0,0.0,0.0,0.0,0.0,0.0,0.0,0.0,0.0,0.0,0.0,0.0,0.0,0.0,0.0,0.0,0.0,0.0,0.0,0.0,0.0,0.0,0.0,0.0,4.0,14.0,14.0,16.0,16.0,14.0,14.0,14.0,10.0,14.0,16.0
2025-09-08,2025-09,14.0,14.0,2.0,0.0,0.0,0.0,0.0,0.0,0.0,0.0,0.0,0.0,0.0,0.0,0.0,0.0,0.0,0.0,0.0,2.0,0.0,6.0,6.0,4.0,4.0,2.0,0.0,0.0,0.0,0.0,0.0,0.0,0.0,0.0,0.0,0.0,0.0,0.0,0.0,0.0,0.0,0.0,0.0,0.0,0.0,0.0,10.0,6.0,0.0,0.0,0.0,0.0,0.0,0.0,0.0,0.0,0.0,0.0,0.0,0.0,0.0,0.0,0.0,0.0,0.0,0.0,0.0,0.0,0.0,0.0,0.0,0.0,0.0,0.0,0.0,0.0,0.0,0.0,0.0,10.0,12.0,10.0,6.0,6.0,6.0,4.0,4.0,4.0,2.0,2.0,2.0,2.0,2.0,2.0,0.0,2.0
2025-09-14,2025-09,192.0,192.0,192.0,192.0,192.0,190.0,190.0,190.0,188.0,188.0,188.0,188.0,188.0,186.0,186.0,186.0,186.0,124.0,62.0,0.0,0.0,0.0,0.0,0.0,0.0,0.0,0.0,0.0,0.0,0.0,0.0,0.0,0.0,0.0,0.0,0.0,0.0,0.0,0.0,0.0,0.0,0.0,0.0,0.0,0.0,0.0,0.0,0.0,0.0,0.0,0.0,0.0,0.0,0.0,0.0,0.0,0.0,0.0,0.0,0.0,0.0,0.0,0.0,0.0,0.0,0.0,0.0,0.0,0.0,0.0,0.0,0.0,0.0,0.0,0.0,0.0,0.0,0.0,0.0,0.0,0.0,0.0,0.0,0.0,0.0,0.0,0.0,0.0,0.0,0.0,0.0,0.0,0.0,0.0,0.0,0.0
2025-09-15,2025-09,0.0,0.0,0.0,0.0,0.0,0.0,0.0,0.0,0.0,0.0,0.0,0.0,0.0,0.0,0.0,0.0,0.0,0.0,0.0,0.0,0.0,0.0,0.0,0.0,0.0,0.0,0.0,0.0,0.0,0.0,0.0,0.0,0.0,0.0,0.0,0.0,0.0,0.0,0.0,0.0,0.0,0.0,0.0,0.0,0.0,0.0,0.0,0.0,0.0,0.0,0.0,0.0,0.0,0.0,0.0,0.0,0.0,0.0,0.0,0.0,0.0,0.0,0.0,0.0,0.0,0.0,0.0,0.0,0.0,0.0,8.0,36.0,218.0,254.0,258.0,256.0,250.0,244.0,240.0,236.0,232.0,228.0,226.0,216.0,216.0,210.0,206.0,206.0,212.0,210.0,208.0,206.0,60.0,146.0,210.0,212.0
2025-09-16,2025-09,214.0,214.0,212.0,210.0,206.0,204.0,202.0,200.0,198.0,198.0,196.0,196.0,196.0,194.0,194.0,194.0,194.0,194.0,192.0,192.0,192.0,158.0,30.0,182.0,188.0,186.0,186.0,184.0,186.0,182.0,184.0,182.0,180.0,182.0,184.0,184.0,2.0,0.0,0.0,0.0,0.0,0.0,0.0,0.0,0.0,0.0,0.0,0.0,0.0,0.0,0.0,0.0,0.0,0.0,0.0,0.0,0.0,0.0,0.0,0.0,0.0,0.0,0.0,0.0,0.0,0.0,0.0,0.0,0.0,0.0,0.0,0.0,0.0,0.0,0.0,0.0,0.0,0.0,0.0,0.0,0.0,0.0,0.0,0.0,0.0,34.0,132.0,196.0,198.0,202.0,204.0,204.0,200.0,198.0,194.0,194.0
2025-09-17,2025-09,192.0,192.0,190.0,190.0,188.0,188.0,188.0,188.0,188.0,186.0,186.0,186.0,186.0,184.0,184.0,184.0,184.0,160.0,42.0,192.0,188.0,184.0,184.0,192.0,192.0,190.0,190.0,186.0,178.0,172.0,172.0,172.0,170.0,170.0,168.0,170.0,170.0,166.0,166.0,166.0,174.0,170.0,166.0,162.0,162.0,72.0,0.0,0.0,0.0,0.0,0.0,0.0,0.0,0.0,0.0,0.0,0.0,0.0,0.0,0.0,0.0,0.0,0.0,0.0,0.0,0.0,0.0,0.0,0.0,0.0,0.0,0.0,0.0,0.0,160.0,138.0,0.0,0.0,0.0,0.0,0.0,0.0,0.0,6.0,6.0,4.0,10.0,346.0,502.0,584.0,586.0,578.0,572.0,568.0,562.0,556.0
2025-09-18,2025-09,548.0,542.0,534.0,530.0,526.0,522.0,518.0,518.0,516.0,514.0,510.0,510.0,508.0,508.0,506.0,504.0,504.0,406.0,318.0,314.0,314.0,314.0,316.0,314.0,312.0,310.0,308.0,304.0,304.0,302.0,300.0,298.0,300.0,298.0,294.0,290.0,294.0,290.0,294.0,296.0,316.0,314.0,270.0,0.0,0.0,0.0,0.0,0.0,0.0,0.0,0.0,0.0,0.0,0.0,0.0,48.0,334.0,10.0,0.0,0.0,84.0,342.0,346.0,342.0,344.0,346.0,348.0,348.0,346.0,346.0,344.0,338.0,334.0,282.0,0.0,0.0,0.0,0.0,22.0,8.0,12.0,10.0,8.0,8.0,276.0,340.0,332.0,330.0,330.0,14.0,332.0,324.0,320.0,318.0,318.0,318.0
2025-09-19,2025-09,316.0,314.0,314.0,312.0,312.0,312.0,312.0,312.0,310.0,310.0,308.0,308.0,306.0,304.0,302.0,302.0,300.0,298.0,298.0,296.0,296.0,296.0,294.0,292.0,294.0,290.0,300.0,292.0,292.0,292.0,290.0,288.0,286.0,286.0,284.0,286.0,286.0,0.0,0.0,0.0,0.0,0.0,0.0,0.0,0.0,0.0,0.0,0.0,0.0,0.0,0.0,0.0,0.0,0.0,0.0,0.0,0.0,0.0,0.0,0.0,0.0,0.0,64.0,10.0,10.0,10.0,10.0,10.0,10.0,8.0,16.0,58.0,204.0,210.0,78.0,0.0,0.0,0.0,0.0,0.0,0.0,0.0,0.0,0.0,0.0,0.0,0.0,0.0,0.0,0.0,0.0,0.0,0.0,0.0,0.0,0.0
2025-09-20,2025-09,0.0,0.0,0.0,0.0,0.0,0.0,0.0,0.0,0.0,0.0,0.0,0.0,0.0,0.0,0.0,0.0,0.0,0.0,0.0,0.0,0.0,0.0,0.0,10.0,10.0,8.0,2.0,4.0,2.0,1.0,0.0,0.0,46.0,24.0,12.0,0.0,0.0,0.0,0.0,0.0,0.0,0.0,0.0,0.0,0.0,0.0,0.0,0.0,0.0,0.0,0.0,0.0,0.0,0.0,0.0,0.0,0.0,0.0,0.0,0.0,0.0,0.0,346.0,356.0,350.0,350.0,350.0,348.0,344.0,8.0,0.0,0.0,0.0,0.0,0.0,0.0,0.0,0.0,0.0,0.0,288.0,318.0,314.0,314.0,316.0,312.0,312.0,316.0,320.0,318.0,318.0,314.0,314.0,316.0,314.0,314.0
2025-09-21,2025-09,316.0,316.0,314.0,8.0,0.0,0.0,0.0,0.0,0.0,0.0,0.0,0.0,0.0,0.0,0.0,0.0,0.0,0.0,0.0,0.0,0.0,0.0,0.0,0.0,0.0,0.0,0.0,0.0,0.0,0.0,0.0,0.0,0.0,0.0,0.0,0.0,0.0,0.0,0.0,0.0,0.0,0.0,0.0,0.0,0.0,0.0,0.0,0.0,0.0,0.0,0.0,0.0,0.0,0.0,0.0,0.0,0.0,0.0,0.0,0.0,0.0,0.0,0.0,0.0,0.0,0.0,0.0,26.0,140.0,220.0,222.0,64.0,10.0,10.0,10.0,10.0,14.0,12.0,14.0,14.0,10.0,0.0,0.0,2.0,2.0,0.0,0.0,0.0,312.0,356.0,356.0,360.0,354.0,350.0,350.0,348.0
2025-09-22,2025-09,346.0,342.0,342.0,342.0,340.0,338.0,336.0,334.0,334.0,332.0,332.0,330.0,328.0,328.0,328.0,328.0,326.0,324.0,324.0,324.0,322.0,322.0,322.0,320.0,318.0,316.0,316.0,316.0,314.0,312.0,310.0,310.0,310.0,310.0,308.0,310.0,302.0,300.0,304.0,306.0,304.0,336.0,76.0,0.0,0.0,0.0,0.0,0.0,0.0,0.0,0.0,0.0,0.0,0.0,0.0,0.0,0.0,0.0,0.0,0.0,0.0,0.0,0.0,112.0,360.0,374.0,352.0,332.0,174.0,10.0,10.0,10.0,8.0,8.0,8.0,8.0,4.0,2.0,0.0,0.0,0.0,4.0,4.0,4.0,6.0,4.0,4.0,4.0,4.0,4.0,4.0,4.0,28.0,354.0,358.0,356.0
2025-09-23,2025-09,356.0,356.0,354.0,352.0,350.0,348.0,346.0,342.0,340.0,340.0,340.0,340.0,338.0,338.0,336.0,336.0,334.0,24.0,334.0,330.0,326.0,326.0,324.0,322.0,320.0,320.0,320.0,320.0,318.0,318.0,310.0,308.0,306.0,308.0,306.0,304.0,304.0,300.0,296.0,294.0,294.0,296.0,306.0,300.0,300.0,300.0,307.0,314.0,312.0,318.0,6.0,0.0,0.0,0.0,0.0,0.0,0.0,0.0,0.0,0.0,0.0,0.0,0.0,0.0,0.0,0.0,0.0,0.0,0.0,0.0,0.0,62.0,6.0,4.0,4.0,4.0,4.0,8.0,0.0,0.0,0.0,0.0,0.0,0.0,0.0,0.0,0.0,0.0,0.0,0.0,0.0,2.0,10.0,10.0,8.0,8.0
2025-09-24,2025-09,10.0,8.0,4.0,2.0,2.0,0.0,0.0,0.0,0.0,0.0,0.0,0.0,0.0,0.0,0.0,0.0,0.0,0.0,0.0,0.0,0.0,0.0,76.0,200.0,324.0,322.0,322.0,322.0,320.0,320.0,320.0,316.0,312.0,314.0,316.0,314.0,306.0,44.0,29.333333333333336,14.666666666666668,0.0,0.0,0.0,0.0,0.0,0.0,0.0,0.0,0.0,0.0,0.0,0.0,0.0,0.0,0.0,2.0,2.0,2.0,4.0,2.0,2.0,0.0,0.0,0.0,0.0,0.0,0.0,0.0,0.0,0.0,0.0,0.0,0.0,0.0,0.0,0.0,0.0,0.0,0.0,10.0,10.0,10.0,2.0,0.0,0.0,0.0,0.0,0.0,0.0,0.0,0.0,0.0,0.0,0.0,0.0,0.0
2025-09-27,2025-09,510.0,508.0,504.0,502.0,498.0,494.0,496.0,504.0,504.0,502.0,500.0,498.0,496.0,496.0,494.0,492.0,490.0,490.0,488.0,16.0,0.0,0.0,192.0,408.0,500.0,498.0,490.0,490.0,488.0,488.0,488.0,474.0,472.0,468.0,472.0,480.0,480.0,474.0,304.0,302.0,292.0,290.0,194.0,50.0,176.0,178.0,178.0,182.0,314.0,298.0,8.0,0.0,0.0,0.0,0.0,0.0,0.0,0.0,0.0,0.0,0.0,0.0,0.0,0.0,0.0,0.0,0.0,0.0,0.0,0.0,0.0,0.0,0.0,0.0,0.0,0.0,0.0,0.0,0.0,0.0,0.0,0.0,0.0,0.0,0.0,0.0,0.0,0.0,0.0,0.0,0.0,0.0,0.0,0.0,0.0,0.0
2025-09-29,2025-09,0.0,0.0,0.0,0.0,0.0,0.0,0.0,0.0,0.0,0.0,0.0,0.0,0.0,0.0,0.0,0.0,0.0,0.0,0.0,0.0,0.0,0.0,0.0,0.0,0.0,0.0,0.0,0.0,0.0,0.0,0.0,0.0,0.0,0.0,182.0,326.0,326.0,324.0,324.0,326.0,328.0,336.0,320.0,306.0,304.0,302.0,300.0,308.0,308.0,162.0,0.0,0.0,0.0,0.0,0.0,0.0,0.0,0.0,0.0,0.0,0.0,0.0,0.0,0.0,0.0,0.0,0.0,0.0,0.0,0.0,0.0,0.0,0.0,2.0,4.0,0.0,2.0,0.0,0.0,4.0,4.0,4.0,6.0,6.0,4.0,6.0,6.0,6.0,6.0,6.0,2.0,0.0,0.0,0.0,0.0,0.0
2025-09-30,2025-09,0.0,0.0,0.0,0.0,0.0,0.0,0.0,0.0,0.0,0.0,0.0,0.0,0.0,0.0,0.0,0.0,0.0,0.0,0.0,0.0,0.0,0.0,0.0,0.0,0.0,0.0,0.0,0.0,0.0,0.0,0.0,0.0,0.0,0.0,0.0,0.0,0.0,0.0,0.0,38.0,141.33333333333331,244.66666666666666,348.0,338.0,342.0,6.0,0.0,0.0,0.0,0.0,0.0,0.0,0.0,0.0,0.0,0.0,0.0,0.0,0.0,0.0,0.0,0.0,0.0,0.0,0.0,0.0,0.0,0.0,0.0,0.0,0.0,0.0,0.0,0.0,0.0,12.0,6.0,4.0,6.0,10.0,4.0,4.0,6.0,6.0,0.0,94.0,356.0,364.0,356.0,354.0,350.0,344.0,348.0,338.0,338.0,336.0
2025-10-01,2025-10,336.0,334.0,334.0,332.0,332.0,330.0,328.0,328.0,326.0,326.0,324.0,322.0,324.0,322.0,320.0,320.0,318.0,318.0,316.0,316.0,8.0,0.0,0.0,0.0,0.0,0.0,0.0,0.0,52.0,308.0,300.0,296.0,298.0,306.0,302.0,304.0,208.0,0.0,0.0,0.0,0.0,0.0,0.0,0.0,0.0,0.0,0.0,0.0,0.0,0.0,0.0,0.0,0.0,0.0,0.0,0.0,0.0,0.0,0.0,0.0,0.0,0.0,0.0,0.0,0.0,0.0,0.0,0.0,0.0,0.0,0.0,0.0,0.0,0.0,0.0,0.0,0.0,0.0,0.0,0.0,0.0,0.0,0.0,0.0,0.0,0.0,0.0,0.0,0.0,0.0,0.0,0.0,0.0,0.0,0.0,0.0
2025-10-02,2025-10,0.0,0.0,0.0,0.0,0.0,0.0,0.0,0.0,0.0,0.0,0.0,0.0,0.0,0.0,0.0,0.0,0.0,0.0,0.0,0.0,0.0,166.0,324.0,320.0,316.0,314.0,314.0,316.0,318.0,316.0,316.0,314.0,116.0,0.0,0.0,0.0,0.0,0.0,0.0,0.0,0.0,0.0,0.0,0.0,4.0,6.0,6.0,6.0,6.0,6.0,6.0,6.0,0.0,0.0,0.0,0.0,0.0,0.0,0.0,0.0,0.0,0.0,0.0,0.0,0.0,0.0,0.0,0.0,0.0,0.0,0.0,0.0,0.0,0.0,0.0,0.0,0.0,0.0,0.0,0.0,0.0,0.0,0.0,0.0,180.0,336.0,342.0,334.0,190.0,0.0,0.0,4.0,296.0,362.0,358.0,350.0
2025-10-03,2025-10,346.0,344.0,342.0,340.0,338.0,336.0,334.0,336.0,336.0,334.0,332.0,332.0,330.0,330.0,326.0,324.0,324.0,322.0,324.0,322.0,320.0,320.0,146.0,322.0,318.0,324.0,314.0,308.0,306.0,304.0,302.0,298.0,38.0,10.0,10.0,10.0,10.0,10.0,10.0,8.0,4.0,2.0,2.0,0.0,0.0,168.0,322.0,320.0,316.0,316.0,314.0,240.0,0.0,0.0,2.0,2.0,2.0,0.0,2.0,2.0,0.0,0.0,0.0,0.0,0.0,0.0,0.0,2.0,2.0,2.0,2.0,2.0,2.0,2.0,2.0,2.0,2.0,2.0,2.0,0.0,0.0,0.0,0.0,0.0,0.0,0.0,0.0,4.0,4.0,2.0,0.0,0.0,4.0,348.0,350.0,350.0
2025-10-04,2025-10,8.0,0.0,0.0,0.0,0.0,0.0,0.0,0.0,0.0,0.0,0.0,0.0,0.0,0.0,0.0,0.0,0.0,0.0,0.0,0.0,0.0,0.0,0.0,0.0,0.0,0.0,0.0,0.0,0.0,0.0,0.0,130.0,336.0,336.0,328.0,326.0,328.0,330.0,330.0,328.0,328.0,328.0,324.0,326.0,328.0,328.0,332.0,330.0,328.0,328.0,328.0,320.0,322.0,318.0,78.0,0.0,0.0,0.0,0.0,0.0,0.0,0.0,0.0,0.0,0.0,0.0,0.0,0.0,0.0,0.0,0.0,0.0,0.0,0.0,0.0,0.0,0.0,0.0,8.0,10.0,10.0,6.0,0.0,0.0,0.0,0.0,4.0,4.0,4.0,4.0,4.0,4.0,4.0,254.0,364.0,364.0
2025-10-05,2025-10,366.0,366.0,364.0,362.0,360.0,356.0,354.0,350.0,350.0,348.0,344.0,342.0,338.0,336.0,336.0,336.0,334.0,334.0,332.0,330.0,330.0,330.0,328.0,328.0,326.0,320.0,316.0,322.0,314.0,312.0,312.0,310.0,308.0,310.0,308.0,306.0,306.0,306.0,8.0,0.0,0.0,0.0,0.0,0.0,0.0,0.0,0.0,0.0,0.0,0.0,0.0,0.0,0.0,0.0,0.0,0.0,0.0,350.0,342.0,336.0,308.0,0.0,0.0,0.0,2.0,0.0,0.0,0.0,0.0,0.0,0.0,0.0,0.0,0.0,0.0,0.0,0.0,0.0,0.0,0.0,0.0,0.0,0.0,0.0,0.0,0.0,0.0,0.0,0.0,2.0,10.0,10.0,10.0,10.0,10.0,6.0
2025-10-06,2025-10,4.0,2.0,2.0,0.0,0.0,0.0,0.0,0.0,0.0,0.0,0.0,0.0,0.0,0.0,0.0,0.0,0.0,0.0,0.0,0.0,0.0,0.0,0.0,0.0,232.0,326.0,324.0,320.0,318.0,316.0,318.0,318.0,316.0,314.0,314.0,316.0,304.0,322.0,310.0,8.0,0.0,0.0,0.0,0.0,0.0,0.0,0.0,0.0,0.0,0.0,0.0,0.0,0.0,0.0,0.0,0.0,0.0,0.0,0.0,0.0,0.0,0.0,0.0,0.0,0.0,0.0,0.0,0.0,0.0,0.0,0.0,0.0,0.0,0.0,0.0,0.0,0.0,0.0,0.0,0.0,0.0,298.0,302.0,0.0,0.0,8.0,8.0,8.0,6.0,10.0,10.0,10.0,8.0,4.0,2.0,2.0
2025-10-07,2025-10,0.0,0.0,0.0,0.0,0.0,0.0,0.0,0.0,0.0,0.0,0.0,0.0,0.0,0.0,0.0,2.0,0.0,0.0,0.0,0.0,0.0,0.0,0.0,0.0,0.0,0.0,0.0,0.0,0.0,0.0,0.0,0.0,0.0,0.0,0.0,0.0,0.0,0.0,0.0,0.0,0.0,0.0,0.0,0.0,0.0,0.0,0.0,108.0,320.0,308.0,304.0,0.0,0.0,0.0,0.0,0.0,0.0,0.0,0.0,0.0,0.0,0.0,0.0,0.0,0.0,0.0,0.0,0.0,0.0,0.0,0.0,0.0,0.0,0.0,0.0,0.0,0.0,2.0,10.0,10.0,10.0,60.0,332.0,334.0,330.0,326.0,324.0,326.0,326.0,328.0,328.0,326.0,326.0,324.0,324.0,324.0
2025-10-08,2025-10,322.0,320.0,318.0,318.0,318.0,316.0,314.0,314.0,314.0,312.0,312.0,310.0,310.0,308.0,306.0,306.0,304.0,302.0,300.0,298.0,296.0,296.0,294.0,292.0,292.0,292.0,292.0,288.0,8.0,0.0,18.0,304.0,296.0,96.0,0.0,0.0,0.0,0.0,2.0,2.0,2.0,2.0,2.0,2.0,2.0,2.0,2.0,2.0,2.0,2.0,2.0,0.0,6.0,8.0,10.0,8.0,8.0,8.0,8.0,6.0,4.0,2.0,2.0,0.0,0.0,0.0,0.0,0.0,0.0,0.0,0.0,0.0,0.0,0.0,0.0,0.0,0.0,0.0,10.0,10.0,10.0,10.0,10.0,10.0,2.0,0.0,0.0,0.0,66.0,348.0,352.0,346.0,346.0,346.0,342.0,338.0
2025-10-09,2025-10,338.0,336.0,334.0,334.0,334.0,332.0,330.0,328.0,326.0,326.0,324.0,324.0,324.0,322.0,320.0,318.0,318.0,316.0,316.0,316.0,314.0,312.0,312.0,312.0,308.0,306.0,304.0,300.0,298.0,182.0,0.0,0.0,0.0,0.0,0.0,0.0,0.0,0.0,0.0,0.0,0.0,0.0,0.0,0.0,0.0,0.0,0.0,0.0,0.0,0.0,0.0,0.0,0.0,0.0,0.0,0.0,0.0,0.0,0.0,0.0,0.0,20.0,96.0,226.0,246.0,250.0,250.0,248.0,246.0,242.0,236.0,146.0,446.0,628.0,628.0,624.0,618.0,614.0,616.0,598.0,596.0,582.0,574.0,570.0,558.0,546.0,548.0,554.0,550.0,552.0,550.0,546.0,544.0,538.0,534.0,530.0
2025-10-10,2025-10,528.0,526.0,524.0,522.0,520.0,518.0,518.0,518.0,516.0,516.0,514.0,514.0,18.0,0.0,0.0,0.0,0.0,0.0,0.0,0.0,34.0,324.0,318.0,316.0,316.0,316.0,318.0,320.0,318.0,314.0,310.0,310.0,312.0,308.0,306.0,306.0,304.0,306.0,312.0,316.0,318.0,318.0,322.0,328.0,330.0,348.0,336.0,334.0,344.0,334.0,372.0,378.0,364.0,360.0,364.0,368.0,354.0,352.0,360.0,8.0,0.0,0.0,0.0,0.0,0.0,0.0,0.0,0.0,360.0,360.0,356.0,354.0,350.0,350.0,348.0,344.0,338.0,344.0,340.0,338.0,338.0,336.0,336.0,338.0,336.0,336.0,336.0,334.0,334.0,332.0,332.0,332.0,332.0,332.0,332.0,332.0
2025-10-11,2025-10,332.0,332.0,330.0,330.0,328.0,328.0,330.0,328.0,328.0,328.0,328.0,328.0,328.0,328.0,326.0,326.0,326.0,326.0,324.0,324.0,324.0,326.0,322.0,322.0,320.0,8.0,0.0,0.0,0.0,0.0,168.0,322.0,318.0,318.0,290.0,10.0,202.0,320.0,314.0,10.0,10.0,10.0,10.0,10.0,10.0,6.0,4.0,2.0,0.0,0.0,0.0,0.0,0.0,0.0,0.0,0.0,0.0,0.0,0.0,0.0,0.0,0.0,0.0,0.0,0.0,0.0,0.0,0.0,0.0,0.0,0.0,0.0,0.0,0.0,0.0,0.0,8.0,10.0,10.0,10.0,10.0,10.0,10.0,10.0,10.0,10.0,10.0,10.0,14.0,22.0,22.0,12.0,8.0,214.0,370.0,374.0
2025-10-12,2025-10,370.0,364.0,360.0,356.0,354.0,352.0,350.0,348.0,346.0,344.0,342.0,340.0,338.0,336.0,336.0,334.0,334.0,332.0,330.0,330.0,328.0,328.0,326.0,326.0,326.0,324.0,324.0,323.0,322.0,320.0,316.0,320.0,320.0,318.0,316.0,316.0,322.0,320.0,312.0,316.0,318.0,318.0,320.0,320.0,318.0,320.0,318.0,316.0,316.0,270.0,0.0,0.0,0.0,0.0,0.0,0.0,0.0,0.0,0.0,0.0,0.0,0.0,0.0,0.0,0.0,0.0,0.0,0.0,0.0,0.0,0.0,0.0,0.0,0.0,0.0,0.0,0.0,0.0,0.0,0.0,0.0,0.0,0.0,0.0,0.0,0.0,4.0,10.0,72.0,352.0,344.0,342.0,338.0,338.0,336.0,334.0
2025-10-13,2025-10,332.0,332.0,328.0,328.0,326.0,326.0,324.0,322.0,320.0,320.0,318.0,316.0,314.0,312.0,312.0,310.0,306.0,304.0,304.0,302.0,298.0,294.0,294.0,288.0,284.0,220.0,0.0,0.0,0.0,0.0,0.0,0.0,0.0,8.0,10.0,10.0,10.0,8.0,6.0,4.0,2.0,2.0,0.0,0.0,0.0,0.0,0.0,0.0,0.0,0.0,0.0,0.0,0.0,0.0,0.0,0.0,0.0,0.0,0.0,0.0,0.0,0.0,0.0,0.0,0.0,0.0,0.0,0.0,0.0,0.0,0.0,0.0,0.0,0.0,0.0,0.0,0.0,0.0,0.0,0.0,0.0,0.0,0.0,0.0,0.0,0.0,0.0,0.0,0.0,0.0,0.0,0.0,0.0,4.0,10.0,10.0
2025-10-14,2025-10,8.0,8.0,10.0,10.0,8.0,4.0,2.0,2.0,0.0,0.0,0.0,0.0,0.0,0.0,0.0,0.0,0.0,0.0,0.0,0.0,0.0,0.0,0.0,0.0,0.0,0.0,0.0,0.0,0.0,0.0,0.0,0.0,0.0,0.0,0.0,0.0,0.0,0.0,0.0,0.0,0.0,0.0,0.0,0.0,0.0,0.0,0.0,0.0,0.0,0.0,0.0,0.0,0.0,0.0,0.0,0.0,0.0,0.0,0.0,0.0,0.0,0.0,0.0,0.0,0.0,0.0,6.0,10.0,10.0,10.0,10.0,10.0,10.0,6.0,4.0,12.0,346.0,362.0,362.0,356.0,354.0,328.0,352.0,348.0,344.0,340.0,338.0,334.0,332.0,332.0,332.0,334.0,336.0,334.0,334.0,332.0
2025-10-15,2025-10,330.0,328.0,328.0,328.0,326.0,326.0,324.0,324.0,322.0,322.0,320.0,320.0,320.0,318.0,318.0,316.0,314.0,314.0,312.0,316.0,316.0,316.0,304.0,304.0,10.0,0.0,0.0,0.0,0.0,0.0,0.0,0.0,0.0,0.0,0.0,0.0,0.0,0.0,0.0,0.0,0.0,0.0,0.0,0.0,0.0,0.0,0.0,0.0,0.0,0.0,0.0,0.0,0.0,0.0,0.0,0.0,0.0,0.0,0.0,0.0,0.0,0.0,0.0,0.0,0.0,0.0,0.0,0.0,0.0,0.0,0.0,0.0,0.0,0.0,0.0,0.0,0.0,0.0,0.0,0.0,92.0,298.0,0.0,0.0,0.0,0.0,0.0,0.0,0.0,0.0,0.0,0.0,0.0,0.0,0.0,0.0
2025-10-16,2025-10,6.0,10.0,10.0,8.0,10.0,10.0,8.0,6.0,4.0,2.0,0.0,0.0,0.0,0.0,0.0,0.0,0.0,0.0,0.0,0.0,0.0,0.0,82.0,326.0,320.0,318.0,314.0,314.0,312.0,310.0,310.0,308.0,308.0,302.0,302.0,10.0,0.0,0.0,0.0,0.0,0.0,0.0,0.0,4.0,10.0,8.0,10.0,10.0,10.0,10.0,10.0,10.0,8.0,4.0,2.0,0.0,0.0,0.0,0.0,0.0,0.0,0.0,0.0,0.0,0.0,0.0,0.0,0.0,0.0,0.0,0.0,0.0,0.0,0.0,0.0,0.0,0.0,0.0,0.0,0.0,0.0,0.0,0.0,0.0,0.0,0.0,0.0,0.0,0.0,0.0,0.0,0.0,0.0,0.0,0.0,0.0
2025-10-17,2025-10,0.0,0.0,0.0,0.0,0.0,0.0,0.0,0.0,0.0,0.0,0.0,0.0,0.0,0.0,0.0,0.0,0.0,0.0,0.0,0.0,0.0,0.0,0.0,0.0,0.0,0.0,0.0,0.0,54.0,320.0,310.0,302.0,298.0,210.0,0.0,0.0,0.0,0.0,0.0,0.0,0.0,0.0,0.0,0.0,0.0,0.0,0.0,0.0,0.0,0.0,2.0,2.0,2.0,2.0,2.0,2.0,0.0,0.0,2.0,2.0,2.0,2.0,2.0,0.0,0.0,0.0,0.0,0.0,0.0,0.0,0.0,0.0,0.0,0.0,0.0,0.0,292.0,388.0,402.0,402.0,394.0,386.0,378.0,370.0,364.0,360.0,356.0,356.0,352.0,350.0,346.0,344.0,344.0,342.0,340.0,338.0
2025-10-18,2025-10,338.0,336.0,334.0,334.0,332.0,330.0,330.0,328.0,328.0,326.0,324.0,324.0,322.0,320.0,320.0,320.0,318.0,316.0,316.0,314.0,313.0,312.0,312.0,310.0,310.0,308.0,308.0,308.0,306.0,302.0,306.0,300.0,300.0,298.0,300.0,302.0,298.0,300.0,300.0,138.0,0.0,0.0,0.0,0.0,0.0,0.0,0.0,0.0,0.0,0.0,0.0,0.0,0.0,0.0,0.0,0.0,0.0,0.0,0.0,0.0,0.0,0.0,0.0,0.0,0.0,0.0,0.0,0.0,0.0,0.0,0.0,0.0,0.0,0.0,0.0,0.0,0.0,10.0,0.0,0.0,0.0,0.0,0.0,0.0,0.0,0.0,0.0,0.0,0.0,0.0,0.0,0.0,0.0,0.0,48.0,324.0
2025-10-19,2025-10,324.0,320.0,318.0,316.0,314.0,314.0,312.0,310.0,308.0,306.0,304.0,304.0,304.0,8.0,0.0,0.0,0.0,0.0,0.0,0.0,0.0,0.0,0.0,0.0,0.0,0.0,0.0,0.0,0.0,0.0,0.0,0.0,0.0,0.0,0.0,0.0,0.0,0.0,0.0,0.0,0.0,0.0,0.0,0.0,0.0,0.0,0.0,0.0,0.0,0.0,0.0,0.0,0.0,0.0,0.0,0.0,0.0,0.0,0.0,0.0,0.0,0.0,0.0,0.0,0.0,0.0,0.0,0.0,0.0,0.0,0.0,0.0,0.0,0.0,0.0,0.0,0.0,0.0,0.0,0.0,0.0,0.0,0.0,0.0,0.0,0.0,0.0,0.0,0.0,0.0,0.0,0.0,0.0,0.0,0.0,0.0
2025-10-20,2025-10,0.0,0.0,0.0,0.0,0.0,0.0,0.0,0.0,0.0,0.0,0.0,0.0,0.0,0.0,0.0,0.0,0.0,0.0,0.0,0.0,0.0,0.0,0.0,0.0,0.0,0.0,0.0,0.0,0.0,0.0,0.0,0.0,0.0,0.0,0.0,0.0,0.0,0.0,0.0,0.0,0.0,0.0,0.0,0.0,0.0,0.0,0.0,0.0,0.0,0.0,0.0,0.0,0.0,0.0,0.0,0.0,0.0,0.0,0.0,0.0,0.0,0.0,0.0,0.0,0.0,0.0,0.0,0.0,0.0,0.0,0.0,0.0,0.0,0.0,0.0,0.0,0.0,4.0,10.0,226.0,380.0,396.0,390.0,382.0,372.0,364.0,356.0,356.0,358.0,350.0,350.0,344.0,342.0,342.0,342.0,340.0
2025-10-21,2025-10,338.0,336.0,334.0,332.0,330.0,328.0,328.0,326.0,326.0,324.0,322.0,322.0,320.0,320.0,318.0,318.0,316.0,314.0,314.0,313.0,312.0,310.0,308.0,308.0,308.0,306.0,304.0,304.0,8.0,0.0,318.0,312.0,312.0,308.0,304.0,174.0,10.0,10.0,10.0,10.0,10.0,10.0,8.0,6.0,4.0,2.0,0.0,146.0,332.0,326.0,328.0,327.0,326.0,376.0,372.0,370.0,362.0,358.0,0.0,0.0,0.0,0.0,0.0,0.0,0.0,0.0,0.0,0.0,0.0,0.0,0.0,0.0,0.0,0.0,0.0,0.0,0.0,0.0,0.0,0.0,0.0,0.0,8.0,30.0,30.0,30.0,30.0,134.0,394.0,406.0,396.0,364.0,352.0,356.0,354.0,354.0
2025-10-22,2025-10,350.0,350.0,346.0,344.0,344.0,342.0,340.0,340.0,338.0,336.0,336.0,334.0,334.0,332.0,330.0,330.0,328.0,326.0,326.0,326.0,326.0,326.0,322.0,322.0,322.0,322.0,322.0,322.0,340.0,318.0,322.0,318.0,316.0,314.0,312.0,312.0,312.0,312.0,310.0,308.0,310.0,310.0,6.0,0.0,0.0,0.0,0.0,0.0,0.0,0.0,0.0,0.0,0.0,0.0,0.0,0.0,0.0,0.0,0.0,0.0,0.0,0.0,0.0,0.0,0.0,0.0,0.0,0.0,0.0,0.0,0.0,0.0,0.0,0.0,0.0,0.0,0.0,0.0,0.0,0.0,0.0,0.0,0.0,0.0,0.0,0.0,0.0,0.0,0.0,0.0,0.0,0.0,0.0,0.0,0.0,0.0
2025-10-23,2025-10,0.0,0.0,0.0,0.0,0.0,0.0,0.0,0.0,0.0,0.0,0.0,0.0,0.0,0.0,0.0,0.0,0.0,0.0,0.0,0.0,0.0,0.0,0.0,0.0,0.0,0.0,0.0,0.0,0.0,0.0,0.0,0.0,0.0,0.0,0.0,0.0,0.0,0.0,0.0,52.0,10.0,10.0,10.0,10.0,10.0,12.0,10.0,6.0,2.0,0.0,160.0,362.0,330.0,0.0,0.0,0.0,0.0,0.0,0.0,8.0,10.0,8.0,8.0,8.0,4.0,2.0,2.0,0.0,0.0,0.0,0.0,0.0,0.0,0.0,0.0,0.0,0.0,0.0,0.0,0.0,8.0,6.0,0.0,0.0,0.0,0.0,46.0,344.0,364.0,358.0,356.0,356.0,354.0,350.0,348.0,344.0
2025-10-24,2025-10,342.0,340.0,336.0,336.0,334.0,334.0,332.0,332.0,332.0,330.0,330.0,328.0,326.0,326.0,324.0,322.0,322.0,322.0,322.0,320.0,318.0,314.0,50.0,10.0,8.0,8.0,8.0,218.0,306.0,302.0,308.0,302.0,294.0,290.0,294.0,292.0,292.0,292.0,66.0,0.0,0.0,0.0,0.0,0.0,0.0,0.0,0.0,0.0,0.0,0.0,0.0,0.0,0.0,0.0,0.0,0.0,0.0,0.0,0.0,0.0,0.0,332.0,12.0,314.0,384.0,380.0,386.0,380.0,362.0,124.0,0.0,0.0,0.0,0.0,0.0,0.0,0.0,0.0,0.0,0.0,0.0,0.0,0.0,0.0,0.0,0.0,0.0,0.0,0.0,0.0,0.0,0.0,0.0,0.0,0.0,0.0
2025-10-25,2025-10,0.0,0.0,0.0,0.0,0.0,0.0,0.0,0.0,0.0,0.0,0.0,0.0,0.0,0.0,0.0,0.0,0.0,0.0,0.0,0.0,0.0,0.0,0.0,0.0,0.0,0.0,0.0,0.0,0.0,0.0,0.0,0.0,0.0,0.0,0.0,0.0,0.0,0.0,0.0,0.0,0.0,2.0,2.0,2.0,2.0,2.0,2.0,2.0,2.0,2.0,2.0,2.0,0.0,0.0,0.0,0.0,0.0,0.0,0.0,0.0,0.0,206.0,370.0,386.0,386.0,384.0,378.0,374.0,370.0,360.0,354.0,352.0,354.0,350.0,350.0,348.0,344.0,344.0,342.0,340.0,336.0,324.0,322.0,316.0,322.0,318.0,314.0,314.0,312.0,316.0,318.0,318.0,318.0,316.0,316.0,312.0
2025-10-26,2025-10,310.0,310.0,310.0,6.0,0.0,0.0,0.0,0.0,0.0,0.0,0.0,0.0,0.0,0.0,0.0,0.0,0.0,0.0,0.0,0.0,0.0,0.0,0.0,0.0,0.0,0.0,0.0,0.0,0.0,0.0,0.0,0.0,0.0,0.0,0.0,0.0,0.0,0.0,0.0,0.0,0.0,0.0,0.0,0.0,0.0,0.0,0.0,0.0,0.0,0.0,0.0,0.0,0.0,0.0,0.0,0.0,0.0,0.0,0.0,0.0,0.0,0.0,0.0,0.0,0.0,0.0,0.0,0.0,0.0,0.0,0.0,0.0,0.0,0.0,0.0,0.0,0.0,0.0,0.0,0.0,0.0,0.0,0.0,0.0,0.0,0.0,0.0,0.0,0.0,0.0,0.0,4.0,340.0,334.0,340.0,338.0
2025-10-27,2025-10,340.0,338.0,336.0,332.0,332.0,330.0,328.0,326.0,324.0,322.0,320.0,320.0,318.0,316.0,316.0,316.0,314.0,312.0,312.0,310.0,308.0,306.0,300.0,302.0,304.0,304.0,298.0,296.0,292.0,288.0,34.0,0.0,0.0,0.0,0.0,0.0,0.0,0.0,0.0,0.0,0.0,0.0,0.0,0.0,0.0,0.0,0.0,0.0,0.0,0.0,0.0,0.0,0.0,4.0,6.0,6.0,6.0,4.0,4.0,4.0,8.0,8.0,6.0,4.0,2.0,0.0,0.0,0.0,0.0,0.0,0.0,0.0,0.0,0.0,0.0,0.0,0.0,0.0,0.0,0.0,0.0,4.0,4.0,0.0,0.0,0.0,0.0,0.0,122.0,352.0,356.0,360.0,368.0,368.0,364.0,362.0
2025-10-29,2025-10,0.0,0.0,0.0,0.0,0.0,0.0,0.0,0.0,0.0,0.0,0.0,0.0,0.0,0.0,0.0,0.0,0.0,0.0,0.0,170.0,324.0,322.0,320.0,320.0,316.0,316.0,312.0,20.0,0.0,0.0,0.0,0.0,0.0,0.0,0.0,0.0,0.0,0.0,0.0,0.0,0.0,0.0,0.0,0.0,0.0,0.0,0.0,0.0,0.0,0.0,0.0,0.0,0.0,0.0,0.0,0.0,0.0,0.0,0.0,0.0,0.0,0.0,0.0,0.0,8.0,6.0,4.0,4.0,6.0,8.0,72.0,2.0,354.0,392.0,398.0,394.0,392.0,384.0,380.0,372.0,366.0,362.0,356.0,354.0,348.0,8.0,116.0,348.0,342.0,338.0,336.0,334.0,336.0,338.0,340.0,338.0
2025-10-30,2025-10,338.0,336.0,336.0,334.0,334.0,332.0,332.0,330.0,328.0,328.0,328.0,326.0,325.0,324.0,322.0,322.0,322.0,320.0,318.0,316.0,314.0,312.0,316.0,316.0,310.0,306.0,310.0,318.0,306.0,216.0,310.0,306.0,302.0,300.0,300.0,296.0,296.0,298.0,298.0,300.0,312.0,310.0,310.0,314.0,332.0,330.0,328.0,332.0,328.0,136.0,0.0,0.0,0.0,0.0,0.0,0.0,0.0,0.0,0.0,0.0,0.0,0.0,0.0,0.0,0.0,0.0,0.0,0.0,0.0,0.0,0.0,0.0,0.0,0.0,0.0,0.0,4.0,0.0,0.0,0.0,0.0,0.0,0.0,0.0,2.0,10.0,10.0,8.0,8.0,8.0,4.0,8.0,6.0,4.0,2.0,0.0
2025-10-31,2025-10,0.0,0.0,0.0,0.0,0.0,0.0,0.0,0.0,0.0,0.0,0.0,0.0,0.0,0.0,0.0,0.0,0.0,0.0,0.0,110.0,326.0,326.0,328.0,324.0,8.0,0.0,0.0,0.0,0.0,256.0,316.0,314.0,308.0,308.0,308.0,310.0,306.0,304.0,306.0,358.0,386.0,378.0,372.0,364.0,354.0,348.0,344.0,352.0,348.0,346.0,184.0,0.0,0.0,0.0,0.0,0.0,0.0,0.0,0.0,0.0,0.0,0.0,0.0,356.0,10.0,0.0,0.0,0.0,0.0,0.0,0.0,0.0,0.0,0.0,0.0,0.0,0.0,0.0,0.0,0.0,0.0,0.0,0.0,0.0,0.0,0.0,0.0,0.0,0.0,0.0,0.0,0.0,0.0,0.0,0.0,0.0
2025-11-01,2025-11,0.0,0.0,0.0,0.0,0.0,0.0,0.0,0.0,0.0,0.0,0.0,0.0,0.0,0.0,0.0,0.0,0.0,0.0,0.0,0.0,0.0,0.0,0.0,0.0,0.0,0.0,0.0,0.0,0.0,0.0,0.0,0.0,0.0,0.0,0.0,0.0,0.0,0.0,0.0,0.0,0.0,0.0,0.0,0.0,0.0,0.0,0.0,0.0,0.0,0.0,0.0,0.0,0.0,0.0,0.0,0.0,0.0,0.0,0.0,242.0,380.0,394.0,390.0,388.0,384.0,160.0,0.0,0.0,0.0,20.0,398.0,410.0,406.0,398.0,394.0,390.0,386.0,380.0,376.0,372.0,370.0,366.0,366.0,362.0,8.0,224.0,356.0,352.0,348.0,344.0,340.0,338.0,336.0,336.0,334.0,332.0
2025-11-02,2025-11,330.0,332.0,334.0,332.0,334.0,334.0,334.0,334.0,332.0,332.0,330.0,330.0,328.0,330.0,328.0,326.0,326.0,324.0,322.0,320.0,320.0,318.0,318.0,316.0,316.0,318.0,316.0,6.0,0.0,0.0,0.0,0.0,0.0,0.0,0.0,0.0,0.0,0.0,0.0,0.0,0.0,0.0,0.0,0.0,0.0,0.0,246.0,324.0,280.0,0.0,0.0,0.0,0.0,60.0,364.0,354.0,348.0,350.0,372.0,142.0,0.0,0.0,0.0,0.0,0.0,0.0,0.0,0.0,0.0,0.0,0.0,0.0,0.0,0.0,0.0,0.0,2.0,10.0,10.0,10.0,10.0,10.0,10.0,8.0,6.0,4.0,2.0,0.0,0.0,0.0,0.0,0.0,304.0,364.0,358.0,350.0
2025-11-03,2025-11,346.0,344.0,342.0,338.0,336.0,334.0,334.0,332.0,330.0,328.0,330.0,329.0,328.0,326.0,324.0,324.0,324.0,322.0,320.0,320.0,318.0,318.0,316.0,316.0,315.0,314.0,314.0,312.0,310.0,310.0,308.0,308.0,306.0,306.0,302.0,298.0,296.0,294.0,294.0,292.0,290.0,288.0,6.0,0.0,0.0,0.0,0.0,0.0,0.0,0.0,0.0,0.0,0.0,0.0,0.0,0.0,0.0,0.0,0.0,0.0,0.0,0.0,0.0,0.0,0.0,0.0,0.0,0.0,0.0,0.0,0.0,0.0,0.0,0.0,0.0,0.0,0.0,0.0,0.0,0.0,0.0,0.0,0.0,0.0,0.0,2.0,8.0,4.0,10.0,10.0,8.0,338.0,342.0,340.0,336.0,336.0
2025-11-04,2025-11,336.0,336.0,334.0,332.0,330.0,330.0,328.0,328.0,330.0,330.0,326.0,324.0,322.0,320.0,318.0,318.0,316.0,314.0,8.0,0.0,0.0,0.0,0.0,0.0,0.0,0.0,0.0,0.0,0.0,0.0,92.0,316.0,314.0,306.0,300.0,302.0,300.0,294.0,296.0,294.0,296.0,296.0,298.0,300.0,8.0,0.0,0.0,0.0,0.0,0.0,0.0,0.0,0.0,0.0,0.0,0.0,0.0,0.0,0.0,0.0,0.0,0.0,0.0,0.0,0.0,0.0,0.0,0.0,0.0,0.0,0.0,0.0,0.0,0.0,0.0,0.0,174.0,360.0,342.0,214.0,0.0,0.0,0.0,0.0,0.0,0.0,0.0,0.0,0.0,8.0,370.0,372.0,354.0,352.0,156.0,0.0
2025-11-05,2025-11,0.0,0.0,0.0,0.0,0.0,0.0,0.0,0.0,0.0,0.0,0.0,0.0,0.0,0.0,0.0,0.0,0.0,0.0,0.0,0.0,0.0,0.0,88.0,350.0,364.0,362.0,348.0,348.0,344.0,344.0,344.0,344.0,346.0,346.0,344.0,344.0,342.0,342.0,342.0,340.0,336.0,332.0,338.0,338.0,336.0,332.0,340.0,336.0,340.0,340.0,346.0,360.0,342.0,346.0,348.0,350.0,344.0,308.0,0.0,0.0,0.0,0.0,0.0,0.0,0.0,0.0,0.0,0.0,0.0,0.0,0.0,0.0,0.0,0.0,0.0,0.0,0.0,0.0,0.0,0.0,0.0,0.0,0.0,80.0,332.0,324.0,332.0,8.0,0.0,0.0,0.0,324.0,334.0,328.0,328.0,328.0
2025-11-06,2025-11,328.0,326.0,326.0,326.0,326.0,324.0,324.0,324.0,300.0,8.0,10.0,10.0,10.0,10.0,10.0,10.0,6.0,4.0,2.0,2.0,0.0,0.0,0.0,208.0,318.0,314.0,308.0,306.0,306.0,302.0,304.0,304.0,302.0,8.0,0.0,0.0,0.0,0.0,0.0,0.0,0.0,0.0,0.0,0.0,0.0,0.0,0.0,0.0,0.0,0.0,0.0,0.0,0.0,0.0,0.0,0.0,0.0,0.0,0.0,0.0,0.0,0.0,0.0,0.0,0.0,0.0,0.0,0.0,0.0,0.0,0.0,0.0,0.0,0.0,0.0,6.0,0.0,0.0,0.0,6.0,10.0,10.0,10.0,10.0,2.0,0.0,0.0,26.0,336.0,352.0,352.0,350.0,330.0,294.0,0.0,0.0
2025-11-07,2025-11,0.0,0.0,0.0,0.0,0.0,0.0,0.0,0.0,0.0,0.0,0.0,0.0,0.0,0.0,0.0,0.0,0.0,0.0,0.0,0.0,10.0,10.0,10.0,10.0,10.0,10.0,162.0,332.0,334.0,330.0,328.0,328.0,328.0,330.0,330.0,328.0,330.0,332.0,330.0,330.0,328.0,328.0,328.0,326.0,326.0,326.0,226.0,0.0,18.0,328.0,320.0,316.0,318.0,322.0,290.0,0.0,0.0,0.0,0.0,0.0,0.0,0.0,0.0,0.0,0.0,0.0,0.0,0.0,0.0,0.0,0.0,0.0,0.0,0.0,0.0,0.0,0.0,0.0,0.0,0.0,0.0,0.0,0.0,0.0,0.0,0.0,0.0,0.0,0.0,0.0,0.0,0.0,0.0,0.0,0.0,0.0
2025-11-08,2025-11,0.0,0.0,0.0,0.0,0.0,0.0,0.0,0.0,0.0,0.0,0.0,0.0,0.0,0.0,0.0,0.0,0.0,0.0,0.0,0.0,0.0,0.0,0.0,0.0,0.0,0.0,40.0,324.0,322.0,317.0,312.0,310.0,310.0,306.0,306.0,306.0,304.0,304.0,302.0,316.0,328.0,6.0,0.0,0.0,0.0,0.0,0.0,0.0,0.0,0.0,0.0,0.0,0.0,0.0,0.0,0.0,0.0,0.0,0.0,0.0,0.0,0.0,0.0,0.0,0.0,0.0,0.0,0.0,0.0,0.0,0.0,0.0,0.0,0.0,0.0,0.0,0.0,0.0,0.0,0.0,0.0,0.0,0.0,0.0,0.0,0.0,0.0,0.0,66.0,336.0,344.0,344.0,344.0,342.0,340.0,338.0
2025-11-09,2025-11,334.0,332.0,328.0,328.0,328.0,326.0,328.0,328.0,326.0,324.0,322.0,320.0,320.0,318.0,318.0,316.0,8.0,0.0,0.0,0.0,0.0,0.0,0.0,0.0,0.0,0.0,0.0,0.0,0.0,0.0,0.0,0.0,0.0,0.0,0.0,0.0,0.0,0.0,0.0,212.0,268.0,0.0,0.0,0.0,0.0,0.0,0.0,0.0,0.0,0.0,0.0,0.0,0.0,0.0,0.0,0.0,0.0,0.0,0.0,0.0,0.0,0.0,0.0,0.0,0.0,0.0,0.0,0.0,0.0,0.0,0.0,0.0,0.0,0.0,0.0,0.0,0.0,0.0,0.0,0.0,0.0,174.0,188.0,0.0,0.0,0.0,196.0,372.0,374.0,364.0,368.0,364.0,358.0,354.0,350.0,344.0
2025-11-10,2025-11,342.0,342.0,340.0,340.0,338.0,336.0,334.0,336.0,336.0,334.0,332.0,332.0,330.0,330.0,330.0,330.0,328.0,328.0,328.0,324.0,322.0,322.0,322.0,320.0,320.0,318.0,8.0,0.0,0.0,0.0,0.0,0.0,0.0,0.0,0.0,0.0,0.0,0.0,0.0,0.0,0.0,0.0,0.0,0.0,0.0,0.0,0.0,0.0,0.0,0.0,48.0,346.0,348.0,340.0,146.0,0.0,0.0,0.0,294.0,342.0,338.0,338.0,184.0,0.0,0.0,0.0,0.0,0.0,0.0,0.0,0.0,0.0,0.0,0.0,0.0,0.0,0.0,0.0,2.0,10.0,10.0,10.0,10.0,10.0,8.0,0.0,0.0,308.0,342.0,348.0,346.0,346.0,346.0,344.0,342.0,340.0
2025-11-11,2025-11,336.0,336.0,334.0,332.0,332.0,332.0,330.0,328.0,326.0,326.0,324.0,324.0,322.0,320.0,320.0,318.0,318.0,310.0,306.0,304.0,304.0,316.0,310.0,308.0,308.0,306.0,302.0,296.0,294.0,292.0,294.0,294.0,294.0,292.0,290.0,290.0,290.0,288.0,296.0,292.0,0.0,0.0,0.0,0.0,0.0,0.0,0.0,0.0,0.0,0.0,0.0,0.0,0.0,0.0,0.0,0.0,0.0,0.0,0.0,0.0,0.0,0.0,0.0,0.0,0.0,0.0,0.0,0.0,0.0,0.0,0.0,0.0,0.0,0.0,0.0,0.0,0.0,0.0,4.0,10.0,10.0,10.0,10.0,10.0,8.0,6.0,2.0,0.0,120.0,352.0,346.0,346.0,338.0,8.0,0.0,0.0
2025-11-12,2025-11,0.0,0.0,0.0,0.0,0.0,0.0,0.0,0.0,0.0,0.0,0.0,0.0,0.0,0.0,0.0,0.0,0.0,0.0,0.0,0.0,0.0,0.0,0.0,0.0,0.0,0.0,0.0,0.0,0.0,0.0,0.0,0.0,0.0,0.0,0.0,0.0,0.0,0.0,0.0,0.0,0.0,0.0,0.0,0.0,0.0,0.0,0.0,0.0,0.0,0.0,0.0,0.0,0.0,0.0,0.0,0.0,0.0,0.0,0.0,0.0,0.0,0.0,0.0,0.0,0.0,0.0,0.0,0.0,0.0,0.0,0.0,0.0,24.0,368.0,390.0,388.0,384.0,380.0,374.0,368.0,362.0,360.0,352.0,348.0,346.0,346.0,346.0,346.0,346.0,342.0,342.0,342.0,338.0,338.0,336.0,334.0
2025-11-13,2025-11,334.0,334.0,332.0,332.0,332.0,330.0,330.0,330.0,328.0,328.0,328.0,326.0,326.0,10.0,0.0,0.0,0.0,0.0,0.0,0.0,0.0,0.0,0.0,0.0,0.0,0.0,0.0,0.0,0.0,0.0,0.0,0.0,0.0,0.0,0.0,0.0,0.0,0.0,0.0,0.0,0.0,0.0,0.0,0.0,0.0,0.0,0.0,0.0,0.0,0.0,0.0,0.0,0.0,0.0,0.0,0.0,0.0,0.0,0.0,0.0,0.0,0.0,0.0,0.0,0.0,0.0,0.0,0.0,0.0,0.0,0.0,0.0,0.0,0.0,0.0,0.0,0.0,0.0,0.0,0.0,0.0,0.0,0.0,0.0,0.0,0.0,0.0,0.0,0.0,0.0,0.0,0.0,0.0,0.0,0.0,0.0
2025-11-14,2025-11,0.0,0.0,0.0,0.0,0.0,0.0,0.0,0.0,0.0,0.0,0.0,0.0,0.0,0.0,0.0,0.0,0.0,0.0,0.0,0.0,0.0,0.0,0.0,0.0,0.0,0.0,0.0,0.0,0.0,0.0,0.0,0.0,0.0,0.0,0.0,0.0,0.0,0.0,84.0,336.0,330.0,326.0,318.0,324.0,330.0,332.0,340.0,338.0,334.0,338.0,336.0,346.0,118.0,0.0,0.0,0.0,0.0,0.0,0.0,0.0,0.0,0.0,0.0,0.0,0.0,0.0,0.0,0.0,0.0,0.0,0.0,0.0,0.0,0.0,0.0,0.0,2.0,10.0,10.0,12.0,16.0,16.0,12.0,12.0,14.0,38.0,18.0,30.0,30.0,28.0,24.0,22.0,20.0,16.0,2.0,2.0
2025-11-15,2025-11,2.0,2.0,2.0,2.0,0.0,0.0,0.0,0.0,0.0,0.0,0.0,0.0,0.0,0.0,0.0,0.0,8.0,10.0,10.0,10.0,18.0,20.0,20.0,20.0,20.0,18.0,22.0,16.0,12.0,13.0,14.0,10.0,16.0,20.0,238.0,348.0,344.0,338.0,142.0,10.0,8.0,12.0,14.0,14.0,4.0,2.0,2.0,2.0,138.0,342.0,328.0,350.0,354.0,340.0,320.0,214.0,0.0,0.0,0.0,0.0,0.0,0.0,0.0,0.0,0.0,0.0,0.0,0.0,0.0,0.0,0.0,0.0,0.0,0.0,0.0,8.0,10.0,10.0,10.0,10.0,10.0,10.0,10.0,10.0,10.0,10.0,10.0,10.0,10.0,10.0,10.0,10.0,12.0,18.0,28.0,28.0
2025-11-16,2025-11,28.0,26.0,10.0,20.0,22.0,20.0,20.0,18.0,18.0,18.0,16.0,16.0,16.0,14.0,10.0,10.0,10.0,10.0,10.0,10.0,10.0,10.0,10.0,10.0,10.0,10.0,10.0,10.0,4.0,0.0,0.0,0.0,0.0,0.0,0.0,0.0,0.0,0.0,0.0,0.0,0.0,0.0,0.0,0.0,0.0,0.0,0.0,0.0,0.0,0.0,0.0,0.0,0.0,6.0,6.0,6.0,6.0,4.0,2.0,0.0,0.0,0.0,0.0,4.0,292.0,368.0,360.0,354.0,344.0,330.0,322.0,380.0,386.0,412.0,416.0,412.0,410.0,386.0,194.0,10.0,10.0,10.0,10.0,10.0,10.0,10.0,10.0,12.0,22.0,20.0,16.0,4.0,2.0,2.0,0.0,0.0
2025-11-17,2025-11,0.0,0.0,0.0,0.0,0.0,0.0,0.0,0.0,0.0,0.0,0.0,0.0,0.0,0.0,0.0,0.0,2.0,0.0,0.0,0.0,0.0,0.0,0.0,0.0,0.0,0.0,0.0,0.0,0.0,0.0,0.0,0.0,0.0,0.0,0.0,0.0,0.0,0.0,0.0,0.0,0.0,0.0,0.0,0.0,0.0,0.0,0.0,0.0,0.0,0.0,0.0,0.0,0.0,0.0,0.0,0.0,0.0,0.0,0.0,0.0,222.0,396.0,410.0,408.0,406.0,398.0,384.0,376.0,52.0,0.0,0.0,0.0,0.0,0.0,0.0,0.0,0.0,0.0,86.0,360.0,340.0,8.0,10.0,10.0,8.0,8.0,8.0,6.0,4.0,4.0,2.0,120.0,350.0,340.0,338.0,336.0
2025-11-18,2025-11,338.0,334.0,334.0,332.0,330.0,330.0,326.0,326.0,324.0,322.0,322.0,322.0,320.0,320.0,318.0,316.0,316.0,314.0,316.0,310.0,8.0,0.0,0.0,0.0,0.0,0.0,0.0,0.0,0.0,0.0,0.0,0.0,0.0,0.0,0.0,0.0,0.0,0.0,0.0,0.0,0.0,0.0,0.0,0.0,0.0,0.0,0.0,0.0,0.0,0.0,0.0,0.0,0.0,0.0,0.0,0.0,0.0,0.0,0.0,0.0,0.0,0.0,0.0,0.0,0.0,0.0,0.0,0.0,0.0,0.0,0.0,0.0,0.0,0.0,0.0,0.0,0.0,0.0,0.0,0.0,0.0,0.0,0.0,0.0,0.0,0.0,0.0,0.0,0.0,0.0,0.0,0.0,4.0,10.0,10.0,10.0
2025-11-19,2025-11,10.0,10.0,10.0,6.0,4.0,2.0,2.0,0.0,0.0,0.0,2.0,0.0,0.0,0.0,0.0,0.0,0.0,0.0,0.0,0.0,0.0,0.0,0.0,0.0,0.0,0.0,0.0,0.0,0.0,0.0,274.0,336.0,332.0,328.0,326.0,326.0,322.0,328.0,344.0,338.0,336.0,224.0,112.0,0.0,0.0,0.0,0.0,0.0,0.0,0.0,0.0,0.0,0.0,0.0,0.0,0.0,0.0,0.0,0.0,0.0,0.0,0.0,318.0,362.0,360.0,358.0,360.0,356.0,90.0,0.0,0.0,0.0,0.0,0.0,0.0,0.0,0.0,0.0,0.0,10.0,8.0,16.0,20.0,20.0,16.0,8.0,2.0,2.0,0.0,0.0,2.0,38.0,356.0,364.0,360.0,355.0
2025-11-20,2025-11,350.0,346.0,342.0,338.0,338.0,336.0,336.0,338.0,326.0,324.0,326.0,326.0,324.0,322.0,322.0,320.0,320.0,318.0,316.0,316.0,314.0,314.0,10.0,0.0,0.0,0.0,0.0,0.0,0.0,0.0,0.0,0.0,0.0,0.0,0.0,0.0,0.0,0.0,0.0,0.0,0.0,0.0,0.0,0.0,0.0,0.0,0.0,0.0,0.0,2.0,2.0,2.0,2.0,2.0,2.0,2.0,2.0,2.0,2.0,2.0,2.0,2.0,0.0,0.0,0.0,0.0,0.0,0.0,0.0,0.0,0.0,0.0,0.0,0.0,0.0,0.0,8.0,8.0,0.0,0.0,120.0,368.0,370.0,364.0,354.0,356.0,340.0,336.0,332.0,328.0,330.0,324.0,320.0,326.0,324.0,320.0
2025-11-21,2025-11,336.0,342.0,340.0,342.0,340.0,338.0,336.0,10.0,0.0,0.0,0.0,0.0,0.0,0.0,0.0,0.0,0.0,0.0,0.0,0.0,0.0,0.0,0.0,0.0,0.0,0.0,0.0,0.0,0.0,0.0,0.0,0.0,0.0,0.0,0.0,0.0,0.0,0.0,0.0,0.0,0.0,0.0,0.0,0.0,0.0,0.0,0.0,0.0,0.0,0.0,0.0,0.0,0.0,0.0,0.0,0.0,0.0,0.0,0.0,0.0,0.0,0.0,0.0,0.0,0.0,0.0,0.0,0.0,0.0,0.0,0.0,0.0,0.0,0.0,0.0,0.0,0.0,0.0,0.0,0.0,0.0,0.0,0.0,0.0,0.0,0.0,0.0,0.0,0.0,0.0,0.0,162.0,350.0,350.0,362.0,362.0
2025-11-22,2025-11,360.0,356.0,354.0,350.0,348.0,348.0,348.0,344.0,344.0,344.0,342.0,340.0,340.0,338.0,338.0,336.0,334.0,334.0,332.0,332.0,332.0,330.0,330.0,332.0,326.0,324.0,324.0,326.0,324.0,324.0,322.0,320.0,320.0,6.0,0.0,0.0,0.0,0.0,0.0,0.0,0.0,0.0,0.0,0.0,0.0,0.0,0.0,0.0,0.0,0.0,0.0,0.0,0.0,0.0,0.0,0.0,0.0,0.0,0.0,0.0,0.0,0.0,0.0,0.0,0.0,0.0,0.0,0.0,0.0,0.0,0.0,0.0,0.0,0.0,0.0,0.0,0.0,0.0,0.0,0.0,0.0,0.0,0.0,0.0,0.0,0.0,0.0,0.0,0.0,0.0,0.0,0.0,0.0,302.0,352.0,344.0
2025-11-23,2025-11,106.0,8.0,10.0,340.0,374.0,366.0,360.0,356.0,352.0,352.0,350.0,350.0,348.0,348.0,348.0,346.0,344.0,342.0,340.0,338.0,338.0,332.0,342.0,340.0,338.0,334.0,332.0,330.0,322.0,326.0,324.0,322.0,324.0,320.0,320.0,324.0,318.0,10.0,0.0,0.0,0.0,0.0,0.0,0.0,0.0,0.0,0.0,0.0,0.0,0.0,0.0,0.0,0.0,0.0,0.0,0.0,0.0,0.0,0.0,0.0,0.0,0.0,0.0,0.0,0.0,0.0,0.0,0.0,0.0,0.0,0.0,0.0,0.0,0.0,0.0,0.0,0.0,0.0,0.0,0.0,0.0,0.0,0.0,0.0,0.0,0.0,0.0,0.0,0.0,0.0,46.0,0.0,0.0,0.0,0.0,0.0
2025-11-24,2025-11,58.0,378.0,382.0,384.0,382.0,376.0,368.0,364.0,358.0,358.0,354.0,352.0,352.0,350.0,348.0,346.0,346.0,344.0,342.0,342.0,340.0,338.0,336.0,334.0,334.0,332.0,328.0,322.0,318.0,322.0,324.0,324.0,320.0,320.0,322.0,316.0,314.0,8.0,0.0,0.0,0.0,0.0,0.0,0.0,0.0,0.0,0.0,0.0,0.0,0.0,0.0,0.0,0.0,0.0,0.0,0.0,0.0,0.0,0.0,0.0,0.0,0.0,0.0,0.0,0.0,0.0,0.0,0.0,0.0,0.0,0.0,0.0,0.0,0.0,0.0,0.0,0.0,0.0,0.0,0.0,0.0,0.0,0.0,0.0,0.0,0.0,0.0,0.0,0.0,40.0,340.0,350.0,352.0,352.0,350.0,352.0
2025-11-25,2025-11,352.0,350.0,348.0,346.0,346.0,344.0,344.0,344.0,343.0,342.0,342.0,340.0,338.0,338.0,336.0,336.0,334.0,334.0,332.0,330.0,326.0,324.0,320.0,322.0,324.0,322.0,322.0,316.0,314.0,318.0,316.0,8.0,0.0,114.0,318.0,314.0,318.0,314.0,314.0,348.0,352.0,348.0,344.0,184.0,0.0,0.0,0.0,0.0,0.0,0.0,0.0,0.0,0.0,0.0,0.0,0.0,0.0,0.0,0.0,0.0,0.0,0.0,0.0,0.0,0.0,0.0,0.0,0.0,0.0,0.0,0.0,0.0,0.0,0.0,0.0,0.0,0.0,0.0,6.0,0.0,0.0,0.0,0.0,0.0,0.0,4.0,270.0,356.0,352.0,350.0,344.0,326.0,338.0,340.0,340.0,340.0
2025-11-26,2025-11,338.0,338.0,338.0,336.0,338.0,338.0,334.0,334.0,332.0,330.0,328.0,328.0,326.0,326.0,320.0,320.0,316.0,314.0,314.0,312.0,310.0,306.0,304.0,304.0,302.0,302.0,6.0,0.0,0.0,0.0,0.0,0.0,0.0,0.0,0.0,0.0,0.0,0.0,0.0,0.0,0.0,0.0,0.0,0.0,0.0,0.0,0.0,0.0,0.0,0.0,0.0,0.0,0.0,0.0,0.0,0.0,0.0,0.0,0.0,4.0,10.0,8.0,10.0,12.0,12.0,10.0,8.0,8.0,6.0,4.0,4.0,2.0,2.0,0.0,0.0,0.0,0.0,0.0,0.0,0.0,0.0,0.0,2.0,2.0,2.0,2.0,8.0,14.0,14.0,12.0,12.0,12.0,12.0,10.0,10.0,202.0
2025-11-27,2025-11,366.0,376.0,370.0,358.0,350.0,350.0,348.0,346.0,344.0,342.0,340.0,338.0,336.0,336.0,334.0,332.0,332.0,330.0,330.0,328.0,326.0,326.0,322.0,324.0,328.0,318.0,316.0,316.0,316.0,310.0,310.0,308.0,310.0,310.0,308.0,296.0,0.0,0.0,0.0,0.0,0.0,0.0,0.0,0.0,0.0,0.0,0.0,0.0,0.0,0.0,0.0,0.0,0.0,0.0,318.0,452.0,460.0,462.0,474.0,478.0,470.0,464.0,462.0,452.0,454.0,446.0,442.0,444.0,468.0,466.0,558.0,636.0,636.0,632.0,624.0,622.0,612.0,604.0,600.0,584.0,568.0,552.0,462.0,392.0,544.0,546.0,540.0,544.0,538.0,532.0,528.0,528.0,526.0,528.0,522.0,522.0
2025-11-28,2025-11,528.0,534.0,532.0,530.0,526.0,522.0,522.0,518.0,516.0,514.0,512.0,512.0,510.0,510.0,508.0,508.0,508.0,506.0,504.0,406.0,346.0,350.0,348.0,346.0,348.0,344.0,344.0,338.0,336.0,334.0,334.0,334.0,334.0,334.0,332.0,334.0,332.0,332.0,334.0,332.0,334.0,336.0,336.0,338.0,340.0,334.0,340.0,340.0,340.0,342.0,340.0,342.0,342.0,342.0,338.0,340.0,344.0,342.0,336.0,338.0,340.0,336.0,342.0,336.0,338.0,344.0,342.0,344.0,344.0,344.0,344.0,342.0,338.0,336.0,338.0,336.0,326.0,324.0,322.0,328.0,328.0,330.0,330.0,330.0,328.0,322.0,322.0,328.0,328.0,326.0,320.0,316.0,318.0,318.0,322.0,322.0
2025-11-29,2025-11,322.0,322.0,322.0,322.0,322.0,320.0,320.0,320.0,320.0,320.0,320.0,316.0,316.0,316.0,316.0,316.0,314.0,314.0,312.0,312.0,314.0,310.0,304.0,300.0,300.0,298.0,298.0,296.0,296.0,294.0,292.0,294.0,290.0,286.0,288.0,292.0,294.0,344.0,458.0,194.0,6.0,0.0,12.0,54.0,186.0,194.0,194.0,192.0,190.0,190.0,538.0,570.0,560.0,554.0,476.0,12.0,2.0,4.0,308.0,64.0,302.0,400.0,394.0,382.0,382.0,368.0,358.0,366.0,356.0,14.0,0.0,0.0,0.0,0.0,0.0,0.0,0.0,0.0,0.0,0.0,0.0,0.0,0.0,0.0,0.0,0.0,0.0,0.0,0.0,0.0,0.0,0.0,0.0,0.0,0.0,0.0
2025-11-30,2025-11,0.0,0.0,0.0,0.0,0.0,0.0,0.0,0.0,0.0,0.0,0.0,0.0,0.0,0.0,0.0,0.0,0.0,0.0,0.0,0.0,0.0,0.0,0.0,0.0,0.0,0.0,0.0,0.0,0.0,0.0,0.0,0.0,0.0,0.0,0.0,0.0,0.0,0.0,0.0,0.0,0.0,0.0,0.0,0.0,0.0,0.0,0.0,0.0,0.0,0.0,0.0,0.0,0.0,0.0,0.0,0.0,0.0,0.0,0.0,0.0,0.0,0.0,0.0,0.0,0.0,0.0,0.0,0.0,0.0,0.0,0.0,0.0,0.0,0.0,0.0,0.0,0.0,0.0,0.0,0.0,0.0,0.0,0.0,4.0,4.0,6.0,6.0,6.0,6.0,8.0,6.0,6.0,6.0,6.0,6.0,6.0
2025-12-01,2025-12,6.0,4.0,2.0,2.0,2.0,0.0,0.0,0.0,0.0,0.0,0.0,0.0,0.0,0.0,0.0,0.0,0.0,0.0,0.0,0.0,0.0,0.0,0.0,0.0,0.0,0.0,0.0,0.0,0.0,0.0,0.0,0.0,0.0,0.0,0.0,0.0,0.0,0.0,0.0,0.0,0.0,0.0,0.0,0.0,0.0,0.0,0.0,0.0,0.0,0.0,0.0,0.0,0.0,0.0,0.0,0.0,0.0,0.0,0.0,0.0,0.0,0.0,0.0,0.0,0.0,0.0,0.0,0.0,0.0,0.0,0.0,0.0,0.0,0.0,0.0,0.0,0.0,0.0,0.0,0.0,0.0,0.0,0.0,0.0,0.0,0.0,0.0,0.0,0.0,0.0,0.0,0.0,0.0,0.0,0.0,0.0
2025-12-04,2025-12,0.0,0.0,0.0,0.0,0.0,0.0,0.0,0.0,0.0,0.0,0.0,0.0,0.0,0.0,0.0,0.0,0.0,0.0,0.0,0.0,0.0,0.0,0.0,0.0,0.0,0.0,0.0,0.0,0.0,0.0,0.0,0.0,0.0,0.0,0.0,0.0,0.0,0.0,0.0,0.0,0.0,0.0,0.0,0.0,0.0,0.0,0.0,0.0,0.0,0.0,0.0,0.0,0.0,0.0,0.0,0.0,0.0,0.0,0.0,0.0,0.0,0.0,0.0,0.0,0.0,0.0,0.0,0.0,0.0,0.0,0.0,0.0,0.0,0.0,0.0,0.0,0.0,0.0,0.0,0.0,0.0,0.0,0.0,0.0,0.0,0.0,0.0,0.0,0.0,0.0,0.0,0.0,0.0,0.0,0.0,0.0
2025-12-05,2025-12,0.0,0.0,0.0,0.0,0.0,0.0,0.0,0.0,0.0,0.0,0.0,0.0,0.0,0.0,0.0,0.0,0.0,0.0,0.0,0.0,0.0,0.0,0.0,0.0,0.0,0.0,0.0,0.0,0.0,0.0,0.0,0.0,0.0,0.0,0.0,0.0,0.0,0.0,0.0,0.0,0.0,0.0,0.0,0.0,0.0,0.0,0.0,0.0,0.0,0.0,0.0,0.0,0.0,0.0,0.0,0.0,0.0,0.0,0.0,0.0,0.0,0.0,0.0,0.0,0.0,0.0,0.0,0.0,0.0,0.0,0.0,0.0,0.0,0.0,0.0,0.0,0.0,0.0,0.0,0.0,0.0,0.0,0.0,0.0,0.0,0.0,0.0,0.0,0.0,0.0,0.0,0.0,0.0,0.0,0.0,0.0
2025-12-06,2025-12,0.0,0.0,0.0,0.0,0.0,0.0,0.0,0.0,0.0,0.0,0.0,0.0,0.0,0.0,0.0,0.0,0.0,0.0,0.0,0.0,0.0,0.0,0.0,0.0,0.0,0.0,0.0,0.0,0.0,0.0,0.0,0.0,0.0,0.0,0.0,0.0,0.0,0.0,0.0,0.0,0.0,0.0,0.0,0.0,0.0,0.0,0.0,0.0,0.0,0.0,0.0,0.0,0.0,0.0,0.0,0.0,0.0,0.0,0.0,0.0,0.0,0.0,0.0,0.0,0.0,0.0,0.0,0.0,0.0,0.0,0.0,0.0,0.0,0.0,0.0,0.0,0.0,0.0,0.0,0.0,0.0,0.0,0.0,0.0,0.0,0.0,0.0,0.0,0.0,0.0,0.0,0.0,0.0,0.0,0.0,0.0
2025-12-07,2025-12,0.0,0.0,0.0,0.0,0.0,0.0,0.0,0.0,0.0,0.0,0.0,0.0,0.0,0.0,0.0,0.0,0.0,0.0,0.0,0.0,0.0,0.0,0.0,0.0,0.0,0.0,0.0,0.0,0.0,0.0,0.0,0.0,0.0,0.0,0.0,0.0,0.0,0.0,0.0,0.0,0.0,0.0,0.0,0.0,0.0,0.0,0.0,0.0,0.0,0.0,0.0,0.0,0.0,0.0,0.0,0.0,0.0,0.0,0.0,0.0,0.0,0.0,0.0,0.0,0.0,0.0,0.0,0.0,0.0,0.0,0.0,0.0,0.0,0.0,0.0,0.0,0.0,0.0,0.0,0.0,0.0,0.0,0.0,0.0,0.0,0.0,0.0,0.0,0.0,0.0,0.0,0.0,0.0,0.0,0.0,0.0
2025-12-08,2025-12,0.0,0.0,0.0,0.0,0.0,0.0,0.0,0.0,0.0,0.0,0.0,0.0,0.0,0.0,0.0,0.0,0.0,0.0,0.0,0.0,0.0,0.0,0.0,0.0,0.0,0.0,0.0,0.0,0.0,0.0,0.0,0.0,0.0,0.0,0.0,0.0,0.0,0.0,0.0,0.0,0.0,0.0,0.0,0.0,0.0,0.0,0.0,0.0,0.0,0.0,0.0,0.0,0.0,0.0,0.0,0.0,0.0,0.0,0.0,0.0,0.0,0.0,0.0,0.0,0.0,0.0,0.0,0.0,0.0,0.0,0.0,0.0,0.0,0.0,0.0,0.0,0.0,0.0,0.0,0.0,0.0,0.0,0.0,0.0,0.0,0.0,0.0,0.0,0.0,0.0,0.0,0.0,0.0,0.0,0.0,0.0
2025-12-10,2025-12,342.0,340.0,338.0,336.0,332.0,332.0,330.0,328.0,328.0,328.0,326.0,326.0,324.0,322.0,320.0,318.0,316.0,314.0,312.0,310.0,308.0,306.0,302.0,308.0,304.0,302.0,302.0,300.0,296.0,292.0,298.0,296.0,290.0,288.0,148.0,0.0,0.0,0.0,0.0,0.0,0.0,132.0,330.0,322.0,74.0,0.0,0.0,0.0,0.0,0.0,0.0,0.0,0.0,0.0,0.0,0.0,0.0,0.0,0.0,0.0,0.0,0.0,0.0,4.0,4.0,4.0,4.0,4.0,6.0,4.0,6.0,6.0,6.0,6.0,6.0,6.0,4.0,6.0,4.0,2.0,10.0,4.0,0.0,4.0,140.0,344.0,348.0,346.0,340.0,338.0,334.0,332.0,332.0,328.0,326.0,334.0
2025-12-11,2025-12,334.0,332.0,332.0,330.0,328.0,328.0,326.0,324.0,324.0,322.0,320.0,318.0,318.0,316.0,314.0,314.0,314.0,16.0,0.0,0.0,0.0,0.0,0.0,0.0,0.0,0.0,0.0,0.0,0.0,0.0,0.0,0.0,0.0,0.0,0.0,0.0,0.0,298.0,300.0,302.0,306.0,308.0,340.0,348.0,336.0,336.0,342.0,20.0,0.0,0.0,0.0,0.0,0.0,0.0,0.0,0.0,0.0,0.0,0.0,0.0,0.0,0.0,0.0,0.0,0.0,0.0,0.0,0.0,0.0,0.0,0.0,0.0,0.0,0.0,0.0,0.0,0.0,0.0,0.0,0.0,0.0,0.0,0.0,0.0,0.0,0.0,4.0,4.0,4.0,6.0,4.0,4.0,6.0,6.0,4.0,4.0
2025-12-12,2025-12,2.0,2.0,1.0,0.0,0.0,0.0,0.0,0.0,0.0,0.0,0.0,0.0,0.0,0.0,0.0,0.0,0.0,0.0,0.0,308.0,336.0,328.0,326.0,328.0,328.0,324.0,324.0,324.0,320.0,320.0,318.0,316.0,22.0,0.0,0.0,0.0,0.0,0.0,0.0,0.0,0.0,0.0,0.0,292.0,354.0,350.0,352.0,350.0,356.0,364.0,358.0,354.0,346.0,348.0,376.0,372.0,382.0,372.0,386.0,376.0,370.0,356.0,0.0,0.0,0.0,0.0,0.0,0.0,0.0,0.0,0.0,0.0,0.0,0.0,0.0,0.0,2.0,10.0,10.0,10.0,10.0,10.0,10.0,12.0,10.0,10.0,12.0,12.0,12.0,12.0,58.0,346.0,358.0,356.0,354.0,354.0
2025-12-13,2025-12,350.0,346.0,342.0,340.0,336.0,334.0,334.0,332.0,332.0,330.0,328.0,326.0,326.0,324.0,326.0,324.0,322.0,320.0,320.0,14.0,0.0,0.0,0.0,0.0,0.0,0.0,0.0,0.0,0.0,0.0,0.0,0.0,0.0,0.0,0.0,0.0,0.0,0.0,0.0,0.0,0.0,0.0,0.0,0.0,0.0,0.0,0.0,0.0,0.0,0.0,0.0,0.0,0.0,0.0,0.0,0.0,0.0,0.0,0.0,316.0,338.0,334.0,18.0,0.0,0.0,0.0,0.0,0.0,0.0,0.0,0.0,0.0,0.0,0.0,0.0,0.0,0.0,0.0,6.0,8.0,0.0,0.0,0.0,0.0,0.0,0.0,0.0,0.0,30.0,0.0,0.0,0.0,0.0,0.0,0.0,2.0
2025-12-14,2025-12,0.0,0.0,0.0,0.0,0.0,0.0,0.0,0.0,0.0,0.0,0.0,0.0,0.0,0.0,0.0,0.0,0.0,0.0,0.0,0.0,0.0,0.0,0.0,0.0,232.0,330.0,334.0,330.0,318.0,316.0,314.0,310.0,310.0,311.0,312.0,314.0,312.0,16.0,0.0,0.0,0.0,0.0,0.0,0.0,0.0,0.0,0.0,0.0,0.0,0.0,0.0,0.0,0.0,0.0,198.0,352.0,360.0,352.0,316.0,0.0,0.0,0.0,0.0,0.0,0.0,0.0,0.0,0.0,0.0,0.0,0.0,0.0,0.0,0.0,0.0,0.0,0.0,0.0,0.0,0.0,0.0,0.0,0.0,0.0,0.0,0.0,0.0,0.0,4.0,4.0,5.0,6.0,6.0,6.0,6.0,4.0
2026-01-02,2026-01,374.0,370.0,368.0,364.0,358.0,356.0,350.0,348.0,346.0,348.0,346.0,346.0,344.0,342.0,342.0,338.0,338.0,336.0,336.0,334.0,334.0,332.0,330.0,330.0,330.0,328.0,328.0,328.0,330.0,324.0,326.0,322.0,316.0,18.0,0.0,292.0,318.0,310.0,308.0,318.0,318.0,308.0,318.0,314.0,314.0,312.0,312.0,318.0,314.0,318.0,323.0,328.0,334.0,346.0,348.0,304.0,0.0,2.0,2.0,0.0,0.0,78.0,374.0,370.0,370.0,366.0,368.0,356.0,356.0,354.0,230.0,115.0,0.0,0.0,0.0,0.0,10.0,10.0,12.0,12.0,12.0,12.0,12.0,10.0,10.0,10.0,5.0,0.0,22.0,356.0,366.0,366.0,364.0,358.0,354.0,352.0
2026-01-03,2026-01,348.0,342.0,339.0,336.0,336.0,332.0,332.0,332.0,328.0,326.0,324.0,324.0,322.0,320.0,320.0,318.0,320.0,316.0,316.0,314.0,312.0,310.0,308.0,308.0,306.0,306.0,304.0,302.0,300.0,304.0,306.0,16.0,0.0,0.0,0.0,0.0,0.0,0.0,0.0,0.0,0.0,0.0,0.0,0.0,0.0,0.0,0.0,0.0,0.0,0.0,0.0,0.0,0.0,0.0,0.0,0.0,0.0,0.0,0.0,0.0,0.0,0.0,0.0,0.0,0.0,0.0,0.0,0.0,0.0,0.0,0.0,0.0,0.0,0.0,0.0,0.0,0.0,0.0,0.0,0.0,0.0,0.0,0.0,0.0,0.0,0.0,0.0,0.0,0.0,0.0,0.0,0.0,316.0,380.0,382.0,380.0
2026-01-11,2026-01,340.0,340.0,340.0,338.0,334.0,332.0,330.0,332.0,332.0,332.0,330.0,330.0,330.0,326.0,328.0,326.0,326.0,326.0,324.0,324.0,322.0,322.0,322.0,322.0,338.0,336.0,328.0,324.0,320.0,318.0,318.0,322.0,320.0,310.0,322.0,322.0,322.0,330.0,332.0,328.0,328.0,322.0,26.0,0.0,0.0,0.0,0.0,0.0,0.0,0.0,0.0,0.0,0.0,0.0,0.0,0.0,0.0,0.0,0.0,0.0,0.0,0.0,0.0,0.0,0.0,0.0,0.0,0.0,0.0,0.0,0.0,0.0,0.0,0.0,0.0,0.0,0.0,0.0,0.0,0.0,0.0,0.0,0.0,0.0,0.0,0.0,0.0,0.0,0.0,0.0,306.0,344.0,382.0,380.0,374.0,373.0
2026-01-13,2026-01,334.0,332.0,332.0,332.0,332.0,332.0,330.0,328.0,326.0,324.0,324.0,328.0,326.0,324.0,322.0,320.0,322.0,320.0,318.0,318.0,318.0,318.0,316.0,314.0,312.0,314.0,312.0,20.0,262.0,312.0,324.0,322.0,324.0,316.0,310.0,304.0,306.0,308.0,316.0,310.0,330.0,322.0,322.0,322.0,342.0,334.0,332.0,328.0,328.0,332.0,372.0,370.0,22.0,0.0,0.0,0.0,0.0,0.0,0.0,0.0,0.0,0.0,0.0,0.0,0.0,0.0,0.0,0.0,0.0,0.0,0.0,0.0,0.0,278.0,404.0,406.0,404.0,398.0,398.0,390.0,380.0,374.0,370.0,374.0,364.0,368.0,354.0,348.0,344.0,352.0,364.0,370.0,360.0,354.0,358.0,356.0
2026-01-14,2026-01,354.0,350.0,346.0,342.0,338.0,334.0,334.0,332.0,330.0,330.0,328.0,328.0,328.0,326.0,326.0,328.0,324.0,322.0,320.0,320.0,318.0,318.0,324.0,320.0,318.0,318.0,318.0,314.0,310.0,308.0,316.0,322.0,320.0,318.0,314.0,310.0,308.0,304.0,304.0,304.0,310.0,328.0,318.0,318.0,318.0,322.0,318.0,320.0,322.0,322.0,330.0,22.0,0.0,0.0,0.0,0.0,0.0,0.0,0.0,0.0,0.0,0.0,0.0,0.0,0.0,0.0,0.0,0.0,0.0,0.0,0.0,0.0,0.0,0.0,0.0,0.0,0.0,0.0,0.0,376.0,414.0,420.0,426.0,420.0,406.0,402.0,396.0,392.0,386.0,378.0,368.0,356.0,348.0,348.0,346.0,340.0
2026-01-16,2026-01,348.0,348.0,346.0,344.0,344.0,342.0,342.0,340.0,340.0,338.0,336.0,338.0,340.0,338.0,86.0,8.0,10.0,10.0,10.0,300.0,338.0,332.0,328.0,326.0,324.0,324.0,324.0,324.0,328.0,324.0,322.0,320.0,320.0,318.0,316.0,316.0,318.0,320.0,322.0,320.0,320.0,332.0,328.0,330.0,16.0,0.0,0.0,0.0,0.0,258.0,348.0,384.0,404.0,400.0,390.0,404.0,412.0,408.0,278.0,0.0,0.0,0.0,0.0,0.0,0.0,2.0,2.0,2.0,0.0,0.0,0.0,0.0,0.0,0.0,0.0,0.0,0.0,0.0,0.0,0.0,54.0,408.0,418.0,424.0,410.0,402.0,396.0,382.0,376.0,364.0,366.0,364.0,364.0,358.0,356.0,354.0
2026-01-17,2026-01,354.0,354.0,354.0,350.0,348.0,348.0,346.0,346.0,346.0,344.0,342.0,340.0,338.0,338.0,338.0,336.0,336.0,336.0,334.0,334.0,332.0,330.0,330.0,332.0,330.0,328.0,328.0,326.0,330.0,334.0,328.0,326.0,324.0,328.0,324.0,320.0,324.0,328.0,324.0,322.0,318.0,82.0,2.0,2.0,2.0,2.0,2.0,2.0,2.0,158.0,334.0,334.0,338.0,338.0,338.0,14.0,0.0,2.0,2.0,2.0,2.0,2.0,2.0,2.0,2.0,2.0,2.0,2.0,2.0,2.0,2.0,0.0,0.0,0.0,0.0,0.0,0.0,0.0,0.0,0.0,0.0,0.0,0.0,112.0,224.0,356.0,364.0,360.0,360.0,358.0,354.0,352.0,350.0,348.0,346.0,342.0
2026-01-18,2026-01,340.0,340.0,342.0,340.0,340.0,338.0,338.0,338.0,336.0,334.0,336.0,332.0,326.0,324.0,322.0,320.0,324.0,324.0,324.0,320.0,316.0,316.0,316.0,322.0,326.0,324.0,322.0,316.0,320.0,308.0,308.0,308.0,308.0,134.0,2.0,2.0,2.0,2.0,2.0,2.0,2.0,2.0,2.0,2.0,168.0,334.0,340.0,360.0,358.0,364.0,360.0,356.0,358.0,254.0,0.0,0.0,0.0,262.0,304.0,346.0,388.0,382.0,18.0,0.0,0.0,0.0,0.0,0.0,0.0,0.0,0.0,0.0,0.0,0.0,0.0,0.0,0.0,0.0,0.0,314.0,382.0,382.0,380.0,372.0,370.0,366.0,364.0,358.0,356.0,358.0,354.0,350.0,350.0,352.0,350.0,346.0
2026-01-19,2026-01,340.0,338.0,336.0,336.0,336.0,340.0,342.0,342.0,338.0,338.0,338.0,338.0,336.0,334.0,336.0,334.0,332.0,332.0,330.0,328.0,328.0,330.0,326.0,328.0,324.0,320.0,312.0,308.0,306.0,308.0,310.0,310.0,308.0,312.0,312.0,156.0,0.0,44.0,322.0,320.0,316.0,312.0,312.0,314.0,316.0,326.0,326.0,322.0,334.0,344.0,346.0,346.0,354.0,372.0,360.0,352.0,346.0,346.0,354.0,0.0,0.0,0.0,0.0,0.0,0.0,0.0,0.0,0.0,0.0,0.0,0.0,0.0,0.0,0.0,0.0,0.0,2.0,10.0,10.0,10.0,366.0,20.0,10.0,384.0,388.0,380.0,380.0,368.0,372.0,368.0,360.0,354.0,348.0,362.0,364.0,362.0
2026-01-21,2026-01,352.0,350.0,348.0,350.0,350.0,350.0,348.0,350.0,350.0,348.0,344.0,340.0,338.0,338.0,338.0,338.0,338.0,338.0,336.0,334.0,332.0,330.0,330.0,330.0,334.0,334.0,332.0,330.0,326.0,326.0,326.0,328.0,328.0,328.0,328.0,324.0,326.0,324.0,328.0,330.0,330.0,330.0,338.0,336.0,334.0,336.0,336.0,344.0,316.0,288.0,346.0,348.0,348.0,362.0,356.0,354.0,346.0,356.0,64.0,402.0,382.0,374.0,370.0,374.0,390.0,380.0,50.0,0.0,0.0,0.0,2.0,2.0,2.0,2.0,2.0,2.0,2.0,2.0,0.0,0.0,0.0,0.0,0.0,274.0,392.0,394.0,392.0,380.0,372.0,370.0,366.0,368.0,362.0,354.0,350.0,352.0
2026-01-22,2026-01,356.0,356.0,352.0,352.0,350.0,348.0,346.0,346.0,346.0,348.0,346.0,344.0,342.0,342.0,340.0,340.0,340.0,340.0,336.0,336.0,336.0,334.0,332.0,332.0,332.0,332.0,328.0,16.0,0.0,306.0,330.0,328.0,324.0,326.0,324.0,326.0,324.0,324.0,322.0,324.0,322.0,322.0,324.0,328.0,326.0,326.0,324.0,328.0,330.0,342.0,338.0,336.0,20.0,10.0,0.0,0.0,0.0,0.0,0.0,0.0,0.0,0.0,0.0,0.0,0.0,0.0,0.0,0.0,0.0,0.0,0.0,0.0,0.0,0.0,0.0,0.0,0.0,0.0,0.0,0.0,0.0,0.0,176.0,372.0,380.0,380.0,376.0,374.0,372.0,370.0,368.0,364.0,358.0,356.0,354.0,352.0
2026-01-24,2026-01,358.0,356.0,352.0,352.0,350.0,348.0,344.0,342.0,340.0,340.0,340.0,340.0,340.0,340.0,336.0,334.0,332.0,332.0,332.0,340.0,336.0,334.0,328.0,326.0,324.0,324.0,322.0,324.0,322.0,320.0,318.0,318.0,316.0,314.0,310.0,311.0,312.0,312.0,314.0,316.0,322.0,322.0,322.0,322.0,324.0,336.0,336.0,334.0,336.0,40.0,0.0,0.0,0.0,0.0,0.0,0.0,0.0,0.0,0.0,0.0,0.0,0.0,0.0,0.0,228.0,254.0,2.0,2.0,2.0,2.0,2.0,2.0,2.0,2.0,2.0,326.0,384.0,380.0,380.0,378.0,374.0,370.0,362.0,356.0,354.0,348.0,342.0,340.0,338.0,334.0,332.0,332.0,328.0,328.0,336.0,338.0
2026-01-25,2026-01,336.0,334.0,332.0,332.0,332.0,332.0,330.0,330.0,330.0,330.0,330.0,328.0,324.0,324.0,322.0,320.0,319.0,318.0,320.0,326.0,320.0,316.0,312.0,312.0,310.0,310.0,308.0,306.0,304.0,308.0,18.0,0.0,0.0,0.0,0.0,0.0,0.0,0.0,0.0,0.0,0.0,0.0,0.0,0.0,0.0,0.0,0.0,0.0,0.0,0.0,0.0,0.0,0.0,0.0,0.0,0.0,0.0,0.0,0.0,0.0,0.0,0.0,0.0,0.0,0.0,0.0,0.0,0.0,0.0,0.0,0.0,0.0,0.0,0.0,0.0,0.0,0.0,0.0,0.0,0.0,0.0,0.0,0.0,0.0,0.0,0.0,0.0,0.0,334.0,384.0,388.0,384.0,352.0,354.0,348.0,348.0
2026-01-26,2026-01,356.0,354.0,352.0,350.0,348.0,344.0,342.0,338.0,336.0,334.0,334.0,332.0,334.0,332.0,330.0,330.0,330.0,330.0,330.0,328.0,328.0,326.0,324.0,320.0,322.0,326.0,320.0,316.0,314.0,310.0,310.0,308.0,306.0,306.0,306.0,304.0,6.0,2.0,2.0,226.0,16.0,0.0,0.0,0.0,0.0,0.0,0.0,0.0,0.0,0.0,0.0,0.0,0.0,0.0,0.0,0.0,0.0,0.0,0.0,0.0,0.0,210.0,396.0,410.0,410.0,420.0,430.0,426.0,430.0,426.0,424.0,418.0,418.0,414.0,408.0,400.0,394.0,388.0,382.0,376.0,18.0,112.0,374.0,372.0,370.0,364.0,360.0,356.0,350.0,346.0,346.0,346.0,346.0,348.0,344.0,342.0
2026-01-27,2026-01,342.0,340.0,340.0,338.0,336.0,336.0,336.0,336.0,334.0,332.0,332.0,332.0,330.0,330.0,330.0,330.0,330.0,326.0,324.0,324.0,326.0,322.0,318.0,320.0,320.0,318.0,318.0,316.0,316.0,310.0,312.0,318.0,316.0,316.0,312.0,310.0,314.0,310.0,16.0,0.0,0.0,0.0,0.0,0.0,244.0,328.0,334.0,330.0,328.0,330.0,350.0,352.0,358.0,344.0,348.0,348.0,366.0,370.0,364.0,360.0,358.0,358.0,354.0,358.0,346.0,346.0,16.0,0.0,0.0,0.0,0.0,0.0,0.0,0.0,0.0,0.0,0.0,0.0,0.0,180.0,370.0,372.0,364.0,364.0,344.0,358.0,356.0,350.0,354.0,348.0,344.0,340.0,338.0,334.0,334.0,338.0
2026-01-28,2026-01,340.0,342.0,340.0,338.0,338.0,338.0,338.0,338.0,336.0,334.0,334.0,332.0,332.0,330.0,328.0,326.0,328.0,328.0,326.0,326.0,322.0,320.0,50.0,10.0,10.0,10.0,10.0,162.0,324.0,318.0,316.0,312.0,310.0,310.0,316.0,320.0,310.0,312.0,310.0,310.0,324.0,14.0,0.0,0.0,0.0,0.0,328.0,330.0,332.0,332.0,328.0,360.0,370.0,366.0,350.0,382.0,418.0,414.0,400.0,306.0,0.0,0.0,0.0,0.0,0.0,0.0,242.0,412.0,418.0,424.0,418.0,408.0,408.0,18.0,364.0,410.0,402.0,386.0,372.0,356.0,352.0,348.0,342.0,342.0,340.0,338.0,342.0,342.0,342.0,344.0,346.0,344.0,346.0,346.0,346.0,346.0
2026-01-29,2026-01,344.0,344.0,342.0,340.0,338.0,336.0,336.0,336.0,336.0,336.0,334.0,334.0,334.0,334.0,330.0,330.0,328.0,328.0,326.0,326.0,310.0,10.0,10.0,10.0,10.0,6.0,8.0,312.0,322.0,318.0,320.0,320.0,320.0,316.0,314.0,312.0,312.0,308.0,304.0,308.0,328.0,324.0,324.0,14.0,198.0,342.0,340.0,338.0,344.0,370.0,394.0,378.0,376.0,362.0,354.0,360.0,22.0,0.0,0.0,0.0,0.0,0.0,0.0,0.0,0.0,0.0,0.0,0.0,0.0,10.0,10.0,8.0,6.0,6.0,8.0,114.0,400.0,424.0,430.0,420.0,408.0,404.0,390.0,380.0,366.0,354.0,356.0,356.0,354.0,354.0,352.0,354.0,354.0,350.0,350.0,348.0
2026-02-04,2026-02,350.0,352.0,348.0,346.0,340.0,336.0,336.0,338.0,338.0,340.0,338.0,337.0,336.0,334.0,332.0,332.0,334.0,332.0,330.0,328.0,326.0,326.0,326.0,328.0,330.0,326.0,324.0,322.0,322.0,328.0,324.0,164.0,326.0,322.0,320.0,322.0,322.0,320.0,322.0,326.0,328.0,330.0,332.0,298.0,0.0,0.0,0.0,318.0,404.0,408.0,410.0,414.0,412.0,422.0,416.0,408.0,24.0,0.0,0.0,0.0,0.0,78.0,396.0,416.0,446.0,450.0,452.0,442.0,440.0,446.0,444.0,448.0,446.0,428.0,408.0,378.0,380.0,366.0,352.0,346.0,338.0,334.0,332.0,330.0,328.0,328.0,328.0,330.0,336.0,338.0,340.0,338.0,342.0,348.0,348.0,346.0
2026-02-05,2026-02,346.0,346.0,344.0,342.0,340.0,340.0,340.0,340.0,338.0,336.0,334.0,334.0,334.0,334.0,336.0,334.0,332.0,330.0,328.0,328.0,332.0,328.0,324.0,324.0,324.0,326.0,324.0,322.0,322.0,320.0,320.0,318.0,320.0,318.0,318.0,318.0,318.0,320.0,320.0,316.0,318.0,150.0,0.0,0.0,324.0,390.0,390.0,18.0,0.0,0.0,0.0,0.0,0.0,0.0,0.0,0.0,0.0,0.0,0.0,196.0,432.0,446.0,450.0,464.0,450.0,442.0,438.0,434.0,428.0,430.0,416.0,396.0,376.0,386.0,374.0,362.0,370.0,354.0,18.0,0.0,318.0,346.0,342.0,332.0,328.0,326.0,324.0,328.0,324.0,322.0,324.0,326.0,328.0,334.0,348.0,350.0
2026-02-06,2026-02,350.0,350.0,348.0,348.0,348.0,346.0,344.0,342.0,340.0,340.0,338.0,338.0,336.0,338.0,340.0,338.0,336.0,336.0,334.0,332.0,332.0,332.0,330.0,336.0,330.0,326.0,322.0,326.0,326.0,326.0,326.0,322.0,314.0,312.0,314.0,308.0,314.0,312.0,314.0,312.0,310.0,310.0,316.0,318.0,322.0,318.0,168.0,4.0,162.0,386.0,376.0,364.0,390.0,386.0,394.0,292.0,34.0,106.0,0.0,0.0,0.0,0.0,0.0,0.0,0.0,0.0,0.0,0.0,0.0,0.0,0.0,0.0,302.0,410.0,420.0,410.0,400.0,394.0,386.0,366.0,348.0,342.0,342.0,354.0,356.0,356.0,340.0,334.0,324.0,334.0,334.0,329.0,324.0,320.0,322.0,324.0
2026-02-07,2026-02,328.0,330.0,334.0,340.0,340.0,340.0,340.0,338.0,336.0,336.0,332.0,332.0,330.0,330.0,330.0,332.0,332.0,329.0,326.0,328.0,326.0,324.0,326.0,324.0,322.0,320.0,312.0,318.0,318.0,320.0,314.0,308.0,306.0,302.0,304.0,306.0,305.0,304.0,302.0,302.0,310.0,312.0,312.0,308.0,308.0,154.0,0.0,0.0,0.0,238.0,372.0,16.0,0.0,0.0,0.0,0.0,0.0,0.0,0.0,0.0,0.0,0.0,0.0,0.0,0.0,0.0,0.0,0.0,0.0,0.0,0.0,0.0,0.0,0.0,0.0,0.0,0.0,0.0,0.0,0.0,0.0,0.0,0.0,0.0,218.0,386.0,408.0,402.0,384.0,388.0,392.0,388.0,390.0,388.0,384.0,380.0
2026-02-08,2026-02,378.0,378.0,376.0,370.0,366.0,362.0,360.0,358.0,354.0,352.0,348.0,346.0,344.0,343.0,342.0,340.0,342.0,340.0,338.0,336.0,336.0,336.0,334.0,336.0,338.0,336.0,334.0,330.0,328.0,328.0,326.0,326.0,324.0,318.0,318.0,318.0,322.0,316.0,312.0,318.0,320.0,330.0,364.0,368.0,362.0,354.0,18.0,0.0,0.0,0.0,328.0,376.0,366.0,376.0,372.0,374.0,364.0,378.0,374.0,382.0,372.0,368.0,370.0,192.0,0.0,2.0,2.0,2.0,2.0,2.0,2.0,2.0,2.0,2.0,340.0,436.0,446.0,456.0,448.0,436.0,422.0,394.0,378.0,356.0,344.0,346.0,340.0,342.0,340.0,328.0,332.0,326.0,328.0,344.0,356.0,358.0
2026-02-11,2026-02,336.0,330.0,322.0,316.0,310.0,314.0,312.0,306.0,308.0,318.0,324.0,324.0,326.0,326.0,324.0,322.0,320.0,320.0,318.0,316.0,318.0,314.0,314.0,314.0,314.0,314.0,316.0,314.0,314.0,310.0,310.0,312.0,312.0,310.0,310.0,304.0,304.0,302.0,298.0,300.0,310.0,326.0,318.0,310.0,310.0,312.0,316.0,318.0,316.0,316.0,74.0,0.0,24.0,328.0,322.0,318.0,318.0,326.0,326.0,324.0,350.0,376.0,352.0,354.0,354.0,348.0,100.0,0.0,0.0,0.0,0.0,0.0,0.0,0.0,0.0,0.0,0.0,0.0,0.0,0.0,0.0,0.0,0.0,2.0,0.0,0.0,0.0,2.0,4.0,258.0,348.0,348.0,348.0,344.0,344.0,338.0
2026-02-12,2026-02,336.0,332.0,322.0,324.0,324.0,324.0,322.0,322.0,320.0,318.0,320.0,318.0,318.0,318.0,316.0,314.0,314.0,312.0,310.0,310.0,310.0,314.0,312.0,308.0,304.0,304.0,302.0,304.0,302.0,300.0,296.0,296.0,296.0,296.0,296.0,294.0,290.0,288.0,286.0,284.0,18.0,0.0,0.0,0.0,0.0,0.0,0.0,0.0,0.0,0.0,0.0,0.0,0.0,0.0,0.0,0.0,0.0,0.0,0.0,0.0,0.0,0.0,0.0,0.0,0.0,0.0,0.0,0.0,0.0,0.0,0.0,0.0,144.0,362.0,392.0,398.0,404.0,392.0,376.0,330.0,340.0,342.0,344.0,334.0,318.0,312.0,312.0,310.0,304.0,312.0,314.0,322.0,322.0,340.0,342.0,344.0
2026-02-13,2026-02,344.0,342.0,340.0,338.0,338.0,336.0,16.0,0.0,0.0,0.0,0.0,0.0,0.0,0.0,0.0,0.0,0.0,0.0,0.0,0.0,0.0,0.0,132.0,330.0,336.0,340.0,336.0,332.0,330.0,324.0,308.0,310.0,298.0,296.0,294.0,292.0,298.0,294.0,294.0,292.0,296.0,308.0,296.0,296.0,302.0,300.0,310.0,314.0,308.0,308.0,308.0,316.0,312.0,340.0,132.0,4.0,4.0,290.0,354.0,262.0,0.0,0.0,0.0,0.0,0.0,0.0,0.0,0.0,0.0,0.0,0.0,0.0,134.0,326.0,324.0,298.0,312.0,326.0,338.0,354.0,360.0,334.0,348.0,322.0,310.0,316.0,328.0,314.0,320.0,316.0,312.0,304.0,302.0,302.0,324.0,330.0
2026-02-14,2026-02,334.0,334.0,332.0,332.0,330.0,330.0,328.0,328.0,328.0,326.0,326.0,324.0,326.0,326.0,324.0,322.0,320.0,318.0,316.0,314.0,312.0,310.0,304.0,300.0,296.0,292.0,296.0,300.0,16.0,0.0,0.0,0.0,0.0,0.0,0.0,0.0,0.0,0.0,0.0,0.0,0.0,0.0,0.0,0.0,0.0,244.0,308.0,314.0,300.0,278.0,0.0,0.0,0.0,74.0,292.0,288.0,292.0,286.0,290.0,290.0,294.0,288.0,126.0,0.0,0.0,0.0,0.0,0.0,0.0,0.0,0.0,0.0,0.0,0.0,0.0,0.0,0.0,0.0,0.0,0.0,0.0,0.0,0.0,0.0,0.0,0.0,0.0,266.0,310.0,316.0,320.0,318.0,316.0,314.0,312.0,310.0
2026-02-15,2026-02,308.0,306.0,304.0,16.0,0.0,0.0,0.0,0.0,0.0,0.0,0.0,0.0,0.0,0.0,0.0,0.0,0.0,0.0,0.0,0.0,0.0,0.0,0.0,0.0,0.0,0.0,0.0,0.0,0.0,0.0,0.0,0.0,0.0,0.0,0.0,0.0,0.0,0.0,0.0,0.0,0.0,0.0,0.0,0.0,0.0,0.0,0.0,0.0,0.0,0.0,0.0,0.0,0.0,0.0,0.0,0.0,0.0,0.0,0.0,0.0,0.0,0.0,0.0,0.0,0.0,0.0,0.0,0.0,0.0,0.0,0.0,0.0,0.0,0.0,0.0,0.0,0.0,0.0,70.0,4.0,0.0,0.0,320.0,340.0,336.0,324.0,320.0,324.0,214.0,328.0,318.0,320.0,320.0,320.0,304.0,330.0
2026-02-16,2026-02,336.0,346.0,346.0,346.0,342.0,342.0,340.0,338.0,336.0,334.0,334.0,332.0,332.0,330.0,328.0,330.0,328.0,326.0,324.0,322.0,322.0,320.0,318.0,318.0,316.0,312.0,310.0,312.0,306.0,304.0,302.0,298.0,16.0,0.0,0.0,26.0,308.0,294.0,290.0,296.0,298.0,296.0,296.0,294.0,294.0,290.0,304.0,296.0,312.0,312.0,310.0,316.0,318.0,316.0,0.0,0.0,0.0,2.0,2.0,2.0,2.0,2.0,2.0,2.0,2.0,2.0,2.0,2.0,2.0,2.0,0.0,0.0,0.0,314.0,404.0,422.0,434.0,418.0,22.0,266.0,338.0,328.0,316.0,314.0,312.0,304.0,306.0,304.0,306.0,314.0,312.0,316.0,332.0,352.0,356.0,352.0
2026-02-17,2026-02,352.0,350.0,348.0,348.0,346.0,344.0,342.0,340.0,338.0,338.0,336.0,336.0,336.0,336.0,334.0,332.0,330.0,330.0,328.0,328.0,328.0,328.0,326.0,320.0,320.0,322.0,324.0,324.0,320.0,18.0,298.0,324.0,320.0,316.0,306.0,302.0,304.0,300.0,300.0,304.0,310.0,314.0,318.0,312.0,302.0,300.0,304.0,308.0,310.0,312.0,314.0,318.0,318.0,318.0,320.0,328.0,326.0,330.0,338.0,374.0,364.0,356.0,20.0,0.0,0.0,0.0,0.0,0.0,0.0,0.0,0.0,0.0,0.0,0.0,152.0,400.0,412.0,414.0,402.0,388.0,382.0,20.0,0.0,0.0,248.0,320.0,318.0,316.0,314.0,308.0,306.0,312.0,312.0,321.3333333333333,330.6666666666667,340.0
2026-02-18,2026-02,346.0,344.0,342.0,340.0,338.0,338.0,334.0,332.0,332.0,334.0,334.0,334.0,332.0,330.0,328.0,326.0,326.0,324.0,324.0,328.0,324.0,322.0,320.0,318.0,316.0,314.0,316.0,316.0,314.0,314.0,308.0,304.0,304.0,308.0,302.0,304.0,302.0,300.0,306.0,302.0,308.0,318.0,312.0,308.0,310.0,314.0,316.0,316.0,102.0,0.0,0.0,0.0,0.0,0.0,0.0,0.0,0.0,0.0,0.0,0.0,0.0,0.0,0.0,0.0,6.0,10.0,10.0,8.0,8.0,10.0,10.0,8.0,4.0,2.0,222.0,410.0,408.0,422.0,412.0,416.0,410.0,370.0,382.0,360.0,358.0,350.0,338.0,332.0,334.0,324.0,322.0,304.0,308.0,316.0,320.0,320.0
2026-02-19,2026-02,320.0,318.0,322.0,326.0,334.0,336.0,338.0,338.0,338.0,338.0,336.0,332.0,330.0,328.0,328.0,328.0,20.0,0.0,0.0,0.0,230.0,328.0,326.0,322.0,320.0,322.0,322.0,318.0,318.0,314.0,312.0,316.0,314.0,312.0,318.0,314.0,310.0,312.0,308.0,302.0,304.0,310.0,308.0,308.0,306.0,316.0,308.0,304.0,316.0,320.0,336.0,338.0,340.0,396.0,398.0,386.0,384.0,374.0,390.0,22.0,0.0,0.0,0.0,0.0,0.0,0.0,0.0,0.0,0.0,0.0,0.0,0.0,0.0,0.0,0.0,0.0,0.0,0.0,0.0,0.0,0.0,0.0,250.0,358.0,346.0,338.0,346.0,334.0,318.0,336.0,352.0,352.0,346.0,352.0,368.0,368.0
2026-02-20,2026-02,366.0,364.0,362.0,360.0,356.0,352.0,350.0,350.0,350.0,348.0,344.0,342.0,340.0,340.0,340.0,342.0,340.0,338.0,334.0,332.0,330.0,324.0,326.0,326.0,326.0,326.0,328.0,326.0,322.0,316.0,288.0,312.0,310.0,310.0,312.0,316.0,318.0,318.0,312.0,310.0,308.0,296.0,302.0,312.0,316.0,314.0,316.0,316.0,314.0,318.0,338.0,350.0,334.0,334.0,20.0,0.0,268.0,348.0,338.0,380.0,396.0,380.0,372.0,388.0,386.0,392.0,386.0,384.0,380.0,372.0,378.0,370.0,356.0,356.0,356.0,356.0,360.0,24.0,0.0,0.0,0.0,118.0,350.0,332.0,326.0,312.0,312.0,314.0,312.0,306.0,294.0,298.0,300.0,304.0,304.0,308.0
2026-02-21,2026-02,310.0,322.0,330.0,332.0,330.0,330.0,330.0,332.0,332.0,330.0,328.0,326.0,326.0,324.0,324.0,324.0,324.0,320.0,319.0,318.0,318.0,316.0,316.0,316.0,314.0,20.0,0.0,0.0,0.0,0.0,0.0,0.0,0.0,0.0,0.0,0.0,0.0,0.0,0.0,0.0,0.0,0.0,0.0,0.0,0.0,0.0,0.0,0.0,0.0,0.0,0.0,0.0,0.0,0.0,0.0,0.0,0.0,0.0,0.0,0.0,0.0,0.0,0.0,0.0,0.0,0.0,0.0,242.0,358.0,362.0,368.0,374.0,370.0,364.0,362.0,362.0,360.0,376.0,368.0,388.0,394.0,400.0,392.0,386.0,376.0,342.0,332.0,324.0,310.0,314.0,310.0,302.0,300.0,302.0,306.0,316.0
2026-02-22,2026-02,332.0,338.0,338.0,338.0,340.0,338.0,334.0,332.0,334.0,332.0,332.0,334.0,330.0,328.0,324.0,324.0,324.0,324.0,324.0,324.0,322.0,320.0,318.0,318.0,316.0,316.0,316.0,316.0,308.0,306.0,308.0,16.0,0.0,0.0,0.0,6.0,302.0,294.0,294.0,300.0,300.0,296.0,300.0,302.0,174.0,0.0,0.0,0.0,0.0,0.0,0.0,0.0,46.0,380.0,388.0,386.0,388.0,386.0,396.0,396.0,390.0,386.0,382.0,376.0,374.0,374.0,22.0,0.0,178.0,370.0,366.0,364.0,362.0,358.0,354.0,348.0,346.0,362.0,358.0,354.0,376.0,348.0,316.0,320.0,320.0,314.0,308.0,308.0,306.0,314.0,322.0,324.0,322.0,316.0,320.0,318.0
2026-02-24,2026-02,334.0,330.0,354.0,354.0,354.0,350.0,346.0,340.0,340.0,340.0,340.0,340.0,338.0,334.0,332.0,328.0,328.0,330.0,330.0,330.0,326.0,322.0,320.0,320.0,320.0,322.0,324.0,322.0,318.0,316.0,318.0,320.0,318.0,318.0,20.0,0.0,0.0,0.0,0.0,0.0,0.0,0.0,0.0,0.0,0.0,0.0,0.0,0.0,0.0,0.0,0.0,0.0,0.0,0.0,0.0,0.0,0.0,0.0,0.0,0.0,0.0,0.0,0.0,0.0,0.0,0.0,0.0,0.0,0.0,0.0,0.0,244.0,346.0,340.0,342.0,386.0,380.0,348.0,322.0,316.0,316.0,316.0,312.0,312.0,320.0,314.0,332.0,334.0,342.0,340.0,348.0,342.0,332.0,336.0,332.0,332.0
2026-02-25,2026-02,338.0,336.0,328.0,324.0,318.0,321.0,324.0,318.0,322.0,330.0,332.0,336.0,340.0,338.0,338.0,336.0,334.0,332.0,330.0,328.0,326.0,324.0,324.0,326.0,326.0,322.0,324.0,322.0,176.0,324.0,326.0,326.0,322.0,320.0,322.0,322.0,320.0,320.0,316.0,314.0,314.0,314.0,314.0,316.0,323.0,330.0,328.0,336.0,334.0,340.0,340.0,338.0,356.0,384.0,376.0,344.0,348.0,344.0,350.0,340.0,334.0,332.0,338.0,334.0,330.0,336.0,22.0,0.0,42.0,394.0,394.0,392.0,386.0,384.0,382.0,382.0,386.0,376.0,368.0,360.0,324.0,318.0,308.0,306.0,300.0,302.0,302.0,302.0,300.0,296.0,304.0,300.0,302.0,302.0,304.0,316.0
2026-02-26,2026-02,326.0,328.0,324.0,328.0,326.0,322.0,316.0,318.0,320.0,318.0,320.0,318.0,320.0,316.0,314.0,312.0,312.0,312.0,312.0,312.0,308.0,306.0,306.0,308.0,306.0,306.0,306.0,306.0,304.0,300.0,302.0,300.0,298.0,300.0,302.0,296.0,298.0,300.0,302.0,298.0,302.0,334.0,324.0,308.0,302.0,306.0,306.0,306.0,334.0,358.0,356.0,26.0,340.0,338.0,336.0,332.0,332.0,324.0,352.0,350.0,338.0,338.0,332.0,328.0,326.0,332.0,342.0,338.0,338.0,336.0,334.0,340.0,336.0,324.0,290.0,20.0,0.0,0.0,0.0,0.0,0.0,0.0,0.0,0.0,0.0,260.0,336.0,348.0,360.0,360.0,354.0,352.0,348.0,340.0,348.0,356.0
2026-02-28,2026-02,330.0,326.0,326.0,326.0,328.0,328.0,327.0,326.0,324.0,322.0,320.0,320.0,320.0,320.0,318.0,314.0,314.0,314.0,314.0,314.0,316.0,314.0,312.0,310.0,308.0,32.0,0.0,0.0,0.0,0.0,0.0,0.0,0.0,0.0,0.0,0.0,0.0,0.0,0.0,0.0,0.0,0.0,0.0,0.0,0.0,0.0,0.0,0.0,0.0,0.0,0.0,0.0,0.0,0.0,0.0,0.0,0.0,0.0,0.0,0.0,0.0,0.0,0.0,0.0,0.0,0.0,0.0,0.0,0.0,0.0,0.0,0.0,0.0,0.0,0.0,0.0,18.0,2.0,10.0,12.0,12.0,6.0,0.0,0.0,0.0,236.0,302.0,308.0,316.0,316.0,308.0,302.0,310.0,324.0,328.0,328.0
2026-03-01,2026-03,326.0,324.0,324.0,322.0,320.0,318.0,316.0,316.0,316.0,314.0,312.0,308.0,306.0,26.0,0.0,0.0,0.0,0.0,0.0,0.0,0.0,0.0,0.0,0.0,0.0,0.0,0.0,0.0,0.0,0.0,0.0,0.0,0.0,0.0,0.0,0.0,0.0,0.0,0.0,0.0,0.0,0.0,0.0,0.0,0.0,0.0,0.0,0.0,0.0,0.0,0.0,0.0,0.0,0.0,0.0,0.0,0.0,0.0,0.0,0.0,0.0,0.0,0.0,0.0,0.0,0.0,0.0,0.0,0.0,0.0,0.0,0.0,0.0,0.0,0.0,0.0,0.0,0.0,0.0,0.0,0.0,0.0,0.0,0.0,0.0,0.0,0.0,0.0,0.0,0.0,0.0,0.0,0.0,0.0,0.0,0.0
2026-03-02,2026-03,266.0,348.0,358.0,356.0,352.0,354.0,354.0,352.0,348.0,344.0,340.0,338.0,334.0,336.0,336.0,332.0,330.0,326.0,324.0,324.0,320.0,320.0,324.0,326.0,314.0,318.0,316.0,306.0,302.0,300.0,296.0,294.0,292.0,290.0,290.0,290.0,292.0,294.0,246.0,0.0,0.0,0.0,2.0,2.0,0.0,2.0,2.0,2.0,2.0,2.0,2.0,2.0,2.0,2.0,2.0,322.0,352.0,352.0,344.0,362.0,356.0,356.0,28.0,0.0,234.0,392.0,404.0,410.0,408.0,392.0,384.0,382.0,376.0,374.0,356.0,318.0,314.0,298.0,300.0,304.0,296.0,304.0,304.0,310.0,314.0,312.0,314.0,310.0,304.0,298.0,300.0,298.0,320.0,328.0,330.0,330.0
2026-03-03,2026-03,328.0,326.0,324.0,324.0,322.0,322.0,322.0,318.0,318.0,316.0,316.0,314.0,314.0,314.0,314.0,312.0,312.0,310.0,310.0,310.0,308.0,300.0,302.0,308.0,300.0,304.0,304.0,296.0,158.0,2.0,148.0,310.0,16.0,0.0,0.0,0.0,174.0,304.0,306.0,312.0,314.0,312.0,310.0,312.0,314.0,12.0,0.0,0.0,0.0,0.0,0.0,6.0,4.0,4.0,100.0,354.0,352.0,356.0,346.0,342.0,348.0,344.0,336.0,328.0,324.0,324.0,324.0,298.0,14.0,0.0,0.0,0.0,150.0,324.0,330.0,318.0,320.0,312.0,322.0,314.0,318.0,314.0,313.0,312.0,316.0,316.0,316.0,312.0,312.0,320.0,338.0,344.0,344.0,342.0,342.0,340.0
2026-03-04,2026-03,340.0,338.0,336.0,334.0,336.0,336.0,334.0,330.0,328.0,326.0,326.0,326.0,328.0,328.0,324.0,16.0,0.0,0.0,0.0,226.0,326.0,320.0,318.0,318.0,318.0,316.0,316.0,316.0,308.0,298.0,294.0,290.0,294.0,294.0,290.0,288.0,294.0,294.0,288.0,290.0,314.0,314.0,316.0,316.0,20.0,166.0,320.0,322.0,322.0,324.0,320.0,332.0,328.0,326.0,324.0,326.0,322.0,322.0,310.0,312.0,320.0,320.0,312.0,312.0,316.0,320.0,308.0,308.0,302.0,290.0,280.0,192.0,0.0,0.0,320.0,332.0,316.0,310.0,320.0,316.0,316.0,306.0,302.0,306.0,308.0,304.0,304.0,300.0,302.0,310.0,318.0,304.0,302.0,302.0,328.0,336.0
2026-03-06,2026-03,304.0,310.0,316.0,330.0,340.0,338.0,336.0,336.0,334.0,334.0,330.0,328.0,328.0,328.0,328.0,326.0,328.0,324.0,324.0,322.0,322.0,316.0,316.0,324.0,320.0,318.0,318.0,318.0,314.0,314.0,304.0,300.0,300.0,299.0,298.0,302.0,290.0,296.0,288.0,290.0,318.0,318.0,324.0,322.0,324.0,318.0,314.0,308.0,304.0,310.0,330.0,332.0,334.0,342.0,338.0,328.0,322.0,330.0,322.0,320.0,292.0,322.0,326.0,318.0,316.0,310.0,318.0,332.0,402.0,390.0,386.0,384.0,376.0,364.0,350.0,18.0,204.0,334.0,330.0,322.0,316.0,314.0,308.0,310.0,304.0,302.0,304.0,310.0,310.0,312.0,314.0,324.0,326.0,326.0,328.0,326.0
2026-03-10,2026-03,322.0,322.0,320.0,320.0,318.0,316.0,316.0,316.0,314.0,316.0,312.0,310.0,310.0,310.0,312.0,310.0,310.0,308.0,308.0,308.0,306.0,302.0,304.0,304.0,304.0,18.0,0.0,0.0,0.0,0.0,0.0,0.0,14.0,298.0,288.0,288.0,290.0,286.0,286.0,290.0,290.0,294.0,302.0,304.0,304.0,306.0,306.0,304.0,306.0,306.0,318.0,324.0,326.0,364.0,338.0,372.0,372.0,24.0,0.0,0.0,0.0,0.0,0.0,0.0,0.0,0.0,0.0,0.0,0.0,0.0,0.0,0.0,0.0,0.0,0.0,0.0,0.0,0.0,0.0,0.0,56.0,308.0,326.0,336.0,342.0,338.0,336.0,332.0,338.0,338.0,340.0,348.0,348.0,334.0,339.0,344.0
2026-03-11,2026-03,24.0,0.0,0.0,0.0,0.0,0.0,0.0,0.0,0.0,0.0,54.0,336.0,344.0,346.0,342.0,338.0,336.0,334.0,334.0,334.0,334.0,332.0,332.0,332.0,334.0,334.0,334.0,332.0,328.0,324.0,318.0,310.0,302.0,310.0,306.0,310.0,306.0,308.0,306.0,306.0,312.0,308.0,304.0,306.0,306.0,306.0,306.0,300.0,300.0,310.0,20.0,2.0,318.0,302.0,320.0,308.0,300.0,304.0,308.0,316.0,312.0,314.0,306.0,306.0,314.0,298.0,288.0,288.0,290.0,288.0,296.0,296.0,298.0,292.0,350.0,356.0,360.0,312.0,296.0,298.0,302.0,302.0,294.0,288.0,296.0,292.0,296.0,298.0,294.0,294.0,294.0,298.0,300.0,316.0,324.0,324.0
2026-03-12,2026-03,326.0,326.0,326.0,324.0,324.0,322.0,320.0,320.0,318.0,318.0,316.0,318.0,318.0,316.0,316.0,312.0,310.0,310.0,308.0,308.0,306.0,306.0,306.0,304.0,304.0,304.0,300.0,300.0,296.0,288.0,282.0,284.0,280.0,282.0,282.0,278.0,272.0,268.0,274.0,284.0,318.0,306.0,18.0,0.0,0.0,272.0,306.0,304.0,306.0,312.0,304.0,310.0,304.0,314.0,318.0,326.0,316.0,334.0,330.0,324.0,318.0,330.0,324.0,318.0,312.0,314.0,316.0,314.0,308.0,16.0,0.0,0.0,0.0,0.0,0.0,0.0,256.0,320.0,330.0,336.0,330.0,326.0,322.0,332.0,338.0,340.0,328.0,326.0,320.0,317.0,314.0,318.0,18.0,298.0,342.0,338.0
2026-03-13,2026-03,336.0,332.0,332.0,330.0,330.0,330.0,328.0,326.0,326.0,326.0,324.0,324.0,322.0,324.0,330.0,326.0,322.0,320.0,318.0,318.0,316.0,312.0,310.0,316.0,314.0,312.0,308.0,298.0,288.0,282.0,276.0,278.0,282.0,284.0,282.0,286.0,286.0,20.0,18.0,308.0,294.0,294.0,306.0,308.0,300.0,316.0,312.0,324.0,318.0,330.0,350.0,340.0,338.0,338.0,356.0,388.0,368.0,376.0,368.0,382.0,374.0,366.0,334.0,374.0,26.0,0.0,0.0,0.0,0.0,0.0,0.0,0.0,0.0,0.0,0.0,0.0,0.0,0.0,0.0,0.0,0.0,0.0,158.0,316.0,304.0,336.0,362.0,360.0,362.0,364.0,362.0,362.0,358.0,356.0,354.0,348.0
2026-03-14,2026-03,344.0,342.0,338.0,338.0,336.0,334.0,334.0,332.0,332.0,330.0,328.0,328.0,326.0,324.0,322.0,324.0,326.0,326.0,326.0,324.0,320.0,320.0,318.0,316.0,316.0,316.0,318.0,316.0,314.0,318.0,314.0,306.0,308.0,304.0,306.0,302.0,294.0,282.0,280.0,278.0,18.0,0.0,214.0,316.0,300.0,308.0,305.0,302.0,302.0,310.0,308.0,292.0,300.0,302.0,312.0,306.0,304.0,304.0,308.0,304.0,298.0,294.0,308.0,302.0,292.0,294.0,308.0,20.0,0.0,0.0,150.0,160.0,2.0,2.0,2.0,2.0,2.0,2.0,2.0,2.0,292.0,322.0,342.0,356.0,354.0,334.0,332.0,322.0,320.0,322.0,314.0,316.0,312.0,306.0,308.0,262.0
2026-03-15,2026-03,306.0,306.0,300.0,300.0,296.0,298.0,298.0,298.0,296.0,298.0,296.0,296.0,296.0,292.0,292.0,294.0,296.0,302.0,300.0,300.0,300.0,298.0,296.0,298.0,296.0,294.0,292.0,286.0,292.0,58.0,2.0,2.0,0.0,0.0,0.0,0.0,0.0,0.0,2.0,2.0,2.0,2.0,190.0,352.0,360.0,346.0,22.0,0.0,0.0,0.0,0.0,0.0,0.0,0.0,0.0,0.0,0.0,0.0,0.0,0.0,0.0,0.0,0.0,0.0,0.0,0.0,0.0,0.0,0.0,0.0,206.0,376.0,372.0,382.0,374.0,378.0,354.0,356.0,336.0,326.0,320.0,312.0,308.0,310.0,300.0,194.0,292.0,304.0,300.0,294.0,298.0,294.0,290.0,294.0,296.0,296.0
2026-03-16,2026-03,292.0,288.0,290.0,296.0,300.0,298.0,294.0,18.0,0.0,0.0,0.0,0.0,0.0,0.0,0.0,0.0,0.0,0.0,0.0,0.0,0.0,0.0,0.0,0.0,0.0,0.0,0.0,0.0,0.0,0.0,220.0,326.0,324.0,322.0,322.0,322.0,316.0,308.0,318.0,314.0,326.0,328.0,328.0,328.0,328.0,326.0,320.0,320.0,312.0,320.0,316.0,318.0,318.0,318.0,18.0,0.0,0.0,0.0,0.0,0.0,0.0,0.0,0.0,0.0,0.0,0.0,0.0,0.0,0.0,146.0,364.0,366.0,354.0,352.0,352.0,358.0,352.0,340.0,322.0,322.0,310.0,298.0,298.0,310.0,314.0,256.0,320.0,310.0,316.0,336.0,334.0,328.0,330.0,328.0,328.0,326.0
2026-03-17,2026-03,326.0,326.0,326.0,324.0,324.0,324.0,322.0,322.0,320.0,318.0,318.0,318.0,318.0,318.0,320.0,318.0,316.0,314.0,314.0,314.0,314.0,270.0,318.0,310.0,309.3333333333333,308.6666666666667,308.0,306.0,306.0,294.0,286.0,282.0,282.0,282.0,284.0,284.0,288.0,286.0,240.0,300.0,320.0,318.0,310.0,312.0,312.0,314.0,312.0,304.0,304.0,300.0,296.0,310.0,318.0,314.0,320.0,84.0,332.0,330.0,332.0,330.0,328.0,338.0,330.0,318.0,316.0,324.0,330.0,324.0,320.0,324.0,0.0,0.0,0.0,0.0,0.0,0.0,0.0,6.0,5.0,4.0,2.0,172.0,340.0,340.0,346.0,340.0,326.0,320.0,328.0,324.0,312.0,308.0,302.0,308.0,306.0,306.0
2026-03-18,2026-03,322.0,330.0,332.0,330.0,328.0,328.0,326.0,326.0,326.0,324.0,322.0,320.0,316.0,316.0,316.0,316.0,316.0,316.0,20.0,0.0,20.0,314.0,312.0,308.0,306.0,306.0,296.0,296.0,294.0,298.0,296.0,298.0,300.0,298.0,298.0,292.0,290.0,288.0,288.0,294.0,302.0,308.0,308.0,308.0,310.0,308.0,304.0,298.0,300.0,322.0,314.0,314.0,312.0,312.0,138.0,316.0,314.0,326.0,330.0,322.0,324.0,326.0,328.0,324.0,340.0,348.0,348.0,340.0,340.0,344.0,18.0,0.0,0.0,0.0,0.0,0.0,0.0,0.0,206.0,328.0,324.0,318.0,312.0,296.0,292.0,288.0,284.0,286.0,286.0,292.0,290.0,298.0,300.0,304.0,308.0,310.0
2026-03-21,2026-03,318.0,320.0,310.0,308.0,308.0,307.0,306.0,308.0,310.0,312.0,312.0,320.0,324.0,326.0,328.0,328.0,328.0,326.0,324.0,320.0,318.0,320.0,320.0,314.0,300.0,300.0,294.0,294.0,298.0,296.0,296.0,296.0,288.0,292.0,292.0,292.0,294.0,292.0,294.0,296.0,298.0,306.0,306.0,300.0,298.0,306.0,304.0,300.0,312.0,312.0,310.0,318.0,322.0,316.0,344.0,344.0,18.0,0.0,0.0,0.0,0.0,0.0,0.0,0.0,0.0,0.0,0.0,0.0,70.0,362.0,382.0,388.0,398.0,372.0,326.0,340.0,330.0,334.0,334.0,334.0,330.0,330.0,328.0,18.0,0.0,0.0,282.0,310.0,320.0,318.0,322.0,326.0,322.0,330.0,318.0,324.0
2026-03-22,2026-03,314.0,314.0,306.0,312.0,306.0,316.0,314.0,316.0,316.0,316.0,318.0,314.0,310.0,310.0,326.0,338.0,340.0,340.0,338.0,334.0,332.0,330.0,316.0,317.0,318.0,318.0,320.0,316.0,314.0,314.0,314.0,316.0,316.0,312.0,310.0,312.0,312.0,142.0,320.0,314.0,314.0,310.0,318.0,322.0,318.0,314.0,318.0,322.0,352.0,382.0,376.0,370.0,356.0,358.0,353.0,348.0,346.0,354.0,370.0,344.0,22.0,56.0,211.0,366.0,360.0,354.0,360.0,360.0,318.0,300.0,306.0,308.0,306.0,300.0,292.0,290.0,290.0,14.0,110.0,308.0,300.0,304.0,296.0,298.0,298.0,294.0,306.0,300.0,308.0,320.0,282.0,316.0,312.0,314.0,302.0,302.0
2026-03-23,2026-03,306.0,304.0,304.0,306.0,318.0,320.0,320.0,318.0,314.0,315.0,316.0,316.0,314.0,308.0,294.0,288.0,288.0,288.0,284.0,282.0,278.0,282.0,284.0,282.0,278.0,278.0,276.0,280.0,16.0,0.0,284.0,292.0,290.0,282.0,282.0,278.0,100.0,2.0,2.0,2.0,0.0,0.0,2.0,2.0,0.0,194.0,302.0,314.0,18.0,0.0,0.0,0.0,0.0,0.0,0.0,202.0,324.0,320.0,334.0,342.0,340.0,342.0,332.0,338.0,338.0,340.0,330.0,348.0,348.0,332.0,330.0,22.0,0.0,0.0,0.0,0.0,0.0,0.0,304.0,332.0,332.0,322.0,326.0,322.0,328.0,318.0,328.0,334.0,322.0,320.0,312.0,310.0,310.0,330.0,336.0,338.0
2026-03-24,2026-03,336.0,336.0,334.0,332.0,332.0,332.0,332.0,332.0,332.0,330.0,328.0,328.0,328.0,232.0,328.0,324.0,322.0,320.0,320.0,320.0,318.0,302.0,302.0,302.0,302.0,304.0,306.0,296.0,288.0,290.0,16.0,0.0,54.0,298.0,294.0,286.0,280.0,292.0,298.0,290.0,290.0,294.0,314.0,316.0,314.0,316.0,312.0,314.0,332.0,310.0,192.0,334.0,332.0,334.0,332.0,316.0,166.0,0.0,0.0,0.0,0.0,0.0,0.0,0.0,0.0,0.0,0.0,0.0,2.0,280.0,338.0,152.0,330.0,350.0,340.0,328.0,332.0,326.0,320.0,314.0,316.0,310.0,300.0,294.0,296.0,292.0,290.0,300.0,302.0,304.0,306.0,302.0,304.0,306.0,316.0,332.0
2026-03-27,2026-03,356.0,354.0,352.0,350.0,352.0,350.0,350.0,348.0,346.0,344.0,340.0,340.0,340.0,342.0,338.0,338.0,336.0,332.0,329.0,326.0,326.0,324.0,320.0,320.0,318.0,322.0,324.0,322.0,320.0,318.0,318.0,306.0,300.0,298.0,296.0,290.0,286.0,288.0,290.0,290.0,306.0,304.0,304.0,302.0,307.0,312.0,316.0,316.0,314.0,318.0,24.0,0.0,212.0,368.0,380.0,358.0,364.0,378.0,394.0,394.0,370.0,380.0,364.0,376.0,400.0,382.0,372.0,364.0,368.0,358.0,320.0,326.0,334.0,338.0,328.0,326.0,332.0,326.0,320.0,316.0,308.0,326.0,322.0,318.0,328.0,338.0,354.0,354.0,356.0,346.0,344.0,336.0,336.0,336.0,336.0,334.0
2026-03-28,2026-03,332.0,330.0,328.0,326.0,324.0,328.0,332.0,334.0,334.0,332.0,330.0,328.0,326.0,326.0,326.0,326.0,328.0,330.0,328.0,328.0,324.0,322.0,320.0,320.0,320.0,320.0,322.0,320.0,320.0,318.0,290.0,318.0,312.0,310.0,316.0,324.0,324.0,340.0,360.0,344.0,344.0,336.0,334.0,330.0,318.0,320.0,320.0,320.0,324.0,330.0,336.0,338.0,340.0,332.0,356.0,400.0,402.0,414.0,410.0,378.0,380.0,394.0,392.0,376.0,388.0,374.0,22.0,0.0,0.0,0.0,0.0,0.0,0.0,0.0,0.0,0.0,0.0,0.0,0.0,0.0,0.0,0.0,0.0,0.0,0.0,0.0,0.0,0.0,0.0,0.0,0.0,288.0,354.0,360.0,358.0,360.0
2026-03-29,2026-03,364.0,360.0,354.0,352.0,350.0,352.0,352.0,348.0,348.0,348.0,342.0,338.0,338.0,340.0,338.0,336.0,334.0,332.0,330.0,330.0,332.0,330.0,330.0,330.0,328.0,328.0,326.0,324.0,324.0,312.0,320.0,330.0,20.0,0.0,0.0,0.0,0.0,0.0,0.0,310.0,320.0,306.0,308.0,306.0,304.0,306.0,306.0,306.0,304.0,298.0,294.0,302.0,294.0,188.0,0.0,0.0,0.0,0.0,2.0,2.0,2.0,4.0,4.0,2.0,0.0,0.0,0.0,0.0,0.0,2.0,0.0,0.0,0.0,0.0,0.0,0.0,0.0,0.0,0.0,0.0,2.0,2.0,2.0,206.0,360.0,362.0,358.0,364.0,358.0,358.0,356.0,354.0,346.0,336.0,328.0,334.0
2026-03-30,2026-03,332.0,328.0,318.0,316.0,312.0,316.0,312.0,306.0,304.0,302.0,300.0,302.0,304.0,310.0,312.0,310.0,302.0,300.0,298.0,298.0,296.0,292.0,290.0,292.0,290.0,290.0,302.0,298.0,294.0,298.0,298.0,290.0,288.0,290.0,294.0,286.0,284.0,272.0,2.0,0.0,0.0,2.0,2.0,0.0,2.0,1.0,0.0,0.0,0.0,0.0,0.0,0.0,84.0,338.0,350.0,356.0,358.0,124.0,0.0,0.0,0.0,0.0,0.0,0.0,0.0,0.0,0.0,0.0,0.0,0.0,2.0,14.0,16.0,14.0,114.0,364.0,220.0,366.0,348.0,342.0,338.0,330.0,314.0,316.0,320.0,312.0,314.0,314.0,308.0,310.0,312.0,314.0,312.0,316.0,330.0,334.0
2026-03-31,2026-03,336.0,336.0,334.0,334.0,334.0,332.0,332.0,330.0,330.0,330.0,328.0,328.0,328.0,328.0,326.0,326.0,324.0,326.0,326.0,324.0,320.0,318.0,318.0,316.0,318.0,312.0,310.0,18.0,122.0,316.0,308.0,300.0,296.0,290.0,290.0,292.0,294.0,294.0,292.0,314.0,318.0,316.0,316.0,318.0,169.0,20.0,0.0,0.0,0.0,0.0,0.0,0.0,0.0,0.0,0.0,0.0,0.0,0.0,0.0,0.0,0.0,0.0,0.0,0.0,0.0,0.0,0.0,0.0,0.0,0.0,0.0,0.0,0.0,0.0,0.0,0.0,0.0,0.0,0.0,0.0,0.0,0.0,298.0,322.0,350.0,338.0,336.0,337.0,338.0,334.0,334.0,332.0,330.0,328.0,326.0,326.0
2026-04-01,2026-04,326.0,324.0,324.0,324.0,323.0,322.0,320.0,320.0,320.0,318.0,316.0,316.0,316.0,318.0,318.0,318.0,310.0,290.0,312.0,308.0,306.0,311.0,316.0,316.0,316.0,316.0,312.0,312.0,308.0,302.0,300.0,298.0,296.0,298.0,18.0,0.0,0.0,0.0,0.0,0.0,0.0,0.0,0.0,0.0,0.0,0.0,0.0,0.0,0.0,0.0,0.0,0.0,0.0,0.0,0.0,0.0,0.0,0.0,0.0,0.0,0.0,0.0,0.0,0.0,0.0,0.0,0.0,0.0,0.0,0.0,0.0,0.0,0.0,0.0,0.0,0.0,0.0,0.0,0.0,0.0,0.0,0.0,0.0,0.0,16.0,2.0,0.0,78.0,324.0,324.0,334.0,332.0,334.0,332.0,322.0,316.0
2026-04-04,2026-04,0.0,0.0,0.0,0.0,0.0,0.0,216.0,288.0,278.0,274.0,272.0,276.0,284.0,280.0,270.0,266.0,266.0,266.0,270.0,270.0,270.0,274.0,276.0,290.0,153.0,16.0,0.0,0.0,0.0,0.0,0.0,0.0,0.0,0.0,0.0,0.0,0.0,274.0,300.0,304.0,300.0,296.0,286.0,288.0,256.0,0.0,2.0,4.0,4.0,2.0,2.0,2.0,2.0,2.0,2.0,2.0,2.0,2.0,2.0,0.0,0.0,0.0,2.0,0.0,254.0,342.0,340.0,340.0,340.0,334.0,322.0,316.0,318.0,320.0,322.0,312.0,322.0,320.0,324.0,320.0,12.0,4.0,0.0,0.0,0.0,0.0,72.0,332.0,336.0,194.0,270.0,354.0,340.0,330.0,314.0,16.0
2026-04-05,2026-04,0.0,0.0,310.0,328.0,326.0,326.0,322.0,318.0,318.0,316.0,316.0,314.0,314.0,314.0,314.0,312.0,308.0,306.0,308.0,308.0,308.0,306.0,302.0,302.0,302.0,300.0,300.0,298.0,296.0,292.0,292.0,292.0,302.0,306.0,312.0,100.0,2.0,4.0,4.0,4.0,2.0,0.0,0.0,0.0,0.0,0.0,0.0,0.0,0.0,0.0,0.0,0.0,0.0,0.0,0.0,0.0,0.0,0.0,0.0,0.0,0.0,10.0,354.0,346.0,342.0,156.0,0.0,0.0,0.0,0.0,0.0,0.0,0.0,0.0,0.0,0.0,0.0,0.0,0.0,0.0,0.0,0.0,0.0,0.0,0.0,2.0,2.0,2.0,0.0,2.0,2.0,2.0,2.0,2.0,2.0,2.0
2026-04-06,2026-04,2.0,0.0,0.0,0.0,0.0,0.0,0.0,0.0,0.0,0.0,0.0,0.0,0.0,0.0,0.0,0.0,60.0,342.0,358.0,352.0,354.0,342.0,336.0,322.0,314.0,310.0,308.0,304.0,292.0,286.0,286.0,290.0,292.0,290.0,278.0,276.0,284.0,286.0,290.0,286.0,290.0,288.0,296.0,312.0,16.0,0.0,0.0,0.0,0.0,0.0,14.0,322.0,330.0,332.0,332.0,332.0,330.0,326.0,338.0,332.0,328.0,334.0,326.0,346.0,330.0,132.0,2.0,2.0,2.0,2.0,2.0,2.0,2.0,0.0,0.0,0.0,0.0,0.0,16.0,2.0,0.0,0.0,0.0,4.0,0.0,0.0,0.0,0.0,0.0,0.0,0.0,0.0,16.0,18.0,18.0,18.0
2026-04-07,2026-04,18.0,36.0,340.0,352.0,352.0,350.0,348.0,342.0,338.0,336.0,12.0,0.0,0.0,0.0,0.0,0.0,0.0,0.0,0.0,0.0,0.0,0.0,0.0,0.0,0.0,0.0,0.0,0.0,0.0,0.0,38.0,310.0,308.0,308.0,298.0,296.0,302.0,292.0,288.0,314.0,304.0,301.0,298.0,294.0,296.0,306.0,310.0,308.0,102.0,318.0,312.0,68.0,0.0,0.0,0.0,0.0,0.0,0.0,0.0,0.0,0.0,0.0,0.0,0.0,0.0,0.0,0.0,0.0,0.0,0.0,0.0,0.0,0.0,0.0,0.0,0.0,0.0,0.0,2.0,10.0,10.0,10.0,10.0,10.0,16.0,316.0,326.0,334.0,348.0,324.0,280.0,338.0,322.0,322.0,320.0,320.0
2026-04-08,2026-04,318.0,318.0,320.0,320.0,318.0,318.0,318.0,316.0,314.0,312.0,310.0,304.0,298.0,300.0,296.0,300.0,300.0,300.0,300.0,296.0,296.0,294.0,294.0,294.0,296.0,290.0,286.0,258.0,178.0,0.0,0.0,2.0,2.0,2.0,2.0,2.0,2.0,2.0,2.0,0.0,0.0,0.0,0.0,0.0,0.0,0.0,0.0,0.0,0.0,0.0,0.0,2.0,4.0,4.0,4.0,4.0,4.0,2.0,4.0,4.0,2.0,2.0,0.0,0.0,0.0,0.0,0.0,0.0,0.0,0.0,0.0,0.0,0.0,0.0,0.0,0.0,0.0,2.0,2.0,2.0,6.0,10.0,10.0,10.0,10.0,6.0,10.0,16.0,10.0,10.0,8.0,6.0,6.0,6.0,6.0,6.0
2026-04-10,2026-04,0.0,0.0,4.0,2.0,0.0,0.0,0.0,0.0,0.0,0.0,0.0,0.0,0.0,0.0,0.0,0.0,0.0,0.0,0.0,0.0,0.0,0.0,0.0,0.0,42.0,294.0,292.0,298.0,302.0,302.0,298.0,38.0,0.0,0.0,0.0,0.0,0.0,0.0,0.0,0.0,0.0,0.0,0.0,0.0,0.0,0.0,0.0,0.0,0.0,0.0,0.0,0.0,0.0,0.0,0.0,0.0,0.0,0.0,2.0,2.0,2.0,2.0,2.0,2.0,2.0,2.0,2.0,4.0,2.0,2.0,2.0,0.0,0.0,0.0,0.0,0.0,0.0,0.0,2.0,2.0,6.0,12.0,10.0,246.0,342.0,28.0,0.0,0.0,220.0,298.0,294.0,290.0,286.0,286.0,286.0,286.0
2026-04-11,2026-04,288.0,288.0,286.0,284.0,290.0,302.0,304.0,302.0,302.0,302.0,28.0,0.0,0.0,0.0,0.0,0.0,0.0,0.0,0.0,0.0,0.0,0.0,0.0,0.0,0.0,0.0,0.0,0.0,0.0,0.0,0.0,0.0,56.0,302.0,294.0,288.0,282.0,272.0,276.0,282.0,276.0,280.0,278.0,274.0,288.0,148.0,2.0,2.0,2.0,2.0,2.0,2.0,2.0,2.0,0.0,0.0,0.0,0.0,0.0,0.0,0.0,0.0,0.0,0.0,0.0,0.0,2.0,2.0,2.0,2.0,2.0,2.0,124.0,336.0,330.0,346.0,286.0,12.0,16.0,18.0,18.0,18.0,12.0,12.0,16.0,20.0,18.0,16.0,16.0,16.0,250.0,334.0,336.0,336.0,342.0,330.0
2026-04-12,2026-04,328.0,342.0,346.0,344.0,344.0,338.0,336.0,336.0,334.0,328.0,326.0,324.0,324.0,320.0,320.0,318.0,316.0,316.0,316.0,316.0,314.0,314.0,304.0,304.0,302.0,300.0,292.0,292.0,286.0,280.0,280.0,278.0,286.0,288.0,292.0,294.0,300.0,296.0,292.0,302.0,304.0,300.0,298.0,290.0,132.0,0.0,0.0,0.0,0.0,0.0,0.0,0.0,0.0,0.0,16.0,336.0,350.0,362.0,354.0,108.0,0.0,0.0,0.0,0.0,0.0,0.0,0.0,0.0,0.0,0.0,0.0,0.0,0.0,0.0,0.0,0.0,0.0,2.0,6.0,18.0,2.0,0.0,0.0,0.0,0.0,0.0,0.0,0.0,0.0,0.0,0.0,2.0,0.0,0.0,0.0,0.0
2026-04-15,2026-04,312.0,312.0,310.0,310.0,308.0,306.0,306.0,306.0,306.0,306.0,302.0,300.0,36.0,0.0,0.0,0.0,0.0,0.0,0.0,162.0,300.0,300.0,296.0,296.0,296.0,296.0,292.0,290.0,22.0,0.0,0.0,0.0,0.0,0.0,142.0,282.0,284.0,286.0,274.0,276.0,276.0,279.0,282.0,286.0,286.0,282.0,288.0,294.0,102.0,0.0,0.0,0.0,0.0,0.0,0.0,0.0,0.0,0.0,0.0,0.0,0.0,0.0,0.0,0.0,0.0,0.0,0.0,0.0,0.0,0.0,0.0,0.0,0.0,0.0,0.0,0.0,0.0,0.0,0.0,4.0,10.0,12.0,20.0,14.0,8.0,4.0,0.0,0.0,0.0,0.0,2.0,6.0,6.0,6.0,6.0,6.0
2026-04-16,2026-04,4.0,2.0,2.0,2.0,0.0,0.0,0.0,0.0,0.0,0.0,0.0,0.0,0.0,0.0,0.0,0.0,8.0,70.0,314.0,318.0,312.0,310.0,318.0,314.0,318.0,314.0,310.0,300.0,294.0,295.0,296.0,284.0,280.0,274.0,270.0,273.0,276.0,274.0,270.0,135.0,0.0,0.0,0.0,0.0,156.0,312.0,304.0,328.0,314.0,326.0,344.0,24.0,0.0,0.0,0.0,0.0,0.0,0.0,0.0,0.0,0.0,0.0,0.0,0.0,0.0,0.0,0.0,0.0,0.0,178.0,358.0,360.0,386.0,396.0,394.0,392.0,108.0,402.0,398.0,388.0,388.0,352.0,344.0,334.0,328.0,324.0,322.0,314.0,316.0,316.0,306.0,332.0,330.0,332.0,328.0,330.0
2026-04-17,2026-04,328.0,328.0,326.0,326.0,324.0,324.0,324.0,324.0,322.0,320.0,318.0,316.0,316.0,316.0,316.0,314.0,312.0,310.0,310.0,24.0,0.0,0.0,0.0,0.0,0.0,0.0,0.0,0.0,0.0,0.0,0.0,0.0,258.0,286.0,289.0,292.0,294.0,292.0,286.0,286.0,312.0,309.0,306.0,304.0,316.0,296.0,298.0,304.0,304.0,308.0,324.0,333.0,342.0,340.0,322.0,324.0,122.0,0.0,0.0,0.0,0.0,0.0,0.0,0.0,0.0,0.0,0.0,0.0,0.0,0.0,0.0,0.0,0.0,0.0,0.0,0.0,0.0,0.0,8.0,10.0,10.0,10.0,10.0,10.0,10.0,10.0,10.0,14.0,334.0,348.0,346.0,356.0,366.0,354.0,330.0,342.0
2026-04-18,2026-04,356.0,354.0,356.0,352.0,348.0,346.0,344.0,340.0,338.0,334.0,332.0,330.0,326.0,324.0,16.0,0.0,0.0,0.0,0.0,0.0,0.0,160.0,238.0,316.0,320.0,312.0,302.0,302.0,290.0,288.0,286.0,292.0,298.0,296.0,292.0,286.0,280.0,292.0,288.0,286.0,288.0,294.0,292.0,292.0,286.0,290.0,292.0,296.0,292.0,294.0,306.0,332.0,322.0,140.0,2.0,2.0,2.0,2.0,2.0,0.0,2.0,2.0,2.0,2.0,22.0,334.0,298.0,24.0,0.0,0.0,0.0,0.0,0.0,0.0,0.0,4.0,0.0,0.0,8.0,10.0,10.0,10.0,10.0,12.0,10.0,16.0,16.0,18.0,18.0,18.0,10.0,0.0,0.0,0.0,0.0,0.0
2026-04-19,2026-04,0.0,0.0,0.0,0.0,0.0,0.0,0.0,0.0,0.0,0.0,0.0,0.0,0.0,0.0,0.0,0.0,0.0,2.0,14.0,14.0,16.0,16.0,16.0,16.0,16.0,16.0,8.0,6.0,6.0,6.0,202.0,352.0,350.0,344.0,320.0,0.0,0.0,0.0,0.0,0.0,0.0,0.0,0.0,142.0,340.0,340.0,18.0,300.0,336.0,340.0,334.0,330.0,332.0,330.0,332.0,332.0,328.0,322.0,332.0,330.0,326.0,326.0,320.0,317.0,314.0,324.0,322.0,322.0,322.0,74.0,0.0,0.0,2.0,2.0,2.0,2.0,2.0,8.0,12.0,16.0,14.0,6.0,8.0,4.0,4.0,4.0,4.0,4.0,2.0,0.0,0.0,0.0,0.0,0.0,0.0,0.0
2026-04-20,2026-04,4.0,0.0,0.0,0.0,0.0,0.0,0.0,0.0,0.0,0.0,0.0,0.0,0.0,0.0,0.0,0.0,0.0,0.0,0.0,12.0,8.0,8.0,14.0,18.0,18.0,14.0,6.0,6.0,8.0,176.0,322.0,322.0,322.0,316.0,314.0,310.0,314.0,322.0,326.0,326.0,306.0,314.0,316.0,314.0,314.0,320.0,316.0,316.0,318.0,326.0,320.0,322.0,336.0,114.0,4.0,4.0,4.0,4.0,2.0,2.0,0.0,0.0,0.0,0.0,0.0,0.0,0.0,0.0,0.0,0.0,0.0,0.0,0.0,0.0,0.0,0.0,0.0,0.0,0.0,0.0,6.0,10.0,10.0,0.0,0.0,0.0,0.0,4.0,0.0,0.0,0.0,2.0,4.0,4.0,4.0,2.0
2026-04-22,2026-04,292.0,302.0,309.0,316.0,316.0,314.0,314.0,312.0,310.0,308.0,308.0,304.0,306.0,303.0,300.0,298.0,296.0,296.0,296.0,296.0,296.0,10.0,0.0,0.0,0.0,240.0,290.0,288.0,286.0,284.0,280.0,274.0,0.0,2.0,0.0,0.0,0.0,0.0,0.0,0.0,0.0,0.0,0.0,230.0,300.0,12.0,0.0,0.0,0.0,0.0,0.0,0.0,0.0,0.0,0.0,0.0,0.0,0.0,0.0,0.0,0.0,0.0,0.0,0.0,0.0,0.0,0.0,0.0,0.0,0.0,0.0,0.0,0.0,0.0,0.0,0.0,0.0,0.0,14.0,10.0,10.0,10.0,12.0,12.0,10.0,8.0,6.0,2.0,0.0,0.0,0.0,0.0,0.0,22.0,318.0,350.0
2026-04-23,2026-04,378.0,376.0,368.0,362.0,358.0,354.0,350.0,346.0,342.0,340.0,336.0,334.0,14.0,0.0,0.0,0.0,0.0,0.0,0.0,0.0,0.0,0.0,0.0,0.0,0.0,0.0,0.0,0.0,0.0,0.0,0.0,80.0,300.0,300.0,296.0,302.0,300.0,298.0,302.0,302.0,306.0,306.0,320.0,320.0,320.0,328.0,316.0,316.0,310.0,308.0,316.0,318.0,322.0,320.0,316.0,316.0,18.0,6.0,6.0,6.0,4.0,0.0,0.0,0.0,4.0,8.0,8.0,8.0,6.0,6.0,6.0,6.0,6.0,4.0,2.0,4.0,8.0,10.0,12.0,14.0,12.0,10.0,10.0,12.0,12.0,10.0,10.0,10.0,162.0,318.0,322.0,322.0,314.0,328.0,332.0,330.0
2026-04-27,2026-04,316.0,318.0,320.0,318.0,16.0,100.0,318.0,314.0,310.0,306.0,304.0,304.0,304.0,304.0,300.0,298.0,300.0,298.0,296.0,296.0,296.0,294.0,292.0,291.0,290.0,126.0,0.0,0.0,0.0,0.0,0.0,0.0,0.0,0.0,0.0,0.0,0.0,0.0,0.0,0.0,0.0,0.0,0.0,0.0,0.0,0.0,0.0,0.0,0.0,0.0,0.0,0.0,0.0,0.0,0.0,0.0,0.0,0.0,0.0,0.0,0.0,0.0,0.0,0.0,0.0,0.0,0.0,0.0,0.0,0.0,0.0,0.0,0.0,0.0,0.0,0.0,6.0,8.0,10.0,10.0,10.0,16.0,16.0,12.0,16.0,18.0,16.0,16.0,14.0,14.0,12.0,10.0,270.0,334.0,342.0,347.0
2026-04-29,2026-04,0.0,0.0,0.0,0.0,0.0,0.0,0.0,0.0,0.0,0.0,0.0,0.0,0.0,0.0,0.0,0.0,165.0,330.0,12.0,0.0,0.0,0.0,0.0,0.0,0.0,0.0,0.0,274.0,308.0,306.0,300.0,290.0,288.0,284.0,280.0,282.0,286.0,278.0,274.0,276.0,66.0,0.0,0.0,0.0,0.0,0.0,0.0,0.0,0.0,0.0,0.0,0.0,0.0,0.0,0.0,0.0,0.0,0.0,0.0,0.0,0.0,0.0,0.0,0.0,0.0,0.0,0.0,0.0,0.0,0.0,290.0,346.0,354.0,358.0,364.0,144.0,0.0,5.0,10.0,6.0,10.0,14.0,22.0,22.0,18.0,18.0,16.0,90.0,354.0,356.0,346.0,344.0,346.0,12.0,266.0,342.0
2026-04-30,2026-04,340.0,336.0,332.0,330.0,328.0,326.0,326.0,328.0,326.0,324.0,324.0,322.0,322.0,320.0,16.0,0.0,0.0,0.0,0.0,0.0,0.0,0.0,0.0,0.0,0.0,0.0,0.0,0.0,0.0,0.0,0.0,0.0,0.0,0.0,0.0,0.0,0.0,0.0,0.0,0.0,0.0,0.0,0.0,0.0,0.0,0.0,0.0,0.0,0.0,0.0,0.0,0.0,0.0,0.0,0.0,0.0,0.0,0.0,0.0,0.0,0.0,0.0,0.0,0.0,0.0,0.0,0.0,0.0,0.0,0.0,0.0,22.0,360.0,376.0,372.0,366.0,364.0,364.0,360.0,352.0,178.0,0.0,0.0,0.0,0.0,0.0,0.0,0.0,0.0,0.0,0.0,0.0,0.0,0.0,0.0,0.0
2026-05-01,2026-05,0.0,0.0,0.0,0.0,0.0,0.0,0.0,0.0,0.0,0.0,0.0,0.0,0.0,0.0,0.0,0.0,0.0,8.0,16.0,16.0,16.0,220.0,364.0,356.0,346.0,140.0,20.0,12.0,4.0,3.0,2.0,2.0,2.0,1.0,0.0,0.0,0.0,0.0,0.0,0.0,0.0,0.0,2.0,2.0,2.0,2.0,2.0,2.0,2.0,0.0,0.0,0.0,0.0,0.0,0.0,0.0,0.0,0.0,0.0,0.0,0.0,0.0,0.0,0.0,0.0,0.0,0.0,0.0,0.0,0.0,0.0,0.0,0.0,0.0,0.0,0.0,0.0,2.0,10.0,10.0,10.0,10.0,10.0,10.0,10.0,10.0,10.0,10.0,12.0,12.0,12.0,12.0,10.0,0.0,0.0,0.0
2026-05-02,2026-05,0.0,0.0,0.0,0.0,0.0,0.0,0.0,0.0,0.0,0.0,0.0,0.0,0.0,0.0,0.0,0.0,0.0,0.0,0.0,0.0,0.0,0.0,0.0,0.0,0.0,0.0,0.0,0.0,0.0,4.0,3.0,2.0,0.0,0.0,0.0,0.0,0.0,0.0,0.0,2.0,73.0,144.0,330.0,342.0,330.0,338.0,336.0,324.0,324.0,330.0,14.0,0.0,0.0,0.0,0.0,0.0,0.0,0.0,0.0,0.0,0.0,230.0,352.0,344.0,362.0,338.0,168.0,0.0,0.0,0.0,0.0,0.0,0.0,0.0,0.0,0.0,0.0,0.0,0.0,6.0,6.0,6.0,6.0,6.0,6.0,4.0,6.0,6.0,6.0,6.0,4.0,0.0,0.0,0.0,0.0,0.0
2026-05-04,2026-05,304.0,310.0,316.0,308.0,306.0,302.0,300.0,304.0,302.0,306.0,312.0,314.0,314.0,314.0,316.0,316.0,314.0,312.0,312.0,310.0,308.0,308.0,306.0,306.0,310.0,310.0,310.0,300.0,298.0,300.0,302.0,300.0,294.0,294.0,284.0,216.0,0.0,0.0,0.0,0.0,0.0,0.0,0.0,0.0,0.0,0.0,0.0,0.0,0.0,176.0,222.0,302.0,314.0,312.0,308.0,312.0,300.0,300.0,302.0,308.0,302.0,24.0,0.0,0.0,0.0,0.0,0.0,0.0,0.0,0.0,0.0,0.0,0.0,0.0,2.0,2.0,8.0,10.0,12.0,12.0,6.0,10.0,12.0,12.0,12.0,12.0,10.0,10.0,10.0,10.0,8.0,0.0,0.0,0.0,0.0,0.0
2026-05-05,2026-05,0.0,0.0,0.0,0.0,0.0,0.0,0.0,0.0,0.0,0.0,0.0,0.0,0.0,0.0,0.0,0.0,0.0,0.0,0.0,3.0,6.0,0.0,2.0,2.0,2.0,2.0,0.0,0.0,0.0,0.0,0.0,0.0,0.0,0.0,0.0,0.0,0.0,0.0,0.0,0.0,0.0,0.0,0.0,0.0,0.0,26.0,318.0,318.0,326.0,324.0,324.0,326.0,324.0,322.0,114.0,0.0,318.0,320.0,322.0,330.0,324.0,114.0,0.0,0.0,0.0,0.0,0.0,0.0,0.0,0.0,0.0,0.0,0.0,0.0,0.0,0.0,0.0,6.0,10.0,10.0,10.0,10.0,122.0,324.0,334.0,334.0,330.0,330.0,326.0,158.0,328.0,310.0,320.0,322.0,332.0,334.0
2026-05-09,2026-05,0.0,0.0,0.0,0.0,0.0,0.0,0.0,0.0,0.0,0.0,0.0,0.0,0.0,0.0,0.0,0.0,0.0,0.0,0.0,0.0,0.0,0.0,0.0,0.0,0.0,0.0,0.0,0.0,0.0,0.0,0.0,308.0,332.0,338.0,336.0,338.0,10.0,0.0,0.0,0.0,0.0,0.0,0.0,0.0,0.0,0.0,310.0,318.0,332.0,324.0,328.0,332.0,320.0,324.0,320.0,318.0,314.0,244.0,0.0,0.0,0.0,0.0,0.0,0.0,0.0,0.0,0.0,0.0,0.0,0.0,0.0,0.0,0.0,0.0,0.0,0.0,0.0,6.0,12.0,16.0,6.0,0.0,0.0,0.0,0.0,0.0,0.0,0.0,0.0,0.0,0.0,0.0,6.0,10.0,6.0,0.0
2026-05-10,2026-05,0.0,0.0,0.0,0.0,0.0,0.0,0.0,0.0,0.0,0.0,0.0,0.0,0.0,0.0,0.0,0.0,2.0,6.0,6.0,6.0,254.0,366.0,364.0,346.0,342.0,344.0,336.0,332.0,332.0,326.0,316.0,12.0,0.0,20.0,318.0,308.0,314.0,320.0,302.0,308.0,306.0,296.0,304.0,306.0,306.0,316.0,306.0,318.0,316.0,322.0,318.0,316.0,324.0,312.0,318.0,320.0,322.0,314.0,10.0,0.0,0.0,0.0,0.0,0.0,0.0,0.0,0.0,0.0,0.0,0.0,0.0,0.0,0.0,0.0,0.0,0.0,0.0,0.0,0.0,0.0,0.0,0.0,0.0,24.0,14.0,18.0,18.0,18.0,18.0,18.0,18.0,18.0,18.0,18.0,190.0,362.0
2026-05-14,2026-05,378.0,390.0,390.0,386.0,384.0,376.0,370.0,362.0,354.0,348.0,342.0,338.0,336.0,332.0,330.0,330.0,330.0,326.0,324.0,324.0,322.0,324.0,324.0,320.0,316.0,314.0,312.0,306.0,278.0,282.0,282.0,280.0,278.0,278.0,276.0,274.0,110.0,0.0,0.0,0.0,0.0,0.0,0.0,0.0,0.0,0.0,2.0,2.0,2.0,2.0,0.0,0.0,0.0,0.0,0.0,0.0,4.0,8.0,4.0,2.0,2.0,0.0,0.0,0.0,0.0,0.0,0.0,2.0,6.0,6.0,6.0,8.0,8.0,8.0,8.0,8.0,6.0,10.0,330.0,338.0,344.0,336.0,324.0,322.0,328.0,322.0,314.0,308.0,310.0,314.0,322.0,324.0,326.0,326.0,324.0,324.0
2026-05-19,2026-05,0.0,0.0,0.0,0.0,0.0,0.0,0.0,0.0,0.0,0.0,0.0,0.0,0.0,0.0,0.0,0.0,0.0,0.0,0.0,0.0,4.0,44.0,318.0,322.0,324.0,322.0,320.0,312.0,292.0,288.0,290.0,286.0,280.0,276.0,276.0,282.0,284.0,278.0,288.0,284.0,282.0,288.0,282.0,274.0,270.0,278.0,282.0,276.0,158.0,0.0,0.0,0.0,0.0,0.0,0.0,0.0,0.0,0.0,0.0,0.0,0.0,0.0,0.0,0.0,0.0,0.0,0.0,0.0,0.0,0.0,8.0,10.0,10.0,10.0,10.0,8.0,8.0,12.0,18.0,16.0,16.0,18.0,18.0,16.0,12.0,12.0,12.0,12.0,2.0,0.0,0.0,0.0,0.0,0.0,0.0,0.0
2026-05-20,2026-05,0.0,0.0,0.0,0.0,0.0,0.0,0.0,0.0,0.0,0.0,0.0,0.0,0.0,0.0,0.0,0.0,0.0,0.0,0.0,0.0,0.0,0.0,0.0,0.0,0.0,0.0,0.0,0.0,0.0,0.0,0.0,0.0,0.0,0.0,0.0,0.0,0.0,0.0,0.0,0.0,0.0,0.0,0.0,0.0,0.0,0.0,0.0,0.0,72.0,328.0,338.0,332.0,328.0,320.0,318.0,14.0,0.0,0.0,0.0,0.0,0.0,0.0,0.0,0.0,0.0,0.0,0.0,0.0,0.0,0.0,0.0,0.0,0.0,0.0,0.0,0.0,0.0,172.0,6.0,10.0,12.0,10.0,10.0,16.0,12.0,10.0,10.0,10.0,2.0,0.0,0.0,0.0,4.0,8.0,6.0,4.0
2026-05-21,2026-05,2.0,2.0,0.0,0.0,0.0,0.0,0.0,0.0,0.0,0.0,0.0,0.0,0.0,0.0,0.0,0.0,0.0,0.0,0.0,0.0,0.0,0.0,0.0,0.0,0.0,0.0,0.0,0.0,0.0,0.0,2.0,0.0,0.0,0.0,0.0,0.0,0.0,300.0,350.0,352.0,350.0,342.0,336.0,340.0,10.0,0.0,0.0,0.0,0.0,0.0,0.0,0.0,0.0,0.0,0.0,0.0,0.0,0.0,0.0,0.0,0.0,0.0,0.0,0.0,0.0,0.0,0.0,0.0,0.0,0.0,0.0,0.0,0.0,0.0,0.0,0.0,0.0,0.0,0.0,0.0,0.0,0.0,0.0,0.0,0.0,0.0,0.0,0.0,0.0,0.0,0.0,0.0,0.0,0.0,0.0,0.0
2026-05-22,2026-05,0.0,0.0,0.0,0.0,0.0,0.0,0.0,0.0,0.0,0.0,0.0,0.0,0.0,0.0,0.0,0.0,0.0,0.0,0.0,0.0,0.0,0.0,0.0,0.0,0.0,0.0,0.0,0.0,0.0,0.0,0.0,0.0,0.0,0.0,0.0,0.0,0.0,0.0,0.0,0.0,0.0,0.0,0.0,0.0,0.0,0.0,0.0,0.0,0.0,0.0,0.0,0.0,0.0,0.0,0.0,0.0,0.0,0.0,0.0,0.0,0.0,0.0,0.0,0.0,0.0,0.0,0.0,0.0,0.0,0.0,0.0,0.0,0.0,0.0,0.0,0.0,0.0,0.0,0.0,0.0,0.0,0.0,0.0,0.0,0.0,0.0,0.0,0.0,0.0,0.0,0.0,0.0,0.0,0.0,0.0,0.0
2026-05-23,2026-05,0.0,0.0,0.0,0.0,0.0,0.0,0.0,0.0,0.0,0.0,0.0,0.0,0.0,0.0,0.0,0.0,0.0,0.0,0.0,0.0,0.0,0.0,0.0,0.0,0.0,0.0,0.0,0.0,0.0,0.0,0.0,0.0,0.0,0.0,0.0,0.0,0.0,0.0,0.0,0.0,0.0,0.0,0.0,0.0,0.0,0.0,0.0,0.0,0.0,182.0,332.0,334.0,326.0,340.0,334.0,326.0,326.0,322.0,322.0,326.0,304.0,310.0,302.0,308.0,306.0,12.0,0.0,0.0,0.0,0.0,0.0,266.0,296.0,294.0,146.0,0.0,0.0,0.0,8.0,10.0,18.0,18.0,18.0,16.0,10.0,10.0,12.0,12.0,114.0,326.0,330.0,338.0,336.0,340.0,330.0,328.0
2026-05-24,2026-05,326.0,322.0,318.0,316.0,314.0,310.0,310.0,308.0,310.0,308.0,308.0,306.0,306.0,300.0,300.0,296.0,296.0,296.0,296.0,296.0,296.0,294.0,292.0,288.0,288.0,66.0,292.0,282.0,216.0,0.0,0.0,0.0,0.0,0.0,0.0,2.0,0.0,0.0,0.0,0.0,0.0,0.0,0.0,0.0,0.0,0.0,0.0,0.0,0.0,0.0,0.0,0.0,2.0,2.0,2.0,0.0,0.0,2.0,2.0,0.0,0.0,318.0,336.0,324.0,304.0,0.0,0.0,0.0,0.0,0.0,0.0,0.0,0.0,4.0,6.0,6.0,12.0,6.0,6.0,4.0,0.0,0.0,0.0,0.0,0.0,0.0,0.0,0.0,0.0,0.0,0.0,0.0,0.0,0.0,0.0,0.0
2026-05-25,2026-05,0.0,0.0,0.0,0.0,0.0,0.0,0.0,0.0,0.0,0.0,0.0,0.0,0.0,0.0,0.0,0.0,0.0,0.0,0.0,0.0,0.0,0.0,0.0,0.0,0.0,0.0,2.0,2.0,0.0,0.0,0.0,0.0,0.0,0.0,0.0,0.0,0.0,0.0,0.0,0.0,0.0,0.0,332.0,14.0,0.0,0.0,0.0,0.0,0.0,0.0,0.0,0.0,0.0,0.0,0.0,0.0,0.0,0.0,0.0,0.0,0.0,0.0,0.0,0.0,0.0,0.0,0.0,0.0,0.0,0.0,0.0,0.0,0.0,0.0,0.0,0.0,0.0,0.0,0.0,0.0,0.0,0.0,0.0,0.0,0.0,0.0,0.0,0.0,0.0,0.0,16.0,12.0,10.0,10.0,10.0,8.0
2026-05-26,2026-05,8.0,6.0,4.0,2.0,0.0,0.0,0.0,0.0,0.0,0.0,0.0,0.0,0.0,0.0,0.0,0.0,0.0,0.0,0.0,0.0,0.0,0.0,0.0,0.0,0.0,4.0,4.0,6.0,4.0,0.0,0.0,0.0,0.0,0.0,0.0,0.0,0.0,0.0,0.0,0.0,0.0,0.0,0.0,0.0,0.0,0.0,0.0,0.0,0.0,0.0,8.0,328.0,334.0,338.0,338.0,336.0,300.0,0.0,0.0,0.0,0.0,0.0,0.0,0.0,0.0,0.0,0.0,0.0,0.0,0.0,0.0,0.0,0.0,0.0,0.0,0.0,0.0,0.0,0.0,0.0,0.0,0.0,0.0,0.0,0.0,0.0,0.0,0.0,0.0,0.0,0.0,4.0,10.0,10.0,10.0,10.0
2026-05-27,2026-05,8.0,8.0,6.0,4.0,2.0,2.0,0.0,0.0,0.0,0.0,0.0,0.0,0.0,0.0,0.0,0.0,0.0,0.0,0.0,0.0,0.0,2.0,2.0,0.0,148.0,328.0,336.0,330.0,330.0,328.0,324.0,320.0,314.0,314.0,314.0,310.0,316.0,306.0,312.0,304.0,308.0,14.0,230.0,302.0,296.0,298.0,294.0,294.0,296.0,98.0,0.0,0.0,0.0,0.0,0.0,0.0,0.0,0.0,0.0,2.0,2.0,2.0,0.0,0.0,0.0,0.0,0.0,0.0,0.0,0.0,0.0,0.0,0.0,0.0,0.0,0.0,0.0,4.0,10.0,10.0,10.0,10.0,10.0,10.0,10.0,10.0,10.0,10.0,10.0,4.0,0.0,6.0,4.0,6.0,6.0,4.0
2026-05-28,2026-05,6.0,4.0,4.0,2.0,0.0,0.0,0.0,0.0,0.0,0.0,0.0,0.0,0.0,0.0,0.0,0.0,0.0,0.0,0.0,0.0,0.0,2.0,0.0,0.0,0.0,124.0,300.0,310.0,314.0,310.0,302.0,278.0,272.0,264.0,272.0,294.0,298.0,298.0,32.0,0.0,0.0,0.0,0.0,0.0,0.0,0.0,0.0,0.0,0.0,0.0,0.0,0.0,0.0,0.0,0.0,0.0,0.0,0.0,0.0,0.0,0.0,0.0,0.0,0.0,0.0,0.0,0.0,0.0,0.0,0.0,0.0,0.0,0.0,0.0,0.0,0.0,10.0,12.0,12.0,12.0,12.0,8.0,4.0,4.0,6.0,4.0,4.0,24.0,318.0,332.0,332.0,330.0,324.0,320.0,320.0,318.0
2026-05-29,2026-05,316.0,314.0,314.0,312.0,312.0,310.0,308.0,308.0,306.0,306.0,304.0,304.0,10.0,0.0,0.0,0.0,0.0,0.0,0.0,0.0,0.0,0.0,0.0,0.0,0.0,0.0,0.0,0.0,0.0,0.0,0.0,0.0,0.0,0.0,0.0,0.0,0.0,0.0,0.0,0.0,0.0,0.0,0.0,0.0,0.0,0.0,0.0,0.0,0.0,0.0,0.0,0.0,0.0,0.0,0.0,0.0,0.0,0.0,0.0,0.0,0.0,0.0,0.0,0.0,0.0,0.0,0.0,0.0,0.0,0.0,0.0,0.0,0.0,0.0,0.0,0.0,0.0,0.0,0.0,0.0,0.0,0.0,0.0,0.0,0.0,0.0,0.0,0.0,0.0,0.0,0.0,0.0,0.0,0.0,0.0,0.0
2026-05-30,2026-05,0.0,0.0,0.0,0.0,0.0,0.0,0.0,0.0,0.0,0.0,0.0,0.0,0.0,0.0,0.0,0.0,0.0,0.0,0.0,0.0,0.0,0.0,0.0,0.0,0.0,0.0,0.0,0.0,0.0,0.0,0.0,0.0,0.0,0.0,0.0,0.0,0.0,0.0,0.0,0.0,0.0,0.0,0.0,0.0,0.0,0.0,0.0,0.0,52.0,320.0,328.0,330.0,344.0,344.0,324.0,338.0,336.0,310.0,316.0,324.0,316.0,310.0,312.0,304.0,256.0,0.0,0.0,0.0,0.0,0.0,0.0,0.0,0.0,0.0,0.0,0.0,0.0,4.0,16.0,18.0,18.0,18.0,18.0,18.0,16.0,12.0,0.0,0.0,0.0,0.0,0.0,0.0,0.0,0.0,0.0,0.0
2026-05-31,2026-05,0.0,0.0,0.0,0.0,0.0,0.0,0.0,0.0,0.0,0.0,0.0,0.0,0.0,0.0,0.0,0.0,0.0,0.0,0.0,0.0,0.0,0.0,0.0,0.0,0.0,0.0,0.0,0.0,0.0,0.0,0.0,0.0,2.0,0.0,0.0,0.0,0.0,0.0,0.0,0.0,0.0,0.0,0.0,0.0,0.0,0.0,0.0,0.0,0.0,0.0,0.0,0.0,0.0,186.0,308.0,306.0,306.0,312.0,8.0,0.0,0.0,0.0,0.0,0.0,0.0,0.0,0.0,0.0,0.0,0.0,0.0,0.0,0.0,0.0,0.0,0.0,0.0,0.0,8.0,10.0,10.0,10.0,10.0,10.0,10.0,10.0,10.0,10.0,10.0,10.0,10.0,10.0,10.0,6.0,2.0,0.0
2026-06-01,2026-06,0.0,0.0,0.0,0.0,0.0,0.0,0.0,0.0,0.0,0.0,0.0,0.0,0.0,0.0,0.0,0.0,0.0,2.0,16.0,16.0,16.0,16.0,16.0,16.0,16.0,6.0,0.0,0.0,0.0,0.0,0.0,0.0,0.0,0.0,0.0,0.0,0.0,0.0,0.0,0.0,0.0,0.0,0.0,0.0,0.0,0.0,0.0,0.0,0.0,218.0,332.0,348.0,348.0,246.0,0.0,0.0,0.0,0.0,0.0,0.0,0.0,0.0,0.0,0.0,0.0,0.0,0.0,0.0,0.0,0.0,0.0,0.0,0.0,0.0,0.0,0.0,2.0,4.0,8.0,16.0,16.0,18.0,18.0,18.0,16.0,14.0,14.0,12.0,12.0,14.0,0.0,10.0,4.0,6.0,8.0,8.0
2026-06-02,2026-06,8.0,8.0,6.0,6.0,4.0,2.0,2.0,0.0,0.0,0.0,0.0,0.0,0.0,0.0,0.0,0.0,0.0,0.0,0.0,0.0,0.0,0.0,10.0,6.0,6.0,0.0,0.0,0.0,0.0,0.0,0.0,0.0,0.0,0.0,0.0,0.0,0.0,2.0,2.0,0.0,2.0,6.0,6.0,6.0,6.0,4.0,6.0,330.0,334.0,54.0,0.0,0.0,0.0,0.0,0.0,0.0,0.0,0.0,0.0,0.0,0.0,0.0,0.0,0.0,0.0,0.0,0.0,0.0,0.0,0.0,0.0,0.0,0.0,0.0,0.0,0.0,0.0,0.0,4.0,10.0,10.0,10.0,10.0,10.0,10.0,10.0,10.0,12.0,10.0,6.0,0.0,0.0,0.0,0.0,0.0,0.0
2026-06-03,2026-06,0.0,0.0,0.0,0.0,0.0,0.0,0.0,0.0,0.0,2.0,2.0,4.0,0.0,0.0,0.0,0.0,0.0,0.0,0.0,0.0,0.0,0.0,2.0,12.0,4.0,6.0,4.0,4.0,4.0,0.0,0.0,0.0,0.0,0.0,0.0,0.0,0.0,0.0,0.0,0.0,0.0,2.0,0.0,0.0,0.0,0.0,0.0,0.0,0.0,0.0,0.0,154.0,348.0,360.0,362.0,374.0,358.0,358.0,360.0,20.0,0.0,0.0,0.0,0.0,0.0,0.0,0.0,0.0,0.0,0.0,0.0,0.0,0.0,0.0,0.0,0.0,0.0,0.0,0.0,0.0,0.0,0.0,0.0,0.0,0.0,0.0,0.0,0.0,0.0,0.0,0.0,0.0,0.0,0.0,0.0,0.0
2026-06-04,2026-06,0.0,0.0,0.0,0.0,0.0,0.0,0.0,0.0,0.0,0.0,0.0,0.0,0.0,0.0,0.0,0.0,0.0,0.0,0.0,0.0,0.0,0.0,0.0,0.0,0.0,0.0,0.0,0.0,0.0,0.0,0.0,0.0,0.0,0.0,0.0,0.0,0.0,0.0,0.0,0.0,0.0,0.0,0.0,0.0,0.0,0.0,0.0,0.0,0.0,0.0,0.0,0.0,0.0,0.0,0.0,0.0,0.0,0.0,0.0,0.0,0.0,0.0,0.0,0.0,0.0,0.0,0.0,0.0,0.0,0.0,0.0,0.0,0.0,0.0,0.0,0.0,0.0,0.0,0.0,0.0,0.0,0.0,0.0,0.0,0.0,0.0,8.0,10.0,10.0,12.0,14.0,14.0,14.0,12.0,14.0,12.0
2026-06-05,2026-06,12.0,12.0,12.0,10.0,332.0,364.0,372.0,372.0,368.0,362.0,360.0,358.0,354.0,352.0,348.0,346.0,346.0,342.0,340.0,336.0,336.0,334.0,332.0,330.0,328.0,330.0,322.0,308.0,304.0,296.0,294.0,290.0,290.0,290.0,288.0,296.0,296.0,290.0,306.0,308.0,304.0,304.0,306.0,300.0,306.0,308.0,306.0,312.0,302.0,310.0,308.0,314.0,308.0,306.0,304.0,298.0,298.0,296.0,292.0,290.0,294.0,200.0,0.0,0.0,0.0,0.0,0.0,0.0,0.0,0.0,0.0,0.0,0.0,0.0,0.0,0.0,0.0,0.0,0.0,0.0,10.0,10.0,10.0,10.0,10.0,10.0,10.0,306.0,290.0,282.0,290.0,286.0,304.0,308.0,308.0,312.0
2026-06-06,2026-06,312.0,310.0,310.0,306.0,304.0,304.0,306.0,308.0,308.0,304.0,304.0,304.0,302.0,300.0,298.0,298.0,294.0,294.0,294.0,294.0,294.0,294.0,294.0,294.0,292.0,292.0,290.0,290.0,286.0,288.0,288.0,274.0,272.0,272.0,270.0,274.0,280.0,278.0,20.0,0.0,0.0,0.0,288.0,302.0,304.0,296.0,296.0,296.0,288.0,286.0,284.0,16.0,0.0,0.0,0.0,0.0,0.0,0.0,0.0,0.0,0.0,0.0,0.0,0.0,0.0,0.0,0.0,0.0,0.0,0.0,0.0,0.0,0.0,0.0,0.0,0.0,0.0,0.0,0.0,0.0,0.0,0.0,0.0,0.0,0.0,0.0,0.0,0.0,0.0,0.0,0.0,0.0,0.0,0.0,0.0,0.0
2026-06-07,2026-06,0.0,0.0,0.0,0.0,0.0,0.0,0.0,0.0,0.0,0.0,0.0,0.0,0.0,0.0,0.0,0.0,0.0,0.0,0.0,0.0,0.0,0.0,0.0,0.0,0.0,0.0,0.0,0.0,0.0,0.0,0.0,0.0,0.0,0.0,0.0,0.0,0.0,0.0,0.0,0.0,0.0,0.0,0.0,0.0,0.0,0.0,0.0,0.0,0.0,0.0,0.0,0.0,0.0,0.0,0.0,0.0,0.0,0.0,0.0,0.0,0.0,0.0,0.0,0.0,0.0,0.0,0.0,0.0,0.0,0.0,0.0,0.0,0.0,0.0,0.0,0.0,0.0,0.0,0.0,0.0,0.0,0.0,0.0,0.0,0.0,0.0,0.0,0.0,0.0,0.0,0.0,0.0,0.0,0.0,0.0,0.0
2026-06-08,2026-06,0.0,0.0,0.0,0.0,0.0,0.0,0.0,0.0,0.0,0.0,0.0,0.0,0.0,0.0,0.0,0.0,0.0,0.0,0.0,0.0,0.0,0.0,0.0,0.0,0.0,0.0,0.0,0.0,0.0,0.0,0.0,0.0,0.0,0.0,0.0,0.0,0.0,0.0,0.0,34.0,314.0,314.0,318.0,324.0,320.0,318.0,316.0,314.0,314.0,318.0,318.0,318.0,318.0,318.0,10.0,0.0,0.0,0.0,0.0,0.0,0.0,0.0,0.0,0.0,0.0,0.0,0.0,0.0,0.0,0.0,0.0,0.0,0.0,0.0,0.0,0.0,0.0,0.0,16.0,10.0,10.0,10.0,12.0,14.0,14.0,14.0,10.0,4.0,0.0,0.0,10.0,8.0,6.0,2.0,0.0,0.0
2026-06-09,2026-06,0.0,0.0,0.0,0.0,0.0,0.0,0.0,0.0,0.0,0.0,0.0,0.0,0.0,0.0,0.0,0.0,8.0,12.0,12.0,4.0,0.0,0.0,0.0,0.0,0.0,6.0,6.0,2.0,0.0,0.0,0.0,0.0,0.0,0.0,0.0,0.0,0.0,0.0,0.0,0.0,0.0,0.0,0.0,0.0,0.0,0.0,0.0,0.0,0.0,0.0,0.0,0.0,136.0,294.0,288.0,292.0,294.0,296.0,32.0,0.0,0.0,0.0,0.0,0.0,0.0,0.0,0.0,0.0,0.0,0.0,0.0,0.0,0.0,0.0,0.0,0.0,0.0,0.0,0.0,0.0,0.0,0.0,0.0,0.0,0.0,0.0,0.0,0.0,0.0,0.0,0.0,0.0,0.0,0.0,0.0,0.0
2026-06-10,2026-06,0.0,0.0,0.0,0.0,0.0,0.0,0.0,0.0,0.0,0.0,0.0,0.0,0.0,0.0,0.0,0.0,0.0,0.0,0.0,0.0,0.0,0.0,0.0,0.0,0.0,0.0,0.0,0.0,0.0,0.0,0.0,0.0,0.0,0.0,0.0,0.0,0.0,0.0,0.0,0.0,0.0,4.0,10.0,10.0,10.0,10.0,8.0,8.0,8.0,6.0,2.0,2.0,0.0,0.0,58.0,326.0,344.0,328.0,334.0,334.0,332.0,66.0,0.0,0.0,0.0,0.0,0.0,0.0,0.0,0.0,0.0,0.0,0.0,0.0,2.0,2.0,0.0,0.0,0.0,0.0,0.0,0.0,0.0,0.0,0.0,0.0,0.0,0.0,0.0,2.0,10.0,10.0,8.0,8.0,6.0,4.0
2026-06-11,2026-06,2.0,2.0,0.0,0.0,0.0,0.0,0.0,0.0,0.0,0.0,0.0,2.0,0.0,0.0,0.0,0.0,0.0,0.0,0.0,0.0,0.0,4.0,2.0,4.0,0.0,0.0,0.0,0.0,0.0,0.0,0.0,0.0,0.0,0.0,0.0,0.0,0.0,0.0,0.0,0.0,0.0,0.0,0.0,0.0,0.0,0.0,0.0,0.0,0.0,0.0,0.0,0.0,0.0,170.0,340.0,346.0,352.0,100.0,0.0,0.0,0.0,0.0,0.0,0.0,0.0,0.0,0.0,0.0,0.0,10.0,10.0,10.0,8.0,8.0,8.0,8.0,6.0,2.0,0.0,0.0,0.0,0.0,0.0,2.0,0.0,0.0,0.0,0.0,0.0,8.0,8.0,6.0,4.0,2.0,2.0,2.0
2026-06-12,2026-06,0.0,0.0,0.0,0.0,0.0,0.0,0.0,0.0,0.0,0.0,0.0,0.0,0.0,0.0,0.0,0.0,0.0,0.0,0.0,0.0,0.0,6.0,0.0,0.0,0.0,0.0,0.0,0.0,0.0,0.0,0.0,0.0,0.0,0.0,0.0,0.0,0.0,0.0,0.0,0.0,0.0,0.0,0.0,0.0,158.0,0.0,0.0,0.0,0.0,0.0,0.0,0.0,0.0,0.0,0.0,0.0,0.0,0.0,0.0,0.0,0.0,0.0,0.0,0.0,0.0,0.0,0.0,0.0,0.0,0.0,0.0,0.0,0.0,0.0,0.0,0.0,6.0,12.0,16.0,14.0,22.0,20.0,14.0,8.0,8.0,6.0,2.0,0.0,4.0,0.0,0.0,0.0,0.0,0.0,0.0,0.0
2026-06-13,2026-06,0.0,0.0,0.0,0.0,0.0,0.0,0.0,0.0,0.0,0.0,0.0,0.0,0.0,0.0,0.0,0.0,0.0,0.0,0.0,0.0,0.0,0.0,2.0,12.0,6.0,2.0,0.0,0.0,0.0,0.0,0.0,0.0,0.0,0.0,0.0,0.0,0.0,0.0,0.0,0.0,0.0,0.0,0.0,0.0,0.0,0.0,0.0,0.0,0.0,0.0,0.0,0.0,0.0,0.0,0.0,0.0,0.0,0.0,0.0,0.0,0.0,0.0,4.0,10.0,10.0,10.0,8.0,0.0,0.0,2.0,8.0,8.0,6.0,4.0,2.0,2.0,6.0,6.0,6.0,8.0,4.0,4.0,6.0,6.0,6.0,4.0,4.0,6.0,6.0,8.0,8.0,8.0,8.0,8.0,6.0,6.0
2026-06-14,2026-06,6.0,6.0,6.0,6.0,6.0,6.0,6.0,6.0,6.0,6.0,6.0,6.0,6.0,4.0,4.0,6.0,6.0,6.0,6.0,6.0,6.0,8.0,8.0,6.0,6.0,4.0,6.0,4.0,2.0,0.0,0.0,0.0,0.0,0.0,0.0,0.0,0.0,0.0,0.0,0.0,0.0,0.0,0.0,0.0,0.0,0.0,0.0,0.0,0.0,0.0,0.0,0.0,0.0,0.0,0.0,0.0,0.0,0.0,0.0,0.0,0.0,0.0,0.0,0.0,0.0,0.0,0.0,0.0,0.0,0.0,0.0,0.0,0.0,0.0,0.0,0.0,0.0,2.0,10.0,6.0,8.0,0.0,0.0,0.0,0.0,0.0,0.0,0.0,0.0,8.0,10.0,9.0,8.0,6.0,4.0,3.0
2026-06-15,2026-06,2.0,0.0,0.0,0.0,0.0,0.0,0.0,0.0,0.0,0.0,0.0,0.0,0.0,0.0,0.0,0.0,0.0,0.0,0.0,0.0,0.0,0.0,0.0,0.0,0.0,0.0,0.0,0.0,0.0,0.0,0.0,0.0,0.0,0.0,0.0,0.0,0.0,0.0,226.0,290.0,280.0,252.0,0.0,0.0,0.0,0.0,0.0,0.0,0.0,0.0,0.0,0.0,0.0,0.0,0.0,0.0,0.0,0.0,0.0,0.0,0.0,0.0,0.0,0.0,0.0,0.0,0.0,0.0,0.0,0.0,0.0,0.0,0.0,0.0,0.0,0.0,0.0,0.0,0.0,0.0,0.0,0.0,0.0,0.0,6.0,4.0,0.0,0.0,0.0,4.0,12.0,16.0,6.0,6.0,4.0,2.0
2026-06-16,2026-06,2.0,2.0,0.0,0.0,0.0,0.0,0.0,0.0,0.0,0.0,0.0,0.0,0.0,0.0,0.0,6.0,0.0,6.0,0.0,0.0,0.0,0.0,0.0,0.0,0.0,0.0,0.0,0.0,0.0,0.0,0.0,0.0,0.0,0.0,0.0,0.0,0.0,0.0,0.0,0.0,0.0,0.0,0.0,0.0,0.0,0.0,0.0,0.0,0.0,0.0,0.0,124.0,308.0,126.0,0.0,0.0,0.0,0.0,0.0,0.0,0.0,0.0,0.0,0.0,0.0,0.0,0.0,0.0,0.0,0.0,0.0,0.0,0.0,0.0,0.0,0.0,0.0,2.0,8.0,12.0,10.0,10.0,10.0,10.0,10.0,10.0,16.0,14.0,14.0,2.0,2.0,2.0,2.0,0.0,0.0,0.0
2026-06-17,2026-06,0.0,0.0,0.0,0.0,0.0,0.0,0.0,0.0,0.0,0.0,0.0,0.0,0.0,0.0,0.0,0.0,0.0,0.0,8.0,8.0,0.0,0.0,0.0,0.0,0.0,0.0,0.0,0.0,0.0,0.0,0.0,0.0,0.0,0.0,0.0,0.0,0.0,0.0,0.0,0.0,0.0,0.0,0.0,0.0,0.0,0.0,0.0,0.0,0.0,0.0,0.0,0.0,0.0,0.0,310.0,338.0,334.0,358.0,356.0,242.0,0.0,0.0,0.0,0.0,0.0,0.0,0.0,0.0,0.0,0.0,0.0,0.0,0.0,0.0,0.0,0.0,0.0,0.0,0.0,0.0,0.0,0.0,0.0,0.0,0.0,0.0,0.0,0.0,0.0,0.0,0.0,0.0,0.0,0.0,0.0,0.0
2026-06-18,2026-06,0.0,0.0,0.0,0.0,0.0,0.0,0.0,0.0,0.0,0.0,0.0,0.0,0.0,0.0,0.0,0.0,0.0,0.0,0.0,0.0,0.0,0.0,0.0,0.0,0.0,0.0,0.0,0.0,0.0,0.0,0.0,0.0,0.0,0.0,0.0,0.0,0.0,0.0,0.0,0.0,0.0,0.0,0.0,0.0,0.0,0.0,0.0,0.0,0.0,0.0,0.0,0.0,0.0,0.0,0.0,0.0,0.0,0.0,0.0,0.0,0.0,0.0,0.0,0.0,0.0,0.0,0.0,0.0,0.0,0.0,0.0,0.0,0.0,0.0,0.0,0.0,0.0,0.0,0.0,0.0,0.0,0.0,0.0,0.0,0.0,0.0,0.0,0.0,2.0,4.0,0.0,0.0,6.0,10.0,10.0,10.0
2026-06-19,2026-06,10.0,8.0,8.0,8.0,6.0,4.0,2.0,2.0,2.0,0.0,0.0,0.0,0.0,0.0,0.0,0.0,0.0,0.0,0.0,0.0,0.0,2.0,4.0,8.0,6.0,0.0,0.0,0.0,0.0,0.0,0.0,0.0,0.0,0.0,0.0,0.0,0.0,0.0,0.0,0.0,0.0,0.0,0.0,0.0,0.0,0.0,0.0,0.0,0.0,0.0,0.0,0.0,0.0,0.0,0.0,0.0,0.0,0.0,0.0,0.0,0.0,162.0,328.0,216.0,0.0,0.0,0.0,0.0,0.0,0.0,0.0,0.0,0.0,0.0,0.0,0.0,0.0,0.0,4.0,10.0,10.0,10.0,14.0,16.0,16.0,6.0,6.0,6.0,6.0,6.0,6.0,4.0,0.0,0.0,0.0,0.0
2026-06-20,2026-06,0.0,0.0,0.0,0.0,0.0,0.0,0.0,0.0,0.0,0.0,0.0,0.0,0.0,0.0,0.0,0.0,0.0,0.0,0.0,0.0,0.0,0.0,0.0,0.0,2.0,8.0,8.0,6.0,6.0,6.0,6.0,6.0,6.0,4.0,0.0,0.0,0.0,0.0,0.0,0.0,0.0,0.0,0.0,140.0,346.0,356.0,354.0,350.0,168.0,0.0,0.0,0.0,0.0,0.0,0.0,0.0,0.0,0.0,0.0,0.0,0.0,0.0,0.0,0.0,0.0,0.0,0.0,0.0,0.0,0.0,0.0,0.0,0.0,0.0,0.0,0.0,0.0,0.0,8.0,18.0,16.0,18.0,18.0,18.0,14.0,6.0,6.0,6.0,6.0,2.0,0.0,0.0,0.0,0.0,0.0,0.0
2026-06-21,2026-06,0.0,0.0,0.0,0.0,0.0,0.0,0.0,0.0,0.0,0.0,0.0,0.0,0.0,0.0,0.0,0.0,0.0,0.0,0.0,0.0,0.0,0.0,0.0,0.0,0.0,0.0,0.0,0.0,0.0,0.0,0.0,0.0,0.0,0.0,0.0,0.0,0.0,0.0,0.0,0.0,0.0,0.0,0.0,0.0,0.0,0.0,0.0,0.0,0.0,0.0,0.0,0.0,0.0,0.0,0.0,0.0,0.0,0.0,178.0,32.0,0.0,0.0,0.0,0.0,0.0,0.0,0.0,0.0,0.0,0.0,0.0,0.0,0.0,0.0,0.0,0.0,0.0,0.0,0.0,10.0,10.0,10.0,10.0,10.0,10.0,10.0,10.0,10.0,10.0,10.0,10.0,10.0,6.0,0.0,0.0,0.0
2026-06-22,2026-06,0.0,0.0,0.0,0.0,0.0,0.0,0.0,0.0,0.0,0.0,0.0,0.0,0.0,0.0,0.0,0.0,0.0,0.0,0.0,0.0,4.0,10.0,10.0,10.0,10.0,14.0,2.0,0.0,0.0,0.0,0.0,0.0,0.0,0.0,0.0,0.0,0.0,0.0,0.0,0.0,0.0,0.0,0.0,0.0,0.0,0.0,0.0,0.0,0.0,74.0,114.0,0.0,0.0,0.0,0.0,0.0,0.0,0.0,0.0,0.0,0.0,0.0,0.0,0.0,0.0,0.0,0.0,0.0,0.0,0.0,0.0,0.0,0.0,0.0,0.0,0.0,4.0,4.0,6.0,10.0,10.0,10.0,10.0,10.0,10.0,10.0,10.0,10.0,10.0,10.0,10.0,10.0,10.0,2.0,0.0,0.0
2026-06-23,2026-06,0.0,0.0,0.0,0.0,4.0,12.0,10.0,10.0,8.0,6.0,4.0,2.0,2.0,2.0,1.0,0.0,0.0,0.0,0.0,0.0,0.0,0.0,0.0,0.0,6.0,6.0,2.0,0.0,0.0,0.0,0.0,0.0,0.0,0.0,0.0,0.0,0.0,0.0,0.0,0.0,0.0,0.0,0.0,0.0,0.0,0.0,0.0,0.0,0.0,0.0,0.0,0.0,0.0,92.0,248.0,0.0,0.0,0.0,0.0,0.0,0.0,0.0,4.0,4.0,4.0,4.0,2.0,6.0,2.0,6.0,6.0,6.0,6.0,4.0,4.0,2.0,2.0,2.0,0.0,0.0,4.0,12.0,18.0,16.0,16.0,14.0,6.0,16.0,26.0,16.0,10.0,8.0,8.0,8.0,8.0,2.0
2026-06-24,2026-06,2.0,2.0,0.0,0.0,0.0,0.0,0.0,0.0,0.0,0.0,0.0,0.0,0.0,0.0,0.0,0.0,0.0,0.0,0.0,8.0,16.0,12.0,0.0,0.0,0.0,0.0,0.0,0.0,0.0,0.0,0.0,0.0,0.0,0.0,0.0,0.0,0.0,0.0,0.0,0.0,0.0,0.0,0.0,0.0,0.0,0.0,0.0,0.0,0.0,0.0,0.0,0.0,0.0,0.0,0.0,0.0,0.0,0.0,0.0,0.0,0.0,0.0,0.0,0.0,0.0,0.0,0.0,0.0,0.0,0.0,0.0,0.0,0.0,0.0,0.0,0.0,0.0,0.0,0.0,0.0,8.0,10.0,10.0,10.0,10.0,8.0,0.0,0.0,0.0,8.0,10.0,10.0,10.0,10.0,8.0,6.0
2026-06-25,2026-06,4.0,2.0,2.0,2.0,0.0,0.0,0.0,0.0,0.0,0.0,0.0,0.0,0.0,0.0,0.0,0.0,0.0,0.0,0.0,0.0,0.0,0.0,2.0,0.0,0.0,0.0,0.0,0.0,0.0,0.0,0.0,0.0,0.0,0.0,0.0,0.0,0.0,0.0,0.0,0.0,0.0,0.0,0.0,0.0,0.0,0.0,0.0,0.0,0.0,0.0,0.0,0.0,0.0,0.0,0.0,0.0,0.0,0.0,0.0,0.0,0.0,0.0,0.0,0.0,0.0,0.0,0.0,0.0,0.0,0.0,0.0,0.0,0.0,0.0,0.0,0.0,0.0,6.0,10.0,10.0,10.0,8.0,6.0,4.0,2.0,2.0,2.0,2.0,0.0,0.0,0.0,0.0,0.0,0.0,0.0,0.0
2026-06-26,2026-06,0.0,0.0,0.0,0.0,0.0,0.0,0.0,2.0,0.0,0.0,0.0,0.0,0.0,0.0,0.0,0.0,0.0,0.0,0.0,16.0,8.0,0.0,0.0,0.0,0.0,0.0,0.0,0.0,0.0,0.0,0.0,0.0,0.0,0.0,0.0,0.0,0.0,0.0,0.0,2.0,6.0,6.0,4.0,6.0,6.0,6.0,6.0,6.0,6.0,6.0,4.0,4.0,2.0,2.0,2.0,46.0,334.0,352.0,288.0,0.0,0.0,0.0,0.0,0.0,0.0,0.0,0.0,0.0,0.0,0.0,0.0,0.0,0.0,0.0,0.0,0.0,0.0,0.0,2.0,10.0,10.0,10.0,10.0,10.0,10.0,12.0,10.0,18.0,16.0,14.0,18.0,18.0,16.0,188.0,336.0,360.0
2026-06-27,2026-06,360.0,356.0,354.0,352.0,348.0,344.0,340.0,336.0,332.0,328.0,326.0,326.0,324.0,324.0,324.0,322.0,322.0,318.0,316.0,316.0,316.0,314.0,314.0,314.0,16.0,298.0,308.0,302.0,300.0,294.0,292.0,288.0,282.0,282.0,282.0,280.0,280.0,280.0,284.0,284.0,22.0,0.0,0.0,0.0,0.0,0.0,0.0,0.0,0.0,0.0,0.0,0.0,0.0,0.0,264.0,302.0,306.0,2.0,0.0,0.0,0.0,0.0,0.0,0.0,0.0,0.0,0.0,0.0,0.0,0.0,0.0,0.0,0.0,0.0,0.0,0.0,0.0,0.0,0.0,8.0,10.0,10.0,10.0,10.0,10.0,10.0,10.0,10.0,10.0,2.0,0.0,0.0,0.0,0.0,0.0,0.0
2026-06-28,2026-06,0.0,0.0,0.0,0.0,0.0,0.0,0.0,0.0,0.0,0.0,0.0,0.0,0.0,0.0,0.0,0.0,0.0,6.0,78.0,324.0,332.0,330.0,316.0,314.0,304.0,308.0,18.0,0.0,0.0,0.0,0.0,0.0,0.0,0.0,0.0,0.0,0.0,0.0,0.0,0.0,0.0,0.0,0.0,0.0,0.0,0.0,0.0,0.0,0.0,0.0,0.0,0.0,0.0,0.0,0.0,0.0,0.0,0.0,0.0,0.0,0.0,0.0,0.0,0.0,0.0,0.0,0.0,0.0,0.0,0.0,0.0,0.0,0.0,0.0,0.0,0.0,0.0,0.0,0.0,0.0,0.0,0.0,0.0,0.0,0.0,0.0,48.0,22.0,22.0,22.0,18.0,8.0,2.0,8.0,8.0,6.0
2026-06-30,2026-06,6.0,6.0,6.0,6.0,6.0,6.0,6.0,6.0,6.0,6.0,6.0,6.0,6.0,6.0,6.0,10.0,10.0,10.0,10.0,10.0,12.0,20.0,22.0,22.0,18.0,18.0,8.0,8.0,6.0,2.0,0.0,0.0,0.0,0.0,0.0,0.0,0.0,0.0,0.0,0.0,0.0,0.0,0.0,0.0,0.0,0.0,0.0,0.0,0.0,0.0,0.0,0.0,0.0,0.0,174.0,314.0,312.0,22.0,0.0,0.0,0.0,0.0,0.0,0.0,0.0,0.0,0.0,0.0,0.0,0.0,0.0,0.0,0.0,0.0,0.0,0.0,0.0,0.0,0.0,0.0,0.0,0.0,0.0,0.0,0.0,0.0,0.0,0.0,0.0,0.0,0.0,0.0,0.0,0.0,0.0,0.0
2026-07-01,2026-07,0.0,0.0,0.0,0.0,0.0,0.0,0.0,0.0,0.0,0.0,0.0,0.0,0.0,0.0,0.0,0.0,0.0,0.0,0.0,0.0,0.0,0.0,0.0,0.0,0.0,0.0,0.0,0.0,0.0,0.0,0.0,0.0,0.0,0.0,0.0,0.0,0.0,0.0,0.0,0.0,0.0,0.0,0.0,0.0,0.0,0.0,0.0,0.0,0.0,0.0,0.0,0.0,0.0,0.0,0.0,0.0,0.0,0.0,0.0,0.0,0.0,0.0,0.0,0.0,0.0,0.0,0.0,0.0,0.0,0.0,0.0,0.0,0.0,0.0,0.0,0.0,0.0,0.0,0.0,0.0,0.0,0.0,0.0,14.0,10.0,10.0,10.0,10.0,10.0,10.0,172.0,334.0,360.0,366.0,362.0,358.0
2026-07-02,2026-07,354.0,350.0,344.0,340.0,338.0,334.0,330.0,326.0,324.0,320.0,318.0,318.0,316.0,314.0,314.0,314.0,310.0,308.0,308.0,308.0,306.0,308.0,306.0,296.0,296.0,294.0,290.0,286.0,286.0,292.0,292.0,290.0,278.0,278.0,48.0,0.0,0.0,0.0,0.0,0.0,0.0,0.0,0.0,218.0,286.0,296.0,296.0,290.0,290.0,274.0,0.0,0.0,0.0,0.0,0.0,0.0,0.0,0.0,0.0,0.0,0.0,0.0,0.0,0.0,0.0,0.0,0.0,0.0,0.0,0.0,0.0,0.0,0.0,0.0,4.0,4.0,4.0,4.0,0.0,4.0,10.0,10.0,10.0,10.0,10.0,10.0,10.0,10.0,204.0,328.0,332.0,340.0,340.0,338.0,334.0,330.0
2026-07-03,2026-07,328.0,325.0,322.0,320.0,318.0,314.0,312.0,312.0,310.0,310.0,310.0,310.0,308.0,306.0,306.0,306.0,312.0,314.0,308.0,314.0,306.0,302.0,302.0,298.0,298.0,298.0,294.0,290.0,282.0,282.0,276.0,276.0,270.0,266.0,264.0,264.0,258.0,258.0,174.0,0.0,0.0,0.0,0.0,0.0,0.0,0.0,0.0,0.0,0.0,174.0,292.0,290.0,8.0,0.0,0.0,0.0,0.0,0.0,0.0,0.0,0.0,0.0,0.0,0.0,0.0,0.0,0.0,0.0,0.0,0.0,0.0,0.0,0.0,0.0,0.0,0.0,0.0,0.0,4.0,10.0,10.0,10.0,10.0,10.0,10.0,10.0,10.0,10.0,10.0,10.0,10.0,8.0,0.0,0.0,0.0,0.0
2026-07-04,2026-07,0.0,0.0,0.0,0.0,0.0,0.0,0.0,0.0,0.0,0.0,0.0,0.0,0.0,0.0,0.0,0.0,0.0,0.0,0.0,8.0,20.0,18.0,12.0,18.0,18.0,18.0,8.0,6.0,224.0,226.0,312.0,306.0,312.0,314.0,310.0,296.0,294.0,296.0,290.0,294.0,290.0,282.0,286.0,290.0,276.0,282.0,278.0,288.0,284.0,280.0,286.0,278.0,284.0,288.0,56.0,0.0,0.0,0.0,0.0,0.0,0.0,0.0,0.0,0.0,0.0,0.0,0.0,0.0,0.0,0.0,0.0,0.0,0.0,0.0,0.0,0.0,2.0,6.0,8.0,10.0,10.0,10.0,10.0,18.0,316.0,210.0,328.0,330.0,342.0,346.0,344.0,340.0,338.0,336.0,334.0,330.0
2026-07-05,2026-07,326.0,322.0,320.0,318.0,318.0,316.0,314.0,312.0,310.0,310.0,310.0,308.0,310.0,308.0,304.0,302.0,302.0,300.0,304.0,308.0,310.0,312.0,320.0,312.0,308.0,302.0,302.0,300.0,298.0,10.0,184.0,284.0,276.0,280.0,278.0,280.0,278.0,278.0,284.0,280.0,282.0,282.0,266.0,0.0,0.0,0.0,0.0,0.0,0.0,0.0,0.0,0.0,0.0,0.0,0.0,0.0,0.0,0.0,0.0,0.0,0.0,0.0,0.0,0.0,0.0,0.0,0.0,0.0,0.0,0.0,0.0,0.0,0.0,0.0,0.0,0.0,0.0,4.0,10.0,10.0,10.0,10.0,10.0,10.0,10.0,10.0,10.0,10.0,6.0,0.0,0.0,0.0,0.0,0.0,0.0,0.0
2026-07-06,2026-07,0.0,0.0,0.0,2.0,2.0,0.0,0.0,0.0,0.0,0.0,0.0,0.0,0.0,0.0,0.0,0.0,0.0,0.0,0.0,0.0,0.0,0.0,0.0,8.0,8.0,6.0,6.0,6.0,6.0,6.0,6.0,0.0,0.0,0.0,0.0,0.0,0.0,0.0,0.0,0.0,0.0,0.0,0.0,0.0,0.0,0.0,0.0,0.0,0.0,0.0,0.0,0.0,0.0,0.0,0.0,0.0,0.0,0.0,0.0,0.0,0.0,0.0,0.0,0.0,0.0,0.0,0.0,0.0,0.0,0.0,0.0,0.0,0.0,0.0,0.0,0.0,0.0,0.0,6.0,10.0,10.0,10.0,10.0,10.0,10.0,10.0,10.0,6.0,0.0,0.0,0.0,0.0,0.0,0.0,0.0,0.0
2026-07-09,2026-07,0.0,0.0,0.0,0.0,0.0,0.0,0.0,0.0,0.0,0.0,0.0,0.0,0.0,0.0,0.0,0.0,0.0,0.0,0.0,0.0,0.0,0.0,0.0,0.0,0.0,0.0,4.0,6.0,6.0,6.0,6.0,4.0,6.0,6.0,4.0,0.0,0.0,0.0,0.0,0.0,0.0,0.0,0.0,0.0,0.0,0.0,0.0,0.0,0.0,0.0,0.0,0.0,0.0,0.0,0.0,0.0,0.0,0.0,0.0,0.0,0.0,0.0,0.0,0.0,0.0,0.0,0.0,0.0,0.0,0.0,0.0,0.0,0.0,0.0,0.0,2.0,6.0,6.0,10.0,10.0,12.0,18.0,18.0,18.0,18.0,18.0,18.0,18.0,18.0,18.0,18.0,16.0,0.0,0.0,0.0,0.0
2026-07-11,2026-07,10.0,10.0,12.0,10.0,0.0,0.0,0.0,0.0,0.0,0.0,0.0,0.0,0.0,0.0,0.0,0.0,0.0,0.0,0.0,0.0,0.0,0.0,0.0,0.0,0.0,0.0,0.0,0.0,0.0,0.0,0.0,0.0,0.0,0.0,0.0,0.0,0.0,0.0,0.0,0.0,0.0,0.0,0.0,0.0,0.0,0.0,0.0,192.0,344.0,356.0,346.0,340.0,338.0,14.0,0.0,0.0,0.0,0.0,0.0,0.0,0.0,0.0,0.0,0.0,0.0,0.0,0.0,0.0,0.0,0.0,0.0,0.0,0.0,0.0,0.0,0.0,0.0,0.0,0.0,0.0,0.0,0.0,0.0,0.0,0.0,0.0,0.0,0.0,0.0,0.0,0.0,0.0,0.0,0.0,0.0,0.0
2026-07-12,2026-07,0.0,0.0,0.0,0.0,0.0,0.0,0.0,0.0,0.0,0.0,0.0,0.0,0.0,0.0,0.0,0.0,0.0,0.0,0.0,0.0,0.0,0.0,0.0,0.0,0.0,0.0,0.0,0.0,24.0,6.0,6.0,6.0,4.0,0.0,0.0,0.0,0.0,0.0,0.0,0.0,0.0,0.0,0.0,0.0,0.0,0.0,0.0,0.0,0.0,0.0,292.0,322.0,322.0,328.0,322.0,314.0,346.0,336.0,340.0,72.0,0.0,0.0,0.0,0.0,0.0,0.0,0.0,0.0,0.0,0.0,0.0,0.0,0.0,0.0,0.0,0.0,0.0,0.0,0.0,0.0,0.0,0.0,0.0,0.0,0.0,0.0,0.0,0.0,0.0,0.0,0.0,0.0,0.0,0.0,0.0,0.0
2026-07-13,2026-07,0.0,0.0,0.0,0.0,0.0,0.0,0.0,0.0,0.0,0.0,0.0,0.0,0.0,0.0,0.0,0.0,0.0,0.0,0.0,0.0,0.0,0.0,0.0,0.0,0.0,0.0,0.0,0.0,0.0,0.0,0.0,0.0,0.0,0.0,0.0,0.0,0.0,0.0,0.0,0.0,0.0,0.0,0.0,0.0,0.0,0.0,0.0,0.0,0.0,0.0,0.0,0.0,0.0,0.0,0.0,0.0,0.0,140.0,364.0,372.0,370.0,352.0,348.0,178.0,0.0,0.0,0.0,0.0,0.0,0.0,0.0,0.0,0.0,0.0,0.0,0.0,0.0,0.0,0.0,10.0,10.0,8.0,0.0,8.0,10.0,10.0,10.0,10.0,10.0,10.0,10.0,10.0,6.0,0.0,0.0,0.0
2026-07-14,2026-07,0.0,0.0,0.0,0.0,0.0,0.0,0.0,0.0,0.0,0.0,0.0,0.0,0.0,0.0,0.0,0.0,0.0,0.0,0.0,0.0,0.0,0.0,0.0,0.0,0.0,0.0,0.0,6.0,6.0,6.0,4.0,6.0,6.0,4.0,0.0,0.0,0.0,0.0,0.0,0.0,0.0,0.0,0.0,0.0,0.0,0.0,0.0,6.0,4.0,0.0,0.0,0.0,0.0,0.0,0.0,0.0,0.0,0.0,0.0,0.0,0.0,0.0,0.0,0.0,0.0,0.0,0.0,0.0,0.0,0.0,0.0,0.0,0.0,0.0,0.0,0.0,0.0,0.0,0.0,0.0,0.0,0.0,2.0,0.0,2.0,0.0,0.0,0.0,0.0,0.0,0.0,0.0,0.0,0.0,0.0,0.0
2026-07-15,2026-07,0.0,0.0,0.0,0.0,0.0,0.0,0.0,0.0,0.0,0.0,0.0,0.0,0.0,0.0,0.0,0.0,0.0,0.0,0.0,0.0,0.0,0.0,0.0,0.0,0.0,0.0,0.0,0.0,0.0,0.0,0.0,0.0,0.0,0.0,0.0,0.0,0.0,0.0,0.0,0.0,0.0,0.0,0.0,0.0,0.0,0.0,0.0,0.0,0.0,0.0,0.0,0.0,0.0,0.0,0.0,0.0,0.0,2.0,4.0,4.0,4.0,4.0,4.0,4.0,4.0,2.0,2.0,2.0,0.0,0.0,0.0,0.0,0.0,0.0,0.0,0.0,0.0,0.0,4.0,10.0,10.0,10.0,10.0,10.0,10.0,10.0,10.0,10.0,10.0,10.0,10.0,10.0,10.0,8.0,4.0,0.0
2026-07-16,2026-07,0.0,0.0,0.0,0.0,0.0,0.0,0.0,0.0,0.0,0.0,0.0,0.0,0.0,0.0,0.0,0.0,0.0,0.0,0.0,0.0,0.0,0.0,0.0,0.0,18.0,16.0,12.0,6.0,6.0,6.0,6.0,2.0,0.0,0.0,0.0,0.0,0.0,0.0,0.0,0.0,0.0,0.0,0.0,0.0,0.0,0.0,0.0,0.0,0.0,0.0,0.0,0.0,0.0,0.0,0.0,0.0,0.0,0.0,0.0,0.0,0.0,0.0,2.0,2.0,2.0,2.0,2.0,2.0,2.0,2.0,2.0,2.0,2.0,2.0,2.0,2.0,2.0,2.0,10.0,14.0,14.0,12.0,14.0,12.0,12.0,12.0,12.0,10.0,10.0,10.0,12.0,12.0,10.0,8.0,12.0,12.0
2026-07-17,2026-07,4.0,2.0,2.0,0.0,0.0,0.0,0.0,0.0,0.0,0.0,0.0,0.0,0.0,0.0,0.0,0.0,0.0,0.0,0.0,0.0,0.0,0.0,0.0,0.0,0.0,18.0,16.0,6.0,6.0,10.0,10.0,8.0,10.0,10.0,4.0,2.0,2.0,2.0,2.0,4.0,4.0,2.0,2.0,2.0,2.0,2.0,2.0,2.0,2.0,2.0,2.0,2.0,2.0,2.0,2.0,2.0,2.0,2.0,2.0,2.0,2.0,2.0,2.0,2.0,2.0,2.0,2.0,2.0,2.0,2.0,2.0,2.0,2.0,2.0,2.0,2.0,2.0,6.0,12.0,12.0,10.0,10.0,12.0,252.0,334.0,342.0,356.0,346.0,344.0,340.0,332.0,334.0,330.0,324.0,318.0,316.0
2026-07-19,2026-07,350.0,346.0,340.0,336.0,334.0,332.0,330.0,326.0,320.0,316.0,314.0,310.0,308.0,308.0,308.0,306.0,304.0,302.0,300.0,302.0,300.0,298.0,298.0,296.0,300.0,300.0,298.0,278.0,288.0,286.0,282.0,274.0,268.0,264.0,178.0,2.0,2.0,0.0,0.0,2.0,2.0,2.0,2.0,0.0,2.0,2.0,2.0,2.0,0.0,0.0,2.0,4.0,2.0,0.0,0.0,0.0,0.0,4.0,4.0,4.0,4.0,4.0,2.0,4.0,4.0,4.0,2.0,2.0,2.0,8.0,12.0,12.0,12.0,10.0,10.0,4.0,2.0,6.0,6.0,12.0,8.0,8.0,18.0,20.0,20.0,20.0,20.0,18.0,18.0,18.0,18.0,18.0,18.0,18.0,18.0,18.0
2026-07-20,2026-07,14.0,2.0,2.0,2.0,2.0,2.0,2.0,2.0,2.0,2.0,0.0,0.0,0.0,0.0,0.0,0.0,0.0,0.0,0.0,0.0,0.0,0.0,0.0,0.0,0.0,0.0,0.0,6.0,8.0,6.0,2.0,0.0,0.0,0.0,0.0,0.0,2.0,0.0,2.0,2.0,2.0,2.0,2.0,2.0,2.0,2.0,0.0,0.0,0.0,0.0,0.0,0.0,0.0,0.0,0.0,2.0,0.0,2.0,2.0,0.0,0.0,0.0,2.0,2.0,2.0,2.0,2.0,2.0,0.0,2.0,2.0,2.0,2.0,2.0,2.0,0.0,0.0,8.0,16.0,18.0,18.0,18.0,20.0,18.0,18.0,18.0,18.0,16.0,8.0,8.0,8.0,8.0,4.0,0.0,0.0,0.0
2026-07-21,2026-07,0.0,0.0,0.0,0.0,0.0,0.0,0.0,0.0,0.0,0.0,0.0,2.0,2.0,2.0,2.0,0.0,0.0,0.0,0.0,0.0,0.0,0.0,0.0,0.0,10.0,10.0,8.0,14.0,0.0,0.0,2.0,0.0,2.0,2.0,2.0,0.0,2.0,0.0,2.0,2.0,0.0,2.0,2.0,2.0,4.0,2.0,4.0,4.0,4.0,4.0,4.0,4.0,2.0,0.0,138.0,346.0,350.0,364.0,100.0,0.0,0.0,0.0,0.0,0.0,0.0,0.0,0.0,0.0,0.0,0.0,0.0,0.0,0.0,0.0,0.0,0.0,0.0,0.0,8.0,16.0,16.0,16.0,16.0,18.0,24.0,24.0,24.0,20.0,18.0,18.0,20.0,20.0,20.0,274.0,324.0,336.0
2026-07-22,2026-07,342.0,342.0,338.0,334.0,332.0,328.0,324.0,322.0,318.0,316.0,314.0,312.0,312.0,310.0,310.0,308.0,306.0,314.0,308.0,306.0,304.0,302.0,298.0,298.0,294.0,284.0,298.0,294.0,278.0,278.0,278.0,276.0,274.0,272.0,268.0,156.0,2.0,4.0,4.0,4.0,4.0,2.0,2.0,4.0,2.0,2.0,0.0,0.0,0.0,6.0,6.0,106.0,296.0,288.0,286.0,152.0,6.0,4.0,2.0,0.0,0.0,0.0,0.0,0.0,0.0,0.0,0.0,0.0,0.0,0.0,0.0,0.0,0.0,0.0,0.0,0.0,0.0,6.0,10.0,12.0,12.0,12.0,12.0,12.0,10.0,10.0,10.0,2.0,0.0,0.0,0.0,0.0,0.0,0.0,0.0,0.0
2026-07-23,2026-07,0.0,0.0,0.0,0.0,0.0,0.0,0.0,0.0,0.0,0.0,0.0,0.0,0.0,0.0,0.0,0.0,0.0,0.0,0.0,0.0,0.0,0.0,0.0,0.0,0.0,0.0,0.0,0.0,0.0,0.0,0.0,0.0,0.0,0.0,0.0,0.0,0.0,0.0,0.0,0.0,0.0,0.0,0.0,0.0,0.0,0.0,0.0,0.0,2.0,2.0,2.0,2.0,2.0,2.0,2.0,2.0,2.0,2.0,2.0,0.0,0.0,0.0,0.0,0.0,0.0,0.0,0.0,0.0,0.0,0.0,0.0,0.0,0.0,0.0,0.0,0.0,0.0,6.0,18.0,18.0,18.0,14.0,6.0,0.0,2.0,0.0,0.0,0.0,0.0,0.0,0.0,0.0,0.0,0.0,0.0,0.0
2026-07-26,2026-07,318.0,318.0,316.0,314.0,314.0,308.0,308.0,308.0,308.0,306.0,306.0,304.0,306.0,306.0,294.0,294.0,294.0,294.0,294.0,294.0,294.0,292.0,296.0,302.0,288.0,286.0,288.0,280.0,274.0,272.0,270.0,270.0,266.0,266.0,266.0,266.0,268.0,260.0,264.0,268.0,270.0,270.0,270.0,276.0,286.0,284.0,280.0,154.0,0.0,0.0,0.0,0.0,0.0,0.0,0.0,0.0,0.0,0.0,0.0,0.0,0.0,0.0,0.0,0.0,0.0,0.0,0.0,0.0,0.0,0.0,0.0,0.0,0.0,0.0,0.0,0.0,0.0,0.0,2.0,10.0,10.0,10.0,10.0,10.0,12.0,10.0,10.0,10.0,10.0,10.0,10.0,10.0,10.0,12.0,12.0,12.0
2026-07-28,2026-07,6.0,2.0,0.0,0.0,0.0,0.0,0.0,0.0,0.0,0.0,0.0,0.0,0.0,0.0,0.0,0.0,0.0,0.0,0.0,0.0,0.0,0.0,0.0,0.0,0.0,0.0,0.0,8.0,8.0,8.0,8.0,6.0,272.0,300.0,296.0,296.0,288.0,2.0,0.0,0.0,0.0,0.0,0.0,0.0,0.0,0.0,0.0,0.0,0.0,0.0,0.0,0.0,0.0,0.0,0.0,0.0,0.0,0.0,0.0,0.0,0.0,0.0,0.0,0.0,0.0,0.0,0.0,0.0,0.0,0.0,0.0,0.0,0.0,0.0,0.0,0.0,0.0,0.0,0.0,0.0,0.0,0.0,0.0,0.0,0.0,0.0,0.0,0.0,0.0,0.0,0.0,0.0,0.0,0.0,0.0,0.0
2026-07-29,2026-07,0.0,0.0,0.0,0.0,0.0,0.0,0.0,0.0,0.0,0.0,0.0,0.0,0.0,0.0,0.0,0.0,0.0,0.0,0.0,0.0,0.0,0.0,0.0,0.0,0.0,0.0,0.0,0.0,0.0,0.0,0.0,0.0,0.0,0.0,0.0,0.0,0.0,0.0,0.0,0.0,0.0,0.0,0.0,0.0,0.0,0.0,0.0,0.0,0.0,0.0,0.0,0.0,0.0,0.0,0.0,0.0,0.0,0.0,0.0,0.0,0.0,0.0,0.0,0.0,0.0,0.0,0.0,0.0,0.0,0.0,0.0,0.0,0.0,0.0,0.0,4.0,6.0,6.0,10.0,10.0,10.0,10.0,10.0,10.0,10.0,10.0,10.0,6.0,6.0,6.0,6.0,6.0,6.0,6.0,6.0,6.0
2026-07-30,2026-07,6.0,6.0,6.0,6.0,6.0,2.0,0.0,0.0,0.0,0.0,0.0,0.0,0.0,0.0,0.0,0.0,0.0,4.0,0.0,0.0,8.0,18.0,18.0,18.0,18.0,18.0,18.0,12.0,0.0,0.0,0.0,2.0,4.0,4.0,4.0,4.0,4.0,4.0,4.0,2.0,2.0,2.0,2.0,2.0,2.0,2.0,2.0,2.0,2.0,2.0,2.0,2.0,2.0,2.0,0.0,0.0,0.0,0.0,0.0,0.0,0.0,0.0,0.0,0.0,0.0,2.0,0.0,0.0,0.0,0.0,0.0,0.0,2.0,2.0,2.0,0.0,0.0,6.0,18.0,18.0,20.0,20.0,18.0,18.0,18.0,18.0,20.0,18.0,18.0,18.0,18.0,20.0,20.0,20.0,20.0,20.0
