season,seed,slot_0,slot_1,slot_2,slot_3,slot_4,slot_5,slot_6,slot_7,slot_8,slot_9,slot_10,slot_11,slot_12,slot_13,slot_14,slot_15,slot_16,slot_17,slot_18,slot_19,slot_20,slot_21,slot_22,slot_23,slot_24,slot_25,slot_26,slot_27,slot_28,slot_29,slot_30,slot_31,slot_32,slot_33,slot_34,slot_35,slot_36,slot_37,slot_38,slot_39,slot_40,slot_41,slot_42,slot_43,slot_44,slot_45,slot_46,slot_47,slot_48,slot_49,slot_50,slot_51,slot_52,slot_53,slot_54,slot_55,slot_56,slot_57,slot_58,slot_59,slot_60,slot_61,slot_62,slot_63,slot_64,slot_65,slot_66,slot_67,slot_68,slot_69,slot_70,slot_71,slot_72,slot_73,slot_74,slot_75,slot_76,slot_77,slot_78,slot_79,slot_80,slot_81,slot_82,slot_83,slot_84,slot_85,slot_86,slot_87,slot_88,slot_89,slot_90,slot_91,slot_92,slot_93,slot_94,slot_95
Dry season,0,1.4016393442622934,1.4016393442622934,1.4016393442622934,1.4016393442622934,1.4016393442622934,1.4016393442622934,1.4016393442622934,1.4016393442622934,1.4016393442622934,1.4016393442622934,1.4016393442622934,1.4016393442622934,1.4016393442622934,1.4016393442622934,1.4016393442622934,1.4016393442622934,1.4016393442622934,1.4016393442622934,1.4016393442622934,1.4016393442622934,1.4016393442622934,1.4016393442622934,1.4016393442622934,1.4016393442622934,1.4016393442622934,1.4016393442622934,1.4016393442622934,1.4016393442622934,1.4016393442622934,1.4016393442622934,331.9891073452694,281.9252056173783,169.60253719956796,243.48482299766735,192.3775254390038,426.8428115402321,490.21243946156176,491.2683934314861,392.2838971874323,486.91345608591456,363.2907079439979,483.24921886614663,510.9218224043744,417.6496398543764,261.5940221081182,254.96426155593153,243.39078484701258,388.9291680733729,227.18445973594513,1.4016393442622934,404.9977155068697,339.23832575614057,198.15418964672043,161.77622813960818,75.95278055159045,328.38637180842557,560.3290736089136,502.6258744994535,391.536947952782,405.38270075808424,195.98265604522533,277.1773725006221,198.19047006371244,262.4884696571906,334.8609616069518,231.67765264168798,369.60846888085933,446.94568922602207,214.53311862034178,220.43443213737717,232.77436090983537,483.31931264177314,929.1933899456653,670.691088478028,443.8343886822256,402.1637052677996,577.9042414190324,474.1675392203439,507.3946894485726,523.8251474359773,269.35623755464314,395.73572893491115,310.6275464445625,1.4016393442622934,1.4016393442622934,1.4016393442622934,1.4016393442622934,1.4016393442622934,1.4016393442622934,1.4016393442622934,1.4016393442622934,1.4016393442622934,1.4016393442622934,1.4016393442622934,1.4016393442622934,1.4016393442622934
Dry season,1,1.4016393442622934,1.4016393442622934,1.4016393442622934,1.4016393442622934,1.4016393442622934,1.4016393442622934,1.4016393442622934,1.4016393442622934,1.4016393442622934,1.4016393442622934,1.4016393442622934,1.4016393442622934,1.4016393442622934,1.4016393442622934,1.4016393442622934,1.4016393442622934,1.4016393442622934,1.4016393442622934,1.4016393442622934,1.4016393442622934,1.4016393442622934,1.4016393442622934,1.4016393442622934,1.4016393442622934,1.4016393442622934,1.4016393442622934,1.4016393442622934,1.4016393442622934,1.4016393442622934,1.4016393442622934,287.17896870520525,197.88697440162892,149.98536601755367,313.03264182636,143.78425418428404,485.4144250495429,553.0481830940149,324.39607109512576,426.8304503947231,387.45322228131016,407.76804990991315,476.11069599428356,424.7374643925599,390.30744841263987,300.5733546565341,226.1133996177424,357.8937235775703,373.3072269434599,190.88128534657446,1.4016393442622934,325.3669297280873,223.64015581975187,278.28632889680745,56.60830867296022,88.0994290328722,370.9209466845284,596.7360544285086,471.9824789077493,389.9091166275114,322.90362433283303,276.25086341126723,198.19113432140017,289.5525213830278,285.68610623677074,315.7622247833391,251.52972053326013,272.58234450916615,468.3388838463445,250.49802761995568,191.63722717848614,293.40868731217665,554.0916540395082,669.3989615638769,529.8417498552416,410.94604091246697,565.5233423254618,620.4719860826658,745.5545941286525,399.70079434967687,277.3392628323056,331.2580232629875,493.24480105556853,353.4178213275413,1.4016393442622934,1.4016393442622934,1.4016393442622934,1.4016393442622934,1.4016393442622934,1.4016393442622934,1.4016393442622934,1.4016393442622934,1.4016393442622934,1.4016393442622934,1.4016393442622934,1.4016393442622934,1.4016393442622934
Dry season,2,1.4016393442622934,1.4016393442622934,1.4016393442622934,1.4016393442622934,1.4016393442622934,1.4016393442622934,1.4016393442622934,1.4016393442622934,1.4016393442622934,1.4016393442622934,1.4016393442622934,1.4016393442622934,1.4016393442622934,1.4016393442622934,1.4016393442622934,1.4016393442622934,1.4016393442622934,1.4016393442622934,1.4016393442622934,1.4016393442622934,1.4016393442622934,1.4016393442622934,1.4016393442622934,1.4016393442622934,1.4016393442622934,1.4016393442622934,1.4016393442622934,1.4016393442622934,1.4016393442622934,1.4016393442622934,363.77015035879396,241.73610633298364,138.0960400848468,116.700667741553,173.37154167432237,482.82153175277415,706.7847939840839,387.75780850084243,296.5175237235297,418.9706479875524,354.5234878567492,379.4060747230804,438.8752938014352,409.47883313664175,291.08918547893904,332.8260358537526,251.57416397254104,250.79150355414194,259.51539397436153,1.4016393442622934,240.15172211632353,284.9901684519931,162.72669601023756,166.52225327447306,109.93339296268414,381.7149857761289,412.52626163223033,526.6665430707094,443.5199200092864,336.71108316017865,403.0630318516423,293.99322300042263,178.75136275513677,249.40132203305885,299.6918725825834,169.8550403114132,289.82040651207757,296.5467514424119,340.04918502052453,308.3670528095898,205.66529028618714,612.720682789543,668.2549708945587,553.2501050833533,675.3053635464136,430.19688615680917,529.3368487024419,661.4368664043907,330.5020588462154,419.50782054881734,406.16869897636207,403.6660616403718,429.0309641256135,1.4016393442622934,1.4016393442622934,1.4016393442622934,1.4016393442622934,1.4016393442622934,1.4016393442622934,1.4016393442622934,1.4016393442622934,1.4016393442622934,1.4016393442622934,1.4016393442622934,1.4016393442622934,1.4016393442622934
Dry season,3,1.4016393442622934,1.4016393442622934,1.4016393442622934,1.4016393442622934,1.4016393442622934,1.4016393442622934,1.4016393442622934,1.4016393442622934,1.4016393442622934,1.4016393442622934,1.4016393442622934,1.4016393442622934,1.4016393442622934,1.4016393442622934,1.4016393442622934,1.4016393442622934,1.4016393442622934,1.4016393442622934,1.4016393442622934,1.4016393442622934,1.4016393442622934,1.4016393442622934,1.4016393442622934,1.4016393442622934,1.4016393442622934,1.4016393442622934,1.4016393442622934,1.4016393442622934,1.4016393442622934,1.4016393442622934,404.38837486726123,222.05262326086213,233.92921218894998,98.8235565388879,129.9677646015338,338.4291316484666,619.373328737925,406.0999341003641,418.3137651718314,428.81956140742756,304.55202004629126,299.9536787139658,476.2987585852855,389.39923122512835,201.5913828154965,249.48113031999824,237.5636188068239,361.93844504578396,387.45837352349605,1.4016393442622934,256.449306709548,156.0458216183486,269.5637022608147,163.96223637864765,185.6966745255473,317.8440857956972,369.41350598237403,439.88819304896367,429.5945971508069,401.254709219983,377.6819337989571,168.55758483353335,256.6689547782052,197.41503763252246,298.8843397837708,147.08982308994368,282.93773987535974,557.6388394089438,222.99135404741813,173.61017714045067,150.36624650691576,442.27356565596654,867.8758530356179,820.532873404369,511.2969577643836,422.5582672964402,526.0313753671213,467.54023698556836,477.1135398743739,527.2906565796236,413.8905601420092,269.64828016868773,278.2109886589642,1.4016393442622934,1.4016393442622934,1.4016393442622934,1.4016393442622934,1.4016393442622934,1.4016393442622934,1.4016393442622934,1.4016393442622934,1.4016393442622934,1.4016393442622934,1.4016393442622934,1.4016393442622934,1.4016393442622934
Dry season,4,1.4016393442622934,1.4016393442622934,1.4016393442622934,1.4016393442622934,1.4016393442622934,1.4016393442622934,1.4016393442622934,1.4016393442622934,1.4016393442622934,1.4016393442622934,1.4016393442622934,1.4016393442622934,1.4016393442622934,1.4016393442622934,1.4016393442622934,1.4016393442622934,1.4016393442622934,1.4016393442622934,1.4016393442622934,1.4016393442622934,1.4016393442622934,1.4016393442622934,1.4016393442622934,1.4016393442622934,1.4016393442622934,1.4016393442622934,1.4016393442622934,1.4016393442622934,1.4016393442622934,1.4016393442622934,352.10507156451126,199.0283630225574,235.14801574625466,202.3681533777327,120.64996191373888,407.4282960150842,643.521525673325,349.60797209473134,474.15189361784576,351.5656183665246,279.20675356157784,498.60355678947815,464.24238617508104,387.14350880825975,178.80492014925844,152.1892879791522,498.70232184092487,286.6565778335766,307.67962514441194,1.4016393442622934,195.98276294253466,182.4841170294655,206.4767411367636,120.30637979632773,115.32159882116785,450.8251244969701,383.2053074990077,354.40639008098935,462.4934877574873,338.3314968093947,329.0006097256161,198.46822739796838,228.37410300622923,206.43033789379518,271.99286333263524,228.1850500945628,297.24531948997975,379.88010415850476,305.95489642281495,195.08337488803878,204.53857485851734,598.18949685307,693.4481799739913,633.8940947566772,386.46895872938495,558.2955829086671,630.2313068305298,709.4564188680289,247.73523980071982,379.89706555653896,404.94069401195077,451.3629940278963,330.27446977060896,1.4016393442622934,1.4016393442622934,1.4016393442622934,1.4016393442622934,1.4016393442622934,1.4016393442622934,1.4016393442622934,1.4016393442622934,1.4016393442622934,1.4016393442622934,1.4016393442622934,1.4016393442622934,1.4016393442622934
Dry season,5,1.4016393442622934,1.4016393442622934,1.4016393442622934,1.4016393442622934,1.4016393442622934,1.4016393442622934,1.4016393442622934,1.4016393442622934,1.4016393442622934,1.4016393442622934,1.4016393442622934,1.4016393442622934,1.4016393442622934,1.4016393442622934,1.4016393442622934,1.4016393442622934,1.4016393442622934,1.4016393442622934,1.4016393442622934,1.4016393442622934,1.4016393442622934,1.4016393442622934,1.4016393442622934,1.4016393442622934,1.4016393442622934,1.4016393442622934,1.4016393442622934,1.4016393442622934,1.4016393442622934,1.4016393442622934,353.1789835910013,241.44608225674855,231.4999228505163,186.8335820117319,168.60552229736203,366.2823676345086,720.7396531045213,619.5870642332986,424.14304926412836,283.49794932233164,355.30525063997476,273.62034801687236,488.49769800513894,386.62871540741594,329.71410258819157,149.18809158371067,286.6903027658987,301.147287356638,213.59599941975463,1.4016393442622934,243.82648757208275,265.5255042720871,195.85960481844384,137.5038062184756,105.95004238645807,381.4974701029995,458.6085498137628,542.7739339785138,296.28533998459176,403.54700136586126,351.03806341933534,242.69038578695597,225.3215825801468,287.1360461276717,283.2048012570809,381.22880699606264,464.37956203093387,241.65870018879153,285.7337795264019,193.47589016486,187.87931564911509,590.1300152813708,655.9238893122712,558.5974854135849,501.1399324033754,621.1325860161094,507.92144396346396,583.5438427417535,327.12496952475783,459.94040577264656,324.9574081921919,360.21064736487864,150.64582185410083,1.4016393442622934,1.4016393442622934,1.4016393442622934,1.4016393442622934,1.4016393442622934,1.4016393442622934,1.4016393442622934,1.4016393442622934,1.4016393442622934,1.4016393442622934,1.4016393442622934,1.4016393442622934,1.4016393442622934
Dry season,6,1.4016393442622934,1.4016393442622934,1.4016393442622934,1.4016393442622934,1.4016393442622934,1.4016393442622934,1.4016393442622934,1.4016393442622934,1.4016393442622934,1.4016393442622934,1.4016393442622934,1.4016393442622934,1.4016393442622934,1.4016393442622934,1.4016393442622934,1.4016393442622934,1.4016393442622934,1.4016393442622934,1.4016393442622934,1.4016393442622934,1.4016393442622934,1.4016393442622934,1.4016393442622934,1.4016393442622934,1.4016393442622934,1.4016393442622934,1.4016393442622934,1.4016393442622934,1.4016393442622934,1.4016393442622934,435.32146522469225,239.3131774055274,206.7195472914532,195.5816558052241,64.00226624078158,277.5737150193607,581.4899102114374,546.6500790957234,520.071752283274,425.1572502091033,269.0350406724852,407.23031595298596,438.4513326188414,498.92521393883254,288.4514986748802,359.48045380164086,271.71771570962125,231.0969912144355,174.9305738675857,1.4016393442622934,225.87930458439936,308.386745385783,116.58831850976594,88.45193462914479,149.04611835609867,402.965214203229,420.08986563279774,401.0610016083647,429.02904551185253,406.2642739730733,274.6862442399292,307.6360805070836,283.09276699235295,138.57305118570568,287.04757820554823,176.25653473650564,265.72281907501724,482.7413137619075,270.1569985122353,176.29090791215742,228.22446049224112,629.5616821932232,734.6319120999992,785.816209805171,500.8803628065156,574.8929717244682,358.8377760372359,609.3336594781296,237.25090665320332,384.72163664699593,407.8933593902991,441.26741352896573,282.5064547760479,1.4016393442622934,1.4016393442622934,1.4016393442622934,1.4016393442622934,1.4016393442622934,1.4016393442622934,1.4016393442622934,1.4016393442622934,1.4016393442622934,1.4016393442622934,1.4016393442622934,1.4016393442622934,1.4016393442622934
Dry season,7,1.4016393442622934,1.4016393442622934,1.4016393442622934,1.4016393442622934,1.4016393442622934,1.4016393442622934,1.4016393442622934,1.4016393442622934,1.4016393442622934,1.4016393442622934,1.4016393442622934,1.4016393442622934,1.4016393442622934,1.4016393442622934,1.4016393442622934,1.4016393442622934,1.4016393442622934,1.4016393442622934,1.4016393442622934,1.4016393442622934,1.4016393442622934,1.4016393442622934,1.4016393442622934,1.4016393442622934,1.4016393442622934,1.4016393442622934,1.4016393442622934,1.4016393442622934,1.4016393442622934,1.4016393442622934,234.08177868087992,261.96328567216113,255.58667066968957,129.40505765208937,215.61875317874973,395.0698539575743,375.5171799504132,565.2340746746343,348.0487458619815,447.0501353427766,394.9317562492736,364.1060268535252,469.9473282714716,351.7363388806763,192.19162335690902,339.2978884371007,345.24681596901434,237.45282075961805,226.2276072712232,1.4016393442622934,314.55294157138843,316.6184540044377,198.11243803619132,186.96814867640458,81.25817863375421,364.2155209317277,480.90188144458784,488.5797158351286,563.1340291753265,309.9095633984547,239.62499128975801,223.0445908636764,324.23969573884017,358.09978427535236,358.3334976471667,152.97305159001866,527.8349900216142,315.9615175268152,252.95161304680343,286.76038015540246,207.94705099685433,527.0234347605284,806.3218463933507,643.4034416260046,446.5450411580539,555.6913162483586,586.0733406217443,470.41705126493855,509.550421849862,403.3571418560229,410.1419887334628,478.6867786989139,360.2375520844346,1.4016393442622934,1.4016393442622934,1.4016393442622934,1.4016393442622934,1.4016393442622934,1.4016393442622934,1.4016393442622934,1.4016393442622934,1.4016393442622934,1.4016393442622934,1.4016393442622934,1.4016393442622934,1.4016393442622934
Dry season,8,1.4016393442622934,1.4016393442622934,1.4016393442622934,1.4016393442622934,1.4016393442622934,1.4016393442622934,1.4016393442622934,1.4016393442622934,1.4016393442622934,1.4016393442622934,1.4016393442622934,1.4016393442622934,1.4016393442622934,1.4016393442622934,1.4016393442622934,1.4016393442622934,1.4016393442622934,1.4016393442622934,1.4016393442622934,1.4016393442622934,1.4016393442622934,1.4016393442622934,1.4016393442622934,1.4016393442622934,1.4016393442622934,1.4016393442622934,1.4016393442622934,1.4016393442622934,1.4016393442622934,1.4016393442622934,206.39123571275206,347.75549884680214,267.0622524917738,98.76700236702656,140.52800495955677,487.295675432514,416.9899922642983,615.8234351763089,426.95538583864976,265.0772592784086,374.0630026487208,508.3854759028721,357.6159798398327,423.14420682514407,197.36139787522973,304.4829717851706,242.7264821699714,338.68902967185005,279.0922406851925,1.4016393442622934,338.64712084510245,177.31619528982046,282.782660070054,107.610498706229,115.34822498999158,411.54819450004004,522.6234641382022,385.7170254307748,473.72137290503446,326.8769851672606,362.2881408142455,307.23512007515274,221.6249127199522,290.9705276282762,217.61141443156606,267.97220385862397,392.4682221387398,308.12398913321255,254.68268998350607,184.41416200881696,383.57612429709803,399.05868071428307,832.4058769305228,570.1175568202747,452.772330413427,513.7411305063798,666.3253850103358,580.8035952809788,457.5469841875573,391.41509119601506,384.0568947652951,310.7493040624448,281.5624824697622,1.4016393442622934,1.4016393442622934,1.4016393442622934,1.4016393442622934,1.4016393442622934,1.4016393442622934,1.4016393442622934,1.4016393442622934,1.4016393442622934,1.4016393442622934,1.4016393442622934,1.4016393442622934,1.4016393442622934
Dry season,9,1.4016393442622934,1.4016393442622934,1.4016393442622934,1.4016393442622934,1.4016393442622934,1.4016393442622934,1.4016393442622934,1.4016393442622934,1.4016393442622934,1.4016393442622934,1.4016393442622934,1.4016393442622934,1.4016393442622934,1.4016393442622934,1.4016393442622934,1.4016393442622934,1.4016393442622934,1.4016393442622934,1.4016393442622934,1.4016393442622934,1.4016393442622934,1.4016393442622934,1.4016393442622934,1.4016393442622934,1.4016393442622934,1.4016393442622934,1.4016393442622934,1.4016393442622934,1.4016393442622934,1.4016393442622934,325.2926394771543,372.90659666487704,182.0990235483982,182.93951570949318,183.27248324772438,295.1655373743709,699.0429578260322,613.6356374307117,456.40316331295986,298.4632892596904,251.65960388443676,319.784899608179,493.3553102483815,534.5752482859432,300.38467841711196,272.69618736555105,200.44162713684747,285.27750796167487,344.4723871879849,1.4016393442622934,302.6136453313277,310.1462552751494,135.62421989448373,154.86822534312037,130.49588250106243,472.3406175643519,525.3770004491973,558.7058389616357,369.0500023487801,288.5130354844066,285.5304056501165,281.90996532223664,352.0093048149732,282.1061385318771,266.5125125433639,244.09288665929242,262.55526381564937,224.41418916493222,452.21771770603675,358.5592239237118,136.14435586179954,454.6253895392956,622.2715637753503,552.8325936909257,864.3213216854961,589.3274786647253,425.5173243637188,456.1831186941074,422.0225716197221,508.71626743295894,417.98726011908605,441.3218005883781,361.9380093345499,1.4016393442622934,1.4016393442622934,1.4016393442622934,1.4016393442622934,1.4016393442622934,1.4016393442622934,1.4016393442622934,1.4016393442622934,1.4016393442622934,1.4016393442622934,1.4016393442622934,1.4016393442622934,1.4016393442622934
Dry season,10,1.4016393442622934,1.4016393442622934,1.4016393442622934,1.4016393442622934,1.4016393442622934,1.4016393442622934,1.4016393442622934,1.4016393442622934,1.4016393442622934,1.4016393442622934,1.4016393442622934,1.4016393442622934,1.4016393442622934,1.4016393442622934,1.4016393442622934,1.4016393442622934,1.4016393442622934,1.4016393442622934,1.4016393442622934,1.4016393442622934,1.4016393442622934,1.4016393442622934,1.4016393442622934,1.4016393442622934,1.4016393442622934,1.4016393442622934,1.4016393442622934,1.4016393442622934,1.4016393442622934,1.4016393442622934,194.9849389727634,310.9504715225283,361.3650175470841,200.75777968428875,127.6290026402065,378.69028535824924,517.5167239979688,508.7787038581861,565.6217864177548,312.4767246701467,351.6596895572597,322.95120361429036,347.00492969568313,633.8570067193833,404.1571990996483,298.48405189699025,187.11944659241817,125.76299242689902,394.7300792644795,1.4016393442622934,320.71328933575086,170.86976355518416,172.6065474915899,208.65788538905753,131.6438789362712,395.90611344846553,502.23200971207444,473.97918538104113,382.39281231034386,351.4293508566168,231.07552058414817,233.38598292725723,321.5701702954762,266.3639865966939,278.3599921919015,230.7951320192373,372.97770080880844,520.6708829621637,355.02336431322533,294.01821332686205,191.9085384272942,567.5088135288437,715.0673411040531,765.1896536530335,613.9911114760995,481.80480117669333,531.8849190685262,530.1479695523389,423.6179591552198,434.58898957377335,396.81934721262104,487.4068314114718,269.6959683217576,1.4016393442622934,1.4016393442622934,1.4016393442622934,1.4016393442622934,1.4016393442622934,1.4016393442622934,1.4016393442622934,1.4016393442622934,1.4016393442622934,1.4016393442622934,1.4016393442622934,1.4016393442622934,1.4016393442622934
Dry season,11,1.4016393442622934,1.4016393442622934,1.4016393442622934,1.4016393442622934,1.4016393442622934,1.4016393442622934,1.4016393442622934,1.4016393442622934,1.4016393442622934,1.4016393442622934,1.4016393442622934,1.4016393442622934,1.4016393442622934,1.4016393442622934,1.4016393442622934,1.4016393442622934,1.4016393442622934,1.4016393442622934,1.4016393442622934,1.4016393442622934,1.4016393442622934,1.4016393442622934,1.4016393442622934,1.4016393442622934,1.4016393442622934,1.4016393442622934,1.4016393442622934,1.4016393442622934,1.4016393442622934,1.4016393442622934,308.19332368378014,268.6324748937624,120.41161811220162,161.63376314314772,166.94242065057725,416.458688272255,652.1397709336871,339.5207279365467,329.1473441235591,266.618782019367,372.75726382880583,440.45031943624423,616.9826653841887,247.3964458657948,272.6293505382729,275.1442481426048,239.9718824950928,285.3777477370115,304.9849784178716,1.4016393442622934,433.5908938390314,230.8157055456015,182.7122390377695,96.57299123303495,37.467476212016905,419.7271604931264,610.1369487508417,433.6007658224515,352.78644419980935,318.52591218143783,277.1002336020956,294.95293357044426,386.22068023248477,296.6038571845518,206.1920829788917,188.27202428384933,291.9600506514336,396.34461529208505,347.7696266972957,285.87783201434587,211.5307751836944,478.6015941168863,774.2154190639097,593.5099749992247,561.1351841225047,530.6352317559515,513.1368929139027,555.4864338222093,338.3232760244347,364.4303333876754,281.30780246892584,465.4756937087076,347.4041861462146,1.4016393442622934,1.4016393442622934,1.4016393442622934,1.4016393442622934,1.4016393442622934,1.4016393442622934,1.4016393442622934,1.4016393442622934,1.4016393442622934,1.4016393442622934,1.4016393442622934,1.4016393442622934,1.4016393442622934
Dry season,12,1.4016393442622934,1.4016393442622934,1.4016393442622934,1.4016393442622934,1.4016393442622934,1.4016393442622934,1.4016393442622934,1.4016393442622934,1.4016393442622934,1.4016393442622934,1.4016393442622934,1.4016393442622934,1.4016393442622934,1.4016393442622934,1.4016393442622934,1.4016393442622934,1.4016393442622934,1.4016393442622934,1.4016393442622934,1.4016393442622934,1.4016393442622934,1.4016393442622934,1.4016393442622934,1.4016393442622934,1.4016393442622934,1.4016393442622934,1.4016393442622934,1.4016393442622934,1.4016393442622934,1.4016393442622934,323.29010497269417,217.74645479843264,159.11726313448543,158.38819184625294,175.6009858827736,439.40200865991477,515.7760318600223,437.78525916053854,384.7114974930274,295.03471041471886,537.6622566894916,292.4519034007904,240.32151230943964,535.3113728702485,201.64521436552303,323.4100526943659,345.6491572658998,286.1982985728206,259.22071628776354,1.4016393442622934,329.17003331052155,240.6699687751734,98.98060432453563,153.07242284596518,174.35433154748938,367.08071841604357,558.033466211064,424.1480667400223,292.0715186639201,363.4992952635024,364.6356859209565,223.634156925861,343.6867160475677,326.00056746181747,150.22915964696523,243.29090319593266,259.21906782178854,403.106536035673,325.72040577796935,307.70865080569706,264.867794834657,514.1131421682834,638.7359404032561,637.9867995253874,513.1471694908772,662.5022224397976,533.5397648862479,812.825404470946,271.8341330328275,297.50996825754714,464.2529620457036,400.30248418551224,284.94508172550206,1.4016393442622934,1.4016393442622934,1.4016393442622934,1.4016393442622934,1.4016393442622934,1.4016393442622934,1.4016393442622934,1.4016393442622934,1.4016393442622934,1.4016393442622934,1.4016393442622934,1.4016393442622934,1.4016393442622934
Dry season,13,1.4016393442622934,1.4016393442622934,1.4016393442622934,1.4016393442622934,1.4016393442622934,1.4016393442622934,1.4016393442622934,1.4016393442622934,1.4016393442622934,1.4016393442622934,1.4016393442622934,1.4016393442622934,1.4016393442622934,1.4016393442622934,1.4016393442622934,1.4016393442622934,1.4016393442622934,1.4016393442622934,1.4016393442622934,1.4016393442622934,1.4016393442622934,1.4016393442622934,1.4016393442622934,1.4016393442622934,1.4016393442622934,1.4016393442622934,1.4016393442622934,1.4016393442622934,1.4016393442622934,1.4016393442622934,300.2260986808945,244.52920656318247,217.18083189598337,122.23588581935716,101.8397432686732,469.4889342394477,553.8690058975086,473.93002914910124,445.52644439830544,295.26256540566794,469.70807863833755,402.74771488577414,432.8854860567542,259.8376216823149,222.6210872853155,287.33855383566515,359.9016714437259,461.5045265394123,250.41003413867278,1.4016393442622934,298.4303158063682,306.26308566273144,158.02497540979218,136.4422295231956,111.11936625723959,406.62560996384894,577.0421935859355,480.9424433014805,333.5188011646688,330.1859464834939,241.0416256750539,217.4047581003783,247.97053514780043,327.2615866377812,393.80282379575624,248.89127851011818,341.1841406744706,331.2669287836171,299.1134150164216,321.6478702090609,224.87959029103084,509.6312055875932,757.4039721538479,621.9474916845128,665.5608281305587,418.83904381059983,592.3493920344403,590.023897502009,295.2535392930764,307.9463514305392,557.5547210001179,436.32865614266404,330.3332339518193,1.4016393442622934,1.4016393442622934,1.4016393442622934,1.4016393442622934,1.4016393442622934,1.4016393442622934,1.4016393442622934,1.4016393442622934,1.4016393442622934,1.4016393442622934,1.4016393442622934,1.4016393442622934,1.4016393442622934
Dry season,14,1.4016393442622934,1.4016393442622934,1.4016393442622934,1.4016393442622934,1.4016393442622934,1.4016393442622934,1.4016393442622934,1.4016393442622934,1.4016393442622934,1.4016393442622934,1.4016393442622934,1.4016393442622934,1.4016393442622934,1.4016393442622934,1.4016393442622934,1.4016393442622934,1.4016393442622934,1.4016393442622934,1.4016393442622934,1.4016393442622934,1.4016393442622934,1.4016393442622934,1.4016393442622934,1.4016393442622934,1.4016393442622934,1.4016393442622934,1.4016393442622934,1.4016393442622934,1.4016393442622934,1.4016393442622934,221.6605335730562,232.43156291323007,253.38115087526518,153.00049691675582,155.81978265540528,449.03316017399004,466.89569899500003,459.0389677134776,435.9908749114724,333.0973830892972,417.6676954557086,344.03412358151644,435.95942167960425,443.7116697553626,213.83919988470186,294.2506913179286,302.22048206694313,238.67501602538536,439.16959352232556,1.4016393442622934,334.6903355225676,222.4868802628421,138.21779560698891,84.60129107667385,182.9048517486153,299.5522728563954,750.3434894485217,484.36352932354504,337.5092206452693,317.84234021984787,312.8496562816971,200.36996235420656,287.6609414019366,258.96011047462355,323.8863429700593,224.00932366776058,354.46297059855686,333.44440724574036,141.06555031365173,96.3426328642791,173.9975826849757,436.7558479175707,721.8112956086848,636.0792105599377,427.95111047649414,420.5878769669429,640.8875691229127,406.0463749355366,309.2091602842349,386.6376798341051,394.24945180154685,370.0370713701294,429.5614167788065,1.4016393442622934,1.4016393442622934,1.4016393442622934,1.4016393442622934,1.4016393442622934,1.4016393442622934,1.4016393442622934,1.4016393442622934,1.4016393442622934,1.4016393442622934,1.4016393442622934,1.4016393442622934,1.4016393442622934
Dry season,15,1.4016393442622934,1.4016393442622934,1.4016393442622934,1.4016393442622934,1.4016393442622934,1.4016393442622934,1.4016393442622934,1.4016393442622934,1.4016393442622934,1.4016393442622934,1.4016393442622934,1.4016393442622934,1.4016393442622934,1.4016393442622934,1.4016393442622934,1.4016393442622934,1.4016393442622934,1.4016393442622934,1.4016393442622934,1.4016393442622934,1.4016393442622934,1.4016393442622934,1.4016393442622934,1.4016393442622934,1.4016393442622934,1.4016393442622934,1.4016393442622934,1.4016393442622934,1.4016393442622934,1.4016393442622934,309.9955353638631,277.64269245639827,238.43531104609983,170.91730921228105,243.25562328114034,439.94284770814266,595.950902537663,443.3044669087379,310.64725217440935,371.5033701643228,427.0234503655806,370.9809760502466,537.6684337879549,515.0495260807468,253.86588777652707,227.2157588582515,245.22348829665998,239.71570678789496,359.95778338761266,1.4016393442622934,253.68487716229754,275.68519346608554,312.7344420520767,52.2574451142977,129.68770776786417,295.2659433434882,436.9549987909064,553.028166995799,349.5887783370529,377.0156137083065,381.4364102284117,105.78021433585964,142.11897645456844,293.73868164515704,290.083837220501,262.29689654707784,283.5874465045947,357.8758270817799,276.62965572602747,167.76933473328094,160.8022627454442,608.3802829051656,605.769276650469,661.7524615883484,605.057579197674,412.5559917875357,505.59919699799326,635.1907055302859,483.50492023239383,395.3208043762483,332.0050554162173,357.89538827867364,259.9108998834424,1.4016393442622934,1.4016393442622934,1.4016393442622934,1.4016393442622934,1.4016393442622934,1.4016393442622934,1.4016393442622934,1.4016393442622934,1.4016393442622934,1.4016393442622934,1.4016393442622934,1.4016393442622934,1.4016393442622934
Dry season,16,1.4016393442622934,1.4016393442622934,1.4016393442622934,1.4016393442622934,1.4016393442622934,1.4016393442622934,1.4016393442622934,1.4016393442622934,1.4016393442622934,1.4016393442622934,1.4016393442622934,1.4016393442622934,1.4016393442622934,1.4016393442622934,1.4016393442622934,1.4016393442622934,1.4016393442622934,1.4016393442622934,1.4016393442622934,1.4016393442622934,1.4016393442622934,1.4016393442622934,1.4016393442622934,1.4016393442622934,1.4016393442622934,1.4016393442622934,1.4016393442622934,1.4016393442622934,1.4016393442622934,1.4016393442622934,194.50431126070131,207.89512130034944,274.7165678529798,223.70583105930788,152.8778258576275,389.6935644605461,525.9359496417287,350.19013983869456,475.26855623436666,398.98914959943266,471.91608581599996,378.1217229079688,470.93179680060024,437.1656910867829,234.52478600384197,281.35791342554506,336.60934319109504,272.72509286240336,268.5812112832626,1.4016393442622934,153.58048333745074,237.04169624712281,211.55180041523312,272.6311596577879,101.79023387814618,348.528162598864,405.0492398511347,423.6077608031194,476.31461614394436,452.02236203026524,239.6968642308885,232.5943647101772,321.5644787865773,273.40720114591073,379.0417990943242,148.83834035452472,410.1816457281711,302.98461666472156,320.4347840962764,171.35834528280853,175.50654125989703,745.6456913503041,734.5066564553825,610.9283032540968,548.1312176194212,430.75471677646044,535.365012076937,628.6151286304672,583.5472888964268,307.6244064137051,384.4159190263961,334.8259276420385,326.5618043965572,1.4016393442622934,1.4016393442622934,1.4016393442622934,1.4016393442622934,1.4016393442622934,1.4016393442622934,1.4016393442622934,1.4016393442622934,1.4016393442622934,1.4016393442622934,1.4016393442622934,1.4016393442622934,1.4016393442622934
Dry season,17,1.4016393442622934,1.4016393442622934,1.4016393442622934,1.4016393442622934,1.4016393442622934,1.4016393442622934,1.4016393442622934,1.4016393442622934,1.4016393442622934,1.4016393442622934,1.4016393442622934,1.4016393442622934,1.4016393442622934,1.4016393442622934,1.4016393442622934,1.4016393442622934,1.4016393442622934,1.4016393442622934,1.4016393442622934,1.4016393442622934,1.4016393442622934,1.4016393442622934,1.4016393442622934,1.4016393442622934,1.4016393442622934,1.4016393442622934,1.4016393442622934,1.4016393442622934,1.4016393442622934,1.4016393442622934,344.2169990678356,165.1844188810051,198.61487111947554,76.15606070475096,200.65731848013138,402.40242846475275,606.6586980618093,439.88406132797826,357.28281946223245,337.9090499648161,399.07177584182165,461.82490456502006,370.1216923653214,464.29960783663097,283.4948218003326,317.4145273439861,204.14447697546083,372.388422734427,250.2866176133567,1.4016393442622934,321.10622080196396,206.71898644730325,144.3867098137859,130.59665099398865,75.83009900210709,428.02535876868114,604.192202408353,428.40945917413745,385.1721658362363,283.02553176389927,281.26871010344735,305.2498686028091,247.19592177902848,257.7467691953141,301.94301580423036,199.7693294865105,346.4575512915725,442.9367084321644,366.0896103959222,183.01749599913427,99.87241451491617,538.7109135963123,753.8909537298497,684.0489164721638,577.435233157394,622.9615330042803,487.75295224428464,532.0862261826231,493.0750708433126,336.07112533308646,442.14920684141987,478.96996244166706,265.57779107879077,1.4016393442622934,1.4016393442622934,1.4016393442622934,1.4016393442622934,1.4016393442622934,1.4016393442622934,1.4016393442622934,1.4016393442622934,1.4016393442622934,1.4016393442622934,1.4016393442622934,1.4016393442622934,1.4016393442622934
Dry season,18,1.4016393442622934,1.4016393442622934,1.4016393442622934,1.4016393442622934,1.4016393442622934,1.4016393442622934,1.4016393442622934,1.4016393442622934,1.4016393442622934,1.4016393442622934,1.4016393442622934,1.4016393442622934,1.4016393442622934,1.4016393442622934,1.4016393442622934,1.4016393442622934,1.4016393442622934,1.4016393442622934,1.4016393442622934,1.4016393442622934,1.4016393442622934,1.4016393442622934,1.4016393442622934,1.4016393442622934,1.4016393442622934,1.4016393442622934,1.4016393442622934,1.4016393442622934,1.4016393442622934,1.4016393442622934,319.33402100198543,333.677525712396,140.89930667842444,346.4988743466904,130.8451257738421,282.93555060617086,696.0300041358889,420.60952879974263,388.3419317212726,400.22359551445095,327.19327451830924,380.74463255087954,510.7776138158049,516.642163628295,259.43472427199566,219.17171636203497,279.5521294779865,216.37714756180043,248.1769748290829,1.4016393442622934,239.0430322076922,311.99551286166417,173.34128443652278,161.2386194146992,117.20066195798036,382.64567349835244,560.6653244873538,411.70348528481674,410.4085518741597,386.1387806577203,293.32135514161706,284.3649895650411,285.4133890552065,323.31490986636686,347.37153679129466,164.87661374875992,374.6964038081945,247.56203373976342,269.50358769932524,269.6965037396845,210.3200058316553,528.2842163940004,632.3295554712647,629.3046566036421,531.5032476405842,571.5122307655215,520.368372148621,601.5443523727912,277.9587843269261,382.40246554727986,423.9943087855489,450.8885911593968,292.55945671384296,1.4016393442622934,1.4016393442622934,1.4016393442622934,1.4016393442622934,1.4016393442622934,1.4016393442622934,1.4016393442622934,1.4016393442622934,1.4016393442622934,1.4016393442622934,1.4016393442622934,1.4016393442622934,1.4016393442622934
Dry season,19,1.4016393442622934,1.4016393442622934,1.4016393442622934,1.4016393442622934,1.4016393442622934,1.4016393442622934,1.4016393442622934,1.4016393442622934,1.4016393442622934,1.4016393442622934,1.4016393442622934,1.4016393442622934,1.4016393442622934,1.4016393442622934,1.4016393442622934,1.4016393442622934,1.4016393442622934,1.4016393442622934,1.4016393442622934,1.4016393442622934,1.4016393442622934,1.4016393442622934,1.4016393442622934,1.4016393442622934,1.4016393442622934,1.4016393442622934,1.4016393442622934,1.4016393442622934,1.4016393442622934,1.4016393442622934,299.2198323441375,289.12422498988786,230.8275867017702,189.47985687807022,135.40670492858112,254.03755714193917,629.9502530010034,503.09170155225314,419.4890024254361,362.6974164661137,280.8988093155489,299.93018096179003,394.2025316692512,485.569956053865,208.39280811391887,154.79665789673146,247.0229514995407,322.39016330732034,324.7200408794557,1.4016393442622934,248.14586405484363,228.8928965226505,152.31127687518767,81.6717316871597,168.31517912899324,383.03269514861574,502.08019856259995,459.8923181542546,307.3160582444867,253.9671646277789,385.2445938501658,273.4704894688122,362.5267798135701,178.38358305189772,262.3115149233612,191.56848945735027,447.96070535167127,271.8580225063425,249.28624038729353,270.383172592699,271.4849483385345,683.265875232491,679.7077409538277,638.0547976399844,500.90280992801405,382.85922923087213,580.925179203241,562.4372108152752,475.401166968579,454.73409789359005,330.02451295491596,331.42736196817356,192.8222704821531,1.4016393442622934,1.4016393442622934,1.4016393442622934,1.4016393442622934,1.4016393442622934,1.4016393442622934,1.4016393442622934,1.4016393442622934,1.4016393442622934,1.4016393442622934,1.4016393442622934,1.4016393442622934,1.4016393442622934
May,0,0.0,0.0,0.0,0.0,0.0,0.0,0.0,0.0,0.0,0.0,0.0,0.0,0.0,0.0,0.0,0.0,0.0,0.0,0.0,0.0,0.0,0.0,0.0,0.0,0.0,0.0,0.0,0.0,42.530222930341736,113.64288944770232,162.63321371862244,199.5393925235474,221.126867455971,235.18976965510026,209.27833962653085,173.16485966675964,144.7919691111897,161.51909739466245,191.33032752062343,218.49134568040418,216.0705089943721,209.54176864675165,202.9364296232464,198.23580161754143,173.7981711576013,156.45400679182023,153.5726853620508,175.11212945570838,200.54679387789665,220.994744621024,225.53542739210664,227.64931138509192,247.18536476970095,233.47201521553927,209.28148608197733,184.62678940725635,154.96784571264268,137.94767273307198,98.06925671320204,85.77724899047561,81.35777385402234,41.07705668854895,0.0,190.7980089203008,361.7210407516246,477.11433894244044,587.6607181557682,660.8280314103242,607.5090209216687,518.35006645348,459.9609711978514,416.9301479475814,453.85181415658434,567.59008865008,609.883004012704,590.828079116765,678.7555040000968,653.1724760295456,555.1458086888305,484.53338622225124,418.74776108067186,305.04125982253413,252.34433431219784,232.8033626963257,174.0767137986268,83.95972006312725,0.0,0.0,0.0,0.0,0.0,0.0,0.0,0.0,0.0,0.0
May,1,0.0,0.0,0.0,0.0,0.0,0.0,0.0,0.0,0.0,0.0,0.0,0.0,0.0,0.0,0.0,0.0,0.0,0.0,0.0,0.0,0.0,0.0,0.0,0.0,0.0,0.0,0.0,0.0,49.97637174337193,106.77516311591252,162.7308646697575,197.78598015968015,223.04961415734846,236.42547851809528,211.03213025686134,180.2632548492273,149.13297478238536,158.52193217155005,176.3376093421875,209.9794941217066,223.2547770920099,208.27024342292492,203.8786205824383,209.62252393433243,208.00280420686744,197.21129211007565,174.6563432336854,174.02993112168093,207.42316393100637,197.22369839024503,202.81111528295762,222.21724554424372,246.89777195946124,240.1893718823466,203.28317939406406,161.1708269494611,127.50405352085085,113.35703720435001,72.43971633035535,72.67421660303756,44.546772955524425,32.254615955907326,0.0,137.7519982087857,382.27411539455363,478.58484517529024,571.888875909625,669.7426731560495,668.7832573041707,501.88763320460924,437.8560949543364,412.8964685788809,439.3647983517971,546.675311877935,542.4649221352768,635.0123922615987,716.4996439084704,690.5869199531312,579.0491648074931,458.19498458938233,368.4916458799801,275.44272673018605,222.92874593295488,256.56670906499346,205.12065689141474,103.96709333293545,0.0,0.0,0.0,0.0,0.0,0.0,0.0,0.0,0.0,0.0
May,2,0.0,0.0,0.0,0.0,0.0,0.0,0.0,0.0,0.0,0.0,0.0,0.0,0.0,0.0,0.0,0.0,0.0,0.0,0.0,0.0,0.0,0.0,0.0,0.0,0.0,0.0,0.0,0.0,42.08818438893713,98.53626930003992,144.52693534480517,180.4747757702363,210.6444095262923,231.22677840053305,210.02024768615667,177.58170153761097,174.14700366382695,170.74399352026987,196.83895722351565,206.80319420997586,204.0603976853104,213.08821455206737,212.56438604997624,209.58634625538164,201.84964813219239,215.85096235682119,205.39620858345228,183.19185262263207,179.4788227299048,183.3321082192315,191.6492293685692,217.6383948818844,243.33824777249134,225.63018876187508,214.0141757470901,193.38118621542566,162.9157003475533,125.27368908436429,75.14145080431156,71.92787359778676,73.90138371776878,42.15575844116334,0.0,139.01680807886402,335.22153734452894,444.9052923491764,531.1617784222573,596.728744692294,601.7108332083891,496.6885380405037,426.91867675067454,452.5497244621213,480.8772866355375,607.2279383623337,652.7019162798437,609.4200386722291,639.7451423875848,641.8204157045913,577.1795560129904,455.0431198091952,379.039099499378,340.11978505169026,281.8667244482268,301.8071352868207,193.1502660902087,106.99166616882667,0.0,0.0,0.0,0.0,0.0,0.0,0.0,0.0,0.0,0.0
May,3,0.0,0.0,0.0,0.0,0.0,0.0,0.0,0.0,0.0,0.0,0.0,0.0,0.0,0.0,0.0,0.0,0.0,0.0,0.0,0.0,0.0,0.0,0.0,0.0,0.0,0.0,0.0,0.0,42.84452608356976,102.50644177523503,147.51259966307197,192.81789492997493,215.71737572230535,234.65430230284173,217.72393936873004,185.95196513402377,173.4095368735144,160.47848542577037,188.06436401539733,179.66433599479615,203.43049521657383,200.08790309401274,194.87886599814223,192.37361973192176,192.00398594384012,196.2809022590848,184.7807717252479,185.08104633065187,178.52908118668893,191.1797169495506,198.15929262021828,222.29694888558353,221.00656360968597,232.85007599090616,223.41111118755677,200.27973989962783,171.06884806608832,129.8091039267164,98.67324146207206,82.08610957580112,68.51009628775851,32.499090308497756,0.0,141.56916666308874,314.58839365245586,465.5314391832911,587.6895241714178,678.1327553400533,674.6949292983664,566.346746879993,474.790076316962,415.6400236830645,436.95926198935916,491.02402728026976,573.6554469609214,633.7631494443393,671.469770256402,670.9512963130848,628.377301253045,533.0094806266372,450.3848517396284,364.15804043772994,274.3271039711336,172.6308509867466,172.52992359494374,115.93093259340428,0.0,0.0,0.0,0.0,0.0,0.0,0.0,0.0,0.0,0.0
May,4,0.0,0.0,0.0,0.0,0.0,0.0,0.0,0.0,0.0,0.0,0.0,0.0,0.0,0.0,0.0,0.0,0.0,0.0,0.0,0.0,0.0,0.0,0.0,0.0,0.0,0.0,0.0,0.0,46.1162986692543,94.63484344836216,138.60024022482858,169.11275616287634,199.14624309043842,221.53462997870002,208.8224334447836,185.1861286234403,171.63822141395278,178.4403266131932,201.81876560924863,208.6557539762355,204.92203337939506,195.44951241171168,187.72944083381628,191.3490907879297,186.19492185791225,192.65197241544521,188.7441709822606,186.72353926713464,198.52128103202858,199.95860428998375,186.56643323248161,203.62499658830126,234.73025966687132,241.25205311601815,232.05874318790532,205.78710823996013,173.57680829399519,128.3860545077763,82.71253836716573,78.56662890358501,74.66763984094173,39.23534538148744,0.0,167.21946857050565,376.6788352155844,499.3231908672303,575.6519559190057,637.8328325334877,618.6093595653842,515.4954840055977,437.1288996824842,435.46914662858933,492.17897815041385,571.7847691964354,585.555599919315,620.3702032253728,653.9729697574243,674.9653674381459,621.4145548959212,545.0759043120678,407.8078497887217,250.67347989754015,212.09687893070495,202.73898133968729,191.95889218052133,85.06957184584392,0.0,0.0,0.0,0.0,0.0,0.0,0.0,0.0,0.0,0.0
May,5,0.0,0.0,0.0,0.0,0.0,0.0,0.0,0.0,0.0,0.0,0.0,0.0,0.0,0.0,0.0,0.0,0.0,0.0,0.0,0.0,0.0,0.0,0.0,0.0,0.0,0.0,0.0,0.0,43.82788823218417,109.66795734404651,165.45430164452995,216.07518613720444,239.99030108986926,241.09843917213166,222.57448447391923,186.11529875896855,143.20416464025246,147.03011534676796,166.64157222496678,192.8740208751383,222.992182743476,242.2724537053126,237.3784215063639,238.39976859223296,215.49330842957232,177.1096915208811,155.84741903261894,148.97120698462749,161.55043585262075,187.60275115625788,233.6891348597271,248.23957280155662,252.10810356831206,237.4967833351877,208.4379578271768,183.349392429608,140.9705655313035,110.98887662787271,98.65590543029136,99.2526366235139,83.78907503799125,47.786114793407585,0.0,118.41545794098737,282.05142775047375,410.1039947916226,540.9401727224099,618.9539521171988,639.697266569213,521.2445329515343,493.8538455520864,429.0958305295565,453.6461525019632,546.3880170372371,576.1810585039342,582.9224182619515,662.2510474858431,673.6207840222356,630.6863378541068,577.0338107254996,525.8330308908677,373.66337964009347,260.22063742449336,228.33436128545816,193.34200298347653,142.02851534847898,0.0,0.0,0.0,0.0,0.0,0.0,0.0,0.0,0.0,0.0
May,6,0.0,0.0,0.0,0.0,0.0,0.0,0.0,0.0,0.0,0.0,0.0,0.0,0.0,0.0,0.0,0.0,0.0,0.0,0.0,0.0,0.0,0.0,0.0,0.0,0.0,0.0,0.0,0.0,56.12252505027758,104.74947405671332,147.98780966525604,187.6930485659218,217.8557697600091,230.3773081648293,190.02893240048587,175.6820478985928,164.48620766680025,178.54657663088022,198.17546330869283,216.34692016097952,209.3683353082359,204.388553524977,215.799416368012,202.1682391556289,189.27900868469578,170.9797318338638,175.75925825423286,174.21606388662784,199.84523234250173,193.76758100517887,211.0834322589948,236.12037311741625,260.72584235349757,254.9452277722021,203.69992370117834,181.42859340120987,156.0544756053759,131.20119057414524,97.04957169132443,92.18730163648881,71.43636420853896,48.23810607915461,0.0,148.77471398345435,384.11840901921425,508.33798967399474,600.1072733887081,653.8432470597829,631.2357061691112,438.17936004415594,335.18423906252576,330.3703601057262,472.5714092520239,608.5299573651226,678.829903331296,733.0184131082136,759.5884943098522,664.2572589885541,573.3039735154559,471.71783220116737,362.22295496757727,327.33528710871684,273.00539354967924,253.6210580626202,234.1955221477554,130.49172780881324,0.0,0.0,0.0,0.0,0.0,0.0,0.0,0.0,0.0,0.0
May,7,0.0,0.0,0.0,0.0,0.0,0.0,0.0,0.0,0.0,0.0,0.0,0.0,0.0,0.0,0.0,0.0,0.0,0.0,0.0,0.0,0.0,0.0,0.0,0.0,0.0,0.0,0.0,0.0,52.48294576325397,122.54702895324338,173.65194391550853,212.98279423911816,243.86787223429454,259.8758570540425,216.15169854309545,166.55981975877714,137.822268134024,135.42460966263516,186.07313402413607,198.41052577504752,219.1675932518507,234.4957128733026,226.16758635014136,202.35717647748635,181.99806589035632,172.2700279784547,163.9418900858815,182.82204384708194,182.83343468690722,196.00528479397,207.82205654807225,211.59979461185398,239.47941520178463,220.51221731677046,201.7829919260059,186.08095807499538,159.96267065173106,131.62268866168424,82.7287565174771,55.24996400201871,51.54677066339898,31.252139078547806,0.0,196.13667024382147,381.63330566351635,493.20910683429145,578.5621360465359,637.0376139624456,581.1088834887927,436.95398143139266,423.42244742383275,414.26148515268613,519.6768020096368,616.2147690800444,632.9804958717359,664.6706831505172,660.3638719761517,617.0389916718963,555.0960931266872,507.51626628256514,415.5047332903331,384.37233300800136,313.35362833901763,261.0114412400518,213.8691929703429,80.45660492464633,0.0,0.0,0.0,0.0,0.0,0.0,0.0,0.0,0.0,0.0
May,8,0.0,0.0,0.0,0.0,0.0,0.0,0.0,0.0,0.0,0.0,0.0,0.0,0.0,0.0,0.0,0.0,0.0,0.0,0.0,0.0,0.0,0.0,0.0,0.0,0.0,0.0,0.0,0.0,48.622328983416104,89.57400251295957,119.907879292849,147.74555314007856,185.97734991421348,222.7750023742205,211.9769213599769,192.10696042676108,191.440979076891,211.8439728768534,213.8610319911368,195.92944721820356,175.30384390048846,196.40583907685522,204.57520657444314,207.82446913306475,200.53141846620954,184.09163850353534,196.35734668217373,194.63983359081,172.62941136262012,173.40827997019298,195.6514375480465,231.33166536553597,255.6715451113126,257.6783063498547,213.37196576091017,190.8724171765653,162.21500723803268,123.02182232512196,86.40217589712363,72.13876262632601,73.14535493192606,36.52187575087047,0.0,146.62424054538067,340.77008984992875,484.39216114766754,559.3958152217008,646.5550874459583,618.0161177845581,493.5777545298109,440.33173547854426,418.8053989322764,489.5695367645457,565.3857890585542,622.8193687923252,616.9412474261819,659.5109650752472,656.5150555616565,553.8933904641725,470.250353222972,402.2509069432627,289.3059655894848,249.941511499201,267.41770007913345,208.5073185901111,108.77011532788282,0.0,0.0,0.0,0.0,0.0,0.0,0.0,0.0,0.0,0.0
May,9,0.0,0.0,0.0,0.0,0.0,0.0,0.0,0.0,0.0,0.0,0.0,0.0,0.0,0.0,0.0,0.0,0.0,0.0,0.0,0.0,0.0,0.0,0.0,0.0,0.0,0.0,0.0,0.0,42.65268601592753,92.95202978311794,140.09872885151054,174.32666896075975,196.83329867567778,218.456927782318,201.6414241570734,199.73738849704495,178.9135962215798,187.56669247671547,208.42387173285755,222.47278947064572,216.50472637355458,191.06874511954692,190.38912917826056,186.76197462325572,178.88949469889403,165.9072808541355,167.17289794576365,176.82630064362831,181.19367651786405,206.71621882549854,211.63055598784467,227.9789753697476,244.98549101910683,223.6380114387717,201.4421550199334,186.5839033452585,166.06332596518305,139.8036491268921,99.79626703390392,76.27731047352923,67.8772833752357,41.30164097568126,0.0,208.7368528674486,407.62023552578347,555.5718549293699,616.0013935805041,660.9456352792051,564.6852936100646,401.7303958577964,344.1760815011568,333.52811955414205,481.75985287205856,664.5297425163678,742.1394725399217,684.2080025800699,747.5517668948052,657.3336819231889,556.3033146509266,448.1402901881447,389.15855859104306,322.4494187160031,294.5233489355831,278.1881413875939,223.4688711598699,108.4311237980887,0.0,0.0,0.0,0.0,0.0,0.0,0.0,0.0,0.0,0.0
May,10,0.0,0.0,0.0,0.0,0.0,0.0,0.0,0.0,0.0,0.0,0.0,0.0,0.0,0.0,0.0,0.0,0.0,0.0,0.0,0.0,0.0,0.0,0.0,0.0,0.0,0.0,0.0,0.0,46.58158849305773,103.97932745479154,130.71108560379773,183.5036750091119,222.20298088637455,243.05403748187638,223.0365115723617,197.77385689276784,179.8461338626251,174.19003939699226,170.73264035146875,168.97376333834924,179.62757292340783,208.0613149708379,229.7907804219697,222.18830804879377,210.0209895034802,198.27950195219677,190.61529598483912,174.66109965847994,165.80681035751837,178.862857448828,209.24355527258982,229.37879440876665,248.9456278268516,232.11480881242264,211.29973185080652,175.2139129174431,154.54124208437426,132.68294100028467,109.65317540458383,91.02066598888732,85.73998362708568,40.214647729551764,0.0,176.4118538924429,375.721747825615,502.02357414383465,574.7717754881838,641.9908281584298,580.3084614174223,460.70336449918585,399.0979095716628,363.60601062090643,520.6450301361522,624.0413263402505,652.70014574133,666.172570871686,734.3157303898794,662.5104788201724,560.2542628093136,492.92862419945845,373.3842752384262,362.1385093765694,335.92334620069676,291.25617755359167,232.92130801883403,113.07946230732998,0.0,0.0,0.0,0.0,0.0,0.0,0.0,0.0,0.0,0.0
May,11,0.0,0.0,0.0,0.0,0.0,0.0,0.0,0.0,0.0,0.0,0.0,0.0,0.0,0.0,0.0,0.0,0.0,0.0,0.0,0.0,0.0,0.0,0.0,0.0,0.0,0.0,0.0,0.0,47.208720821706926,109.17078690215511,142.2714966271545,191.22518245249833,226.38694388841307,228.0157270786777,200.41094026882323,173.8017622482469,168.1082436388202,172.95116331067356,189.80254987706257,203.19824883279296,203.7816550701731,213.02923644366598,203.46804444364486,193.17709852340604,171.1192101840632,183.7368500699109,185.3843678491721,193.4736819841381,196.7756608253138,195.54931926495001,212.57342740981196,222.51297387810135,246.92488565136915,238.57317008083243,231.9093066776396,196.74158075670132,176.0416955377039,147.61487326402738,101.81694242040885,81.09653559773193,75.25544547836905,45.85604023608282,0.0,221.4229177645859,434.34216182706297,577.911025563968,681.0627987875173,754.3920205708849,672.4719990222076,471.8842575546384,355.33163325391763,327.2788133680894,384.5738271296314,541.9603668399667,650.4271645244359,739.7110520857224,775.2912730664739,724.4959004285902,588.609130152566,452.3531599122892,363.9342563009014,273.8930756359406,255.9616927092246,243.7798463984486,210.53793814844488,128.64084555278768,0.0,0.0,0.0,0.0,0.0,0.0,0.0,0.0,0.0,0.0
May,12,0.0,0.0,0.0,0.0,0.0,0.0,0.0,0.0,0.0,0.0,0.0,0.0,0.0,0.0,0.0,0.0,0.0,0.0,0.0,0.0,0.0,0.0,0.0,0.0,0.0,0.0,0.0,0.0,55.52126765071224,116.31962424730047,162.70145298568485,194.31599798999554,220.5653532274805,241.68464470297056,199.64901065211515,180.9693047259147,147.55970963189694,165.37886105122465,193.45366971207176,210.49201350834528,218.24626231456168,215.96126651418678,222.6675371822886,216.27883496974403,204.05065225304546,181.7801006845927,164.85581349407727,163.82754534155376,171.5413098077612,183.32900652859735,215.2583510702186,236.89893286536068,262.940848305967,245.9928144323206,216.7698985158032,175.44497384958635,145.02046618357798,111.33343417812338,90.10969116600076,87.8460288699126,76.11221879272698,38.635580583345174,0.0,184.49413285185497,384.77288271768356,505.5131984862892,576.3534175518238,617.7441066883654,601.0522841750932,467.389861462996,388.6687698176903,376.86114587620006,524.2171297887473,645.745445756989,648.9241599826978,654.4676015368381,661.9907959116931,680.3136334886711,609.4007089986588,534.615956918892,458.06678231148965,366.5337171306233,280.6851417738711,254.12618435917736,208.766345944724,116.18315352719031,0.0,0.0,0.0,0.0,0.0,0.0,0.0,0.0,0.0,0.0
May,13,0.0,0.0,0.0,0.0,0.0,0.0,0.0,0.0,0.0,0.0,0.0,0.0,0.0,0.0,0.0,0.0,0.0,0.0,0.0,0.0,0.0,0.0,0.0,0.0,0.0,0.0,0.0,0.0,53.55146368465258,102.46602994576509,143.35472151995765,170.71888970868355,212.65799332837437,235.79617830801783,204.1322935209307,191.94473845695356,173.30692456690252,189.88806705570624,202.2110954417115,218.67567479437818,216.59138509769238,202.0770810442641,212.1088974150513,202.34286074784202,196.83757678595623,188.30040769731195,185.5129101433181,190.81845288515086,205.31407628169947,196.66027726206846,189.95431667737267,222.3210057982979,237.6417170019229,243.93194513175314,228.78632314485867,203.73045114778174,179.8242660454049,121.69611100625087,99.97809777735414,89.4917649115023,105.3160825110435,50.33219679105397,0.0,134.9144102810865,325.4013702260152,458.86385010582075,575.4917875183897,633.6350702170882,602.6609291448943,487.90571592314694,389.37748189638853,377.4358117847616,470.4301255284547,579.2346851599239,654.2907115681612,718.3746024452499,700.4822220479298,656.625259159389,575.367917909428,466.203068532495,400.3745996843344,324.21293239631655,242.80594481820842,237.21912420056213,182.33113693623002,92.84868509219746,0.0,0.0,0.0,0.0,0.0,0.0,0.0,0.0,0.0,0.0
May,14,0.0,0.0,0.0,0.0,0.0,0.0,0.0,0.0,0.0,0.0,0.0,0.0,0.0,0.0,0.0,0.0,0.0,0.0,0.0,0.0,0.0,0.0,0.0,0.0,0.0,0.0,0.0,0.0,51.61796944353743,111.770378269078,155.69714147848873,196.50707603145466,224.28732975674157,233.97731953519778,201.5885474963596,153.78734026423945,147.00296274896155,153.0447297910045,195.58449802947047,223.42413098715343,234.29023102314662,240.14565759881904,223.03022082009645,192.26773820587798,169.62070280064424,156.7820899590346,177.58608003557603,185.5939573840933,209.6456905164311,209.45945994686446,229.22627681000878,230.90607003891714,245.50581114116963,234.6108066171203,216.37170288494661,194.22997538535708,175.02422218464454,139.22444408281123,81.91399002154277,67.15472808080786,50.962286549895786,44.29950811548246,0.0,169.00534711656658,404.81054803375963,506.2446672458562,581.8079308474959,662.3527479170708,640.8873804653888,442.0373938144628,358.21216762584726,376.07669782581377,469.531133480072,602.8200869903213,640.1861782048701,672.2996811472583,698.9936339038665,662.5834217315366,538.2242453135583,430.5576376382769,421.4023621315758,338.82223653599584,262.4551914364794,210.03983087230068,159.9850128843317,99.73761417320485,0.0,0.0,0.0,0.0,0.0,0.0,0.0,0.0,0.0,0.0
May,15,0.0,0.0,0.0,0.0,0.0,0.0,0.0,0.0,0.0,0.0,0.0,0.0,0.0,0.0,0.0,0.0,0.0,0.0,0.0,0.0,0.0,0.0,0.0,0.0,0.0,0.0,0.0,0.0,54.40947559103946,114.63461527924161,143.37774632503604,171.3440224420061,207.55880175176034,219.45026672386302,180.83843962584734,162.58588621022452,169.21128336973763,191.93939218108554,213.53190115968712,212.737011115178,214.07871895128716,209.11081896463844,207.65348585482914,194.83031933164364,179.69514677590567,189.42920796922817,191.88655716389104,203.01416801821196,185.8711083077952,202.41856903041335,204.39132169411226,232.8345479267455,227.34873262590256,215.9147624999631,216.22472126166795,209.4591056695062,178.69774839800357,132.1974318241839,109.17027207873684,92.77273655330713,68.55819541742649,28.186743468035214,0.0,120.00189691561118,328.5686025943207,463.2072603199395,569.5659311046155,629.5227220442368,628.7940920946731,510.55149132064383,407.7200863083708,418.92483005155844,475.27854801824054,579.5279864154012,621.7864872919453,665.2851766004621,670.7501822963752,629.162998827899,617.5324684426128,490.2105471748099,451.90981153252864,371.553210792845,260.6515105316554,242.0419995236271,186.45136391418953,100.55516508774393,0.0,0.0,0.0,0.0,0.0,0.0,0.0,0.0,0.0,0.0
May,16,0.0,0.0,0.0,0.0,0.0,0.0,0.0,0.0,0.0,0.0,0.0,0.0,0.0,0.0,0.0,0.0,0.0,0.0,0.0,0.0,0.0,0.0,0.0,0.0,0.0,0.0,0.0,0.0,46.95646536646685,91.52023787332526,124.11407241419738,173.0857641829637,208.41187547819837,234.6043818060375,212.55549287720888,205.48672495181142,188.89199339131625,185.77450861517048,197.76789113787544,192.21743673732465,198.05191478827135,210.45351312076664,209.9307901446653,207.82256435071267,209.27569667771107,203.4751116075344,193.5876204935822,196.15663490053547,198.34775938000223,195.69638072326248,213.97355233413884,233.50439038490686,244.1317756717331,234.48969256163386,213.8364366644381,180.9563482960223,151.61189292759278,119.81475485646266,99.71266868994229,76.71735372192032,66.42956322848288,32.83259350293727,0.0,157.34413397959335,337.413110085736,508.4417017836816,634.188347685592,734.6888854637353,713.27789279888,591.7298599993696,480.10110305455055,380.7416484174391,395.8022498193624,464.2173014590492,522.0611146361038,641.3360454528757,766.0537609855344,777.5424185982328,749.5425100296547,624.2398030124501,483.1639809131704,326.1514772168199,228.98272807708176,213.9281111585156,200.9833867390162,149.01860489864566,0.0,0.0,0.0,0.0,0.0,0.0,0.0,0.0,0.0,0.0
May,17,0.0,0.0,0.0,0.0,0.0,0.0,0.0,0.0,0.0,0.0,0.0,0.0,0.0,0.0,0.0,0.0,0.0,0.0,0.0,0.0,0.0,0.0,0.0,0.0,0.0,0.0,0.0,0.0,43.94649736134459,106.32196510751035,139.29090707072507,166.81390639206606,211.87698948278484,230.24181993402433,201.45978355403497,170.63654886756376,172.7055355147192,182.05408859283673,200.75914343208194,200.73875071676304,195.664567840189,210.61615390049306,214.14126481476515,211.1346982956223,197.35407124464342,194.9049680737162,174.20622747414365,159.19519468448456,160.47905507877485,187.60260434060245,205.06225229375482,224.5717874194457,251.211911052835,257.1630915908662,230.23431836588964,197.61527797020756,159.83868789852414,118.36836339192844,100.9014859205677,85.83738847096976,69.61566308895708,55.71959030095344,0.0,142.41721882445125,327.6869962327506,441.93861374227913,544.2897496288854,636.6261898844566,645.2122446949099,518.233932079589,483.21074143156306,449.5351297081172,495.12356985043067,506.01522788086623,611.035116097451,608.1210690552851,652.2170717675849,693.2419371456398,591.732970141655,517.2755165001879,440.6455962206173,344.9144787338122,238.70179689158286,180.79336585962938,145.754674743766,75.94816030133137,0.0,0.0,0.0,0.0,0.0,0.0,0.0,0.0,0.0,0.0
May,18,0.0,0.0,0.0,0.0,0.0,0.0,0.0,0.0,0.0,0.0,0.0,0.0,0.0,0.0,0.0,0.0,0.0,0.0,0.0,0.0,0.0,0.0,0.0,0.0,0.0,0.0,0.0,0.0,48.55246768230355,99.18076439855422,140.7884481555562,164.64220256348156,204.25786035966473,230.48684192001429,202.50845246185787,180.9267882038099,169.09156333511677,190.88776629287597,197.2417147016455,192.78613557956788,187.37311742261969,187.1092655967299,200.09611234483705,199.57815316536204,193.74982868534724,197.85387179684383,192.9126830187916,203.61624650642892,204.50073293288003,212.0565184367012,220.01542641718768,223.40398682812824,217.6998850602609,196.17604112158747,203.150223913478,189.5761824039909,181.00794072947872,147.62668296674195,110.45622754478266,88.60209140489175,56.11510549616493,32.4479283163872,0.0,111.34466667068494,284.9621683866709,440.68761204765593,532.9047725564277,591.3524639996554,608.1778780651846,490.3497164485826,445.0544699575406,415.67898671476706,485.0406340134094,579.0789359420534,606.5033482044801,654.329807296996,675.1181305922106,656.4819777824976,552.4336411327753,503.401534614187,442.54829483394644,326.8832476506267,268.98362278932194,258.38221489858455,235.152616463209,125.79006921706835,0.0,0.0,0.0,0.0,0.0,0.0,0.0,0.0,0.0,0.0
May,19,0.0,0.0,0.0,0.0,0.0,0.0,0.0,0.0,0.0,0.0,0.0,0.0,0.0,0.0,0.0,0.0,0.0,0.0,0.0,0.0,0.0,0.0,0.0,0.0,0.0,0.0,0.0,0.0,49.59034681276011,103.25150107548272,153.3924022425836,183.9511089646212,212.6351828684042,232.39688996424695,203.32506916737825,173.27203567316323,172.6135226128542,180.51604853057833,196.63365175074293,202.7011363220774,204.21097630840677,196.09510085068663,199.97102273546415,210.45408308461276,208.32215930911033,207.3765227498958,180.1560199628493,175.21321185802856,185.67721648167097,208.8327672263239,203.66483756072495,209.82146313582325,238.41281642611668,247.3082397843787,219.3194351028845,196.78936334047316,177.44467278100714,147.1319847253405,94.40438672020777,61.43747356673984,47.984819104059675,32.62421586930831,0.0,155.29552811181978,360.0502464297734,483.7633886643483,574.1409714514847,648.8011412710417,655.7689249928081,531.2879574495404,480.54872641454847,443.4606963516801,470.65765285037145,565.8242847195125,572.1209312449994,574.1125567622977,653.4239833072872,687.587415394882,653.6810767610954,572.1090332057834,478.66231122003876,368.8723669057088,245.22473514441523,222.74450453319497,144.92252812855494,89.86931258548974,0.0,0.0,0.0,0.0,0.0,0.0,0.0,0.0,0.0,0.0
Rainy season,0,0.0,0.0,0.0,0.0,0.0,0.0,0.0,0.0,0.0,0.0,0.0,0.0,0.0,0.0,0.0,0.0,0.0,0.0,0.0,0.0,0.0,0.0,0.0,0.0,0.0,0.0,0.0,0.0,0.0,0.0,0.0,0.0,155.43089726220643,207.23888804097513,136.35235312861968,53.21582269500444,78.9626682207092,376.7944773075678,282.30790907070826,414.9091206449495,216.62026970188552,137.31192837523898,208.88628198555443,146.04092337117135,228.3718873304595,174.78204594699724,0.0,101.36096144118116,72.0931505071368,106.37382654074395,66.41600464943222,90.38291424202127,163.28222547002204,167.8937170272014,145.61370254773553,118.91030998705921,135.69935895641896,110.29543125057644,0.0,0.0,0.0,359.91106891611275,307.78638322209156,199.8925284423014,166.2831115870584,145.1524827883464,778.9005460570778,748.9052629356036,541.3283251194684,343.79952153936796,356.75566092694714,408.0580566690322,500.6026758949794,655.6219506537103,371.36911658929336,445.60125653747053,457.1386724047707,604.0916081378799,362.94687405074234,322.2350345847969,365.02222139982047,468.3747488535994,320.4777821043262,0.0,0.0,0.0,0.0,0.0,0.0,0.0,0.0,0.0,0.0,0.0,0.0,0.0
Rainy season,1,0.0,0.0,0.0,0.0,0.0,0.0,0.0,0.0,0.0,0.0,0.0,0.0,0.0,0.0,0.0,0.0,0.0,0.0,0.0,0.0,0.0,0.0,0.0,0.0,0.0,0.0,0.0,0.0,0.0,0.0,0.0,0.0,272.9236988788638,83.06705739925347,108.54774666108598,122.52718789680586,80.96300012263164,323.857727621735,364.9175060871135,184.3768264657968,296.8906597985219,181.0946380245455,76.30131948158355,201.57987744798368,146.02653134884866,180.94443091407717,0.0,95.83044629021558,72.92789736548394,54.887015469348015,104.98134177082402,52.529859918906915,160.98207170864407,112.96844539552113,130.00672019124576,150.61025883600072,159.82610367583175,80.63179062536966,0.0,0.0,0.0,236.16746176810594,292.8291127424391,280.6134348341105,220.961808239071,326.4184790702308,520.8113647487997,505.60406413551425,507.6926029695063,404.31130355340053,566.2856995054029,434.1438073424988,363.6523160682094,617.7580544978621,500.9948601647531,365.24814933348114,478.9068988786987,547.9232589977984,294.0426806928787,421.73191469779465,335.586042241352,372.8768130545756,323.5743645606053,0.0,0.0,0.0,0.0,0.0,0.0,0.0,0.0,0.0,0.0,0.0,0.0,0.0
Rainy season,2,0.0,0.0,0.0,0.0,0.0,0.0,0.0,0.0,0.0,0.0,0.0,0.0,0.0,0.0,0.0,0.0,0.0,0.0,0.0,0.0,0.0,0.0,0.0,0.0,0.0,0.0,0.0,0.0,0.0,0.0,0.0,0.0,187.13541551564967,183.6393180367716,130.9378982997797,39.21860175269051,67.69261010771335,371.596550975596,354.77818238948277,274.28206023630213,201.6452327204958,96.9332417045807,105.92180736325554,316.12444128495923,238.9011257414877,118.24148061243518,0.0,60.05658316524647,74.01663702434621,74.67427403564723,57.51996572785152,120.28131887142503,100.62873600328847,153.7711275123529,129.04637880429857,100.1240552883829,104.69689071815112,113.31943420298145,0.0,0.0,0.0,237.4186725950147,321.07167684689637,324.6255681289259,156.64694462668123,210.33244147688694,563.9113287046029,607.284675974746,544.0960099171514,624.9304991521059,443.98853999384374,544.8133007632347,324.5708949255777,383.80794477076375,575.1758104272154,410.61278600347634,453.0775733526792,663.6627220957811,374.4835916229348,328.72650189135845,353.97640734701525,327.71984039578655,244.49945497627266,0.0,0.0,0.0,0.0,0.0,0.0,0.0,0.0,0.0,0.0,0.0,0.0,0.0
Rainy season,3,0.0,0.0,0.0,0.0,0.0,0.0,0.0,0.0,0.0,0.0,0.0,0.0,0.0,0.0,0.0,0.0,0.0,0.0,0.0,0.0,0.0,0.0,0.0,0.0,0.0,0.0,0.0,0.0,0.0,0.0,0.0,0.0,171.3759590896779,128.74343520714422,77.8675953927675,51.58549083661145,133.02095700162698,342.67922659600583,328.6690940947396,206.67537420714572,247.680521231703,205.07570640761602,153.59130182234236,202.4832683344391,198.63425894816913,179.9560897835096,0.0,80.55829765518753,83.6977403062431,84.39220891781437,51.25449817629544,114.26040356959929,113.71881952449625,126.90884894169615,178.00307765539037,138.30731612405395,166.81599470492955,95.73815596892686,0.0,0.0,0.0,268.07107313338383,339.2096109322083,245.0383992057612,198.6227710555766,250.91319925457967,461.3501936105604,717.5501263771798,444.87486501737476,586.4412830023979,439.0690404142441,436.59988144750076,458.9162789327646,431.4780037031131,489.0424228638843,500.898033480634,382.9993967655902,484.5260742650375,433.0402842409684,385.91646464567106,370.65997371879894,274.2773362982513,243.0096586135729,0.0,0.0,0.0,0.0,0.0,0.0,0.0,0.0,0.0,0.0,0.0,0.0,0.0
Rainy season,4,0.0,0.0,0.0,0.0,0.0,0.0,0.0,0.0,0.0,0.0,0.0,0.0,0.0,0.0,0.0,0.0,0.0,0.0,0.0,0.0,0.0,0.0,0.0,0.0,0.0,0.0,0.0,0.0,0.0,0.0,0.0,0.0,259.2624131190623,145.6049780357913,69.1845368215937,97.48098136137796,65.8490817800578,357.30872170685626,349.9771266053625,285.8514110646924,182.81807982777315,119.73612132592875,168.63835329492102,204.11428398750118,261.54432681325284,135.50913039570827,0.0,60.81021288201751,132.56242420516494,102.08568003323889,49.09448962125324,48.70349688885705,105.0457182733958,211.1339222742575,140.90920407796654,163.92039447409763,121.00853874796168,66.71435576977396,0.0,0.0,0.0,246.66297551815765,369.79357145684185,203.11132653716908,174.83020958415904,331.6567186876591,702.7193829785685,537.9758764370558,588.1304912343851,435.32209001886764,426.6227415860215,642.9293677024459,293.5255674878738,555.3878330287031,430.3930126337575,385.0882796493686,555.4004031582213,588.9106093079944,410.8965135406548,258.7784528929537,332.2892482057948,303.543551614185,354.24005293523845,0.0,0.0,0.0,0.0,0.0,0.0,0.0,0.0,0.0,0.0,0.0,0.0,0.0
Rainy season,5,0.0,0.0,0.0,0.0,0.0,0.0,0.0,0.0,0.0,0.0,0.0,0.0,0.0,0.0,0.0,0.0,0.0,0.0,0.0,0.0,0.0,0.0,0.0,0.0,0.0,0.0,0.0,0.0,0.0,0.0,0.0,0.0,237.57406765590457,153.1552293305211,160.8110625774602,111.01835012453198,76.75986794199265,285.4690440396108,299.9635015971789,327.9289187946845,305.59750904590953,168.49698278600323,148.3967406933657,207.58128494563806,96.11392365270439,183.77427253430395,0.0,87.56958654845364,106.63503213912398,72.07747466208006,33.79982335025666,96.42053466123008,132.58002618128972,181.1970532841896,121.2270229819601,104.99489997492468,122.85896925492443,131.27677553374463,0.0,0.0,0.0,402.3541171225977,246.33295081149274,277.17793581297605,155.696494572735,243.26493619118835,636.4202098974557,611.1843067297426,583.4786061245694,470.1260876584792,441.21979105915756,488.5141026365045,298.04784154243777,424.67184867870037,640.9127672299409,381.73706978317347,510.463987158827,616.0314879570722,281.0779660252423,333.8245746743943,342.01879733163895,274.07142542672483,308.389910120962,0.0,0.0,0.0,0.0,0.0,0.0,0.0,0.0,0.0,0.0,0.0,0.0,0.0
Rainy season,6,0.0,0.0,0.0,0.0,0.0,0.0,0.0,0.0,0.0,0.0,0.0,0.0,0.0,0.0,0.0,0.0,0.0,0.0,0.0,0.0,0.0,0.0,0.0,0.0,0.0,0.0,0.0,0.0,0.0,0.0,0.0,0.0,194.39895683397177,207.06460553926226,72.97203587903589,120.66225989952824,84.05283913523486,322.42375300866877,332.97111514189965,318.76767687108367,181.2674920989828,183.16773820011525,222.89018650536764,155.04230574328275,116.6664317212422,173.40271747908466,0.0,63.98253064365003,82.92605027046484,35.56989213638981,74.76833220728408,104.0347434924956,130.11845624507268,145.07416207025219,111.7229249864332,148.9607803118589,172.40300846265654,86.90352519420328,0.0,0.0,0.0,474.1476041541166,336.5485069590182,172.81081053521146,97.96572361552185,334.79496779801224,630.4455441383205,658.4330591923374,693.858606615761,406.62318691309514,406.70768332306733,506.7804240033971,358.4182725131835,524.8798802909303,444.9371152505918,386.79174392995697,555.8038629571557,537.4580693632171,370.47896360875336,365.8818702554303,256.5409136281548,434.96541680551877,269.60177986328665,0.0,0.0,0.0,0.0,0.0,0.0,0.0,0.0,0.0,0.0,0.0,0.0,0.0
Rainy season,7,0.0,0.0,0.0,0.0,0.0,0.0,0.0,0.0,0.0,0.0,0.0,0.0,0.0,0.0,0.0,0.0,0.0,0.0,0.0,0.0,0.0,0.0,0.0,0.0,0.0,0.0,0.0,0.0,0.0,0.0,0.0,0.0,235.10687350851967,162.91714631751196,162.14545147905952,47.28266006883421,87.35753627932118,280.287883365953,397.07990888202045,354.0417773960545,314.1761908894567,170.10007349710253,133.53766478563242,192.86140838870017,161.29715364640973,171.31583694985727,0.0,91.60917262172241,70.03301003777163,67.2152726202496,73.88294503990083,54.075030372625385,235.1735065900302,126.85700984708213,179.49990633820838,159.2874299631747,75.95784379102119,112.95950283164917,0.0,0.0,0.0,392.1380000966598,338.8827221894995,300.52779696400904,198.4086586941735,356.5802890765184,536.0029471472371,734.0064095586091,551.7632296452612,436.0647838486831,473.993831358007,632.7614213782123,348.1181097428093,456.6389281299345,365.23112052063993,585.4760856426471,774.0727397412188,559.6895036439653,288.410018857241,312.9736697663608,284.7242948965571,383.6785743211348,314.26947944816055,0.0,0.0,0.0,0.0,0.0,0.0,0.0,0.0,0.0,0.0,0.0,0.0,0.0
Rainy season,8,0.0,0.0,0.0,0.0,0.0,0.0,0.0,0.0,0.0,0.0,0.0,0.0,0.0,0.0,0.0,0.0,0.0,0.0,0.0,0.0,0.0,0.0,0.0,0.0,0.0,0.0,0.0,0.0,0.0,0.0,0.0,0.0,201.54609229316938,166.36749245663688,118.63112985675934,132.98780574174762,88.18847424100714,304.35560813382415,353.62380121141325,302.7950783214838,319.5995543869482,156.3652743142457,132.51829856696494,185.62827024664304,186.31026519181307,205.46693990380257,0.0,86.46344435891777,43.890571478480425,76.15224880227714,52.99262055047932,81.77973808915308,212.22990989538164,123.66480882626807,116.12298612551726,147.27264323163456,117.97924833849008,128.31843535294635,0.0,0.0,0.0,313.11599701867846,411.4052612386105,236.60160726402435,178.94160277787122,279.3419274409481,606.3692230926896,684.9956151140063,615.3062556339999,408.1916243387519,454.5440645055698,353.0220347812957,505.74568684797174,689.5936953822073,440.2856124181348,400.0897573209862,346.12293704674084,383.3657762316318,476.07211939788965,464.0734241366237,417.63762624057784,334.0903214069195,264.7986461009026,0.0,0.0,0.0,0.0,0.0,0.0,0.0,0.0,0.0,0.0,0.0,0.0,0.0
Rainy season,9,0.0,0.0,0.0,0.0,0.0,0.0,0.0,0.0,0.0,0.0,0.0,0.0,0.0,0.0,0.0,0.0,0.0,0.0,0.0,0.0,0.0,0.0,0.0,0.0,0.0,0.0,0.0,0.0,0.0,0.0,0.0,0.0,132.74064120143072,176.171835650096,112.52659329075736,51.822182739199164,122.47666007588747,315.1458096559982,274.86753472513647,350.8071340899211,322.9548360411262,138.84971870253437,207.47039839426267,180.07042106898626,156.45141279722165,185.45019520483226,0.0,83.06044684295489,111.15252919533428,88.86994814592114,89.56113147844536,74.26525864190937,144.59929493786606,142.00077595640394,171.00295237961927,189.35176112926518,147.11790728881186,49.88269160163678,0.0,0.0,0.0,368.95342937899403,268.4178335012749,294.43925979341043,255.11223629598132,133.34461719530162,487.57568804674503,633.6942411464443,652.6997850827738,420.2620569705799,486.0482244012977,391.2224388312305,476.05569532080006,432.5031132083104,418.62639995079616,473.4902891457806,602.8965798311426,712.2385637836818,382.6643899200712,287.6971587491297,245.62033391173208,408.0040115166857,250.19014871960388,0.0,0.0,0.0,0.0,0.0,0.0,0.0,0.0,0.0,0.0,0.0,0.0,0.0
Rainy season,10,0.0,0.0,0.0,0.0,0.0,0.0,0.0,0.0,0.0,0.0,0.0,0.0,0.0,0.0,0.0,0.0,0.0,0.0,0.0,0.0,0.0,0.0,0.0,0.0,0.0,0.0,0.0,0.0,0.0,0.0,0.0,0.0,171.53039102638115,161.23494073893343,144.3057624271883,83.53950604444722,104.32924029669714,283.84630425667547,355.25378856103606,317.3060278137543,282.12096415805536,142.71936386885753,124.721204831451,118.08296932560552,273.8814367490778,152.32116370771885,0.0,73.83494627461705,79.9480313032778,53.66717874165092,92.63648185182622,91.42364424561191,131.1485021028255,172.10053202454986,125.00102145698251,128.4604537416693,155.6704620679514,118.35815163576883,0.0,0.0,0.0,340.8754341706274,352.5473772218983,278.0315220338902,152.59467105495654,246.64893684197148,556.6103782478189,610.5552349074098,526.4551017644825,501.85916890918577,583.2244803466515,438.63489341274595,440.18128668130726,322.65807768798027,429.38414692006853,462.0636094373951,622.8642044304082,525.521296567127,356.28414629153326,258.93925134762094,360.7378686522009,483.65802296319185,366.08482108156784,0.0,0.0,0.0,0.0,0.0,0.0,0.0,0.0,0.0,0.0,0.0,0.0,0.0
Rainy season,11,0.0,0.0,0.0,0.0,0.0,0.0,0.0,0.0,0.0,0.0,0.0,0.0,0.0,0.0,0.0,0.0,0.0,0.0,0.0,0.0,0.0,0.0,0.0,0.0,0.0,0.0,0.0,0.0,0.0,0.0,0.0,0.0,193.33634256882348,95.69435565268866,92.49495350987462,82.71323243612287,92.74902843507262,348.08508717430146,274.9155618256025,275.6537522423087,286.1138527065795,121.77543087856868,190.8304367043614,175.15211460944195,120.07539033125606,189.9566589963855,0.0,66.29336301877673,88.30556723695967,59.06885272293519,104.93567662798976,79.86483858942324,141.20858106804124,144.21653288013684,142.1626292758719,139.67390071245478,132.5228506046833,86.51418908153501,0.0,0.0,0.0,319.87699267619865,271.07300522760687,284.56848116382025,194.13454772921824,281.81664257121093,677.1045905344818,613.755616286268,476.7073584062938,465.05033924366097,491.2835852094237,524.0726936085015,454.13545013373096,425.7743721885844,542.2702588834845,368.4445103231338,505.70682058161725,642.0120950042194,286.59899696593317,335.62166378661465,271.1165753864963,294.06961841330497,399.55697818185416,0.0,0.0,0.0,0.0,0.0,0.0,0.0,0.0,0.0,0.0,0.0,0.0,0.0
Rainy season,12,0.0,0.0,0.0,0.0,0.0,0.0,0.0,0.0,0.0,0.0,0.0,0.0,0.0,0.0,0.0,0.0,0.0,0.0,0.0,0.0,0.0,0.0,0.0,0.0,0.0,0.0,0.0,0.0,0.0,0.0,0.0,0.0,226.9943423771174,110.04102054949216,121.91459726953515,52.38712852201161,106.99635799870428,370.2427293681309,368.0212371442357,194.80362910536743,272.5399840129851,102.17391549605678,201.20290638132062,220.46899703103924,206.53370750002932,173.24768831452374,0.0,71.73668637161887,42.962796353591585,88.09265349114682,50.74756996497501,110.1402130939655,195.22335924178068,116.86483208685776,135.04495358158456,98.85470793001534,131.03613475468802,110.47855810286107,0.0,0.0,0.0,380.25601480043673,351.38649432079507,256.440672877339,194.2877067299584,162.72637227870916,575.1153682361349,916.330858841485,520.2472702103099,441.91106638322367,383.8561577488463,410.4356935402644,566.5143900830606,639.4214054802738,383.5353297861107,482.8254428066687,354.71509221515504,565.4627304441069,409.45608750376783,411.6234301503585,295.608791985613,368.467176616725,189.2534085757014,0.0,0.0,0.0,0.0,0.0,0.0,0.0,0.0,0.0,0.0,0.0,0.0,0.0
Rainy season,13,0.0,0.0,0.0,0.0,0.0,0.0,0.0,0.0,0.0,0.0,0.0,0.0,0.0,0.0,0.0,0.0,0.0,0.0,0.0,0.0,0.0,0.0,0.0,0.0,0.0,0.0,0.0,0.0,0.0,0.0,0.0,0.0,185.55714548142308,159.30388726851166,80.85068351812366,72.09102311860661,71.1100391658712,372.56350972456414,262.6343980564929,311.7635844479851,281.5637801155917,143.08236403731541,219.64360710057522,207.3879982881537,159.10323374154763,139.66300771233173,0.0,87.66734802729982,32.750224310143516,113.28754045755433,99.23191250967605,79.89932641550965,150.8684538561186,120.94277544708028,137.09497002560437,173.37165850782762,138.99542590227787,81.36994090375991,0.0,0.0,0.0,259.2918302942528,300.6558032405244,186.9489034724067,181.4065252922908,246.644066870602,625.4096673072124,671.2103283756588,549.9077163430015,435.2354374907575,394.512734943416,418.28788548609185,498.77197174733914,468.9605019379717,559.1563458731682,370.05576338784283,475.2002221918281,509.6744912312748,408.81100284495716,343.0634394468265,304.2481354195318,374.9588462944472,307.7702005646063,0.0,0.0,0.0,0.0,0.0,0.0,0.0,0.0,0.0,0.0,0.0,0.0,0.0
Rainy season,14,0.0,0.0,0.0,0.0,0.0,0.0,0.0,0.0,0.0,0.0,0.0,0.0,0.0,0.0,0.0,0.0,0.0,0.0,0.0,0.0,0.0,0.0,0.0,0.0,0.0,0.0,0.0,0.0,0.0,0.0,0.0,0.0,182.61718333025385,118.3950488192569,99.30721805240572,52.18636857409413,118.17227441270751,290.3277134456906,337.72409097736596,281.98462607882607,274.4653964945434,181.66405263622804,182.38761472784617,181.61114188318228,163.83547700411535,112.51253087007603,0.0,55.672139663583025,71.06342120906763,66.39180121447873,98.62930250842285,97.85870647225325,108.41018692563719,119.35577451796941,141.18813910022922,183.6544678549197,119.7348885842105,131.16013624679235,0.0,0.0,0.0,465.916950847747,385.68995526139025,197.15134543306033,199.12771566030963,138.85589082408612,640.9614439873418,664.5487637368122,616.087103292612,551.1899259319388,486.47081321132896,386.6674523082118,492.21812461505306,488.2378528229134,428.4574607337651,571.5132114821429,521.6384891737267,547.8922905579692,318.37654623029175,370.3043004432207,300.4615330109205,419.1116091250853,403.26193071068826,0.0,0.0,0.0,0.0,0.0,0.0,0.0,0.0,0.0,0.0,0.0,0.0,0.0
Rainy season,15,0.0,0.0,0.0,0.0,0.0,0.0,0.0,0.0,0.0,0.0,0.0,0.0,0.0,0.0,0.0,0.0,0.0,0.0,0.0,0.0,0.0,0.0,0.0,0.0,0.0,0.0,0.0,0.0,0.0,0.0,0.0,0.0,273.164057706201,114.40771704491355,92.71318564968769,108.92764172949279,56.147250421045236,366.79849778265344,354.82182745543724,334.75992444494403,279.2033287661664,136.12815500202777,135.51185760664617,155.22197285931978,277.701296986224,188.46434321428302,0.0,101.87294056355368,82.80530389203436,90.60910626231667,84.73440719559557,98.90182764774248,148.7537898831339,141.11939347144133,153.1157046320138,112.12363417064307,125.73438831350822,102.5704511569724,0.0,0.0,0.0,406.7600103439027,384.46239524362267,316.74210261682185,200.34926223937654,158.44819086295067,593.1960468174417,758.2160888059243,682.9468415200491,511.3623589994773,325.28919660598035,358.5319496704864,500.54327010328416,643.3268408704523,564.6729451785258,407.5811220066607,425.8638075186304,604.4424638367891,406.339464451501,356.17758107558166,434.853087089482,349.5097295608256,436.6096517374904,0.0,0.0,0.0,0.0,0.0,0.0,0.0,0.0,0.0,0.0,0.0,0.0,0.0
Rainy season,16,0.0,0.0,0.0,0.0,0.0,0.0,0.0,0.0,0.0,0.0,0.0,0.0,0.0,0.0,0.0,0.0,0.0,0.0,0.0,0.0,0.0,0.0,0.0,0.0,0.0,0.0,0.0,0.0,0.0,0.0,0.0,0.0,187.33805955201504,105.0665758206845,84.58512455364433,59.21369497836098,137.20235021749667,380.0440810569804,314.16660925743014,233.3128696470062,184.76521847151542,191.8482874918688,232.7666157437592,211.26217272796364,116.30668451996794,178.4201416704874,0.0,82.65806334745427,83.64043689197956,91.60851810529338,69.16750555009199,108.57517556064992,198.26595991204212,80.71558390231057,130.39589913937462,167.93747700510815,147.96687745880385,119.63858415331015,0.0,0.0,0.0,371.5321212736372,379.28466519066933,187.30800422485842,147.36150621162636,186.16789291418928,517.289302016153,839.2503127498695,658.2440209289103,369.91933706591556,349.2353489313289,368.6685681544823,547.795593833846,588.3056565692982,499.15095841152566,374.04024816407605,392.92816484129366,515.1996047946107,374.0885451507569,401.16885627821955,365.59225679025786,485.9814510049371,356.2449279036152,0.0,0.0,0.0,0.0,0.0,0.0,0.0,0.0,0.0,0.0,0.0,0.0,0.0
Rainy season,17,0.0,0.0,0.0,0.0,0.0,0.0,0.0,0.0,0.0,0.0,0.0,0.0,0.0,0.0,0.0,0.0,0.0,0.0,0.0,0.0,0.0,0.0,0.0,0.0,0.0,0.0,0.0,0.0,0.0,0.0,0.0,0.0,240.23271181002963,129.41809891957692,77.73980384026022,21.558582064467974,119.44560610732529,370.7846325355307,407.8133276140579,277.0167815415355,262.5501491675096,148.2666666176406,195.84899696280928,200.4196260735391,190.18712951593176,181.26258193303866,0.0,100.1945289046947,64.29512498945869,70.14148411989544,123.88467632051507,99.94926409501552,178.58581956213175,111.82392855734192,123.1342126330325,192.65477161776332,105.48831759050763,73.61163589581682,0.0,0.0,0.0,348.7666261741008,211.4407696754373,167.99193675411598,202.8631419281276,225.15234697920351,803.2277631980722,589.9158504634204,443.04784975801255,479.5920540889608,514.2749999324595,333.6145326698866,381.2340719518842,415.43668341682934,625.6542836292339,582.9995368362717,577.4508894269952,428.23673062122447,300.6865944780619,342.0848950659065,552.2208323794541,376.454892072296,277.7806689088274,0.0,0.0,0.0,0.0,0.0,0.0,0.0,0.0,0.0,0.0,0.0,0.0,0.0
Rainy season,18,0.0,0.0,0.0,0.0,0.0,0.0,0.0,0.0,0.0,0.0,0.0,0.0,0.0,0.0,0.0,0.0,0.0,0.0,0.0,0.0,0.0,0.0,0.0,0.0,0.0,0.0,0.0,0.0,0.0,0.0,0.0,0.0,202.28098243385264,104.73252550632625,101.05945228868121,98.69838579788143,75.21852304424675,369.38734902795875,361.5483479643412,246.16714896120791,270.42352589450303,154.92325944533047,182.87775416692014,269.36980497167656,173.52735864128263,147.4030212069211,0.0,53.03160286995426,47.870175647525095,58.43430245064066,92.56870171418005,36.41381539666549,190.0079956861418,140.69983584747848,116.34811939162007,165.08690228043258,105.48634220374832,97.75921033246593,0.0,0.0,0.0,330.78814591245737,271.1489543946606,179.33040004689005,130.83136464369278,160.97304022125678,657.6400612466776,756.3489107987813,510.0641148800382,555.4231101365847,302.38156019641826,558.9926494699671,502.3676704380979,366.6042729113616,419.13966208289276,462.25925391165583,565.2047076125205,687.5223244899508,426.2446284931682,238.17244550053323,359.58208315212585,320.48441230968626,349.99978130309614,0.0,0.0,0.0,0.0,0.0,0.0,0.0,0.0,0.0,0.0,0.0,0.0,0.0
Rainy season,19,0.0,0.0,0.0,0.0,0.0,0.0,0.0,0.0,0.0,0.0,0.0,0.0,0.0,0.0,0.0,0.0,0.0,0.0,0.0,0.0,0.0,0.0,0.0,0.0,0.0,0.0,0.0,0.0,0.0,0.0,0.0,0.0,253.43966525670595,136.0113212796007,106.96565571157038,97.929307306674,87.48957260675749,357.8085330147066,346.3160471684987,221.24300934073278,347.98991475688797,148.24998610165596,149.9332994660337,214.31043789819944,156.6524638495893,143.73996492885064,0.0,61.574191167298345,51.62547733594668,81.91139474360712,57.64636292575046,61.26677830953017,153.77706369405573,158.1628495910788,118.8453964908354,172.81002750998638,68.56513503044661,121.17980132980114,0.0,0.0,0.0,423.015555432954,312.1825657326359,232.03178874120587,147.0654176780399,244.83413373098844,755.8558182249744,884.2937041087001,437.74504783974703,400.3060622864895,358.1119082708788,448.5662554764798,672.5551389953682,563.2763194398607,309.7799089480178,398.0040094079089,481.1689219978831,403.49279412082103,391.7120634935622,325.18108261814274,384.44267351003833,506.18748377524946,213.73562207638957,0.0,0.0,0.0,0.0,0.0,0.0,0.0,0.0,0.0,0.0,0.0,0.0,0.0
October,0,0.0,0.0,0.0,0.0,0.0,0.0,0.0,0.0,0.0,0.0,0.0,0.0,0.0,0.0,0.0,0.0,0.0,0.0,0.0,0.0,0.0,0.0,0.0,0.0,0.0,0.0,0.0,0.0,0.0,0.0,0.0,0.0,0.0,0.0,0.0,0.0,353.963129983366,518.292127188705,504.2991526155236,510.1683978369753,538.2755302965842,548.6129834849726,536.9354698879599,565.6375866216798,569.7187975888153,565.3991795596957,555.8976252346712,528.2417772157199,546.7507579336302,561.5607412071997,542.5531422315825,549.5344819996078,522.4790875449394,483.77790592049826,365.5236576004541,0.0,721.7806700062473,1149.2310427401228,1240.0085842799576,1252.1640500767965,1277.1833840556828,1247.9584835311532,1226.4839016068772,1298.5602867076593,1283.7319773397608,1219.3913102254942,1226.6515425708424,899.1526193989373,342.8980121936917,401.37121457157906,355.8383203995298,329.5801930137289,345.63233851664324,330.9343209226607,336.2614739058182,315.58548059286306,307.6982287800427,255.5063203987209,0.0,0.0,0.0,0.0,0.0,0.0,0.0,0.0,0.0,0.0,0.0,0.0,0.0,0.0,0.0,0.0,0.0,0.0
October,1,0.0,0.0,0.0,0.0,0.0,0.0,0.0,0.0,0.0,0.0,0.0,0.0,0.0,0.0,0.0,0.0,0.0,0.0,0.0,0.0,0.0,0.0,0.0,0.0,0.0,0.0,0.0,0.0,0.0,0.0,0.0,0.0,0.0,0.0,0.0,0.0,328.5357583574618,511.7335546204819,535.4687182367002,545.2887597850271,571.2078553151168,536.3568917472862,554.4048478381042,565.4147501855216,548.0647314582095,560.9183793410612,553.8420916392387,551.1013346031799,564.9225890586952,580.1399481125053,534.7602368115316,535.5710404920438,524.7967384896042,495.0664453462119,392.81365070643943,0.0,809.6478381129549,1171.0978986694927,1198.1591910379877,1236.862392045243,1249.1387771918353,1152.2444207071974,1160.6364834251547,1249.0985332990974,1273.5934734807713,1170.3398963001891,1210.5015806010317,917.0375949035666,365.2097237743889,382.40130733816846,356.7825259927801,346.11551097500075,354.7736321959896,366.8507133249923,365.88903739993475,382.93741734621057,371.681373803077,246.98827611870394,0.0,0.0,0.0,0.0,0.0,0.0,0.0,0.0,0.0,0.0,0.0,0.0,0.0,0.0,0.0,0.0,0.0,0.0
October,2,0.0,0.0,0.0,0.0,0.0,0.0,0.0,0.0,0.0,0.0,0.0,0.0,0.0,0.0,0.0,0.0,0.0,0.0,0.0,0.0,0.0,0.0,0.0,0.0,0.0,0.0,0.0,0.0,0.0,0.0,0.0,0.0,0.0,0.0,0.0,0.0,374.91147274473366,536.9989300279813,530.515002152449,526.7887764527271,552.9816952697433,566.3261481869486,552.0218351358593,544.052985314493,564.9810294230228,562.0388623715072,542.3560500442585,559.4602581766787,556.119564393048,539.2739558426177,561.7997200493168,536.9600840105743,549.5027346976718,510.06602141911293,393.6569548675365,0.0,884.048072311485,1224.7884136989285,1318.1805251761464,1235.8691492209111,1261.671412657753,1266.2197213333209,1199.9649722211232,1256.7585323644994,1235.4039860852001,1206.923903836631,1163.8383856803873,946.0740343011335,273.62374342438176,366.2954179703535,334.6514512627214,354.7787904984881,325.3867037313263,327.15103214079136,337.114039517248,343.23402331949086,329.163588241442,263.61624932584425,0.0,0.0,0.0,0.0,0.0,0.0,0.0,0.0,0.0,0.0,0.0,0.0,0.0,0.0,0.0,0.0,0.0,0.0
October,3,0.0,0.0,0.0,0.0,0.0,0.0,0.0,0.0,0.0,0.0,0.0,0.0,0.0,0.0,0.0,0.0,0.0,0.0,0.0,0.0,0.0,0.0,0.0,0.0,0.0,0.0,0.0,0.0,0.0,0.0,0.0,0.0,0.0,0.0,0.0,0.0,329.18400533041296,550.7174571493862,539.7136289358049,531.9283232798408,570.9194355225263,541.5919018872116,582.3334713072501,567.344949298721,569.7926210729981,580.6616442106164,594.555695814745,581.8271188874138,569.8402504922823,544.0320457872953,554.1042349937791,529.6102927989007,527.2751832509452,531.0234252239599,397.6550071107294,0.0,735.4488422243991,1213.2877396976946,1221.616567450534,1251.79431781831,1302.2173418997959,1238.6820157879597,1188.9544809415086,1242.8972670816229,1272.0668022542384,1246.8196558820332,1239.890987197016,883.5933790952283,382.86293072167103,424.1426744115817,351.28773387706065,365.9685567219612,348.4299011012342,363.2793925135647,357.93425587684646,377.91025248449387,366.49794217495366,276.8809054186061,0.0,0.0,0.0,0.0,0.0,0.0,0.0,0.0,0.0,0.0,0.0,0.0,0.0,0.0,0.0,0.0,0.0,0.0
October,4,0.0,0.0,0.0,0.0,0.0,0.0,0.0,0.0,0.0,0.0,0.0,0.0,0.0,0.0,0.0,0.0,0.0,0.0,0.0,0.0,0.0,0.0,0.0,0.0,0.0,0.0,0.0,0.0,0.0,0.0,0.0,0.0,0.0,0.0,0.0,0.0,364.02874207882115,497.6697330845226,522.1075158594717,517.1802334592377,548.8641792626108,527.693403702378,543.8040863363309,559.3506399948573,556.1458103896251,545.8011518363858,558.1387416458915,582.3709220455218,564.9040126539036,558.4292938882678,544.5052277399097,532.4017855900797,557.2631386651693,532.653052334691,399.61402014334084,0.0,745.1348716708181,1211.2426090212537,1205.9334722605251,1261.3337959704413,1202.376471790181,1214.1230930900176,1216.3901126741612,1223.9631012427776,1197.2669566898053,1189.6066268125114,1172.294717671388,932.5458965397058,387.13477521483,399.03122953501787,371.6149212443596,385.65142215523827,360.51378755362913,386.3079909529057,377.99493110275756,341.16720717013146,330.05141568539716,258.8902243619089,0.0,0.0,0.0,0.0,0.0,0.0,0.0,0.0,0.0,0.0,0.0,0.0,0.0,0.0,0.0,0.0,0.0,0.0
October,5,0.0,0.0,0.0,0.0,0.0,0.0,0.0,0.0,0.0,0.0,0.0,0.0,0.0,0.0,0.0,0.0,0.0,0.0,0.0,0.0,0.0,0.0,0.0,0.0,0.0,0.0,0.0,0.0,0.0,0.0,0.0,0.0,0.0,0.0,0.0,0.0,375.54085719838514,540.6339638878725,544.4200969233734,571.0665769798525,575.9270244245296,573.7919788528756,556.0286197657862,569.719661421528,569.3783736314037,583.8837372678638,582.5593390201749,561.4508576573795,578.4957924768452,577.0030182789679,552.1831514560411,543.5377647945795,573.910187839437,512.5249925842787,412.64178934015104,0.0,879.7447993912956,1216.522246643484,1265.2845962807123,1245.5110788308107,1269.8348090112813,1266.5308119577974,1343.4695631189875,1317.9640277912463,1261.592533958936,1252.1661500833025,1232.6076446494626,942.5073182740241,420.8490651118026,423.33446424591943,370.7443022337794,360.20511821564185,388.18732999963714,370.93310192102143,386.3688408803847,360.10657154693746,378.07308254703645,272.97200714833184,0.0,0.0,0.0,0.0,0.0,0.0,0.0,0.0,0.0,0.0,0.0,0.0,0.0,0.0,0.0,0.0,0.0,0.0
October,6,0.0,0.0,0.0,0.0,0.0,0.0,0.0,0.0,0.0,0.0,0.0,0.0,0.0,0.0,0.0,0.0,0.0,0.0,0.0,0.0,0.0,0.0,0.0,0.0,0.0,0.0,0.0,0.0,0.0,0.0,0.0,0.0,0.0,0.0,0.0,0.0,384.1934385838836,516.3159494471165,539.7360066274466,530.3909291589587,548.1669489716793,561.7738998244498,542.0146541796461,576.914680430797,562.2527289150206,555.9207222115043,565.3436647909041,533.493021337606,526.3950267470256,540.8407994437313,532.8032035888002,522.9630406615031,524.5060574828026,504.7584747464076,390.89046095566613,0.0,766.2253056684826,1169.6811066311632,1216.4508186697847,1230.1568909563293,1202.6214692875885,1208.6889971059572,1208.2444941956003,1247.9335466783102,1279.3954920754893,1135.4141870661379,1125.969429478679,888.8985177718878,337.487261248542,382.9373019732857,367.5861009738838,388.59815529304956,391.16824077614297,370.8194270237809,371.2073553112636,359.53122743659895,356.3819893442235,244.64150211674794,0.0,0.0,0.0,0.0,0.0,0.0,0.0,0.0,0.0,0.0,0.0,0.0,0.0,0.0,0.0,0.0,0.0,0.0
October,7,0.0,0.0,0.0,0.0,0.0,0.0,0.0,0.0,0.0,0.0,0.0,0.0,0.0,0.0,0.0,0.0,0.0,0.0,0.0,0.0,0.0,0.0,0.0,0.0,0.0,0.0,0.0,0.0,0.0,0.0,0.0,0.0,0.0,0.0,0.0,0.0,348.71468759994804,517.6330816146816,559.0716566921674,559.3943580533638,547.206462162024,574.8614005319353,569.789991438192,551.1833547778983,546.8949900971234,556.4942061677217,570.7062068651504,563.6579327949088,561.066054607448,518.0578221902323,533.8678361639353,544.3489668550291,533.3043718005678,500.4107094769111,379.0070167387566,0.0,835.1858327849418,1132.4112735029353,1188.4308074280768,1281.0965349660132,1291.6024785599895,1281.0515920304385,1217.42872530422,1219.315761628705,1209.9074720174895,1198.1658738469464,1132.9280119781508,894.1054154646242,397.5313849682504,382.7976122852976,372.5119984416469,359.4216201680486,353.12495108004913,332.33703482146467,347.00780724388034,359.4415925904222,354.3841595990678,263.4739544473731,0.0,0.0,0.0,0.0,0.0,0.0,0.0,0.0,0.0,0.0,0.0,0.0,0.0,0.0,0.0,0.0,0.0,0.0
October,8,0.0,0.0,0.0,0.0,0.0,0.0,0.0,0.0,0.0,0.0,0.0,0.0,0.0,0.0,0.0,0.0,0.0,0.0,0.0,0.0,0.0,0.0,0.0,0.0,0.0,0.0,0.0,0.0,0.0,0.0,0.0,0.0,0.0,0.0,0.0,0.0,346.88422772134527,514.8606060702392,526.6783391841484,561.2635192261231,545.5275916982376,552.2359123472648,557.3437129712687,550.0151928901528,537.2697979734166,580.4620524225971,575.5717988237561,572.537424751779,579.9675728546543,565.4470814752907,546.750312287521,544.6140589680391,518.8257759108968,490.11723320846556,366.8264103600169,0.0,889.1481038158714,1222.624943991685,1235.970250697811,1300.409060271502,1314.9718129527428,1261.8956089999115,1321.1299312544627,1306.9438455694385,1280.9714965567066,1275.099550623194,1245.9795109035433,973.5689522507005,333.0957424365859,408.93582313114365,371.8840614929535,349.28073337398274,337.0031277129675,347.20546693569514,372.33213897955824,323.63228213122846,364.60405513616877,256.49694334952284,0.0,0.0,0.0,0.0,0.0,0.0,0.0,0.0,0.0,0.0,0.0,0.0,0.0,0.0,0.0,0.0,0.0,0.0
October,9,0.0,0.0,0.0,0.0,0.0,0.0,0.0,0.0,0.0,0.0,0.0,0.0,0.0,0.0,0.0,0.0,0.0,0.0,0.0,0.0,0.0,0.0,0.0,0.0,0.0,0.0,0.0,0.0,0.0,0.0,0.0,0.0,0.0,0.0,0.0,0.0,357.8343839137894,536.7130921886877,541.1023120972897,534.422238125045,544.8193971779766,572.2933909655018,580.868710418385,562.702634699935,576.7477796501994,555.1459968235649,542.9858422862,538.9217697345914,543.8565792424777,560.7907921606867,555.9474351366745,531.0033212213648,533.89373934084,505.6888163781385,393.3432338861505,0.0,846.8938556179237,1200.7342271974883,1205.350187088818,1188.258891720143,1214.647181504514,1322.148782506373,1297.0735066070372,1290.8816555821577,1270.3752143194708,1298.0574265984476,1129.1249780914738,864.7716247925201,325.7311483548716,371.28316560672687,323.8399899727184,366.19767800658093,332.19625484807733,361.45496493811703,341.6480190807824,371.11924224040894,343.19725057004865,235.87021628167977,0.0,0.0,0.0,0.0,0.0,0.0,0.0,0.0,0.0,0.0,0.0,0.0,0.0,0.0,0.0,0.0,0.0,0.0
October,10,0.0,0.0,0.0,0.0,0.0,0.0,0.0,0.0,0.0,0.0,0.0,0.0,0.0,0.0,0.0,0.0,0.0,0.0,0.0,0.0,0.0,0.0,0.0,0.0,0.0,0.0,0.0,0.0,0.0,0.0,0.0,0.0,0.0,0.0,0.0,0.0,341.48231600824715,516.746934591184,543.3705696736525,528.5757223205117,552.3563282208889,551.450829711738,548.7189481836666,537.3103570888754,526.3767094284548,544.7742814274357,551.1515750911483,544.3246922848052,554.1226735542671,558.0256025194553,524.5402134979616,538.1902401940083,505.2844565657877,471.8909450948214,428.5432476707354,0.0,757.2558929361184,1209.923349726967,1179.3212045933294,1246.1546685955288,1169.3816103961474,1194.5788824256624,1194.5952561908534,1194.604250104809,1190.3459354549589,1185.2718271125764,1167.577784192617,903.2225931000619,365.01149001782727,421.6583788534619,357.6353827637086,362.06239036213236,370.9768231590015,352.08854250268837,364.31843921420966,369.7007140444563,374.4345608904338,290.3956733862527,0.0,0.0,0.0,0.0,0.0,0.0,0.0,0.0,0.0,0.0,0.0,0.0,0.0,0.0,0.0,0.0,0.0,0.0
October,11,0.0,0.0,0.0,0.0,0.0,0.0,0.0,0.0,0.0,0.0,0.0,0.0,0.0,0.0,0.0,0.0,0.0,0.0,0.0,0.0,0.0,0.0,0.0,0.0,0.0,0.0,0.0,0.0,0.0,0.0,0.0,0.0,0.0,0.0,0.0,0.0,355.0878892518779,506.4746308015935,518.0326414989626,526.361757154598,566.3423766006042,572.4711875062791,572.6331193995768,580.5925118060294,576.175407237747,576.0027401916464,558.1619235967041,565.1526591596779,544.6626298055049,545.6823504556452,550.6315261054862,528.4877757499295,525.2019546407812,482.7509407547898,406.9999487511817,0.0,798.7018461011288,1179.5382081883288,1193.1550114594368,1268.1150728378525,1280.3755778968514,1275.1432137090762,1284.9081083547,1258.2642027268785,1258.4511681378076,1242.6097288278152,1214.1182225613568,830.7982649950847,301.3105426968046,433.72024865364034,347.4851523540657,375.1451363257814,363.50290512512623,344.84830991883194,350.3439934285637,352.6943707115839,339.33333616890224,280.72943133083135,0.0,0.0,0.0,0.0,0.0,0.0,0.0,0.0,0.0,0.0,0.0,0.0,0.0,0.0,0.0,0.0,0.0,0.0
October,12,0.0,0.0,0.0,0.0,0.0,0.0,0.0,0.0,0.0,0.0,0.0,0.0,0.0,0.0,0.0,0.0,0.0,0.0,0.0,0.0,0.0,0.0,0.0,0.0,0.0,0.0,0.0,0.0,0.0,0.0,0.0,0.0,0.0,0.0,0.0,0.0,329.52377304874733,516.459311062305,489.27595139390644,530.537278901625,536.9858316414568,546.3878441860629,546.4766227300826,544.9994506842534,563.1539021149173,569.537487608271,572.519266042835,543.6778450416359,561.4714708080354,543.3924638586369,552.5905229811862,564.2440836849033,542.0926788074781,526.0548102479453,347.2368078178541,0.0,834.8815871411564,1191.1590631996185,1207.4525589288996,1191.2818154751972,1256.9387249449317,1306.1102639689768,1257.7907978829414,1242.5967099538334,1271.72978256703,1247.4856283231816,1156.7988752224578,905.9637359316908,303.6407683013921,397.7879353820815,352.1362466578816,361.59888868081526,358.7322573843876,368.90308530143346,355.9095467600937,334.49228089769423,310.9072496166972,275.3496849730332,0.0,0.0,0.0,0.0,0.0,0.0,0.0,0.0,0.0,0.0,0.0,0.0,0.0,0.0,0.0,0.0,0.0,0.0
October,13,0.0,0.0,0.0,0.0,0.0,0.0,0.0,0.0,0.0,0.0,0.0,0.0,0.0,0.0,0.0,0.0,0.0,0.0,0.0,0.0,0.0,0.0,0.0,0.0,0.0,0.0,0.0,0.0,0.0,0.0,0.0,0.0,0.0,0.0,0.0,0.0,375.17182684185536,530.4694989494504,538.5728147188784,561.4329005671464,547.4417452790314,590.7631610983783,549.1749414582191,573.3419813408898,567.3573301964024,564.4580511314917,579.2247729267626,585.5217093217159,587.6183650832285,566.0494784763389,539.6207727771612,556.7356729097482,537.7354990321105,531.8152585135737,417.7114784515287,0.0,775.9702759734695,1191.032875454751,1199.9937401242414,1255.7474943418533,1283.0380511477856,1258.752870675952,1306.1316964652249,1224.5869809821806,1219.7399718755655,1233.5602778234656,1239.979710961306,899.7716150452445,412.5313468620209,404.8623220173364,363.4794161095214,376.79185871636827,390.9041470852618,397.81148431919445,367.2186625647218,372.71228410099394,359.20783327064805,253.74618151784213,0.0,0.0,0.0,0.0,0.0,0.0,0.0,0.0,0.0,0.0,0.0,0.0,0.0,0.0,0.0,0.0,0.0,0.0
October,14,0.0,0.0,0.0,0.0,0.0,0.0,0.0,0.0,0.0,0.0,0.0,0.0,0.0,0.0,0.0,0.0,0.0,0.0,0.0,0.0,0.0,0.0,0.0,0.0,0.0,0.0,0.0,0.0,0.0,0.0,0.0,0.0,0.0,0.0,0.0,0.0,352.5172645708733,519.8699175900601,526.1596946893577,569.3814809055189,546.2498002931158,537.1294866927587,580.7814340186079,594.1610261456609,562.6314791206655,570.0734637133577,558.2177473602176,574.9712483250332,581.5259785340176,562.0743402009382,580.0703825145561,554.0576091655468,562.7659444261413,524.0199532011723,397.10586725616326,0.0,890.6066261237514,1184.5572850221665,1228.8117939695123,1220.6600729677941,1215.9545983935561,1265.4225218108916,1251.6581330377305,1311.492184454392,1234.7298357368156,1198.5583983036224,1185.4932082578825,879.198251805305,309.0944795994222,390.8948374517687,353.3039904388594,364.72695416598253,353.82661137249033,331.4867776824277,347.76382683734755,347.32631152292777,383.66830661487006,281.1843194126624,0.0,0.0,0.0,0.0,0.0,0.0,0.0,0.0,0.0,0.0,0.0,0.0,0.0,0.0,0.0,0.0,0.0,0.0
October,15,0.0,0.0,0.0,0.0,0.0,0.0,0.0,0.0,0.0,0.0,0.0,0.0,0.0,0.0,0.0,0.0,0.0,0.0,0.0,0.0,0.0,0.0,0.0,0.0,0.0,0.0,0.0,0.0,0.0,0.0,0.0,0.0,0.0,0.0,0.0,0.0,399.91210978065817,540.623731438593,540.4228717521277,527.3194017537264,557.4525281994678,549.4034493709945,562.307974324399,587.4467650523507,594.5372347974698,555.8308628463449,572.543990448531,562.2245427669562,588.1810713305181,556.3084415028615,544.2694251186493,550.2767497751186,557.4314809797254,520.1820333920476,399.6117278525705,0.0,736.9395306181179,1122.3307816379915,1127.7647489870303,1212.5221129394793,1241.002812157071,1260.831303643487,1297.876339738551,1201.8831939328384,1259.776043101511,1248.9024623084235,1203.5063362029373,935.882827003864,377.48275982380164,400.16412248839003,365.3093859995627,370.92670102367003,329.50155916405555,325.9626247836128,330.8502550445812,332.4280078118358,343.2919113201703,254.44844014175268,0.0,0.0,0.0,0.0,0.0,0.0,0.0,0.0,0.0,0.0,0.0,0.0,0.0,0.0,0.0,0.0,0.0,0.0
October,16,0.0,0.0,0.0,0.0,0.0,0.0,0.0,0.0,0.0,0.0,0.0,0.0,0.0,0.0,0.0,0.0,0.0,0.0,0.0,0.0,0.0,0.0,0.0,0.0,0.0,0.0,0.0,0.0,0.0,0.0,0.0,0.0,0.0,0.0,0.0,0.0,345.0844383915113,519.5679265223861,521.0121994121157,534.9779335878891,537.8292329355868,579.991785624183,565.2403626637893,581.3264384592837,558.4117460489887,563.4022443126534,561.8683399743476,581.4496189533288,561.1034437515525,563.0279336651653,569.153347213558,532.7773541391265,525.2393228315415,484.2834533416456,386.2277447858199,0.0,838.9389501626761,1106.368516581158,1176.5222412537519,1157.2836923019534,1218.7979975473022,1201.3083134610467,1217.6459646156968,1208.0490135406726,1231.478167340251,1172.270479367978,1171.4852703811891,900.0183490771141,313.3417172356577,366.4892772543125,363.3993714300844,355.02031715082245,385.6965992359857,363.4130831549656,376.04138104091845,364.27092646895125,374.66897534638355,266.70766883176213,0.0,0.0,0.0,0.0,0.0,0.0,0.0,0.0,0.0,0.0,0.0,0.0,0.0,0.0,0.0,0.0,0.0,0.0
October,17,0.0,0.0,0.0,0.0,0.0,0.0,0.0,0.0,0.0,0.0,0.0,0.0,0.0,0.0,0.0,0.0,0.0,0.0,0.0,0.0,0.0,0.0,0.0,0.0,0.0,0.0,0.0,0.0,0.0,0.0,0.0,0.0,0.0,0.0,0.0,0.0,391.3260155227668,543.0636606505145,540.7272777583983,547.2281958104917,533.9868330033149,540.2117781509598,559.9354135661443,578.6642177947949,560.379901028326,555.4932627468212,571.0309096377912,552.8577410144608,558.8301576348914,540.9746183691379,536.3054207896009,565.4690900203992,517.9745624414616,518.3430213954797,392.40170519137405,0.0,765.3176605022381,1184.687534882844,1169.9805956711712,1220.158318505134,1301.7233838642178,1283.3485980381013,1239.328348827369,1233.5597594777091,1235.5520891082,1212.7194298486509,1135.119849765481,909.0123173706397,374.7505235754586,406.33785912176955,346.25529127877206,388.97298855863585,387.49403296584063,373.9979252804548,389.90882921804644,362.7163844684177,348.0114726503435,277.6209163950249,0.0,0.0,0.0,0.0,0.0,0.0,0.0,0.0,0.0,0.0,0.0,0.0,0.0,0.0,0.0,0.0,0.0,0.0
October,18,0.0,0.0,0.0,0.0,0.0,0.0,0.0,0.0,0.0,0.0,0.0,0.0,0.0,0.0,0.0,0.0,0.0,0.0,0.0,0.0,0.0,0.0,0.0,0.0,0.0,0.0,0.0,0.0,0.0,0.0,0.0,0.0,0.0,0.0,0.0,0.0,357.1908599443425,523.2174210108202,543.6608040003146,534.7583172388504,553.1530706761608,568.7005894280409,570.8577269792667,608.4306093326053,570.312542061151,577.8443103467816,564.2212146889093,564.7792440802076,531.5654206248958,568.4160623202209,545.7752697362988,559.18537393335,535.765474179614,505.84518143985355,368.11596816546455,0.0,774.9112307846939,1261.2578443914103,1237.6623023754537,1251.5156175001168,1266.643374895585,1292.6924938075065,1201.9691379124924,1208.320906577383,1263.380445066462,1251.4952400752607,1238.2800643105707,879.048358966821,371.7896659832707,409.30245130635655,324.2765141836647,373.043813472011,357.3781612653874,383.24530248254,369.44660676860514,381.8699466863285,327.36395367751896,269.8900323632958,0.0,0.0,0.0,0.0,0.0,0.0,0.0,0.0,0.0,0.0,0.0,0.0,0.0,0.0,0.0,0.0,0.0,0.0
October,19,0.0,0.0,0.0,0.0,0.0,0.0,0.0,0.0,0.0,0.0,0.0,0.0,0.0,0.0,0.0,0.0,0.0,0.0,0.0,0.0,0.0,0.0,0.0,0.0,0.0,0.0,0.0,0.0,0.0,0.0,0.0,0.0,0.0,0.0,0.0,0.0,371.2891138419417,511.09613842971237,522.5298005102037,535.7549781516896,551.5782073902853,577.1357453111997,569.8963397845287,577.764085377075,582.1278464523,555.7081006233994,597.8964403929687,566.5214742581153,565.8418098797703,565.4888456909216,553.4372705674883,554.2281904325961,520.5181573962066,499.8627894867879,379.6262957740571,0.0,786.908219663376,1165.1158688738417,1196.340751579168,1245.2541355916703,1230.789202492186,1227.0860190290955,1196.061965995185,1234.918725960773,1202.2045301100625,1265.3536986298916,1225.1381323047679,897.8856752331503,327.0048328531426,419.86169929501034,365.04356287529083,386.7298834847519,351.38238950759296,359.0789507094427,357.3116949789098,330.7918567186722,343.5887501236174,267.75744254805204,0.0,0.0,0.0,0.0,0.0,0.0,0.0,0.0,0.0,0.0,0.0,0.0,0.0,0.0,0.0,0.0,0.0,0.0
