season,seed,slot_0,slot_1,slot_2,slot_3,slot_4,slot_5,slot_6,slot_7,slot_8,slot_9,slot_10,slot_11,slot_12,slot_13,slot_14,slot_15,slot_16,slot_17,slot_18,slot_19,slot_20,slot_21,slot_22,slot_23,slot_24,slot_25,slot_26,slot_27,slot_28,slot_29,slot_30,slot_31,slot_32,slot_33,slot_34,slot_35,slot_36,slot_37,slot_38,slot_39,slot_40,slot_41,slot_42,slot_43,slot_44,slot_45,slot_46,slot_47,slot_48,slot_49,slot_50,slot_51,slot_52,slot_53,slot_54,slot_55,slot_56,slot_57,slot_58,slot_59,slot_60,slot_61,slot_62,slot_63,slot_64,slot_65,slot_66,slot_67,slot_68,slot_69,slot_70,slot_71,slot_72,slot_73,slot_74,slot_75,slot_76,slot_77,slot_78,slot_79,slot_80,slot_81,slot_82,slot_83,slot_84,slot_85,slot_86,slot_87,slot_88,slot_89,slot_90,slot_91,slot_92,slot_93,slot_94,slot_95
Dry season,0,16.520384467320714,15.99519709748716,15.63708667563444,16.499707634783697,16.221704846910953,16.11684937346021,15.873343467134207,15.134807790641156,14.4641260190143,13.864810162367553,13.236948794551871,13.161948213370055,13.950094032834475,14.954201902796642,14.651238839678886,13.927855379374211,13.130107088995517,13.838569742308701,13.930215422521204,12.777048662336117,12.581639431619323,13.004934219241026,13.54768065942526,11.523107641627549,11.198338316218512,11.69400919236936,13.106223924729678,13.075484419012888,11.598209505117335,9.552880461083012,7.669297788378794,5.031631370627676,3.101841037331625,2.323684089216329,1.6926703795438165,1.4211496038688418,0.7414238665067577,0.48950934641592087,0.5094858365053135,0.5755410836449008,0.6105948276529032,0.6399282186450111,0.5441692245231363,0.541520680838556,0.5244293319379749,0.5565614150017313,0.5993565399554471,0.5771092940047438,0.6021807194876883,0.5885313350110853,0.5472140840364895,0.5456171503478205,0.5622908068786746,0.5215623313427454,0.5977422498366393,0.6636697669656557,0.6712309215702129,0.5938234029458236,0.5031341800732837,0.45192055156318545,0.4411494532981093,0.5114552390343321,0.5471328414495787,0.6018351528337228,0.6237503178777677,0.5751941119150675,0.5110612205247306,0.5318365126803674,0.5686238735675526,0.4854324708098455,0.47094980282151927,0.46429306634536105,0.4628381818807138,0.4499286309891336,0.3126486320951441,0.13296585715510345,2.2247380316783842,7.378302911453092,10.412137432154655,11.925430570141772,13.393817838676343,15.364490513252516,16.993920397471495,18.117606061775714,18.4180942698605,18.040564555491414,17.557345659731034,17.8916284045849,17.667346876037353,17.386898596619993,17.101178948357166,16.63589806569124,16.236311176950146,15.661194809716521,16.03902388856914,17.09015314604483
Dry season,1,17.421619728110862,17.230667134015693,16.953560319168982,16.82219711202618,15.781503100927848,15.246628031334096,14.65722619452753,13.826241661346234,13.998922279377615,14.546900483800355,15.041613287622825,14.284594661232505,14.391813358720185,14.41957760773899,13.432381154074791,12.571218225490314,12.878725845934175,12.915109463947907,12.588596945264891,12.745797599508059,12.98571060963562,12.781515250610394,13.134099525593244,12.417144670137052,12.529793499732994,11.861378549841879,11.123090068566272,11.079807120201798,11.109159423503797,9.735458869008887,8.110934610662259,5.874308403733694,3.7787710896673468,2.238675630877324,1.3703508978167762,1.0716626931485225,0.6968216787857262,0.6449264400137265,0.5646214194714899,0.5318045760576072,0.5035455625297417,0.5448522899863147,0.5718785698535364,0.51576534861757,0.5009724687575656,0.4277676909885312,0.49113602713375426,0.5528695126399296,0.6552067245433408,0.6474636407796054,0.5666455824506991,0.5470622367745821,0.44619269226203895,0.4836247137294417,0.515009786519316,0.5703862463213285,0.6222686788916404,0.6006333319074255,0.5984671314441407,0.571863566719062,0.5976845769396761,0.600640557001149,0.5658887430026982,0.5050475135326649,0.44032279895857823,0.413516023501343,0.5160629432662672,0.6011605573344235,0.7044167689909552,0.6737933590306966,0.627880076539693,0.48486565885761884,0.4043714786177886,0.3651492437656045,0.25325590401691045,0.08955820509473951,2.559552211078592,7.03669776697936,9.694299566108072,12.910501720129188,15.448124785871048,17.087985561550674,18.125681057410173,18.567289428569204,18.621982065715745,17.646679323108224,17.463999254617885,16.72826164752148,16.347977076252537,16.04819233843926,16.6838676868884,16.5812681859182,16.73028127711187,16.540423701863304,16.951358996645986,17.687769956272582
Dry season,2,17.102105605337748,16.33308637194433,16.174717796314045,16.179171223037766,15.990408226552821,16.158599533999173,16.676637603072727,15.57566239643497,14.5628361362948,13.80443156327807,14.5399139494398,14.398809224062125,14.25160028215809,14.367041489230663,13.904061524752786,14.022575970511827,13.821261661034564,12.164062010118418,11.284311054891953,12.01426630956425,12.276662751947402,12.292276342701456,12.505289394582991,12.917423578489114,13.330773708013975,12.01629201099856,11.950260709685214,12.412965794744041,10.06850412883824,8.250210628847922,7.758399262373389,6.4081649714805256,3.8791586840208407,2.9650674728517634,2.52036951689698,1.5599691356602252,0.8480438963442609,0.7965639027486656,0.9440430435445255,0.9212601461344281,0.8015129059365034,0.8194910412302109,0.8430556366841004,0.5942176019268063,0.4935161925206291,0.5947412190395991,0.6523486070988308,0.700386419675437,0.6832748628841772,0.7136744528643374,0.5858153191858668,0.5569780023475907,0.629287822579527,0.6705153488265274,0.6504205660732942,0.6452381593308362,0.684595268322672,0.6201598517368,0.6238206105013337,0.7064639329061109,0.6943491821590962,0.6438263938361832,0.6025684912547474,0.6419218673517506,0.5710013869455056,0.5520329162058734,0.53657873852912,0.7008237834150506,0.7689412186476597,0.7131188929118467,0.6813827329554766,0.5698179082814647,0.44173254918308386,0.36195042104558517,0.2855980455683216,0.15600747993913558,2.476556710980796,6.223156016163803,9.520586605632563,12.859142703941192,15.031980514094506,16.47626977927139,17.07555107389095,18.219359810924864,18.952532543305935,18.25305673756067,17.82259052192851,17.52815503229261,17.828718463576212,17.68983345286954,17.463686976422995,17.973694619594685,17.920349518951035,17.31182372424358,17.09676988352928,17.476368766400817
Dry season,3,16.946319893534767,16.141904151647115,15.674868909604394,15.81769969128074,15.716070022997629,15.526162276176798,15.164503015156368,14.164136098520313,13.303075321175104,12.984205464971684,13.439140556210559,13.479632465199106,13.822331749585016,14.299421086044278,13.838840278880962,13.486509096816519,13.744516493972915,13.732919747968529,12.739969768828779,12.322196235396584,13.101465168813657,12.961040024248964,12.348152961335812,12.230086840141642,13.009524193522122,12.299426634042305,12.033584511792295,12.337353790910965,11.989825004149493,8.712579003384667,7.046403512772612,5.55773288027155,4.343251179775357,2.670258724133282,1.544192964388807,1.1211538069300035,0.6261873821393046,0.6470358893958965,0.7469474968921642,0.6608214050821084,0.620438590523177,0.6060519588590766,0.5646243547576578,0.4843479502570769,0.49395536157087283,0.5113853996734459,0.5078375982483633,0.5597089082826134,0.5537316506398444,0.5674204820862772,0.5651154085328675,0.4934922718241693,0.5076888676629596,0.5109099721163363,0.6042045955833796,0.5780182297877949,0.5171784133548936,0.49385330217135626,0.4871819971960663,0.4946538783331381,0.497570981833786,0.4937031461911348,0.5174821816443136,0.5456071323782848,0.5618469872752855,0.572880832541482,0.6255057990589615,0.614747061370933,0.5626525689395797,0.5353618067825376,0.5537360089818048,0.46034092440370544,0.4225651417234356,0.3455327460786909,0.2674406274167211,0.11555338801567595,1.9487014666701181,6.371605818746175,9.702519269993124,11.856214427460156,13.596837856475158,15.652384492704606,17.19843713117616,18.050672586557347,18.75690425885468,17.738920940159993,17.738451235121904,17.55013835165837,17.25452724159812,17.600418699196396,17.08092481552901,17.743969825186777,17.731611484138533,17.23643615242423,17.203823953907786,17.42073061752901
Dry season,4,16.2311423152281,16.145506531072904,15.933880595899995,15.44367170179364,14.979011106533173,15.166960749964462,15.58826594853766,14.785127507971676,14.457260997282345,14.01896036402731,13.44202094457523,13.822279210100374,13.763737536975748,13.064169720061026,12.974777819862787,13.117634741601142,13.440089111859567,11.561227634793164,12.513273860950054,12.913803463111245,13.683115210031875,13.344057234680093,13.336477954547641,12.052068673313027,11.485969272088592,11.49857806926034,11.384343428666083,11.991447517068952,12.773851673260914,10.362872154731933,7.940943111438485,6.005908400839763,4.519718181120253,2.588752237815143,1.956993321638233,1.2594151401365912,0.7035166198303843,0.7664746735698309,0.7580369283244529,0.674635390819143,0.5581428082261214,0.5111917385470488,0.5354937603615871,0.5616929669346864,0.5425563375626077,0.589710116174865,0.5504056853959366,0.5340846566206464,0.5043619467804974,0.4615314079480027,0.5262867594490284,0.5330403333822047,0.5782278698462886,0.6252318684986349,0.559852041589657,0.530236360226315,0.48341682583194145,0.5258981772340698,0.5940012218195672,0.5922948479319594,0.524119145643499,0.4665584879927619,0.4637725578891852,0.5100354417659961,0.5770822011536988,0.6774754740995806,0.6456495302925324,0.6692970847660373,0.6265433332556535,0.5365411973396859,0.4604496079816587,0.484351593734391,0.40881893186081036,0.3590681270467377,0.26737914334343815,0.11659497808767118,2.076636650272375,6.842899049135948,9.378693101747505,11.942354432027743,14.101495274203469,15.331577653273484,16.80192360756251,17.973701562909426,18.675318491350716,17.912980962746357,17.98460152262188,18.06386938853134,17.982698827384752,17.84262282123748,17.610862762429385,16.895286118952956,17.08758631170061,16.111511988510475,16.253102943211065,16.19887976755576
Dry season,5,15.962226754441902,16.15657631288447,16.375875239843428,16.216482088610523,14.957918378144578,15.235662011687765,14.664240418904146,13.874158129867316,14.55165280000173,15.209994350156679,15.19120225725492,14.246392592830027,13.980338353252256,14.453289784500523,14.467516077070403,13.613793818290405,13.275958196121998,12.511042863478146,12.635451608747863,12.745317874137353,12.833353042432616,12.917577519633891,13.422171968123486,13.311725483733374,12.4043101257359,12.934335038836732,13.89881335427401,13.232664603805608,11.14145102713672,7.71317717533571,7.137310090202111,5.2190912432897685,3.4025755995176805,2.269564555732782,1.8250550694629513,1.4058263750446565,0.7993824682774542,0.7913275351995093,0.8539537706006477,0.8383700569847274,0.8461867241805704,0.6824788434002386,0.7063725221328749,0.620768303292836,0.4918232047147161,0.5142480098184928,0.6523960206541392,0.6992374585647335,0.7023391319940347,0.7184991744276203,0.7037803124493824,0.673106703752616,0.5865369902147646,0.5420331768647934,0.5568476177304329,0.53991588437473,0.5124222331544263,0.5280850049418959,0.5396614231250326,0.6174593403141396,0.6348662646094335,0.6428950094810902,0.6466306566181512,0.570609228440425,0.4994321782159513,0.49614607709178343,0.5183433611520586,0.5832669406974634,0.6307160188317108,0.6186082591321275,0.559908907588823,0.46691284754658924,0.4283215118706971,0.3488439514370429,0.30106643809591127,0.15667165247957893,2.0012831525622166,5.79578370682554,7.964019050469074,10.17474008913315,12.194291653389504,13.973788164997607,16.132330796123288,17.828691173053098,18.60336114944733,18.441165069942816,17.9581489811188,18.278562471831982,18.448593232027445,17.94358703232429,17.725460244234785,17.723095053626423,17.00695038250152,16.216843902846772,16.844635324738558,15.929871320034392
Dry season,6,17.82353716204724,17.008629682732774,15.917619860119407,15.93841060281252,15.060949850139496,14.254686017080086,14.13628296685347,14.635392428294207,14.968852143973088,14.967565675780728,14.719656604235418,15.101750450341607,15.0915541474088,13.625557074884266,12.894668072327626,13.061443553300213,13.036805803692266,12.106702279559757,11.964473693708559,12.994974126126724,12.654654491111149,11.968579556998385,12.106303672790236,12.130153582033078,12.27726992843867,12.150227341152045,11.860184627142315,12.4806478827804,11.771858101522112,9.237595403980471,6.675215839987332,5.032949341069864,3.6196992593082173,2.494077462361538,1.2467026052273045,0.8020293372019816,0.6432087126565611,0.6010510913779984,0.5586646860745895,0.559298901606364,0.5479143195486244,0.5653048652748506,0.6091121066467127,0.5871387730383678,0.5702997264315796,0.5656724240475403,0.5294136332361251,0.5316784336286922,0.5252675733985331,0.48863824973587294,0.5621126855446607,0.5575847402373285,0.6226488983767121,0.6027784807729565,0.6237131479490876,0.6133382679737206,0.5440953957568451,0.5250697452333795,0.4707862943273948,0.48785792524971705,0.5294821178244276,0.5659920795097698,0.657921994825604,0.6071190102339394,0.561179518419728,0.5501155819171191,0.5006356108285716,0.5097250154705961,0.5729127357432685,0.5421807650801864,0.597022331409591,0.5495718764880244,0.4742341423892974,0.40790029763914654,0.20353582779789842,0.08177320251444913,2.2517359443078644,6.469843998804198,9.10694661065343,11.342411702229722,12.634915345472672,13.959259557910894,15.939474167543036,17.665162988737773,18.754837625315623,18.043099079599795,17.599898837464536,16.698893704062378,16.59661110240827,16.981297242425097,16.51634317108802,16.469030223403895,17.013761495628383,16.960167804878,17.03503693280793,17.67048879033239
Dry season,7,16.461538286595736,15.779921165617024,16.359756769450307,16.417704649441557,15.861229234806135,15.077561737373793,14.649003523958436,14.237823194491444,13.480268978540296,13.23144932239511,14.099760535631313,14.328029977289711,13.149076679801928,13.426845132706855,13.943706812226482,14.53709570141076,14.969798460055792,14.08031577050594,13.251511744258659,12.428738235334569,12.688520447377435,13.595082441091117,12.747070860229853,12.70495765417845,12.638920942053565,11.471549817246144,11.660355694785308,12.984187115196558,11.972898618275805,7.866580857683527,6.282079515179051,4.82635764804722,3.2483045909397785,1.5451645156277936,1.1708116279511525,0.7953107838680815,0.6927917790811989,0.7128411398206914,0.7929198294523784,0.6948435291665991,0.7076135944454085,0.7175405179721653,0.7364531049733145,0.6258791760581334,0.6633733887121853,0.8199963934937944,0.6569394766969215,0.5308709633172317,0.48056115419742323,0.48849457268839097,0.5135608923047238,0.554425678336984,0.5806562866432008,0.6187354227182862,0.6603143934977446,0.6197873569510378,0.548015111531491,0.5178549666621184,0.5041564069341857,0.5022782375445657,0.5954667099805439,0.6496121706828594,0.644700706688496,0.5377120389456737,0.46031339937455074,0.44043412008487587,0.4454589759760304,0.5694891613344716,0.6909995327645982,0.6499707667374189,0.6058300149105003,0.5085987917543112,0.4069916322089215,0.3705327526166212,0.291570003827772,0.16215200406689503,2.405921818037058,6.14215594088702,9.688153383827201,11.669674435786872,13.581066883462263,15.359771455444882,16.98907013311205,18.470613756334455,18.79898586127831,18.25738884577816,18.006873972967476,17.787936840678324,17.73836051459104,17.845119325204013,17.347610038498736,16.76382943552674,16.837303100916404,16.88829189706828,17.244917893255156,17.2576873418585
Dry season,8,16.70941818505775,15.988894868463706,15.803827745084085,15.933919548719528,16.01733513091454,15.547030048262203,15.166991716657565,15.207359253214987,14.56624038518096,13.93624015585937,13.752074521814373,13.413260153232738,13.829162305647563,13.809977946266248,13.266183698261068,13.257406025110773,13.064748793955108,12.426896463805024,12.4867453559204,12.981784754655669,13.194923422125955,12.525483109241327,12.92141121459911,12.080384051190704,11.383629704484594,11.31066455938059,11.392948873339622,12.419897693710197,11.081387195081358,9.080688586455807,6.613518373369812,4.272776718063879,2.700836582154857,2.161384485567697,1.4614723822427844,0.9984720337124202,0.7198016574044056,0.6291516747550691,0.5616144170778965,0.5117073987154467,0.4736121973842468,0.46533222545478103,0.49546884641297034,0.5403719888946573,0.5969737999286647,0.5612302506039983,0.5230349182025879,0.45350827786510395,0.4719475153320508,0.5233553365653875,0.5193448425110275,0.6073502661950321,0.6206974229162454,0.6000489515599795,0.6268115415059546,0.5894229171424522,0.5777654104053487,0.5257493869283484,0.40480163345387205,0.44247850908613,0.49841381795096634,0.5681219173372754,0.5844988225981496,0.6099831330188453,0.5576497929860342,0.5067336213970642,0.49674956916181956,0.5411990501746207,0.612278932435758,0.6735872802474174,0.6380679715087695,0.5215452563056711,0.3616402619365396,0.2716306315562757,0.2079609785060031,0.12576529563037894,2.036713664467785,4.962940076382531,7.862996915292545,10.702965152941614,13.707746903472714,15.698213698211386,17.064371215379698,18.16933972051643,18.570526944837983,18.518654228227252,18.63332364121607,18.003322179491523,16.908374548469816,16.678925066852706,17.174177948532527,16.65982277221801,16.921656812120297,17.07094152492096,16.671377810676912,16.555640028327765
Dry season,9,17.01569321588738,16.863378681431907,17.323769772031167,16.49324047767464,15.565412268082866,15.555750989945563,15.822236428178773,14.878742320852353,14.775927911286816,14.533826030049616,14.549446450957987,14.979496670695628,15.044738236994101,14.445147429296945,13.515956367006366,13.327674512549823,13.25363483539771,12.899034690586536,12.57041373617066,12.988587767113781,13.198956223121696,12.804450013797128,11.787806835588468,12.117206243788123,11.538549365030878,11.345015771809999,11.65218846105168,12.533175982701225,12.068136409675244,10.41880060999141,8.516775098153266,6.32845904175102,5.057226905173829,2.9388933572427827,1.9577954334361671,1.2000722341095025,0.7592873071061438,0.656303877543118,0.6159583685705395,0.6898246642311161,0.6965658005098255,0.6563280485467037,0.6245729393012761,0.68754112028437,0.6990837409306873,0.6321068636454368,0.6176772743521717,0.5697797575065986,0.5037643455748011,0.4879946691683855,0.46837254554128444,0.5715301793534316,0.601762887363524,0.5990992668246691,0.6265339325403059,0.5351750866430768,0.5518645167910674,0.5614140642311032,0.5131366935345826,0.5421535925588915,0.5657901177318171,0.5432655691815216,0.5673580445055185,0.5582611936058375,0.5380763462897701,0.5489551661531102,0.5541406675439574,0.5595892702300787,0.5677839459502353,0.581495459790821,0.588752666647033,0.5061482401542657,0.48460644253356283,0.35457009886304874,0.21463538427911008,0.07617505132245882,3.15060894114286,6.926588948255698,8.989397737651265,10.279961795595876,12.00264726314843,14.197707787796379,16.308478987439212,17.999077703808982,18.469613307328967,17.991427833764117,17.92027699128547,17.42338740578526,17.137231962834555,17.588820118137722,16.892696582141863,17.194146767624087,17.529596838724554,17.192135558870174,17.383425535605998,17.131038655282033
Dry season,10,16.861359317413093,16.331714550496887,16.139889594957687,16.277746819055615,16.54391873306617,16.609408448815554,16.333050114638844,15.992848768752486,15.019778583895944,15.098226581843022,14.651659835411603,14.749456833502705,13.934119763221231,13.015534824803622,12.459490171331574,13.004328386706469,13.626885033990492,13.617551469607955,13.822502745393022,13.630274449976842,12.441379383860266,11.902973891010435,12.18946645061797,11.7423449826994,12.482783845264102,11.731656558955693,11.82997708540937,13.066326638382522,13.281747417124311,10.70478073821162,7.600458799157022,6.101309717366292,4.105010622333557,2.310270014681061,0.8656055769974369,1.0988277255201475,0.9676967149985773,0.6606974878992293,0.5578155532699983,0.5574536405421192,0.5144097843819392,0.5169232238818565,0.5341207593524419,0.5717186102796449,0.5603723188688616,0.5614310910519528,0.5991193262504537,0.6151241695375526,0.5916837887394402,0.6040035505452312,0.5353249473785984,0.46077761469578166,0.44902595093058706,0.49666134057800065,0.5575795768781939,0.6465158508032425,0.6050824232829898,0.5596306085909964,0.5409236921704578,0.438402441699766,0.5087380347195544,0.6145288995824139,0.6347115970097483,0.6097046351174964,0.4752953680673337,0.3687382451899402,0.4450988160754113,0.5776366230147982,0.6613113937263884,0.6667251213155186,0.6395139387500569,0.5281452886920893,0.36972616484374454,0.35501089008516146,0.27345637832404696,0.1664013230032399,2.4438873440855144,6.559496245188772,9.258194172890928,11.63730981494878,13.23965634593839,15.412274474724676,16.400887163776904,16.94086562661165,18.55779163722819,18.05986926769346,17.49086484860229,17.067848813207636,17.306435623495513,17.57854443158192,17.337391141649203,17.594392795048957,17.13249298948244,16.86341033056451,17.38158298703523,16.984250176765332
Dry season,11,15.899633069622826,15.476819542866684,15.126502646179365,15.242838536051487,15.638343911377028,15.39124716554117,15.058375224186824,14.322714004019494,14.378634788942188,13.520688708080403,13.24429160094602,13.358633392504496,13.434069189132808,13.309725665783166,13.264650370743677,13.652415956318666,13.748208679418648,13.611311832119954,12.974600761936266,12.33271433750433,12.843359570815746,12.19774965624447,11.93721145294256,11.432939605854596,11.265323216933904,11.771486810686197,12.042727072599098,13.135860506905221,12.296180350469273,9.03294490622003,7.5923938945734015,5.292070117792508,3.061271221720943,1.8817607834467842,1.4092079931276402,0.8025914181223944,0.5843824412417759,0.5855976418607448,0.575977062652179,0.5523623238200079,0.5582816428074336,0.5746235279789609,0.5955050617929377,0.6006767805490993,0.6356873200528937,0.5564053539872177,0.5007586509973642,0.42996215323439135,0.39774448747268804,0.4174119555985534,0.4908879131493579,0.5932095701271433,0.6120360574525179,0.5890900589305644,0.5447004390293176,0.554475347649473,0.5816338488459607,0.5634459816399338,0.582359496729537,0.5240060041850254,0.5213350449009843,0.5199955585807203,0.5394278865958191,0.5102986648379385,0.5592073601879168,0.5225888787350057,0.5707576798986704,0.6494218311992902,0.672397538291104,0.6423058119467768,0.5463171638197991,0.3921734058543234,0.3840404369629306,0.361587724425566,0.3056100337160573,0.19376379285972806,2.2930490088096662,5.369785906237282,8.118921403903283,10.13316783604758,12.359816664517284,14.413471981582875,16.47398350392389,17.9544357561634,18.54525690267283,18.15853399904777,17.507765983247925,16.582556427110465,16.514680394734917,16.425188634790505,16.053118109907714,15.962338943037834,15.731423017868659,15.418685185341525,16.164827338524073,16.82421165466601
Dry season,12,16.41264080348067,16.105006701050225,15.874774283527612,16.97529462153561,16.874755066247594,16.24216135538357,16.03133449846437,15.460710432803321,14.300267829265026,13.694440832277191,13.734518180139018,13.7389759441957,14.161621280560885,12.957116165001256,12.84475096706755,13.15753101285751,13.682228407477874,13.516786433124013,13.161263504908879,13.397921509281973,12.546396871089696,11.903310374446164,12.929698656102213,12.337239952865653,12.049666833209436,11.237779254693567,10.62554247769183,11.571510143763843,11.044206960035845,8.28937358071122,6.7274377127615566,4.609371809274859,3.090193858057981,1.983536991239618,1.3153036744388318,0.9894687076996763,0.8140314931175936,0.6832262766923372,0.7625619887266429,0.7368624184610734,0.7862832118561356,0.7870123382700451,0.5479878062349398,0.49895811841261395,0.4659458514203638,0.5415943428802953,0.5667969846325064,0.5318061364410641,0.5609516928303229,0.5754391234760788,0.5902062780935243,0.5947954201480897,0.5461869165742252,0.5263692314389767,0.500960756320125,0.5017981908976804,0.5656639936660669,0.6231531713174486,0.613411266115659,0.6354003805324732,0.5777731405889578,0.48819140215612544,0.48863328151518787,0.5112482318972379,0.5208785084835564,0.549710158105589,0.6144847999826031,0.6039062835864264,0.6870346057948139,0.625341559326857,0.49423330716847186,0.42851457247535135,0.42442143000805876,0.368849437341635,0.2640290853497576,0.13737521521333024,2.299727033570926,4.836312275456666,8.047535279348176,10.733692097722537,12.628033633454473,13.773484246097192,15.22972331686504,17.379254289899727,18.102660880592882,17.95415368909008,17.288051018396185,17.273523370793917,17.162163623077937,17.159764727494306,16.815549038314675,16.482495444968237,16.870969050758326,16.53925657078417,16.610425388476685,16.320883134809872
Dry season,13,17.547533373899864,16.953574656710035,16.433391103937975,16.399009124890803,16.38706209926447,16.553949790970325,15.68803574967708,15.363586800948696,14.64837513966525,13.810354553979996,14.250262050224702,15.233457811662756,15.615881272416173,14.797203345574635,14.809915184898026,14.095388935815585,12.55757621241117,13.217974368241899,13.20086722188742,13.249529412568615,13.787768906660038,13.05355124144924,11.864190844614638,12.318308108777503,11.688566573252356,11.291875058107392,11.934610654342297,13.003638634478115,12.273413696154664,9.809944399705813,7.851121760467096,6.74460724870663,5.216111475291988,2.9374544760261903,1.9483342812563584,1.0748909636831325,0.6311444825894538,0.7508935517166008,0.6886525560730671,0.5904306172758247,0.6135104346127351,0.5535543015391177,0.5358211839953652,0.5205491466493586,0.48046743234914824,0.4783291425719692,0.4947408900909713,0.5225586218087056,0.4970751768022518,0.520129927245406,0.6150912521974222,0.7036393669183597,0.7030314661561221,0.6408265665009775,0.5676410451031325,0.46653990200669626,0.4074704723468046,0.4657484505771347,0.5643371591383637,0.6703511770407322,0.6660335652139087,0.6424370876827025,0.5091416271309083,0.45467187904011663,0.43900104399279843,0.45730578081958834,0.5205859674403421,0.691967189249271,0.7536680426001855,0.755574291335043,0.6472473806657422,0.4801951467481959,0.32740683087854444,0.241734012503623,0.2535390742294473,0.13306200114678346,2.2212409445452734,6.243604776754567,8.63854187324602,10.652741667416544,12.934253275454799,15.048464142963594,17.210324857949274,18.182895621384077,18.410295205549104,17.587034789288655,17.235952612536106,17.770444368489894,17.595671266592344,17.40419899900309,17.428566644036913,17.186450319004106,17.546598800199362,18.14906156508594,17.89625509373923,17.63263076952862
Dry season,14,17.420500114610658,16.83083849263852,16.134248132466205,16.065015598872417,15.912099593238917,15.659681065934592,15.922998426264598,14.816176167839151,13.801376397477457,13.347349583101028,13.539569820284605,13.932028826359335,14.06213120372674,13.676802844984794,13.635560876111608,13.902774365987927,14.14946109097583,13.755136297913522,13.163827946396365,12.91640754192545,13.202534839073609,12.492793290536927,11.804206201520646,12.673242328791874,12.31881650851935,11.961044513028318,12.384705603141208,13.6573037820702,12.298501909958434,8.865717893820719,7.576894269875656,5.9412403260867706,3.258652168262551,2.244103836677895,1.1562502929271545,0.8357259309207205,0.6940434025207289,0.6625171978660045,0.6752959963964855,0.5692343301229058,0.5364367602281648,0.5131785519647609,0.5560484451437422,0.5837269496175089,0.637400315846204,0.5813041874261067,0.5154270370669608,0.48317069700073806,0.516981778487585,0.5849096207839264,0.6214749507906642,0.6502654926798,0.5833905907558946,0.5526424153154301,0.49259033298756133,0.5072878359539748,0.5230715710495845,0.5174941258363164,0.6290894701322679,0.5695085701009749,0.5222817537696208,0.5299433640688052,0.5171155201807631,0.5548174282678021,0.5722073242717811,0.517995758318124,0.5954620498208162,0.5964085783761713,0.5856064379517715,0.5481697573743269,0.47650742897992543,0.4091257768889989,0.49445515786417044,0.3794637444676472,0.31663536426052125,0.19768509031422699,2.0210082086947474,5.225744685260251,8.521891501963292,10.752156313917258,12.746750888182653,14.56438346142964,16.402908931589202,18.456472978079827,19.070649959687763,17.99095769891956,18.281117793267512,17.90714223851837,17.401980253544256,16.77382755952461,16.252241398148303,16.558921926409788,16.872758489858374,17.394609796621342,17.44146250267358,17.921372855762513
Dry season,15,16.710141804144264,16.4377504394945,16.185177307811745,15.914916233816406,16.160489360081574,16.260453821103656,16.189302049719842,16.23146236428705,16.545946990839656,16.300779325724545,15.268910348461231,14.550148760188238,14.016829877489718,14.35727765430266,14.013128307099638,14.366966085349047,15.085690238107068,15.343885364087376,13.772194735187137,13.179937224851338,13.344796920729312,12.860155653510516,12.67103172184784,12.025033184031132,12.485092683491505,12.186763554904868,13.166981555926368,14.965076609249849,13.768985798300097,10.885274300816613,8.12547699519828,6.028656305414384,4.517246037444906,3.1891247056110332,1.6955719946499808,1.0262740478109327,0.7440811087954574,0.68758175707007,0.657431704106039,0.6088970662939148,0.531994527393806,0.49075026940327976,0.46262200043988316,0.519845962990473,0.5963286352730575,0.6670752885566279,0.617307929763092,0.570124287585649,0.5001756157491227,0.483977283496803,0.4811680415163379,0.49172883649545324,0.5411558681723956,0.5510533064858691,0.5716584039492011,0.6198499313029776,0.5292429935695294,0.5007501259206806,0.5831198198832702,0.5370539927089175,0.5813732622085205,0.5412737490012531,0.5223454612862428,0.5822224203002873,0.5433047606448018,0.5209489832927015,0.5192563352299929,0.6052768116164431,0.6457196321345559,0.6493780535037313,0.6147203164233735,0.5357280917607938,0.43634760448974064,0.3370671881890734,0.2827885878060895,0.14251071203803495,1.4515582556669073,4.81143597386039,7.525380641641252,9.841040199401679,11.559167988289934,13.837576754335341,15.997591616097806,18.03600834306656,18.992696515856167,18.40255045435078,17.98627726867829,17.74776895108083,17.441385313478072,17.670657954167016,17.528154032500076,17.61367856053203,17.10035226632487,17.086285014084385,17.13472869687841,17.058738029540653
Dry season,16,16.968357892510895,17.046041642877125,17.318019143160864,16.992327810991167,16.259840338948557,16.42086784117851,16.177676742630975,15.221339319047784,14.551303573981778,14.734826064495884,14.309293760312128,13.542856220920612,13.274272116473002,13.66097774324861,14.458709523645176,14.615805274046803,14.707604585768713,15.065889122871663,14.827884659016721,13.637646928324283,12.798997995709277,12.927129640074858,12.443703054018641,12.582544368872696,11.542299542166152,12.193718043227173,13.631435749883568,13.59521227827119,12.540935609872129,9.150528725398244,6.944999770546039,5.060051342456827,3.3511745717162635,2.0410759775248106,1.1935810342678728,0.7095992942715148,0.6133479373944953,0.6078965411726915,0.6660260197793566,0.7052047559160226,0.6450790807570852,0.5209305851561505,0.5235953129834194,0.4728573200512133,0.46666828384718945,0.5289603833093451,0.5317285245131277,0.6089501978470028,0.6328668621601352,0.6201128989338545,0.6471485607526147,0.5713119641161526,0.5079038441064468,0.5294096190168115,0.5478160765611028,0.5592402393599143,0.6077955380906156,0.5934815838756469,0.591638750753215,0.5245902366326755,0.522410836701592,0.5287873460686793,0.561673968186692,0.6444509777765103,0.5857902968251794,0.5254428494906656,0.49278496395756266,0.5143153843870809,0.5813438750036497,0.5825548517695632,0.5839401150920934,0.5623847558399372,0.47276503128784686,0.3269939836981098,0.20896296425548913,0.08999037281232274,1.901768404036692,6.245828338174433,9.373634925803453,11.544968118129686,13.635774007332866,15.823177442525132,16.991860949443474,18.359950999158734,18.69895234230392,17.730122157680075,17.571698879758287,17.097799256874147,16.414064791212123,16.548792191147857,15.782743455421924,16.27617070452997,16.386486125080456,16.475057004115573,16.648339252386975,16.680744619157288
Dry season,17,16.207902732835965,15.751473823358506,15.934688228632126,16.189280549740875,15.617571542168072,15.053875764895968,14.437353991895133,14.303216994300053,13.92748097561473,13.255640193845919,12.622048606078213,13.118344363325882,13.848791734349568,13.680682853159558,13.279555147840439,12.97145562132904,13.109336296493616,12.648395947767467,12.942019500518166,11.902030520709348,11.713461185163762,11.766264083252615,10.80843774059232,11.428762382780599,12.744216543605818,12.48064461663592,12.224077026580717,12.597695825748055,12.882986509660729,11.14759783238951,8.488336248278195,6.018592309073733,4.369199328254575,2.099742235170542,1.4592845063312034,1.0946779490196967,0.8050084352313983,0.6024551204072319,0.5855868317750581,0.5850001263634491,0.592288431349789,0.6242631041183185,0.6192835426588642,0.5880637881131457,0.5214979507415503,0.5152187437900255,0.5097543427874379,0.5512391009316525,0.5474272122945897,0.5841329750750336,0.5757071955437904,0.5407164092662596,0.5465861679825406,0.48193034969569853,0.4971904350301199,0.5642935942788275,0.5277108643530181,0.5426222333052454,0.5028198283074518,0.5524260124137818,0.5924962495421026,0.5419003221572264,0.5296104887898189,0.5229082854497604,0.4887533313236877,0.5052278934396995,0.5342203782778159,0.6052951619277986,0.6258221238692271,0.5534794435311863,0.49486531965814073,0.4854610088687043,0.46768192602915576,0.4145257551667847,0.3467573268245582,0.18201599869601937,1.4083140796103764,5.926999369181879,8.489258119916158,10.830066444573161,13.007460148235344,15.264643204823322,16.777228368724717,17.926793613349453,19.026892157848053,18.213029026627833,17.93722164048629,17.370444996321318,17.007950531520642,17.032891133401716,15.951120569317206,15.870206005291884,15.892370109596301,15.491896808377552,15.706697197861693,16.50782066273163
Dry season,18,15.584074654244267,15.227413934153601,15.768760821446907,16.20975101213219,16.529279895389614,16.146170911693883,15.56623336519875,14.741529218271092,14.625525334435713,13.189936820854381,12.885801079035643,13.33368912467125,14.147913800362755,13.9660936832778,14.08818712488558,14.285815275040058,14.98229338947646,14.593821974066215,14.142734357213824,13.311935467790828,12.60609731669077,12.379614834707125,11.898848320501969,11.471529000966209,9.928559985335658,10.367479219365501,11.906818600541401,13.183972528847756,12.874630550777265,10.279290118927147,7.332982063435927,4.999879977933637,3.383694375046619,2.1672603437780884,1.2877758306190725,0.8293491555190949,0.6731415753602856,0.730435480623897,0.7890845811334957,0.8055840596121022,0.792381466657615,0.7231809186818966,0.5952535650161735,0.46792057444644414,0.4678509186487175,0.45936418621535896,0.49942316247610347,0.5973831718292874,0.6313701017168004,0.6619315447963425,0.5919194864494906,0.567450013641538,0.5139060981885163,0.4755446187363271,0.44346899814138124,0.4661377730959027,0.522073383047101,0.6070187168151112,0.6279113600154024,0.6496136080651708,0.5666558527575137,0.5200600971011622,0.45587813920717085,0.4792313353356795,0.5309505559642247,0.4953465208341065,0.4709162477092601,0.5418778884448593,0.5919932450624789,0.5884784850078747,0.5838709434570077,0.5169914520332703,0.42841144999390474,0.35167192271557746,0.3226062992969977,0.22259837459521895,2.425289111314615,5.238121616297779,8.18858520335778,11.067339651623172,13.753882560611816,15.538532581768102,17.293918617686288,18.505761767531848,18.607007475808715,18.457502762665968,17.748751202318765,17.476239684888302,17.894343325273226,17.241388506366725,16.79168408297448,15.930906572426544,15.454211853903388,15.697956906265667,16.015934038340767,16.200740974642272
Dry season,19,18.064982659346335,17.12179581868171,15.878263341720231,16.30062070516181,16.135258553075605,15.544384579242944,15.827792176097468,15.787049217026674,15.519903549709404,15.381837615586686,15.075167823258765,14.798842457198129,13.965771219322887,14.114907361330514,14.364759509058892,14.728117700947113,14.706482796746283,14.13232096215878,14.62344298693481,14.760151932458502,13.165502757327465,11.860996538463853,12.15660442958575,12.542877331067286,13.59646953388379,13.676477889174675,12.846519566861652,12.978920502896063,11.59182524813793,9.58679425016848,7.363589717544338,5.095171254150409,3.580619097743975,3.058186346803217,2.3792611077988686,1.0939154286507575,0.5942677327931362,0.5855709057707759,0.6449016843941962,0.7690418739684842,0.7488592003832427,0.7556596060629582,0.7269579271256947,0.5925910199107031,0.5692787257245245,0.45766972243794357,0.4790717591909611,0.545133896484655,0.5946682519684011,0.6178732237051219,0.5713224136831775,0.5096479850119678,0.5086297474330228,0.5116899517217818,0.5078073929990212,0.5622531205139109,0.5728648527416458,0.5753790372817644,0.562886315749269,0.5098389006711254,0.48649420271042104,0.4723188612828094,0.4477596180182744,0.5283896958262277,0.5519465622106882,0.5678249615290178,0.6129242200073576,0.6153431437375888,0.574895019192424,0.511400232820787,0.4483135266954808,0.42879898833196256,0.42849145866350913,0.4065074013873263,0.3174769948621574,0.2050526093173679,2.465061491864535,5.654135087264871,9.295285198786479,11.775861166491998,14.233666602836125,15.937378125720512,17.04906797537653,18.44092198261823,18.955783467606558,17.713779916603723,17.972501499578453,17.40534572549643,17.256536799810558,16.27924607440932,16.053932255379223,16.621884692258647,16.79001044921032,17.21440162101215,17.55231472348571,17.97060381660983
May,0,16.821088096123432,16.541774331030386,16.196462713252096,16.316251584337106,16.263403807547313,16.04969798129309,15.315737825516566,13.78191619388088,13.233983527516521,12.606017291407532,12.5007961051771,11.595632987318089,11.879107718995536,12.77262941467986,13.06850143265054,14.039319195769252,12.461847861283962,11.784504359638419,11.332043901391883,11.447434342435997,11.454166364426221,12.305217790217789,12.707048855367939,12.729148813255561,12.416570750770827,9.757574259972227,7.6396610140352,5.964363145461998,4.706923699887416,3.7851250364445623,2.3327121300442184,1.650006900431093,1.324520207210722,1.0277978718935248,1.2423001748769678,1.3722189599186467,0.9290402098443745,1.4492291420898715,1.1290350874538566,0.9655622321705936,0.9369646605616937,0.7065951575477888,0.3623553436491438,0.6281935795425718,0.7498525402215602,1.0668536151739214,0.73358939845198,1.015672252436978,1.3406429577042795,0.6954408957115057,0.8328384572006466,0.4957584680793746,0.27118614620698467,0.7863256384552398,0.9652138003349073,0.49128078802260766,1.070269919779275,1.0045439083428787,1.2475133628714956,0.7108741025006735,0.6663444428329677,0.9788652758538934,0.8616270318687722,0.9779680073439125,0.5760887313375452,0.749598316252076,0.9965363331334114,0.9195823659914303,0.34875778100426597,0.5588352798649908,0.7527981026037904,0.6869122357029054,0.6833788519121354,0.9405165570647577,0.7703672161846876,0.14732595744562962,2.332382137957888,6.127742576593289,8.874129094310133,11.012510517574386,12.545290060017646,13.731750833600447,15.37535510311827,16.995265507576175,18.89418642942536,19.040994194157236,18.453811625042338,18.00895191854008,17.505689622732636,17.414916589559446,17.631950370607836,17.705883818749026,17.439561319534537,17.14920631467497,17.883190894772103,17.100033461969147
May,1,17.812288268597914,17.176588278802072,17.23693756394516,16.9546476544441,17.165163195856284,17.66691947153864,17.011722084105905,15.977039479465498,14.991598360087178,13.575108223441239,13.33857371191572,13.520799283160722,12.486132910894188,13.031696738659203,13.610086150619589,14.092480237688115,14.383872737710268,14.745340085150167,14.01641389770238,12.76696184771575,12.019907703725888,11.941169388338254,12.415290502903336,13.604204723100088,12.797042533239003,9.330005775883295,7.122003949236289,5.535430652326505,3.643756876705164,2.43460621535572,1.6378681052928445,1.398934583194687,1.2943600139898268,1.1585592017343964,1.3022728521935043,1.5705533484081777,0.7432016644889778,0.5580984958559426,0.7302180037117367,0.8074851186111558,0.6603699921960995,0.4039397007791423,0.8176541546117733,1.1371860160935912,1.0757168398579007,0.570290110102276,0.6248499480795885,1.0860295676124812,0.635061933294607,0.662418704452931,0.7511950521624716,0.7389225759464149,1.146792745512492,0.545875237642161,0.6221310790388581,0.8418030269627325,0.692770683116098,0.43520347198051873,0.8382312766508665,1.1015630390379827,0.8935788885435839,1.3287657578422412,0.6328185795377048,0.6524221285738552,0.7371759314435863,0.762626985276076,0.7504384507574062,0.5688321616757123,0.7216583669244432,0.7060943194449099,0.6481198343915936,0.3104855352865298,0.6657245890267522,1.090295540084084,0.7558676030430019,0.20243932357664693,1.2164631089075264,4.7405048531111555,7.829051418823996,9.839282527328193,11.22053947082426,13.894013155696863,15.660172252054622,17.45015047669916,18.72168706276163,18.831179580149932,18.16272386307036,18.122819552096882,18.212438537595844,18.207444771552186,17.439267204643944,16.87473421116338,17.12499507149584,17.53772795339506,17.705719877693433,17.613171120784703
May,2,16.375934946796242,15.539305840021221,14.343121202157674,14.126685945859203,14.695909951420804,15.93591258465288,15.884356994598408,16.167148520884805,15.220834724299772,14.83028015637418,14.137832062995614,12.926878623270598,12.683939508040929,13.399294716573133,14.113765239996276,13.726958595553345,13.213553566770344,13.150382870070018,12.63349399150916,12.965216113850003,12.671964551521292,13.165578207147565,13.072408293336938,13.568237078514539,12.83500327177052,9.550859490331252,7.71484055423875,6.155651535353822,4.236401846200844,2.4528569176042208,1.147718218203173,0.9348894771482351,1.134117793460688,1.095151326065711,1.4103673360855862,0.7080001381012345,0.9158903757622052,1.0057839227084135,0.9103463991004256,0.7138402435930928,0.7630683397360186,0.7815541868265321,1.1352639634380943,0.8228292956510124,0.5040397735144292,1.1995592976001006,1.089064415192835,0.6707718259483748,0.5155190523009286,0.8018707845827646,1.0344138241580416,1.2376579345207295,0.6719851496938708,0.9974472932654809,1.0926254452197364,0.48708810182039125,0.6632532414019667,0.5402621159554073,0.7309983515544013,0.8088325568366436,1.0769010593398283,0.6973419253799155,1.1886190126151952,0.6897491861378806,0.7310253798304104,0.6481796186899064,1.3668845715184013,0.4824404633845045,0.5922379484011772,0.5539260974443647,0.5632697346237199,0.5310631323817511,0.44794388712305994,0.6623031447618388,0.9682307076309858,0.537248502276519,2.4229123878125565,7.170311492343439,10.061151470458368,11.64769951604418,12.916307598494113,15.052914925641577,16.954478965529535,17.817802991145104,19.09802324340954,18.973378098464583,17.778144697353966,18.142560232480697,17.692953386105113,17.449520950976144,17.556880527251355,17.551508120409643,17.038615654514036,16.484118506679902,16.09282971891553,16.126213396094766
May,3,16.80786052942819,16.303313493084303,16.369192320236927,16.243130468321084,16.319353436268315,15.565562990872063,14.718576503706153,13.715944837861828,13.018959004005179,13.113066772900817,14.069529686207755,14.910891406157804,15.76440850465691,15.892259593120157,14.14165336248519,13.629345494342706,13.236321722895704,12.296987997793755,13.480180281678367,13.579612897813524,13.375341293973266,12.013655665453642,10.995757865390551,11.755000660260821,11.620547013776529,9.783585619897964,8.125237249575148,6.133590650823191,3.6952576558979873,2.4664676722273056,1.9508240083671091,1.0676114883530723,1.1347205427638007,0.8256263192406634,1.399286466119928,1.0408744613424286,1.2178941503351852,1.281278394191575,0.39967125296902223,1.1726923858628602,1.0038614636638028,0.7717950277143506,0.7805577691899833,1.04605402240523,0.8672264063943333,0.36793315907196783,0.8531236863925135,0.7693945985771389,1.2535122652521153,0.6082291962371021,1.2585004191287337,0.7108931874673925,0.4651779098576469,0.6179561738797551,0.8614705806703309,0.5954569110819018,0.6027969593183545,1.0789272526531661,0.9758537960877655,1.0830010255109574,0.5848380294266298,0.8900988416602426,0.4524993534043275,1.0078746313310876,0.4766092587291789,1.2850255680690132,1.2914720045622892,0.7063151055997011,0.5975033284257635,0.463587937739414,0.4338722464177952,0.39958321666051083,0.5728535705021414,0.6692897777864378,0.8002375446488219,0.3135383748255064,2.066846235560193,5.451106712489559,8.428988621009676,10.715274000259958,12.919554146325138,14.673023536740569,16.521574245430443,18.07552338905286,19.32031550717216,19.011412439401873,18.573193455680823,18.379328476529444,17.656911465754376,18.05742633400705,18.194805010607016,17.975568235903705,17.356270429390957,17.0509069398632,16.742065619690454,17.047590889709976
May,4,18.03198811564716,17.24306336653327,16.792604617331293,15.947789455505255,15.737709768847719,15.979573646837498,15.589018599845922,14.635904756657652,13.99123551604194,14.346248527921142,14.405267261067062,14.167273450466885,13.789605169909295,13.566277826926287,13.74489590414578,13.270625979988182,12.389696071262405,12.645918869855539,12.799687053302655,13.244412148467458,12.746497914655697,11.41664344438007,12.229852444185916,13.867767111229135,13.212983655471767,11.008346381524122,8.417297696792417,6.235564019974733,3.973256476889887,1.9698664146201434,1.1146242347107793,1.0768987308158502,0.9335541683819321,1.296417981901514,1.2367267162111546,0.8594033577846119,1.0374669102303673,0.9394731452852185,0.8598650717429558,0.8999908995308364,0.7788597221925921,0.974454583463457,0.9411270202904547,0.5806398700553174,0.8005385590386094,0.9378298801358681,0.8144320264009016,0.76270238153896,0.7648109207098073,0.4442311414808711,0.9125534747546501,1.0669797285257985,0.6898272111307986,0.7049906806463644,0.856298742219591,0.8705774963637979,0.5649984076515872,0.7863170370550986,1.1509376718458133,0.6612204539788489,0.9817808026161375,0.768967968016426,1.0669084219811726,0.9270788068856854,0.4704294669871636,0.7744704824809499,1.0883140879441229,1.0522299611399162,0.6543905585585257,0.37868877056621336,0.641453691061247,0.36351769995339694,0.759277251332107,0.6767614281866283,0.5427274852800251,0.322359099614046,1.915158494613453,5.1164886973624695,8.426325439119925,10.596236510666449,11.903002527889445,13.899032627545006,15.382198607227064,17.21955646756742,18.48366504232704,19.033515615957132,18.575472381522367,17.936514614414097,18.09292369669491,18.661028450636362,18.228595039291555,17.486067360199304,16.97140412019137,17.20182791930073,17.588704964075404,18.147662365746147
May,5,16.467926563408163,16.571742338495415,16.097803705472675,15.518113322523952,15.33590123908515,15.642043457189311,14.711582020236452,14.590133334316048,14.92733765086407,15.04745740040329,14.540928421719107,14.237384680360886,14.968552402265864,14.347439098002956,13.276594479274667,12.731679239720371,11.930032405662587,12.480583112083686,11.87526868866767,11.654440978049275,11.858227168247963,12.879021397706554,13.027470282893896,12.991350088341314,12.806029428901143,10.14753977839086,7.746744924898578,6.120477757555064,3.949501171173687,2.3775947715301777,1.0060406872267222,0.6434671591976237,0.7470815670878714,0.7615251517703665,1.3807111946574784,0.7822823625462442,1.0178021643219517,1.2646807383468424,0.925074804535166,0.814801019796841,0.8021513549647618,0.7772615110074538,0.5181187120996467,0.5427837256027795,0.6938684261952032,0.7847908923378649,0.7605967411411158,0.8469972225381067,0.8133182205875099,0.8005197711235043,1.079866754024951,0.4470534595187499,0.43796464133509866,0.8170744476828863,1.1885182537242123,0.4201078901465606,0.6382602767750245,1.2885804817334936,0.8746948252526772,0.7280161562487107,0.342469467041611,0.6417627633693425,0.9879207808200514,0.9995775023493619,1.0519135454161732,0.651884155058995,0.7929359663592233,0.8425153940203972,0.42956241195677397,0.303281622046693,0.5229967223912508,0.6011610497667718,0.7763861621635907,0.6105462873907725,0.500356632017564,0.2737547623530666,1.9499070229670807,4.7142347974956165,7.646780259398652,9.790200018139751,12.542181205946282,14.380140929058102,15.872177472552618,17.506519177987062,19.059700657599752,19.443110272108235,18.29293896818357,18.104949796000593,17.341094597734507,16.52654605188017,16.35185146191559,17.06864155157,16.601895945444333,16.64385418803492,17.388730164571918,16.932001610390095
May,6,18.027968860317326,16.859919205318253,16.83731345666711,16.93313517386751,16.626489334490028,16.58328546897379,16.62104005713834,16.372223884271055,16.077710753650535,16.384764860328996,16.20514235506065,14.98969578647024,13.846705222575302,13.14929338422713,13.207754640480195,13.687671493085752,13.631446936843052,13.994795871278662,13.868184777958609,14.12631078660446,13.894258647900765,12.973242673043977,12.257440455406002,12.65500594891225,13.511007139060297,10.309122089125392,7.713425570993991,6.245054300632095,5.034194486607595,2.9767271186627164,1.478235026188319,0.7337461685652803,0.9707325964446578,1.3547432204244747,1.2860655782821302,0.956756280907585,0.8561770475113704,0.7752672981220563,0.7154622531254139,0.8256507611203323,0.686462925149353,0.8683909268009351,0.7269036335641613,0.7880585838175753,1.2220588477453531,0.6183170123819652,0.9169457133669622,0.6627631307275849,0.6890994867401404,0.8533718673200404,0.6789629071292586,0.7640011704542935,1.0487439318326133,0.8448954398359446,0.6114719853408599,0.6879578051827426,0.9200382045163555,0.6833435714289512,0.8012508282837477,0.8574672097304539,0.4602138360517587,1.4878117028334086,0.5939516760825931,0.8578999406289967,0.8261842124737259,0.8457908805956887,1.188770736669595,0.6577008383364221,0.5167582029896705,0.5008120638729572,0.7262234229017941,0.4746623600629291,0.6887584859428267,1.040956714139115,0.6104071825435913,0.1329597636664442,2.5493931136010484,6.323532001664052,8.631154018064052,11.904749501353175,13.473853315625606,14.208160588962732,15.818073520994824,18.146784156794038,19.24081632070886,19.021597668372603,19.018018639414716,18.420280373231076,17.848948136344685,17.36775128258069,17.661350671076,17.82206483438203,17.545983397320924,17.831937387013692,18.073268965566157,17.677800080116686
May,7,15.746970137383265,16.3484469154156,15.756516713383611,16.085700497286076,16.88663099000203,16.78613914436876,16.365125046381092,15.497919068817271,14.875067848206836,13.965972900053817,14.263399358508444,14.975398005153048,15.297978149530872,15.002757577832712,13.947690218101023,13.308977303182749,14.002966854657904,13.190858650231355,13.420397454636914,12.619615656114183,13.593431758030125,12.470411922099812,12.81265706781587,12.93824202496516,12.591521590491435,8.244806225183728,7.521513126049587,6.916480178391073,5.154984249423397,3.4836751492266496,1.915177056487526,0.9392920190557649,1.328030105616597,1.263719734908466,0.9952108280744784,0.9053814709386564,0.6478742507715588,1.0686464923272037,1.0974366809512188,0.7699289242386244,0.7248852032633003,0.46725963626499406,0.8197035215443302,1.031982827501745,0.8273238507355528,0.5054116869495372,1.1127646439914103,0.6397991456367454,0.8168787892677437,0.7614669894131488,1.0012160714669485,0.7541025309813736,0.9458496469554961,0.6572797271980514,0.8335534749121659,0.7696002406275978,0.7050762984579381,0.7874604663375708,0.7533758054477264,0.7910062105580765,0.9584749782630342,0.7371594841328534,0.8637380742890334,0.691990814883709,0.7697510895982874,0.7411915753627526,0.8088416014091356,0.8003312815791442,0.7390721791832564,0.6383435587642724,0.5383669325591894,0.39212146400421183,0.7268345816931334,0.6331445231725287,0.5854352869055245,0.33581617660787055,2.132074032843082,5.756367171525694,9.194663870262849,11.698522758623678,12.858790270294007,14.378022432347272,16.092975756552658,18.06163772188737,18.93951269430537,18.820183230212688,18.27587315093641,17.198385026059757,16.7016020242262,16.89382126265111,16.99018880166827,16.41035003477005,15.982248046948559,14.842781159872043,14.49314636099861,15.195148463270444
May,8,18.025832489259038,17.513234086752,16.928795033991417,16.50485383383073,15.80237740700858,15.528755567742813,15.124598134035743,15.598728191267206,13.96845306098725,14.13215708367033,14.279875811220618,14.693010107624705,13.867668770283677,13.392308262794664,12.595760616311441,12.749007161991075,12.522934814849169,12.543482804637769,13.115393246172617,13.11027633414349,13.017862896372685,12.597252394824864,12.442195991484693,12.344994364452232,12.99906968105939,9.853693209236926,7.919008343681241,7.514838345713087,6.020050072887174,3.2468404596295715,2.1410761561278915,1.5109310867142223,1.4213153032108705,1.1162243577195465,1.3542960260210262,0.9110373800647484,0.9975592842495431,0.662132076844593,0.8869811263462128,1.0206485266531,0.7401893846535873,0.7639327512488844,0.5323943713927959,0.8866383570300449,1.0179885141762335,0.6414737943071278,0.7535263393198502,0.9754278495991758,0.9789079109705329,0.5360077479390335,0.7290839827836081,0.798033686015483,0.8657845622197996,0.9467986300120316,0.8471775199598264,0.8465824603012665,0.7691968023840242,0.4639280370869036,0.6970592518251824,0.9218064367604613,0.8025121103778127,0.7317187186201539,0.6627873390206639,0.7262283544575016,0.7549525270581989,0.643163027329044,1.0472021266296152,0.8089026121331956,0.8347842733571028,0.7645870663848575,0.4624899799511282,0.2669687973948493,0.7556818992455604,0.9336056201107265,0.6714202031562705,0.3159742708960881,2.154484413103411,6.575394043475435,9.274940242106087,11.848915745839106,13.529064491097978,14.662329916454228,15.330686331310323,16.885212124333023,18.331449432223035,18.018775154242817,17.788134328381442,17.52657227697989,17.34319657016431,16.993621058224342,16.542855927969775,16.23430136092999,16.14108662899373,15.974914401022602,16.72761561311767,17.69794624969721
May,9,16.725475579749308,16.513671194096354,16.464918260091512,15.868858309439505,15.155994482858397,15.491633880550642,15.222835629659718,14.984897297128729,14.471238646375268,14.034409027348763,13.531179544868419,13.856590527561687,14.53547708620481,14.371241879116187,14.020005280673752,13.462693751649008,13.114075698881248,12.909562982603193,12.274937620411562,11.592936699446613,12.134323281282445,12.670509432632375,12.503666627684849,12.838196019525112,12.821316471323817,9.853543554486897,8.814126803116723,7.431461611691632,5.335401718460402,3.4783812504701603,1.5836728926584138,1.5134964601645866,1.0969723634346484,1.530945268771563,1.519329393216307,1.2546322264543157,0.8798937209203888,1.1155888352029304,0.8186651414403053,0.8213988501620313,0.7588401303304895,0.9117425454485022,0.826261227556555,1.0711596733742583,1.2028714159771086,0.5535646690909525,0.9335364856672924,0.7472153630285248,0.788922037379862,1.0876566770907423,0.5986057576833552,0.9157819438107988,0.8052053147592758,0.9639658423825684,0.6172285106309843,0.5516425743285832,0.8513031665442077,0.7884546488745403,0.6445561673014498,0.9888319417517373,0.6702087396187402,1.0471688799418375,0.8747642708251242,1.0585386264633247,1.1602220012643312,0.6751629989506731,1.0138378733300977,0.4626201690762379,0.8633243686538203,0.32619191302502026,0.36501458590309976,0.7029625096042974,0.7848677869174808,0.39747339602577636,0.6044871616771091,0.7142807590803305,1.3779932116045965,4.5585311442097485,8.305518004381158,10.568277733197647,12.189121326150653,13.988502230976716,15.53792158651177,17.18133415943007,18.69856345965282,18.922796756772314,17.836119283070694,17.77533445372944,18.523187387480945,18.663617536597894,18.37547002986848,17.436563728586403,17.398805791292816,17.124614121006175,16.528797983036167,16.351500123444502
May,10,17.136280973482844,17.10146003275588,16.29548820195576,16.02731479900065,15.939304794052827,15.630255028593515,15.391014828465234,16.224894823645702,15.865458421224274,15.059173867234447,14.076121222566677,13.738522826382404,13.946880145865064,13.64828831711809,13.747718796612228,14.738454127678457,13.864352724227482,13.038538323239676,12.212797639771855,11.81979778424622,11.540715026895409,12.93608232071085,13.614705458517655,14.811528100574044,14.524286173703684,10.656502636967895,7.258245112998634,6.176975326920675,4.034789108964189,1.954402032183525,1.567673117185047,1.4852886202199074,0.8729960832740069,1.2116702677486701,1.2242539855207386,1.0735002175633128,0.971366073531719,0.3827140611976002,0.7003707199768434,1.5177181123869643,0.6673519842704352,0.7376401741441515,0.7975735068770838,0.7662877270492012,0.6391380827550696,0.5922036078835423,0.979235336327722,0.7529193840990861,1.073885765715489,0.9151484550681518,0.8271797042112,0.4367011246491402,0.8388790511834692,0.6073157567582292,0.7376322722942495,0.8066670820864005,0.9943013033459274,0.8334469930930035,0.9858120568558874,0.6636169491964464,0.8301132944000619,0.7854847693524769,0.6288770786939656,0.5709659452139123,0.735732945416432,0.9511789476237938,1.0739662634882245,0.7289075618337181,0.7036090785197877,0.6812730576530459,0.4893097733665365,0.5085275939966255,0.5674058655606422,0.6457991417223535,0.9696447774101362,0.3788927569618536,2.18705888649855,5.961878165276169,8.571822322491283,10.445951019518635,12.75277020442533,14.890532811532413,16.583899828127155,17.984867060332427,18.95928043973858,18.585156170562456,18.178277075997762,17.73494780803063,18.030436872983913,17.773906143158474,18.36760577431159,18.299996710724965,17.822510629204785,18.0287065908323,17.436268956639772,17.32250410919285
May,11,17.738928935310955,17.08413374283234,16.802461709208647,16.487393153519147,16.45815391232718,16.616795010349772,15.69616278598902,14.154787219142152,13.200853706273374,13.158544721469509,13.575383905648806,14.745695138364827,14.500934169785513,14.773723895638758,13.95621486417359,13.27583367608732,11.87380222251244,10.551245994079288,10.969909139654995,11.530628167268294,12.124174774866763,13.235129827708306,13.731529335416674,13.913307294163959,12.544018604581701,9.014124464619375,6.859873008215809,6.25965931498879,4.5408875103409025,2.933181805023767,2.0643982466256534,1.573244216433431,0.9742939092512786,1.261676750161672,0.7899521420050496,1.190434733850046,0.967475585839762,0.9531539775368815,0.8222122880325073,0.5839268864032161,0.8833714972274822,0.8281525478226223,0.6179909055731817,0.6109469439745981,0.5130412997669398,0.9719477433579462,0.8318097374587897,0.7585993417708708,0.7449454809830157,0.8047119176230196,1.3058906761102775,0.6124856802000447,0.6749441341246679,0.627949137969692,0.6221871282756164,0.5587337701047821,0.9351656285658844,0.7039114913646308,0.7225344586835062,0.931746914140718,0.8171800097945663,0.7250067320880887,1.0024217740606816,0.9559206321188494,0.7457153876035939,0.8437601698897557,1.2053627996808862,0.8122658247539778,0.6301739156390492,0.4310468343350067,0.6147497087222918,0.45144637763687584,0.7231677800716316,0.39672944535758936,0.7201881251455986,0.5818123079697985,2.1073739341377835,5.179389203985551,8.305460089881146,11.246507992917344,13.44738340996785,15.19719483193447,16.762961546836987,18.040050216278722,19.16825268441149,19.367505971912745,18.588796416005856,17.997440338386387,18.02201399780162,17.439497404453885,17.136969999573182,17.042445003975317,16.672841207941318,17.347104490255283,17.674504011248242,17.873063784071064
May,12,17.37034167826217,17.34828736046883,17.289646918197306,17.071454874274536,17.1608396686728,17.112750725148484,16.63853420978531,16.144047915479685,16.04983433846068,15.936843371965542,15.592803508126527,15.696914073000853,15.085834941511507,14.035160073478686,13.661791802121957,13.43030660854661,12.820133202024067,12.723093125987042,13.377597828521619,13.423680754532231,13.45968760071439,12.933623680822826,13.333282503535118,12.960951497159389,12.7570699410058,9.270522832761108,7.952886511013773,7.6826473660900945,5.776188509973291,4.401259441977197,2.3134980889603067,1.8857387166725545,1.8473003593257138,1.1526940361022193,1.0737649675634027,0.8928125318735773,0.7369950624389848,0.7758771019822193,0.9916300091690692,1.436701524612338,0.5678040909642383,0.5609417306923425,1.2838286007683668,0.8479655167625019,0.7234043005274132,0.6389251670277964,0.7600973133579859,0.9255579389958553,0.48565987799081867,1.189041329537323,0.6105550013960678,0.790408803725793,1.098998639686535,0.650334013336407,0.7283940024179422,1.0896306183692492,1.135805466676725,0.4498464908125173,0.5415992833803396,0.6176867800100443,0.7225617925327547,0.769739159904628,1.2472516480829434,0.5930354907056008,1.2544144773987669,1.0710501924709839,0.8646173728473784,0.4448814581731614,0.7095633239799007,0.630255225115507,0.42033256798186797,0.6850302850112004,0.5144336794977452,0.7686485403067123,0.5528636973763892,0.25932999141274976,2.118721346211485,5.881108445836744,8.561007374852322,10.615080080980446,12.527901190665496,14.265471870795261,16.583428561391415,18.193737682697385,19.084366652313623,18.83839696176632,18.44110112144069,18.02332192199593,18.04854104927805,17.69317567959634,17.30701500793048,16.755178842003353,16.348050039550245,16.01537083043071,16.44104090644581,16.836258667850007
May,13,16.56419181486674,16.15154007672893,16.34111383598299,15.803910257310509,15.578692954403389,15.1216669690997,15.463813628496643,14.75637258919908,13.071066751551525,12.194580286700699,12.405938711799262,13.012432392401417,13.038267891200832,12.560820626913292,12.58882198584349,12.663826540380143,12.97570187486911,12.20578717439566,11.811158525511326,12.515798703650233,12.563949576010252,11.431478074898301,11.352233454441155,11.473143424295984,12.279477006430279,10.267057125965238,7.970227367246531,5.778839303054372,4.960631828488555,3.106049008264189,2.2193838396947894,1.4758138007956412,1.1511347849687599,1.5848637108357455,0.5736408691925055,1.0187947538641435,1.0124011772685806,0.8208920235967703,0.6748576925490286,1.130049691260989,0.9842598300602752,0.6622359859723475,0.6833142934557686,0.7307521410633877,0.739466069664805,0.4562006771041574,1.1890067892650902,0.6670154148297739,0.595539998536315,0.8182297206281739,0.45819856438989515,0.6745819477574305,1.3432555626908056,1.0023640219749066,0.5450855582089439,0.8139448828414408,0.7968374206369924,0.7786204264274071,0.591468688498662,0.7805974027721688,0.8980675045480759,0.6902367126552281,0.49303333822086043,1.0607968392906515,1.0526093723138694,0.8797845475119598,0.8858041893475225,0.874160092165445,0.41696692215446246,0.2703049657224891,0.4326018774118457,0.8717516562608426,1.2280373470285397,0.8022016218184954,0.6810847042331575,0.31368003061630795,1.3377302191085172,4.598343812307643,6.850359813633145,9.274788332751283,11.596630462730708,14.337998073441474,16.511013085872186,17.705606458921185,18.167799666662308,18.53379186841695,17.8624721794024,18.10380792137769,17.47068248586022,17.175045087703836,17.773988875638498,17.413323169008468,16.86853896642466,16.29399835053784,16.3932614142199,16.63991885227324
May,14,17.759536917757185,16.627626594375037,15.570603856895726,15.339820240051926,14.636222580186406,14.697030521575408,14.430582683232114,14.787462176353365,15.08698089104878,14.862723132753306,15.170665715197966,15.329172334268206,14.789169105501127,14.159922112493957,13.96140485930161,13.092473681632576,12.788859354798102,12.052035290988867,12.409957226713484,12.347411472876455,12.893603517341052,13.408712386851969,13.772381079939407,13.50488508988669,12.76068706111809,10.531544480745136,8.09281991390092,6.097674451991037,4.267152230617509,3.094903837048693,2.0775740385048023,1.9858153619211207,1.396384410672103,0.8882364304261638,1.1126112941208985,0.9749145465904397,0.6349955291742799,0.56163844335094,0.42755126502380875,0.7727338133914778,1.0211154059366114,0.9931077866307876,0.9298998439428983,0.977095309906263,0.8344083890613153,0.7772761656489213,0.6706145843871492,0.3317799368577925,0.8924938043228824,0.8615112323049199,1.0073893204939794,1.0950549282190216,0.7038997502005326,0.6447432092441142,0.6820903416110728,0.5573477209277713,1.1507784205128866,0.6756656454457677,0.853597290393021,0.8988226076273271,0.8946910874571018,0.7752417741509569,0.9452505637273766,0.8754006304478703,0.786516736843957,0.9372628580016713,0.7771466454505017,0.7505102373767526,0.7412288345506985,0.15851128611775545,0.7205269636967716,0.360703782033821,0.8766623142324269,0.5646305316116733,0.9070181560343241,0.45332314901674814,1.87992817619899,5.1403013804367985,8.335670299360602,10.942073907068373,13.096075025473658,14.897023815659393,16.0282171828287,17.16845067800983,18.32258858377134,18.651411097942212,18.07599532938124,17.52806921982037,17.353326623175494,16.74926756513096,16.614380808266173,16.711726955163282,17.19036947795338,17.38874856561998,17.44280550326537,17.743978520573812
May,15,17.481663916660207,16.659888271205045,16.146708188340455,15.252449321420224,15.382944607979256,15.454325615563063,16.032929376762368,15.19167353664489,15.356669961630237,15.313180913146233,14.792817946231988,13.215330720938296,13.519839360622326,13.316069164080703,14.207376945256813,13.698827937737228,12.977379029798653,13.277333186323965,13.66350388296457,12.660831692894897,12.062189359721799,11.71508877952434,12.582009562404602,13.495243977143579,12.950049828896539,10.764953004174837,8.675109449132753,6.773234527345101,4.150593002389812,2.5611853153892756,1.7892837399015908,0.9656408914380423,1.3439374410395322,1.059783154809465,0.9321886084758472,0.8570957172302092,0.8804243324822836,1.2762867563579108,1.216985288339166,1.2133048339116537,1.1544798548038453,0.5952714694623683,0.45491042960981054,0.9876579614328551,0.6295818108963818,1.2470120437416106,0.691326260168388,0.8566444089419033,1.055949712369341,0.872358344604346,1.0474918939947597,0.5668834771284509,0.6463274172772105,0.7180576101327215,0.7598899605345812,1.0210953046006137,0.5212107031924839,0.719056114596084,0.6654856570854967,1.300679690836683,0.6522204653266139,0.654348787757589,1.03074026341656,0.48533174164351833,0.8546432993826638,1.1995783889498928,1.3156147637225308,0.8331400525108807,0.5738760581450568,0.5930842156826581,0.3248637149222911,0.3778003748003942,0.5724583803945694,0.7317689421426966,0.8587729566296417,0.3686801104451592,2.4670635821903364,7.137023375183404,9.51218592439211,11.452688230651288,13.641590570334008,15.806962946037425,16.96808198657258,17.796443514996785,18.73257671239299,18.642471278465525,17.588491774578344,17.066625245468,16.993452942920307,16.723316098158524,17.876412431044056,17.91266882591864,18.18183951391791,17.93399505486166,17.617494298344997,17.362177653611653
May,16,17.423174520450647,16.745815147722457,16.59607015915504,16.027877934596127,15.663904630327863,16.06385970829741,16.415663064107346,15.425069461636431,14.913360601222093,14.871984485939599,15.188574959200528,14.86838795478805,14.031046729464396,13.031899232763632,12.70973012271245,14.252966447655767,14.274640792952676,13.661039937224293,12.062343112085093,11.513971246373833,10.953420040067575,12.19813810760114,13.795596458334801,15.456606610957937,16.36498874176905,12.500003319247893,9.600078253207439,6.903346259524058,4.659737877941428,1.943434051513129,1.295592643276243,1.3804367243599045,0.8544392923321832,1.2216428923083287,1.1693543393487957,0.85380404542813,1.3245950707890517,0.49528956613508,0.644194358994828,1.1926573399051241,0.9093145619856345,0.7933450052221256,0.4780229544726804,0.4459093316814951,0.6906236404658791,1.220093534352028,0.9053991670657793,0.9509129765300741,0.9188539089702119,0.7748419243744267,0.9345461749675831,0.7085357616342378,0.2982011116347917,0.6273745318671011,1.0897643671462136,0.9354505007348551,0.8070507579228433,0.8321725486063755,0.8437543386716057,0.6237880983897318,0.6796266599185576,0.8803741942858055,0.5048942764174797,0.7330854457892,1.3355908002315589,0.931866093740738,0.856108415490995,0.8086393198498345,0.5936166546921549,0.6756379484902477,0.4865357050777486,0.5206756097693167,0.46822886833998384,0.6291677907772771,0.7655585821821002,0.24216012379132035,1.9643489813295922,6.448406954750179,9.566241063111253,12.533816282471957,14.227340972239478,16.01099809813326,17.56750835794366,18.91840030829941,19.01753512365485,18.8992094255248,18.316174180550934,17.250823822747552,16.86984642037702,16.864599146927773,17.22015848819583,17.229817872751187,16.399545731952397,17.153579094975655,17.544639713141677,17.589532044709152
May,17,16.50740236346563,16.458421528710655,16.45392809404953,15.594626263710829,15.711354342447283,15.127476305618371,15.450370205599365,14.693577135807962,13.970779490509994,14.627749027526203,14.714014751058055,14.467099819437227,13.717226655829567,13.665046981523242,13.103539173305263,12.695576738932013,12.519286925483936,12.418328921901452,12.214873987148593,12.375520754334557,12.226068605341226,12.516560722037044,13.248634347416441,12.859024267438281,12.774549628945373,9.870248633927725,8.696677233040484,5.848935177224622,3.7077038863131837,2.3231057794667227,1.3126867628436858,0.9936187432212584,1.0145359124805833,0.8796258145587795,1.2225221540806321,1.4119223510835295,1.3939850973550423,1.0109267229295371,0.8580737760381382,0.9541683259490841,0.9495223948941248,0.46696085974650015,1.2303296594058313,0.8714754165165199,1.0757337110102836,0.970721971706355,1.0725423321209286,0.875509701439744,0.5747863154049497,0.9645382823069419,1.125232874624498,0.9219805903553234,0.8082702161898684,1.1894823102007315,0.6381413880683553,1.2211312245442723,0.9688877925142553,0.9941342161611648,1.2271138566340276,0.7380938565751572,0.804676092422905,0.849092875721602,0.5093163621146893,1.0684829814133854,1.0873734564527975,1.0022869970109154,1.1750081306642537,0.8814946266027783,0.5588047699547054,0.49105398845089604,0.6167115618144907,0.677903694600424,0.7168490010771952,0.7172932162441268,0.4018375289802518,0.3220241780101094,1.7666546984191378,5.230503707203108,8.997264883578664,12.117479215134965,13.918684913746695,15.48883325281786,16.93625060812396,18.26759889648918,19.11592081755848,19.016896325013594,18.630080197485377,17.75319081087283,16.746017070344063,17.032785502343863,17.288202032427897,17.155932488490375,16.854234367382052,16.55579314004435,16.074176612615176,16.997394834682503
May,18,17.36741730775409,17.107292908526354,17.206429672671536,17.21458522274256,16.65694065090809,16.579134249838308,16.490975136208768,16.183767093463494,14.835557114779194,15.046800196891052,14.846016045895627,15.39361557044496,14.404309939423838,14.129993384474856,13.451457052309673,13.679951071398966,13.333134174251889,12.583859327402099,13.129794602773778,13.311867655980496,13.627211192862564,12.602541572441828,11.620966578053787,12.51096446066935,13.448781796313574,10.686854984103919,8.044430341828239,6.528123880297268,4.766727644304241,2.705475364051028,2.3165152022208764,1.60912534118307,0.936826847563891,1.1530544006393115,1.6381551895860165,1.2462815183079503,0.6852700507252361,0.78769291985991,0.8803996230084992,0.7827422431902599,0.8234706113395011,0.859547042504042,0.6123554080148725,0.708317586673461,0.6777044173760658,0.9069296142696482,0.7675287522693333,0.9565664534737828,0.7366758774788242,0.8200033992358288,0.6746708834218241,0.7670626849911244,0.5036457145322347,0.8721680352224797,0.9798957214886003,0.7386364329367848,1.0370651146033534,0.4457302166979967,1.1413110406344977,0.49164530222522324,0.6845257512952477,1.4649175649377164,0.707171482967618,0.7037373016883589,1.054011208637332,1.0080185296921575,0.6244551843876309,0.531937038499535,0.5262639943722545,0.7105590581507444,0.25923394333812716,0.8282122836775485,0.6152637706050625,0.9534819634738059,0.7991540799723793,0.24828534629873397,1.1902340479482925,4.095985453298884,6.674554177829251,10.036250062660791,11.793361458043362,13.562307059973637,15.336459946530594,17.192762469137264,18.92653376868224,19.32595058603564,18.5665196645091,17.600508196272592,17.814957371716137,17.413280746627883,18.339005655381236,18.002011146534354,16.779392892418915,16.736138781934464,16.903237818957294,17.133401782827754
May,19,17.48928915686242,17.38781159402738,16.771852777678383,16.57472392357177,16.59108395365706,15.912867615318142,15.856765043432604,15.724096745664562,15.746419888869344,15.122496035044632,14.722887942322272,14.462282261347804,14.294299764000431,12.958507712103323,13.484864912957242,13.15151838805307,12.867216720577598,13.294237574813758,12.992882264155003,13.754785181099079,13.986859828407217,13.43647971582637,13.221898496603805,12.772732596775416,11.913206451020008,9.292389415142791,8.328281280263344,6.3457709002060945,4.545030984832399,3.730766469256429,2.15487002886977,1.7190741608846338,1.1127700219187084,1.2438094060396347,1.2520428566151882,0.9152342918452211,0.8547040379713203,1.0215868774160075,0.5734599465439439,1.1833217078709963,0.45236124226484165,0.5905188918452969,0.7469690031371723,0.8794673836883008,0.6928353479138819,1.0811445966347235,1.3145836181846233,0.8459981830010241,0.8829738821104336,0.360742898838301,0.7455473773349222,0.7811209682313045,0.5430673393438376,0.5647727333858421,1.2586741066559723,0.7089785164721996,0.8262905869081939,0.790966796418602,0.7373235742719547,0.6436728054699609,0.73253902505247,1.2327251147579212,0.980763793406425,0.7037423807568122,1.028739952194089,0.7137745157993317,0.8824580591818398,1.0881031877012692,0.4184251512819161,0.7944485963489786,0.7994125591700019,0.4910310949821748,0.2741158418670347,0.6870077268685121,0.9815898368053005,0.28413243091662055,2.244778573728918,6.001129840663891,7.801535189618635,9.355253729492187,10.853556059955276,13.192635730640026,15.693569887845468,17.574768404856112,18.81294262980348,18.89471953245364,18.672372799553738,18.737102822944802,17.883883453685744,17.530058091143363,17.179697088579605,17.027413823721528,16.83756556538916,16.752567093710805,17.156036958972233,17.424204131905512
Rainy season,0,14.248725215335465,14.95315667612575,13.50924736737403,13.343032291253518,12.970635507555718,13.744539549931917,12.021942910259396,11.99070644292528,12.11625758323874,12.997418201708975,12.876581463530755,10.034416870636173,11.10848073399439,12.36684984150492,11.110487071511086,10.178326484898372,9.292309651435978,10.5959679471559,11.362171279462697,10.910755974733062,8.983766980665708,10.378424015088001,9.960797378361873,10.77778864388729,8.24073532106653,7.997573330508737,8.572425985075657,10.84202099709811,8.039210584846204,4.725376059398465,4.19951287592673,2.1502830657828786,1.3262804040774059,1.4040835861518828,1.3526627030111162,0.9878886515402352,1.2106345402703411,1.0494786723458032,1.3383067105438826,1.086340840169147,1.1221343021266166,0.9749269162490886,1.2403835552922469,1.1650131374642574,1.2329240240040502,0.9555458385899522,1.2652705501284853,1.1565150090966358,1.1216490891027107,1.1186355779057484,1.1021167670782714,1.1283813045620452,1.2751439313087636,0.9262365220139491,1.2134996462035434,1.1699284662452034,1.2093358844601734,0.9621876662142106,1.1738318494201434,1.1158969770000369,1.2862401682784088,1.0599236597160553,1.0564438716534295,1.3321752693036686,1.088216594105804,1.159383211574526,0.8870592447876277,1.240446889012606,1.1222809363855377,1.128331752992169,0.8886455051503741,1.2425703845690892,1.02289951584233,0.9424940529499336,1.069120551872216,1.0113193161615808,3.8179841545866595,8.593133402313393,12.581529173367786,12.580082412841705,13.73442542419096,13.8591445144823,13.938237747922479,14.098994918962815,12.952330493091186,13.253615663455559,14.04684411457141,14.284251283912008,14.083472110942587,14.00060665320913,14.608883947447826,15.089275751085982,14.525981630361713,14.954631193242237,15.092344800206126,14.956089182734578
Rainy season,1,14.553955624002134,13.023726198643356,13.107743676570575,13.237856967768115,12.763942584179121,11.941270627991246,10.942337870630316,11.120823730532397,12.005410914733622,13.468342994998387,11.915469977300148,10.656362374831755,11.128300270039892,11.986278867767483,11.304501905824907,11.009583629599623,11.67360242964714,10.62536455501609,12.065957328840966,10.013945594411943,9.68867407770367,9.51442178601197,11.395665175974598,11.301173760296939,10.233895222584616,8.448820698463546,9.60678571555258,11.538267887629369,8.249952185731624,4.814318526546477,4.4203640721752135,3.438339881009407,1.8446430176339454,1.5217346809142884,1.248179123579303,1.328718694236317,1.568645464719023,1.1925046238993369,1.105973927029934,1.0457100822584562,1.2303648783182974,1.240895315593087,1.1610957145029766,1.043046191725931,1.226365217822403,1.2007353723255947,1.2006775592152745,1.0893652819129251,1.2643981378133937,0.9355603235906654,1.3255452415114024,1.177495257346744,1.1367458244730693,1.1841420541553813,1.1944596847002944,1.2329652247466887,1.18339301645307,1.2565449269821085,1.0212601462581032,1.1730407760044188,1.1767784810621473,1.1271442511568488,1.1058115898518428,1.2180239753080422,1.1846012622322875,1.3496210289857289,0.9719469840083083,1.0976336653319911,1.075686832877852,1.238604553637408,1.3363866108489937,1.1286570385126309,1.1007646367495154,0.8136214874117953,1.0295421540582252,1.1002795664324079,2.514486751058132,5.8981557473394615,10.561539187974514,11.227527828333026,12.9850876774042,13.99283821612843,13.774797553861465,14.04312530911458,14.805883828795336,15.694490674334647,13.930719122571478,12.770970305000974,14.786805482735335,14.70930384396125,14.846619938237808,12.133867491649514,13.07736280129635,14.572116604594424,15.049930916057328,13.754218607617089
Rainy season,2,13.970742935512714,14.16278626283212,13.625719955415338,12.561627964311187,14.621040153438997,14.326250845160585,10.236076873352669,10.409024461469937,13.429854670027119,13.217739204558479,10.23823368083788,10.135650416161722,12.65407822115461,12.12387603755423,11.003235454081352,10.912713147318344,10.308950961060875,10.996169709899537,12.523381170116343,11.79030566941841,10.318992016847705,9.334812500989992,11.38148688329908,11.925356915969077,9.28674437180224,9.076958755434053,10.914917168486747,9.623554161057408,7.398778016409936,4.112417543236334,5.686988943393813,3.4785122633736942,1.5020667029321195,1.31477552604956,1.1005590546795134,1.4505522487617373,1.107577781750993,1.0597355635024954,1.324295202997525,1.165603988204658,1.1885897659318008,1.1474803646293024,1.2043895750501232,1.2566749711480762,1.2204053113616802,1.0711900757263677,1.0848920075333095,1.282540742894794,1.1572948703029098,1.2685721447179623,0.9901941693628765,1.1276118689428845,1.2413918554942023,1.2152941949530465,1.2228104038448542,1.0367070207481595,1.2461646141071627,1.028764615760788,1.1830750694490115,1.0377341739807133,1.2928075475804843,0.9818103641567587,1.1342782619858027,1.0870191981109703,1.1984421583821363,1.0485152269016114,1.1377174319152084,1.303738281479683,1.0983940747972654,1.000620005950214,1.220672798606701,1.3056902072352867,0.80933389584623,0.841586986722199,1.0543097740557046,1.1307153513494312,3.125999295244517,6.134601638687894,11.671272360231832,14.680352695165594,15.21964719702829,12.95358695934222,12.333073419776671,13.925962525771515,12.844418621973952,13.726329937870895,14.792578560751418,15.648441577803986,14.438703803893302,13.527421523927323,13.663931345456891,14.592055716505875,14.890546830336481,14.342222725651641,15.111727760109636,14.273039927838292
Rainy season,3,14.519140217877172,13.302598883355346,12.434547301240936,13.470852245491,12.636164593778927,12.881283681028311,12.424645101947416,11.272212818056143,11.272145652072696,12.135910996465418,10.82982221769775,10.31504507230835,12.051463242083122,11.69429784518118,11.968495316513254,9.713274999194287,11.516391994599246,11.56387469499437,10.849315776665009,10.00708507673726,11.142856400059827,10.843106433722339,11.030238563559033,9.225064260102666,8.507946150523606,10.4578580287753,11.354194319616182,10.164529324944688,8.474701202066033,5.314661004131059,3.057608207288258,1.8627449577974045,1.689073290272837,1.858067757568211,1.0850329512450165,1.1046129430423275,1.0748135476649827,1.5019939175405945,1.1893000624328076,1.0798492628476801,0.9832968217703858,1.3591616667431887,1.211426301427003,1.095778283419586,1.0833069567312519,1.378144843138697,1.0702986142130015,1.0325338701625415,1.1531057414878783,1.255869852190233,1.4394532229746215,1.0765463958738004,1.08565822621491,1.183302683046455,1.4481544299835825,1.0521682706206674,1.1934141645529743,1.2548320244317688,1.1011547668517314,1.2361694205140397,1.2518873433582862,1.09871558995719,1.2684499828025086,0.9503867382049556,1.195347202704888,1.2050782052878746,1.1221792771784684,1.0411790089312605,1.3707407238338432,1.0784343488420203,1.0438300836019352,1.2224666451542454,1.0821626760184302,1.1556182079194566,0.6887087666261152,1.0672567402347797,3.756278543894778,7.19588365867135,11.7718533689291,13.967712134229043,15.288842594311914,13.95345136496747,14.050539746115977,15.14359418774284,13.812175081441698,13.018824761402344,14.041852557410396,14.395441504185007,14.379193814793357,15.03094148937611,14.638519419658063,14.471202168587023,13.68899725626605,12.783374391965994,14.991089497475711,16.331311659193265
Rainy season,4,15.597565949412436,15.060493570160979,13.474442090805061,13.034508982658599,13.468096238012727,12.856678944316439,12.891648043139691,11.152519098502388,11.910221974696578,12.17794457835049,13.326145632786677,11.055685932154734,9.881971739523076,12.375106335947617,12.02161277583705,11.582589173034851,9.562868179707321,11.186898290720348,10.518521749418436,10.694935468621143,9.584289501225705,12.83944813881838,10.692783789102075,10.08705462671672,9.333022315471466,11.9103372377421,11.50816434372579,10.396222246422726,9.991239412515254,5.454502560007137,3.4681461837015064,1.861530192404826,1.527807201132029,1.408705390160931,1.185174511874566,1.081051996113913,1.1115098377140675,1.1298644714155328,1.097662429403359,1.1950667068088003,1.2278320081277307,1.182760480734949,1.3031597799796293,0.9613284072937031,1.2423698113464638,1.109355070332551,1.325252109532381,1.1289240692325686,1.303427725160223,0.9267595158467773,1.410395577501285,1.213808718858807,1.244635183965218,1.0553753767962488,1.0823977676521477,1.265506935610742,1.231587006433101,1.1397249731367267,1.1818251339119992,1.2963706711388996,1.2130087523428297,1.1020930081242635,1.3585987047822827,0.9816977809450077,1.1791043139091266,0.9866013601127256,1.313602766337986,1.0168151933396938,1.1601159979763904,1.12105245107888,1.3505215430949622,1.2549009354206881,0.9469396501709265,1.1218279161789708,0.922562690008052,1.0693872101822222,2.959071963815006,7.572591102454953,11.95152323064809,14.495243213337824,15.54653349734247,14.675391611470301,14.512854950710782,14.058885642463302,15.197551801860003,15.812884569170718,14.871020652986543,13.382594675658401,14.499332685805623,14.496414967486999,14.181565831504019,14.355740522018122,16.030409622166268,16.521758050376697,16.406493319139322,16.51849938925217
Rainy season,5,14.445976269636553,16.62239445385146,15.312371043487877,14.085696676193258,11.5139804143842,11.912398216623028,11.445217110952273,12.173084135817415,13.554708706269263,11.404629606699537,10.41810581858818,10.229142498534635,12.672518326965907,11.973898551459554,12.126131668906162,11.3880744863646,11.196633035861987,11.359012123116623,9.341740451552914,11.419628232652933,11.182374998724187,10.228676483983891,7.785989281457777,10.466151415669609,12.62721186026534,10.481444479591628,9.053053969397922,8.615095287288062,12.155840095956343,6.096646503352632,4.0018067908908295,2.3806798453409312,2.5668485992041545,2.295700692537963,1.0864877757851876,0.9584918217214351,1.5935277882553143,1.9356644133683205,1.248573408467234,1.31420596390032,1.2856650891430477,1.0997676725337868,1.0887613929148794,1.2929555476628134,1.2574785693830626,1.2319706023879007,1.0283541691596627,1.434322265913772,1.1157801045803808,0.9899492570620437,1.026556848310994,1.4235907926578533,1.1947686186561428,0.9961151685553573,1.2070346854444607,1.270297891582732,1.3274695655497317,0.9910580975113822,1.0981932762247326,1.3011521161474582,1.1237808606923687,1.2769656837098065,1.12572164836669,1.2782348255905949,1.2124439608814725,1.1457779008613258,1.2385991063135036,1.0531111529361512,1.2480179304531314,1.3283708005147123,1.241279205454199,1.1111517319089654,0.9754248289317804,0.9670852325058951,1.0946791735335324,0.9336014299337151,2.8462476357071282,7.789805663612866,12.265578374557998,14.504815769211461,14.996948695386797,14.345766355683587,14.67269862427525,14.458804528313243,14.669735549031564,14.488055519377424,13.534234112445812,14.09146802795183,15.534070243670522,15.431913689644485,14.517961716308934,14.182096295067591,15.391633625439678,16.79044383674023,15.96348368575401,14.927792034391821
Rainy season,6,14.569086738886954,13.631446935624018,15.145099977359779,15.504023872244938,12.784203819625166,11.906819882872513,14.342420897724313,14.856429998939852,13.195267461454717,10.605634654987512,11.53431687242076,12.633977148609969,12.816852597039086,10.98048026901999,11.523328724060166,11.318109775004238,11.114852153840493,10.120068786610519,9.998607421521898,10.477787055974554,11.288418281169125,11.650196923993821,10.05212952212353,8.939371687014562,8.955280661452372,9.279443922645669,10.45783866287758,10.163674504779044,9.321694266885693,4.101545147851301,3.7353188984873347,2.9942908115305573,1.9980198647873988,1.2211420693529627,1.0928844850837651,1.2199094443703709,1.225755725263966,1.3442736141100362,0.958670328393207,1.2689947723802935,0.9114310895225315,1.3421368343294717,1.2250735100144778,1.0581508464552754,1.2459926202118181,1.0489953999304493,1.18622899675104,1.1922957834182017,1.1884664053083138,1.066933680377041,1.1780288949837174,1.2715906927241736,1.172472440534762,1.2880805728252758,1.0507467036948752,1.376982115528145,1.2098144314998616,1.1171156415544987,1.088243562877659,1.4373467808277083,1.2025143772942415,1.0882501749655726,1.0292397527528065,1.2445306936427964,1.242815071586396,1.042747164488509,1.118537703665711,1.3164095453202778,0.9658864921596576,1.3713184535694067,1.0507460726246223,1.2957633188529258,0.902969324931846,1.0484167296884188,0.8581926023472584,0.9858546605309331,2.1605073833855344,4.127081762412918,8.413150253248718,12.870529615879102,15.93653954167779,14.54081071833472,13.322388832981561,12.722229964020956,14.37550801099952,14.463383111641065,14.780653133861234,15.050816671135669,13.090114374138397,13.143668257842897,15.996530532008181,17.35684722888818,14.884519605794283,15.210147290833545,15.868355975059895,15.207312070063827
Rainy season,7,15.415379690465768,13.932633118519894,11.922404655206376,12.550024246772846,14.857833238350269,13.038200534288219,11.008142464543486,9.647079558528715,13.200292019490456,14.64594156170307,12.704850682841109,10.789636536598966,10.793215453164128,11.840805384406584,12.242133073298218,11.035868503932289,10.204669752892581,11.208083797811208,11.616747383155403,9.400361562761441,10.458406241607305,11.180151580701473,10.50065547690553,10.383348834070585,7.531626681773809,8.929756084519568,11.268679569081797,11.50491202590236,11.321374312174283,4.672659279861763,3.9717068854629907,2.1392327763863763,2.03273092435731,1.8616571012167045,1.1670518810971937,0.9774708916174398,1.3868815231036806,1.195090786876098,1.1567169677552929,0.9827876956642843,1.2186791916906992,1.1982259801392645,1.1414791833342866,1.3329557805756727,1.0848819830983845,1.1919644586835263,1.0415122069668827,1.4583196209938758,1.1050656279986177,1.142405226529556,1.1452110280998824,1.233921552214097,1.1693731724003003,1.1002436217224025,1.0349143947342498,1.4067300468879573,1.4258086483392922,1.0949617197110242,1.1955973846592436,1.1906480804932256,1.2039300126039423,1.2258456229141632,1.2087254204227813,1.0194458460030575,1.1397215360191215,1.123915014666509,1.411274107994395,0.9973586088893167,1.0515682921774778,1.0661542595493672,1.3004441575935788,1.227755381020905,0.9100363576032561,0.9373806334097051,1.0212902809500282,0.9451543624970565,2.5948119644542613,5.498987205321985,9.765311791387516,12.056200168473705,14.366275002110397,13.746573562363277,11.308015209399267,11.53454073932262,14.425639207807404,15.594316405497443,14.76097872031659,13.062155212262121,13.19123021622743,14.697717508885795,15.317336043713773,13.800460906346304,12.987252995384571,13.640515724615366,14.87927299362275,16.099210767479597
Rainy season,8,13.841281736519976,15.699598273414475,13.243894351288379,12.236454365431397,12.67931964428348,13.949468866147615,13.349797591874824,11.562465259730052,10.985707166557157,12.908377740040846,11.752686386984891,12.447055126201484,10.310038567177044,10.15933406107657,11.47032025961449,13.810972589219643,9.293087345790354,9.343864396741406,11.376867909519733,11.710743506215032,9.683866709992833,10.502190321902846,11.054321849379376,9.597091413427576,9.129742837360872,9.62579216260767,8.496794856139836,10.986101467626487,9.119203265122557,5.387751457110557,3.603967341955253,2.3235248977814655,1.589203820972452,1.649979827477927,1.4371856523897222,1.092570735962686,1.236529725229045,1.2847307013663907,1.300219289174629,1.1823973483174843,1.3717951710387437,1.2547641843162072,1.3993656558674616,1.3558074731453535,1.198464003099697,1.3526036371870576,1.2861906459611585,1.14285239595413,1.3389569771361731,1.396430481308619,1.4354102004123632,1.269432510064839,1.044070195638446,1.4486012901893772,1.522891932132086,1.209702220658102,1.2412803232693272,1.4196418409419327,1.4186242837131762,1.3287464969162741,1.1078831926059982,1.1279473979920318,1.5171764846427265,1.2670644280658132,1.1860157047069764,1.1848651635520244,1.4392565871530372,1.2911430333583307,1.0803409596046847,1.506077702441291,1.224476924007319,1.2650665418553193,0.8352997239527441,1.0602721276198601,1.0687994998764336,1.0745576253377513,3.1429745790413515,6.907519474607189,10.151906724103299,12.078026618955114,14.886084045348618,15.339360271540752,14.51501727738633,14.66965382898851,14.673467008005817,13.214005868902264,12.774575661080165,15.335724397977463,16.282487482497988,14.478691755212981,12.21489199339144,13.698999954929697,16.87436766122899,17.472172911890475,15.198056689406364,12.723616455291705
Rainy season,9,14.707993223686861,16.892770874135678,14.243789137341256,11.943555944356849,10.777229050162825,13.738950773058708,13.059828169036564,12.473304993854896,10.856331417929065,12.6552995282217,13.681647215436893,10.390623317646257,11.194104638818866,10.841407921859568,14.528706524676291,12.417605758694855,9.492047961335702,11.031244389918852,12.39857759058447,11.289267936123363,8.485583443197436,9.446381082209957,10.892528674194942,9.948898265690568,9.619331338473536,9.88024142190493,9.891011611864705,10.263590643419471,10.668777710274576,4.891172482907435,3.174575840791449,2.8885581522834203,1.9223686146861412,1.3943419527251044,1.3833770760776176,1.0017742295189405,1.186040790963689,1.0870713432561405,1.1691543340851718,1.0361350607419122,1.2403173586162224,1.0501365173964547,1.002401482096666,1.081063980013926,1.232038691601044,1.221625050284737,1.0154413734647292,0.9999790942584313,1.1175722283253446,1.1501109924217703,1.344264788279798,1.1188767328714924,1.1695159276632257,1.0484578718619821,1.2913959509189112,1.1846689150803824,1.1484224316847904,1.003309817257449,1.290316920803456,1.004476481546527,1.2174279080885873,1.00122322880978,1.1702883409487512,1.2117950852451156,1.228964079106454,1.1535758944762582,1.051237271811599,1.1473500200290379,1.1717746041088193,1.263702340616393,1.1038814079666432,1.0903973095270203,0.9861397800371089,0.815801037201397,1.0454063484429623,1.0247499228594732,3.6639256629531105,8.473887621401893,13.029389310816587,12.81007104667691,12.831216324542929,14.485609913296807,15.542844134656189,14.26347058508767,13.555353976511272,14.127919616750043,15.033421864858576,14.190926065787098,15.171130164349078,15.383058496060988,14.665398679489966,13.532473269122963,14.114910508441596,15.714787716287708,14.477920681183713,13.082892139836996
Rainy season,10,15.85949161281362,16.216840025341313,11.193183219217497,9.805880817676929,12.908589909821366,14.125431931461486,12.591305602870557,9.427678966698162,10.498331738973832,13.662428583638105,12.815203431978121,10.26160408543547,9.76541221380432,12.504780694503165,13.707180532648604,12.5678909574005,9.457841725241298,9.060311232166878,9.633887920577767,12.221364638647566,10.75234977635026,9.143912767426968,9.515550018351055,10.417763599960919,11.048500004193475,9.557278356878003,7.354748947727682,9.546575614022304,10.740164298961064,5.445705486190812,3.970985511926439,2.205749826157492,1.5631516493873756,1.4985244070930932,1.1114661379468767,1.445380627106702,1.057700144058734,1.0710044722329688,1.2893381208614267,1.2535313393423035,1.1304443186002686,1.061921699015571,1.4072284980200966,1.1287076824931994,1.0191274407843798,1.1875916523043502,1.3028459762676283,1.1028148163044258,1.1827732165966247,1.0928288170628462,1.2297034284632937,1.168385869023055,1.2269910552640135,1.0785798059415883,1.1295694293499912,1.0518675208123878,1.2924697250316002,1.1734040967836787,1.2143308570186846,1.0746329983908935,1.1969156135801333,1.169951997562295,1.3884334305064499,0.9833166001892052,1.2109185711863997,1.2184665690582874,1.2082179319111952,1.0359442222978468,1.035414072000576,1.257910009705113,1.2079321323628753,1.0929996500880215,0.9840885586464251,0.9106022835035901,1.1322092304989722,0.9781943591920932,3.2317411901465074,7.681797443704612,11.98387043064833,13.653705615565142,14.403155863484132,12.663377966716167,12.250460082379357,14.17985365996714,16.235820553999034,15.429677689144855,11.81988754257584,13.738898675271468,17.62100951589612,15.358316937014745,12.24288241758098,14.32916621407219,16.57666935919349,16.267283974560222,11.208324185721066,12.26297192255104
Rainy season,11,15.997082869711987,15.31389583885908,13.985635233743022,13.641557731571226,12.403569560277903,12.550934100186911,12.983523257911596,13.749952439964302,12.669863085984451,11.121169911674183,13.20913042492683,13.125628371705677,12.60452761635958,9.72048467973412,9.746382580940146,11.009508372226744,11.778803042727203,10.297267052481368,9.8826257762864,11.606563297737464,10.153544829069585,10.288952810211196,11.622461474575289,11.334362576612339,8.894494297204044,8.06365396549642,10.261065476782182,11.65497978108504,9.61854664049894,5.172594210019571,4.0745728121811515,2.5546002231298943,1.8385437172137196,1.4994358735267477,1.4187018056486214,1.1959426315141133,1.068846848964337,1.1650851938603928,1.28592962449065,1.1453101409786481,1.304352451650346,1.0589190193449833,1.3687549257982878,1.0897960174832027,1.0772240543825737,1.1295555424281336,1.265762615400921,1.4505235744087661,1.089664213068015,1.2415582444699564,0.9537412188158219,1.2441726256400605,1.2456629607842065,1.3205600528611094,1.1173065828664526,1.208594900351479,1.1617937773512343,1.2771819251505847,1.152989135436121,1.3135282697056634,0.9202015517892452,1.3715308566460938,1.1795072660923662,1.284039457046532,1.0906398922607214,1.2735301021294028,1.0636705261580692,1.2569624281887875,1.340961432467161,1.190863699315601,1.1782732076911375,1.3107326852121945,0.9210093524268987,1.1738665589761144,1.0505451098704277,1.1398502534702752,2.9312358003987087,5.520988141909227,9.849464630769102,14.919545628830717,17.892148292031926,15.602685916646909,13.081187863474687,12.332433376993707,13.904280760412309,14.520243559662676,14.24824096698981,14.141937040165207,15.113300639947623,15.213318644947572,14.993923483445093,15.32543214748905,15.514958707960862,14.34191164543403,13.022834455523357,14.345557336183823
Rainy season,12,15.598048969837361,13.661563807233614,12.960076830582715,13.994488072373953,14.043016532921898,13.232080743418265,11.156761099190875,11.221947702366275,13.803953974832913,13.623322970078522,11.67497924397094,10.971836498552543,13.37949666921531,11.495173292422217,8.993282567251713,10.11793068959867,12.537106446120124,11.424277434582931,9.399329811782232,9.875454004114886,10.19480665238914,9.649668459451071,10.01768149740341,8.918069140995,9.595962249098031,8.283263061414605,9.375845821344065,9.485646765073389,9.483263136296824,5.061903293544438,3.101191910702716,3.2198099764229338,2.2203759774379597,1.652474780102039,1.3923428675260499,1.201680595169802,1.516866634964243,1.2300373312660586,1.2697873421624302,1.0291000942426642,1.1185983526960444,1.368276025809839,1.1384799252828548,1.2094534382502717,1.1942680388460478,1.1554309404829126,1.3242316546854351,1.2589668091247035,1.0440314831143107,1.0420903401653336,1.230259301745865,1.3246827877612573,1.1902887685648558,0.9918939219143692,0.9557667501353655,1.3316617118012217,1.1148876428977152,1.2291952217721769,1.014361188294264,1.2743619900674223,1.0353795712780645,1.1509106403926592,1.3078903734895353,1.2031550162001672,1.119444692387948,1.1618492532224114,1.1252458190710486,1.1700719775327288,1.0204430145534533,1.2096217423705555,1.2054351523103968,1.301275880211631,0.8546222431427918,1.135906614931393,0.8766041132572159,1.034296004754975,3.713952479407077,8.704582036860879,12.362895828002788,12.267930122703454,12.720828434496633,13.83662473361283,15.57041283080961,15.559232463243216,15.2211501816462,14.560089385123069,14.688389227059124,14.817295674662235,14.877880275232107,14.385074176974056,15.661313411351214,15.258718252009269,14.653505340396078,14.634291119518176,15.227236374166107,16.03349756339235
Rainy season,13,16.889382937777647,14.502545557299594,12.651453334172096,14.493327761567938,13.761157371922314,12.106300183146082,12.272075177706673,14.325058208356333,13.594159132596952,10.6689459970579,10.910996790444047,13.237379409123065,13.299021535672644,11.212395091658594,10.252027371505195,11.467837177708986,11.628530017049572,11.287562075980976,10.643553357850324,9.801481756501145,9.354467676606282,10.908384935018708,11.167108044028456,10.67894727019771,10.662664272628023,10.890656811577136,9.413956397710528,9.286787188482434,9.857457752849974,6.429106652286062,3.751428778305924,2.331259884994149,1.6894949500067464,1.322620244279997,1.1362953405527543,1.1849300347849137,1.1247477701010165,1.121448067155781,1.1939459412734463,1.054282596203831,1.1893658805193632,1.1338828007399853,1.0941823050513,1.1330388083562914,1.110197798182748,1.1857084338473214,1.2556401694843167,1.1156673199576537,1.0170290594603815,1.1196417406908663,1.4417376385026721,1.160445858935139,1.1115399653227978,0.8954773009963117,1.366383340611442,1.3068281858239252,1.05794532087516,1.0303903125867495,1.2229115237822432,1.1727169973774507,1.1692320342021154,1.2569153940380215,1.0485980603150866,1.1048864707265278,1.20490633894698,1.0284623312207115,1.2562848979945638,1.0326528200704952,1.2107076140133324,1.1816860400405678,1.1878154527998224,0.9583680482661108,0.8293139584427712,1.2411553041193715,1.0669763173305034,0.9460383934106804,3.786179021434449,6.12294985308205,8.974661629013045,12.043969241567368,14.8208002617348,13.72598145418073,12.070275369870858,13.809539081763324,16.629000396312723,16.206317345666037,13.944649891565112,12.280387620100074,13.85601049408791,14.864194227054645,14.310619914235998,14.444275524639577,12.995043650051656,12.647979906346276,14.592790359943304,17.621328736980534
Rainy season,14,15.868641933410947,17.11517024242556,14.398335761927969,14.036400880463814,13.55329762780178,15.099112916030837,12.802865041014922,12.225986959769843,11.486974262529223,11.539036098982233,13.44226987087715,12.844817172771508,11.652333246593995,11.330704085553744,10.27547821473009,11.787654020595467,12.262193743970913,11.413943483216373,8.31177666488991,10.584487633814383,10.516946728362727,12.644625734889292,9.258515877492856,11.245860565136182,10.676236297869686,9.875841639594649,8.818420714295439,10.39877992967216,9.76131838110327,4.901085953002286,3.1320391001644508,1.7519350178083317,1.4889157564303874,1.9405263961772188,1.3524682508947783,1.193907776803826,0.9904921444862759,1.153132698794288,1.4245319133316194,1.1038904693610792,0.9874293017227537,1.2166310795887947,1.3331775623100768,1.3612751168388295,1.1280790241580478,1.1235453412493528,1.1835108271356234,1.285946399599859,1.2001884305272417,1.1114404517610403,1.3500794004507524,1.0505259428909413,1.575631028805954,0.972305680986098,1.1766796464295348,1.1542854032890866,1.2967241808707055,1.3067668685442877,1.149551052957995,1.093171670101849,1.2441163133047228,1.3419048263565168,1.2446088187912863,1.1730024060681523,1.0700947983697424,1.1728805803972755,1.1167733646176419,1.136946570337808,1.193274142432331,1.0526848913321827,1.1612640592358126,1.2821278355835515,1.135799571332895,1.0763677346638927,0.913786703746382,1.0211226232831019,2.4189579979462317,6.275917344195033,11.14225449673779,14.725228983983634,16.302049854066084,15.92735167072887,13.566397378308606,13.946534661587073,15.270867705149538,15.755838727743937,14.257677001330835,15.116197881039716,17.183118301066834,15.829019932140309,13.469320943552393,13.835686738169503,17.20629329809367,17.265534634306825,14.201050486452122,12.966888022644238
Rainy season,15,12.859165139678014,14.914322905133503,14.607483405841231,11.517725505079444,10.505054589362759,12.516148427857186,14.149559396534658,10.041377064512954,10.91712054849384,13.722380427175048,14.311329736434846,9.640558312018618,8.772717909884955,11.613038768841394,13.631792023404707,12.18482243643115,10.011929617293553,8.883767918701107,11.130136043309276,11.275990537814984,11.110117457400035,9.994046597598096,10.001476111520144,8.0622402492082,10.287199208835755,9.697012354796795,10.206634986392391,11.132745134467806,8.904462411104776,4.743003644271842,4.663054518153077,2.791716779426385,1.7515122207785292,1.3362519563953261,1.1506089406770836,1.2284771572958504,1.256280305987744,1.1996646554302939,1.2204194457748128,1.3519227820108053,1.438595037992496,1.33528651243689,1.0773541655696255,1.282358413638458,1.1421380399268322,1.3919226252731831,1.2589484096231172,1.405204759285962,0.9134261620921993,1.4704091530452073,1.1536827433252779,1.0865556793251139,1.2600119817299211,1.4743751780415044,1.203841814590564,1.0391122809327722,1.2046797259918596,1.4824348295673897,1.5633200235889744,1.0189415289944355,1.029275786805812,1.288947240051543,1.4108666212396068,1.2731804810521,1.0451873346832297,1.1896494433450475,1.2063346896796854,1.3706510453283658,1.0815869459739968,1.2220509118199532,1.1324698367392203,1.363255736124612,1.0554031124700272,0.9656773672823241,1.0270748544080381,0.9897955137509715,3.790956904604073,7.2980989617797976,9.767652049308001,10.670875329258747,12.436254032057576,13.490150697035604,15.026575387486437,14.5509139657586,13.557926036795525,12.573169135182217,12.97420336864227,14.194341495838351,15.453270525758596,15.043154526185814,14.64886404954132,12.800635352983042,13.088008452013279,14.516186077683345,15.189328222925868,12.60679460190399
Rainy season,16,17.017097226613593,13.406214651132581,12.667491758628852,14.220469179550186,14.087000223102063,12.05096939309428,11.350285766837397,13.636469536519098,13.88705580976233,12.7791729729402,11.711038463681586,13.034804309127631,12.129307121674664,10.503485300191755,11.068546057287525,11.50756370242318,12.423314945187691,12.333538859803111,9.455805448038271,10.48267020724675,11.261084545087163,11.14127400366978,10.616076200996696,10.978303383664134,11.445977754869507,11.011938924095451,8.931357473849904,9.243185720396133,9.665480126280858,4.745295480435328,4.11907845213676,2.9320271937645157,1.6054857099377304,1.4435805780972948,1.170708674379727,1.1426655133344934,1.2713998122073988,1.1015440917207449,1.1407324295934211,1.142859344738274,1.1018495545083908,1.1414273205977026,1.1520659963220607,1.195775262646939,1.0519235872272013,1.0196962916510346,1.119070044795279,1.2861251389562545,1.1621036353515792,1.1055113145485873,1.1538447656414659,1.1553138930966391,1.2776175257777291,1.0814192759080494,1.213419525310807,1.1510918760255662,1.0963275000692778,1.2196645714455017,1.1968223759339198,1.1167793925727787,0.9739261158170073,1.3354009088564411,1.1067974353560557,1.1430613908645737,0.9776082397403586,1.0539252112751056,1.1934764690355908,1.2049498295896617,1.071500891422669,0.9990587548508046,1.057116294608466,1.2749687861281673,0.9242991553444262,0.9375310640486635,0.9190281359876724,1.0626030943203206,3.2143036752550063,7.797453953584422,13.093516436160156,13.840609777443827,14.456692755536725,14.765256639005942,15.0696322051363,15.969986036720387,15.402894304606914,13.606099746586787,16.52676244315699,18.147694968094633,16.101006089978338,13.091730590880765,14.006646786620255,17.529581647541182,17.53140546444779,14.585286708691987,13.868065453114735,17.278413457961065
Rainy season,17,15.660478200925258,12.59783784998853,11.271810893650597,13.599683676952818,12.918745365724988,11.533681258435085,11.682165817756477,13.986660697341906,13.715839886610967,11.536674711521488,9.417418562374342,11.41153225540639,12.533172957956383,11.653439956435408,9.481528666131366,10.336124892708593,10.407939135912578,11.183096941426157,9.546496366898191,8.81300565277716,10.931894087070898,12.513704834420901,10.449741177630274,8.587101280899068,9.580862096795153,10.394890691418551,9.510761415970396,8.84158634732632,9.701358823095887,5.959185870956548,3.3939723812233358,2.392592014148846,1.7535242006308256,1.4402877583171816,1.1753831056281312,1.0588623596571607,1.1035739446978494,1.3778367307359076,1.064223916622556,1.1794062308662288,1.070637557407402,1.2699461365332259,1.2941933492693354,1.1656344618792491,1.1024463924462258,1.223796503996867,1.3310534233632632,1.0967405585444678,1.1005540752297376,1.2554289445463296,1.3763246652069951,1.2062422931222543,1.0364455498718894,1.297601188739616,1.4087739309311522,1.1464394603383226,1.0947718398564001,1.4569384901429279,1.1644176381715308,1.155451853895644,1.114344541313983,1.5445514220380103,1.4034360052769046,0.813668913814416,1.0129230616423424,1.3535192144454296,1.2146700664420476,0.8339035843320854,1.0055924422909706,1.0778141166610657,1.3985242525081438,0.988117226531275,0.863585081563634,0.8478158954945217,1.0213720426163233,0.9855391838487825,2.665310479476642,6.158595358967905,12.05102485055565,13.401539191474148,12.200043756421362,12.482505167222087,14.94219813958772,14.619516412120607,13.362619987925951,13.348346465635066,14.621881534186729,15.282066441522613,14.194429285025441,12.457826676099858,13.483432347084662,14.322460952325935,14.345905931719427,14.896322616141358,14.071305679497014,14.954327761747015
Rainy season,18,14.154415049515533,13.75024028210042,13.325898140304249,12.095913115093257,12.295605065005764,11.627220606426999,12.1036839209181,12.389105483266823,11.842197062088363,10.746915843274012,10.65119873699751,12.616959243967687,10.550442571414573,11.238981169767701,11.795120049033537,11.624887378864594,13.204492473922395,10.182812891127305,9.122598587412988,9.303200480274938,12.203642963381972,12.280449199261358,10.435104210959135,8.845961104153186,9.766201066389165,9.994808123330778,8.727699737248667,9.28821114224704,10.833094965686055,7.181793285431284,3.9442553977149335,2.3157539679930665,1.4844184817882309,1.330528044116741,1.2669576898653285,1.40264115052824,1.153492116744153,1.0401923900611358,1.18860169491289,1.1874718792758931,1.2011456192914485,1.1385503343122905,1.3979849211185116,1.0793761135800637,1.0584051573643778,1.1001245117305214,1.1976487202342052,1.378574944091732,0.9609650222635698,1.163192968706201,1.174034777511314,1.2345513511334023,1.2622879749909985,1.132965183329646,0.9729942807065209,1.3923030841083428,1.2176549444373672,1.2657250344995967,0.8526862477896383,1.3844575360732552,1.3363878219052516,1.2560937631338267,0.9141001854195013,1.1123737563188827,1.2684024048067097,1.3040596638583888,1.1116982321329716,1.098317573851038,1.2613145012309004,1.2495825955107174,1.0853390751871819,1.2147820663386992,0.9782340572763096,1.000960656275558,0.7871135606957272,1.1906338221882342,3.156112302024326,6.744847572196412,10.78518959840242,11.997911441533283,12.544046787671432,13.091118289263704,14.998915903446198,15.59671242992448,13.257984386225129,12.85922148642615,15.05124597844926,15.691085049054001,13.65393680637459,12.894795407365587,13.94184854957366,14.735034433732638,14.44494128243043,14.273605316123072,15.153276052971039,15.521487004061745
Rainy season,19,15.67199919209981,16.39503464468489,13.387804331804636,9.839025286005272,11.817000993886792,14.161313004934033,12.733501730698572,11.176311075035452,12.351442337945096,13.859731965937582,11.864365590862313,11.130055863529085,11.85633087495903,12.835446531375275,10.801131419327069,9.648226749274778,11.882719006025402,11.824656225013086,9.827513853125007,8.668449011567397,10.396561730174277,12.33978519515335,10.42013488484948,7.537132712335746,6.98086547695745,10.235360353020065,12.346029000215644,10.328720851992227,7.399523553717261,5.343769272989208,3.9737573996106903,2.241701175470367,1.7566022122630014,1.3466693073319114,1.2412720061030784,1.0882649583356838,0.972840305173255,1.304912305461527,1.123373592622125,1.4156365734142005,0.9213506602080254,1.4254320503789446,1.2403004487393203,1.0478001242970694,1.259527485060537,1.1633516940605906,1.348639714550976,0.9502272512709937,1.1621944823451476,1.2328787575234275,1.3545396065620925,1.1638509028728763,1.0674281046597363,1.3508360188623871,1.0883023135170466,1.2336134356702004,1.129713849215036,1.3151759103706115,1.03462041028718,1.3170773994911962,1.0999818620125532,1.3227826694395708,1.1760438950418843,1.0138019338524327,1.3770033267409831,1.0990424139660326,1.2027640615642399,1.1606932224455575,1.2079128109526007,1.140746956444835,1.2096171374797595,1.2959224883971197,0.7915561492850901,1.039009304899335,1.086892657266383,0.8040126546085731,3.2687845413099472,6.297064221827887,11.262573568031057,13.724868072156022,14.23937517330027,12.481430988035504,13.18155440861609,14.971761714852045,14.923698079666867,13.247062832136708,12.791465520330734,12.904167935803377,14.655806088447292,15.786189810422531,13.85476929137078,11.850916292697454,13.824180976805817,16.016203158762877,14.057943580693973,13.302127202718049
October,0,10.433324382184617,9.904567183805556,9.481752515436208,9.567835531850015,9.480475627155508,9.401659123693626,8.957405910514485,8.551800746031743,8.094046192010962,8.010698052627909,7.871460852012084,7.851526023187172,8.094333503641115,7.800503578117432,7.647784078540785,7.6536569228087075,7.517304893330111,7.386469184489704,6.779078780191159,6.428814915364395,5.952682935015078,5.9211152040027795,5.919358009723098,6.243785199847807,6.476214248816205,5.640000021552314,5.648732492777602,5.607093382688139,6.140222490968598,5.446702080409437,4.090886051208982,2.65827145478503,2.123303938211276,1.6848581375852751,1.4407739951935015,1.600486325404282,1.5498472421846237,1.3236349985198668,1.7590925836480564,0.7301779427299986,1.4420773716733721,1.318278467255657,1.6550277266060005,1.063775244984249,1.2347921128443498,1.4649473096960246,0.9381972607885112,1.8249032099391835,1.0336559971697925,1.6222062300002722,0.9568592771166251,1.0951204345503234,1.5894327832771054,1.0356519070208998,1.6200452352339043,1.3050386127715408,0.735970250205303,1.7983353680148306,1.469147527855736,0.9714583114794413,1.408344453553359,1.512407754569828,1.618235529290538,1.7155875277729284,1.4944365796489454,0.6279326020396893,0.8938365193128639,1.1876308223350087,1.3015437353594215,0.9530111833844918,0.6935698943857221,0.7786583469351928,0.8559861177909844,3.1338238300462526,5.8363999303526635,7.178481465725967,8.358598783441193,9.58310612766925,10.753275437912778,11.313146213081005,11.29924515848067,11.098746236036044,10.93091460848687,10.943691295736285,11.007428364965472,10.749043010177896,10.642947772568958,10.709348785058252,10.636166869292401,11.09300573822962,11.148029214738,11.177834366188257,10.959479042705706,10.384736154131476,10.395802150056037,10.732613019794266
October,1,11.292562074403616,11.207710115030693,10.839229311073234,10.392373298867675,10.167170110206843,9.721462623248668,9.47793431342116,9.16826943386759,8.62608078872272,8.414196262269364,8.270228942135095,8.265055085658384,7.599301807984527,7.230399786496008,7.057413995205833,6.820984893479737,6.687168696062007,6.813676462098816,6.4073896204537455,6.370386232860123,6.080318990492341,6.179709415731522,5.853711434918706,6.034130896490826,5.881137061501246,5.868231237104875,6.0307898375899605,5.92771823208883,6.344918107061708,5.295213186899466,3.90594940144511,2.8805772591910377,2.2373815149137872,1.9297409188465984,1.59199227413323,1.7095693798771896,1.92812606421225,0.8027405166655194,1.6126744918311773,1.7282939246456375,1.2648013886221547,1.5957136175555564,1.498299398306691,1.3085976195328903,1.261909882846632,1.1284950226005388,1.490284028145517,1.2008766756320335,2.0708930419593194,1.5649790134052248,1.2047756822359197,1.2367748296934156,1.1577919181459893,0.9469162925767016,1.032067626807582,1.7899584324883842,1.3678372664198346,1.3980134232992962,0.7895334611373183,1.130309435495284,1.1959238956329101,1.4159508912095349,1.3683494737607298,1.9519289895156906,1.9146017267924667,0.6785716480172217,0.6422635901300331,0.43206930802122756,1.1084218527646472,0.7486784203128422,1.123238643913662,0.8489214318850952,0.9721342047474715,3.127922347031436,5.447182352031417,7.28416844253151,8.33142910662823,9.409404839158517,10.287766405741792,11.351862879805141,11.592863184555078,11.361016626335097,10.61508305970985,10.463799566484596,10.380280524249327,10.341750870452248,10.45122576132402,11.277712062438267,10.900204738671844,10.465009459639395,11.014058354094773,11.321024995557623,11.191481079591107,11.154351431028115,11.2840052601881,11.307773899087948
October,2,9.93489362120155,9.619873440628956,9.534995606259267,9.64653496112391,8.799452818242166,8.710083320070584,8.721376721922656,8.592944537991436,7.86555947000607,7.19417488517192,7.334396295847195,7.0931271944682335,7.430098609557198,7.165969662348885,6.961518054946698,6.887563145634535,6.5626538403499435,6.3699722834266,6.469627315006209,6.246102184846663,6.347997966903687,6.18235618815587,6.016750286661917,5.494461491307253,5.646511272440191,5.441351134656476,5.402089769316283,5.643797009520146,6.286193546704236,5.403144590427972,4.064817514190191,2.8940534699635947,1.9163094434713424,1.005875453982456,0.6625856971712483,1.0102683037608784,1.336133373509913,1.8906733400572,2.056934409146853,1.520839255859942,1.1856415903962894,1.4795395561421734,1.178147152933867,0.8658416029472337,1.7477372657937174,1.1165750105143197,1.4378536851419086,0.5266473225948395,1.3206740313807723,1.3971034107616986,1.560729881632717,1.3815040703151107,1.2694559875297433,1.2117338388838315,1.1509516445083983,1.4487337209316293,0.9358660106100286,1.352158475626909,1.312973331299432,1.3700781228970096,1.1892270704336885,1.5128844266738686,1.229315308914949,1.6293173910994885,1.7660160963893046,0.6720681838080503,0.7325408221848577,1.0471264696520826,0.53728033598156,0.933352403064836,0.9258855834005167,0.8071614540903516,1.22738877852629,3.459710779761556,4.892622331541194,6.350588985526427,8.002907556427996,9.089375646003814,9.83109167607116,10.904876029140167,10.98540142169682,10.657735349216491,10.791250383680552,10.870341561990626,10.911133930159423,10.715955505095726,10.390550591683693,10.890573829117015,11.268347090047515,10.891546453269571,10.703102049656131,10.694290164132491,10.628556557754582,10.347082315221437,10.302112066757166,10.397071421103476
October,3,10.685967335911235,10.614141235569834,10.371407933588102,9.796574273049142,9.558072465437856,9.211457910969335,8.868822247403594,8.137785816820992,7.5146302807720025,7.059529338532845,7.025406925534456,6.844856885541581,6.872089947034416,6.993766831325768,7.000336879327292,6.604676386649599,6.4014048558860726,6.376575473088745,5.948036078132943,5.722222774637389,5.470907442159619,5.5651173018951985,5.28561972981753,5.330050193665599,5.062958091038889,5.137658902871567,5.517806347477884,5.7431199383769895,5.702724030795404,5.3749496368012215,3.5509760251546134,2.5579166530663113,1.4694869187126511,1.0818286738254053,1.0467591211636582,1.1613090804216313,1.7723401049620502,1.956049978974602,1.6052095704052225,1.476680957172989,1.6316435366537951,1.1763580719028954,1.5837547449345497,0.8525997105008454,0.8496060182761057,1.0315230124364334,1.6105586136169308,1.829657793401366,1.1395611154411056,1.6942900569212689,1.3943629537760909,1.0123959140405612,0.8407418982477045,1.7088856722726762,1.3337179675919602,1.7538678552201439,1.6171945452355962,0.8814219248083427,0.9803715924766562,1.2963062818208515,1.3247645772680656,1.50327254623691,1.0751831871122193,1.093338477226571,1.2669713617947946,0.795841197971851,0.9256871661536813,1.068653003727843,1.0313236512383315,0.9065942202947866,1.0573526420450508,0.3498126308912586,1.4424832893880055,3.8255610096734824,5.4365871967577135,6.811363071592952,8.163875151682172,8.821148394874848,9.253454956144315,10.428996719659798,10.88058615812359,10.605671877739573,10.306456834092222,10.74211291167205,10.702039197203748,10.761914208460986,11.075538636205577,10.595130507777961,10.43387331390531,10.75408538061172,10.524013955841706,10.25823487236082,10.35458497681097,10.913039338605076,10.628199390352867,10.84748382595052
October,4,10.420885241178889,10.037037242693627,9.807171615484332,9.482579840454548,9.014298848562056,8.601877497988147,8.199566145375401,8.033588442454935,7.717898251510571,7.710949862325766,7.868723374133987,7.8823761743692895,7.4022859671244845,6.912709873497145,6.983463324113592,6.727034254708695,6.891624150346242,6.858543185161937,6.84658737408092,6.555670925072837,5.821648449373681,5.64570242197639,5.4599506606888335,5.563858995697474,5.2054332062842725,5.396295027983956,5.759578141942696,5.916063439011708,6.204906226215268,5.1105627020780355,3.369756810484066,2.44320269418371,1.7599150726789865,1.5964328426755392,1.595460405524425,1.7856301263942471,1.8600968911797717,1.8509076401904996,1.8457344719207427,1.443557329611823,1.505443769072214,1.241175875054277,0.9781148347766211,1.8944088086619069,0.9808819174875968,1.1778221159467637,1.0126313927238983,1.4494138568603112,1.830112305654758,1.760590946192486,1.3946205777340999,0.9277372419102409,1.3508659433564296,1.3175091160237649,0.8830766165560993,1.9508179749045358,1.6819640933956888,1.5343937383765482,0.9955223869951283,1.4616990380305412,1.457869032135048,1.3200424522264633,1.7745352638416036,1.963978014578969,1.1979199591376846,0.9158474624443874,1.3079100725259598,1.1419633761666594,0.5907714708783803,1.128803850304782,1.2150883973801092,0.557476904120616,1.6709056595231182,4.030345508921612,5.359261622352348,6.533655306655314,7.707322191582501,8.26347984016243,9.492573473973597,10.672822612210586,10.790277172693333,10.342185812287797,10.35432676827698,10.051858706907298,9.8996563994358,10.3992136328384,11.127697471619722,11.25511787880268,10.88082465487413,11.18157037013745,11.271407390278567,11.198473380736555,10.7492981732825,10.611600651292344,10.668453698101183,10.738238506074085
October,5,11.130569733145197,10.741407312124919,10.191499538515732,9.938716884191015,9.515868397506294,9.242228247506034,8.565577214387881,8.320800631629849,8.297116893494797,7.9733497514152125,7.617794543318153,7.102172097382589,7.071969111875698,7.047112854118591,6.9212655457148475,7.1388342296919065,6.763714849280207,6.5360330276569005,6.223130126853234,5.940615399492148,5.980769368653248,6.540697392299781,6.5290058229655035,6.2486337550397275,5.833781535304803,5.847944850523301,5.664518015955912,5.44753933490145,6.076350169246585,5.3339687704605785,4.262196394924389,2.9413976385839296,2.05055207248624,1.851068996362691,1.7960922839785216,1.1613261317682195,1.5008117573845743,2.347517095479876,1.2623282333022094,1.4520463889560589,0.9508308650438797,1.594744168490465,1.4498803356097825,2.2215013341360668,1.3104070818580702,1.1539175228433298,1.0100948343322138,0.9099509114018139,1.4911998312070367,0.9504498747152769,0.9370048807981781,1.8674587147909871,1.8238223685173243,1.3835937100331808,1.0904653224736345,1.3743101404131295,1.0058193703564153,0.5857602973062594,1.1925448708649369,1.6840950056196649,1.4429011057982322,1.594716471813658,1.486121979740747,1.4006685110622856,1.3597476295142576,0.636283555500649,0.7437472327574706,0.8414057187963486,0.6774298472718171,1.1374834122412987,1.2996950263168519,0.41198092123818547,1.4268895384658267,4.238730686931095,5.735611913689074,6.941596569230839,8.26116663105831,9.44823673036907,10.338028379304644,11.111500959754975,11.33622743692441,11.648564804370755,11.53469020818175,11.356976237877241,11.064866903924594,11.193642227842782,11.337018427600071,11.264869341634393,11.144125048507528,11.172953662532986,10.968336988157947,11.073160100471052,10.95451153451745,10.46826548512496,10.819079123895465,11.237707299604102
October,6,10.444472230096222,10.017855548564825,9.586701731514166,9.60829655848318,9.47261774248985,9.287312601357968,8.913278045307923,8.658636307908049,8.452676477830968,8.129898668050187,8.18740784167102,7.997519402986646,7.393165045621276,7.29402631532346,6.878234343385885,6.760200198559366,6.2897420986797625,6.189158266721165,5.82341429902192,6.163207888063425,5.749035179880655,5.301893531010733,5.468224939907913,5.586336735410245,5.750039668849852,5.865856916995036,5.869077494294936,5.840452579698874,6.586456632076879,4.824305155615907,3.603880839438978,2.293263685995927,1.80230891348779,1.2914360029698477,1.4838582012578807,1.9575585158790063,1.2116355432749546,1.9656024959535396,1.805436858991964,0.9694160496342203,1.091985277097737,1.5808946420447063,1.1295657909013432,1.3773970965124767,1.6095133047619752,1.5773181037345405,1.6272383729006052,0.8777114395121529,1.3352838642859406,0.9269967452429397,1.303995515127049,0.4531929457492122,2.092282947097983,1.8627154454516754,1.4627973644757788,1.6742759871953854,1.0613804888163607,0.7178323760564967,1.0145391775237516,0.983424995773872,1.165361990862775,1.6724341179408568,1.9882052946003423,1.5636441789289175,1.0148258879088676,0.5678033830054597,1.1094247399028179,0.9268723184187427,1.0408810321073922,0.8360351956550599,0.9461657851030512,0.3703779472056597,1.4949154667639266,4.453142347156415,6.099095255012035,7.561149036137283,8.962422684764327,9.725070004813357,10.375760955721887,10.805583026535153,10.825692449917456,11.15139557439362,11.203496135773266,10.905932982630189,10.42130258182642,10.922412535846941,11.240543901671163,10.997252301727178,11.021300015209722,10.991525260366561,11.018950666530849,10.842280323691693,11.26246312411061,11.203827431117544,10.792213282147065,10.693186347083655
October,7,9.653307223069577,8.948249016762666,9.018481916622845,8.893948504374174,8.63160707928895,8.657664973107451,8.039729464346992,7.335105377521152,6.831161722713207,6.63739540565029,6.636086692789124,6.574430485650594,6.38165221763751,6.5377672975326115,6.445976995890606,6.382223684321787,6.209328089299316,5.920794906490795,5.550958841770315,5.632006037322358,5.774677271410018,5.967201294629333,5.892601903957186,5.66708829380263,5.226813205222111,5.135510216426366,5.2338887048034675,5.673615988886516,5.945020949694143,4.818712642920581,3.5774200899438147,3.1023355534181936,2.1799966308058645,1.5075046667656349,1.4706181600892518,1.9440881146975844,1.7058840299064901,1.9193182876260948,1.583119138092179,1.0309887911115416,0.7210465108834485,0.9820947732163273,1.721324527871078,1.435293923452399,1.260099967044772,1.2538330490752239,1.3398255966795547,0.9388698154622914,0.9864683310427866,1.3065607896719125,1.7812239844486646,1.2067097702536647,1.4620310630602973,0.6011599613208988,1.6358231621998174,1.31577264716106,1.5582964309727672,1.3691175615115552,1.4671833961669936,0.777026615864646,1.3653895726309322,1.1173313633723936,2.1252728941200796,1.4519938285676655,1.3193197950765507,0.8451158138471303,0.9970240061192243,0.8015691952048941,0.9953655241055385,1.0098074429352577,1.2053926775031303,0.4279076975885072,1.3637334013388556,2.8441299061707572,4.098460466628427,5.511468090771953,6.77399616563996,8.376102708191848,9.634728898231648,10.860780914652226,10.965020063280068,11.01153659388458,11.223925750084552,11.10541676528755,10.326559321412892,10.507214969134308,10.440612571769268,10.32994800948362,10.313228893739952,10.149505027209452,10.189729206867465,10.352979132765798,10.549945400704193,10.667653830261452,10.687866943515008,10.196984416462511
October,8,10.317906367912196,10.024237155727661,9.674007978086035,9.27370452427459,9.239690169338528,9.119434703478762,8.863587352211168,8.657576693496422,8.309303903536152,7.846536615625596,8.119783421691595,8.051801309421892,7.329092215527427,7.085013396571005,7.160391506055518,7.104778008937661,7.137658468102429,6.669371324078326,6.385246553557693,6.300306097858512,5.877632283196895,5.980057497492298,6.234388638844241,5.749721254491452,5.607494372465262,5.355828951991866,5.372099078900133,5.607692503749876,5.922288466287201,5.194942856759065,4.167007088189946,3.1928600204598774,2.301444208359791,1.2131547639937001,1.2198564449980602,1.733483867550452,1.6727870330496084,1.6888329387775596,2.0405283453869547,1.1065707883619094,1.7233967421812482,0.9558045984264542,1.0682794273429626,1.1809842114505342,1.5462470479103376,1.6929421668902447,1.126487106307717,1.036051783647121,2.0264560381054317,1.4712470425422337,0.8519085283940133,1.0154217154489968,2.121429008529388,1.097177184789612,1.4343181826617883,0.6455187799152147,1.0188100953562065,1.4942665662087486,0.9996055938099934,1.497057790549553,1.4278342288726107,1.9048962457012975,1.2496045667568585,1.8577212279369837,1.1695201709695753,0.9950625233534185,1.1683913762978348,1.2820075455585955,0.8108065446463258,0.7984574656251695,1.3874766708247437,0.3714421992647774,1.547630268752933,3.6069084750569402,5.146567650013223,6.683775592724107,8.109771384169981,9.60744279643497,10.472262580150947,10.913864069438322,10.602896682570785,10.608717744361801,10.736210860638938,10.435284454673978,10.165368388880307,9.8086756390931,10.352245259780508,10.484644304639762,10.811534487083959,10.849676636561844,10.565137333732137,10.604175972572977,10.302658358747818,10.300146365600195,10.323793174369097,10.457338609356071
October,9,10.536047146230752,9.891187350837418,9.728455104702673,9.70072451809538,9.566665020900519,9.623620986002054,9.491514268148405,9.042098138716716,8.398482987876225,8.162279785265957,7.715107963931232,7.347594064606798,7.255192391118405,7.245562250804366,7.264359551844891,7.147810247351263,7.066494171510935,6.93500278544114,6.673106472275443,6.52967194727591,6.479749501732021,6.608477595483563,6.621847939326753,6.106855054773832,6.1781742249258365,6.116700315765324,6.053015775507021,6.67673518360056,6.834178511455551,5.375225816591874,4.055240926823801,2.955483593917084,1.8184724723605545,1.2473187944057176,1.0298438260247822,1.7413794170596222,1.7687536334362288,1.6788359138281588,1.530078101504333,2.152932358622336,1.8058702961906108,0.6020241379328157,1.4122805912231515,1.3926638170289214,1.3546948490834514,0.9516599803845484,1.414576685070796,1.6218682293958673,1.1548804426551207,1.069993150248148,0.8585167168971986,1.3407400777343448,1.4454185491681726,1.2500043024692031,1.1464464906599938,2.241055672880322,1.4138027565457876,1.2832445008002589,1.0914402479946406,1.3536486307696527,1.2684223394117324,1.3905013061457534,1.9097229351641132,1.4987814851702936,1.476693496693151,0.6130036815101244,0.6864249685815274,0.6797969628857117,1.1093739810964478,1.2199278230214337,1.5480958822909703,0.16528148794739636,1.5688506805516738,3.9881973907323105,5.651970424304702,7.22873727644026,8.659356237185419,9.810295963619998,10.633895480925684,11.519533899145673,11.705209161577766,10.90490286173215,11.147346455505502,10.658622727574826,10.406792603912375,9.873623557032841,9.979323889773564,10.116224557094721,9.922701657996942,10.184434156206473,10.518566195668358,11.262954657620373,11.384657230378146,11.551311354175626,11.391409110047796,10.617942387575644
October,10,10.177717239609523,10.112109433112066,9.864007899513881,9.683721516453545,9.399916464952717,9.253575242673902,8.666752203894573,8.556830791865204,8.006257523295444,8.01339477457207,7.835922876660244,7.6528500200422105,7.820352502602827,7.598738008532846,7.043682788930704,7.041781983322465,7.041173544919115,6.686728288472067,6.224240204532402,6.325537545384072,6.214190452610563,6.028715756309393,6.010682631099659,6.119122936915625,6.01188299582183,5.769690395314018,5.686973419102335,5.867974718421171,6.050423567317902,4.986442586131626,3.632330383638356,2.7719540485620078,1.8962105757866092,1.692339700482346,1.331479413462924,0.9013879003220153,1.4326634679022834,2.13648177360489,1.323391490211777,1.856889137173575,1.2308398801817164,0.6695861760570981,1.07296856753595,1.3129013016867603,0.86642914020923,1.8750331672792628,1.1706349556617974,1.591725671908449,1.257421127104219,1.5357215580645245,1.5836638311809883,1.076288815353332,1.27340891999848,1.2610671103290652,1.7384618553114008,1.1723600478952723,1.2519182787822227,1.4944944241429285,1.0201936044955782,1.2221172637680797,1.483617642596927,1.2767590030640297,1.588541689310155,1.5476968781267828,0.9784732141828691,1.3740062352650146,0.49846316321328316,0.5848437976984672,0.7783070545525154,1.3609926513528605,1.5082735588552676,0.7737177010745294,1.6974050028596577,4.31332201070565,6.095944432050278,7.296027236752487,8.481662390756243,9.396105390507046,10.119465132001976,11.017848708081718,10.657481807301009,10.680114107789,10.649171969342875,10.575268743852721,10.427431513860808,10.294656175094985,10.615448300437878,10.89290876261534,11.217719306549816,10.835435397291812,10.819633399151558,10.700650523683567,10.988283247994165,11.158092646169688,10.903799096598103,10.50961387990863
October,11,10.100793317547867,9.667238405256422,9.124313274404717,8.869388944013135,8.58559827029744,8.529461877090144,8.359089133237257,7.766155243395087,7.512131301916046,6.663033868658766,6.44164244657804,6.286051625218036,6.457236316541844,6.1309657555646035,6.178406069483626,6.232067474755308,6.4455671729082855,6.453268357410068,6.2172921929703335,6.532078184370013,6.189160171955649,6.1591696780250285,5.707197902531435,5.429511666593016,5.326600649973845,5.4214167962834425,5.494652894016346,5.471452467369722,5.594871311278006,4.883299446007484,3.7276963407649104,2.4063328191255473,1.829748910640109,1.3535326770786211,1.1639662137959514,1.5787398968487198,1.5232116905451951,2.0812144166622404,2.1409768532617455,1.1138151794365605,1.2578564779163064,0.9562841426320875,0.9026085328391462,1.3753931900446619,1.4202482736888329,1.6933641553353347,1.1486627929725222,1.0946012006764336,1.004937889413239,1.6267119040321985,1.5132119447809198,1.3009821687354532,1.5779010540198093,1.5540177809901998,1.3062984675699292,0.6956310543560683,1.5039622292266424,1.2564278263702635,1.1725245421496437,1.8488213993321252,1.1158316085800377,2.180927841174498,1.9131176318716572,1.2840181454073103,0.9850521111104972,0.5179874406318302,0.800240640086583,0.9111577164203981,1.5207151344789678,1.1014907242504939,0.6426590571245957,0.7035953200094873,1.3141606285059522,2.9714495544604693,4.733260683247573,6.3649904405070945,7.901900360173783,9.12089564946439,10.336548054991669,11.182940706090196,11.085051946810074,11.121635313405834,11.16836211933897,10.999345689812325,10.49170702814836,10.516041814122076,11.023982201144982,11.29329629116834,10.772867111488141,10.77033512684372,10.635933272161138,10.862549558510375,10.430176551042853,10.447989199539053,10.472160837979215,10.453707830978482
October,12,11.083176452683126,10.435734799982283,10.186114711462961,9.789447563013605,9.182429886691997,9.085699679855223,8.874126669624184,8.025173601641589,7.447946334857419,7.223707314182018,7.327755617786619,6.936255490973097,7.183082610365044,7.189626041122863,6.735956556089431,6.729564111056626,6.208656309393817,5.7233170089784124,5.64452056276662,5.881804584339551,5.923616130246635,5.995829696544566,5.359708750961341,5.080871080053926,5.112948087317012,4.480558612178997,4.549902904357154,5.287546905467165,6.178665537270569,4.929486124957824,4.15600400894055,2.7140593041699237,2.4403669181693086,1.8696279171901007,1.6240272726785387,1.711716017551135,1.683831512720593,1.331912122431966,1.5449983185962233,1.2922540411455747,0.8059503958259033,1.6477390049963345,1.9824665011251694,1.3533613730910632,1.8834934001653996,1.8526260545412223,0.8744102073646751,0.74898015844469,1.0319496761760627,1.9628323166354675,1.0971768107798177,0.7630563366785577,1.9851009163492208,1.5392419063148095,1.2025556095198477,1.4775852343711835,1.4310074455215103,1.2947385309739365,1.3244839776922273,1.1163246983387853,0.8071898174481232,1.8440919553791524,1.8399627390557172,1.4354542102705323,2.1463329496154717,0.521172959702103,0.8538746290943188,1.3444468514546675,0.8110657758913802,0.9633352891022273,0.8553495323511525,0.894415858808035,1.1558859853126249,3.4657878146539285,5.127766994695153,6.903519996656003,8.572646120923697,9.862221336491428,10.810673418377354,11.493543520050821,11.760996261079304,11.447440359286693,11.165293180287893,11.066432682924487,10.824896349430702,11.119051470524864,11.19806080383494,10.724703159762107,10.629118236426267,10.339392381711216,10.420667739676647,10.261142035653043,10.488147189535708,10.687337630278723,11.146116750060704,11.350570650627397
October,13,11.27230434339423,11.036151302431987,10.80642760784848,9.796170468954726,9.528835606191032,9.117770637347627,8.372667308797102,8.383179023814444,7.869595067021123,7.536293362354845,7.231798195250075,7.14895797038808,6.964071491088253,6.930184357868541,7.146843936870687,7.162633851720295,7.417739435885499,7.301886043656015,6.897625021180331,6.4058652226828805,6.231862792508248,6.004648734991881,6.14581853363055,6.1083258934417435,6.056733660699089,5.809566052951603,5.568998833468457,6.09472797913818,6.267084682961084,5.534534187636129,4.013742489228897,3.180755386337372,2.3661817484545735,1.4729082894267984,1.47450374278438,2.029306647871875,2.020353467691449,1.4912553000355397,0.8932903317773881,1.4256099744208703,1.3227431259027513,1.9573597099852125,1.5620860525447384,1.324590612105106,1.2331490356410038,1.5544033402061352,1.2052836180109219,1.6232854842816264,1.3346304732685585,1.1711662922420443,1.5732373731699327,0.9075273257281077,1.1770505037789376,1.8579461496294292,1.3295518661277406,1.8366640169280433,1.4634529754368157,0.7340339805916127,1.545953082012994,0.9716236134503954,1.307090081479202,1.7501820508008443,1.3238736722152502,2.2734812411693066,1.7180921788013914,0.9223515012381859,0.7425352258428186,0.6671853479894126,0.9204587998645721,0.999997338630015,1.1760967430515523,1.1481726859957375,1.3036379830360163,3.5188514916847864,5.115731648189046,6.542521840101978,8.039197248839733,9.1064151743908,10.166623128779214,10.57988339518685,10.880049525396242,10.445245449574893,10.609623885788606,10.539452011777643,10.006326810653514,10.235572957858126,10.389803302432423,10.112545210813147,10.428734400881972,10.912087569201471,10.878425835913221,11.178132814911493,11.17084984283773,11.327900769182067,11.592831051560214,11.357134507805698
October,14,10.638827353431761,10.046098180204561,9.558491797146177,9.27000256566477,8.841036936000181,9.003151188662818,8.794428597721707,8.47653715829453,8.37216764215925,8.524355243775611,8.271875156181572,8.28865331632122,8.13360092325035,7.8593562047122605,7.397591725948451,7.263651969196321,7.10540726728416,6.437808803080355,6.341473645054077,6.276337322219996,6.469699923662576,5.918976390546735,5.993635355280182,5.6228248012540405,5.536694819215667,5.206636709756885,5.461229105868251,5.966641973687388,5.995211305184585,4.982456604411521,3.715772391913227,2.3204455835159146,1.5144300221589333,1.140365519971113,0.9268072043916469,1.6354403682983405,1.744374924510511,2.1922049401027115,1.415533388422157,1.011163782072431,0.9518164520967958,1.0476593112959864,1.183901392349427,1.3978837123892491,1.0502339287517541,1.1777917390706676,1.7431432638954278,1.2464484193988112,1.0013297813188178,1.4129474262992652,1.061400728663777,1.5435206622559907,1.1622403758598383,1.3539404774046726,1.268389581842905,1.7543343388619683,1.2748669658148946,1.0436443282262966,1.1945377375876918,0.7944946191962029,1.312703058195171,1.3005330397472803,2.3213304399191848,1.195139462601746,1.6610773042752995,1.0316010101461406,0.8422595465178354,0.8308852631663849,0.7270115466797484,0.7198818393527904,1.249023679091798,0.6094492974202768,1.6327116574529725,3.8994499310299884,5.691112053275819,7.168542653444871,8.644908709181648,9.509087605220486,10.61806011942365,11.598432833030587,11.581754825245275,11.282233634499127,11.345995122283913,11.016104007584609,10.58540703915724,10.317936321147853,10.679052670821601,11.362351784247169,11.417162651981167,11.185134498650108,11.345470113912993,11.50718041067197,11.334431751539832,11.179446595309738,11.495130507459471,11.145165721252992
October,15,11.275164703512656,10.846644392639535,10.623246349573064,10.096621115699964,10.116212658093652,9.667323930309077,9.603693877350896,9.42865325744191,9.178453167639747,8.288701275560763,8.465978134473852,8.527368141883125,8.400670178246186,8.316872939980364,8.404842828300366,7.9017959994261675,7.128653117817171,6.660160045575931,6.713262395494918,7.053879283296932,7.076996981406277,6.781420460469595,6.521795346216297,6.474374806822756,5.914431859052827,5.343416547644239,5.177591788994305,5.864429520995673,7.044726160630517,4.9998483545081935,4.656982135500773,3.495670945630096,2.0036611611862574,1.3513640948408683,0.9672111879339582,1.5072283176403816,1.7615099289164957,1.6550046104394682,1.0960373781109276,1.9216715296009927,1.501054488824825,1.5967373120093593,1.4147445197576458,0.7616266552040566,1.088196370929123,1.0709744671012809,1.530651758789426,1.077746665868053,2.0298265558526305,1.3306980337402499,1.4207604758178751,1.362922805890424,0.9165000868935324,1.0470542520833963,1.6286884150112881,1.6842240457951627,0.6830439944359267,1.3181900710695682,1.0200456333349677,1.4706812120227768,1.287692578666596,1.3666172865641522,1.382330828496702,1.359068262442534,0.9793808941228999,0.9805623022767576,1.532472223556686,1.592955166263191,0.9187789240664248,0.8850224343793205,0.8372609228277187,0.18808422788238635,1.2576282387717985,3.578906959609945,5.251373931414851,6.510824442030619,7.714204959130566,9.106483432357871,10.154237813947026,11.009129122693148,11.303377624510448,10.820187662062343,10.898959855061007,10.922283466003071,11.105996639676098,11.169268942315101,11.075640883888841,10.9095990480354,10.931390191273117,10.462856451756453,10.948476067029844,11.008218446989519,10.625431479209148,10.943670336464654,11.371311524198099,11.802535013830063
October,16,10.866181311158034,10.573254057172923,10.37091429176065,9.78088286190843,9.55233767685833,9.07433284363333,8.85614550818845,8.367513687648525,8.23522535073343,8.031225472111279,7.779531576034455,7.7621825779554365,7.7896396761194655,7.430650890895065,7.323788365812684,7.0303398805953465,7.149001433074201,6.796017613728041,6.921906195950015,6.811267747989776,6.666518580561852,6.464980148552651,5.804023659969071,5.808716564856438,5.681802815160126,5.655405928310963,5.833329708971737,5.661933479585817,6.532013613232952,4.66283001683567,3.700213644868744,2.8507943929947697,2.0512285897113167,1.7873746422162433,1.4790696566568435,1.465973055774359,1.6682268876600639,1.6249598484745043,1.3261575858064067,0.6318765168305326,1.5790253963644785,1.5236441015788083,1.3918103263501858,0.9253598717585292,1.7225068158308157,1.529113650080571,1.1113959496559362,1.0733762782085476,1.734269485805453,1.4010302535281818,1.0829520104536463,1.3677430889462536,0.8841147206139195,1.489652918809661,1.4889164301666318,1.433504409000428,0.3950362413119796,1.179348233231851,1.7630987990735414,1.236973559411734,1.4048418012276394,1.691648378797944,1.3412964413441928,1.5031446611670547,1.1387434220889894,0.2280465296380831,0.5083355690240432,1.0980375933096609,1.1800663669960716,1.2104419231512284,1.0021076778276279,0.652433326261718,1.4473320947713044,3.144606520921465,4.745340123901595,6.455429354041138,7.997845161616547,8.836086787589997,9.71252696468369,10.70222842272094,10.558807543648031,10.189183416222246,10.210100115720346,10.451071334005315,10.19027185431757,10.158862075374763,10.149028828650497,10.64207895331162,10.180543972356354,9.857174399971642,9.628781457987452,9.90093760735158,10.09638515883096,10.670311249109753,10.852747776344772,10.966913420803838
October,17,10.915988543179129,10.697644317121899,10.48571225656457,10.03793669893194,9.469897920307615,9.119581533751877,8.352835079650863,8.206251611976832,8.258710263948732,7.90931568675369,7.727466671909777,7.850575877417817,8.103850871849568,7.912975114088932,7.430558902438727,7.40539289241005,7.272932007868751,7.041771469921023,7.056366452804574,6.685966634618362,6.186069625082084,5.7682143659703256,5.8418087124298275,5.893377151295696,5.682405236646356,5.528721990143146,5.588373274242269,5.197799843572748,5.88130448968601,5.5619119468476645,4.30831444551036,3.2355421045294883,2.5593141302642066,1.4232150747765686,1.371263760736109,1.3069473061001098,1.213612115698293,1.9823461745427344,1.4127202547602036,1.2263612958869285,1.547386770636405,1.193554356345796,1.2384512869945192,1.3053344861248495,1.1184792739380547,1.6226016011113222,1.1927545567295423,1.6825714461369996,0.5984672099209863,1.2135999809608984,1.790562108573,1.073650417682509,1.1262130205388161,1.7271391444574287,1.5497316422995593,1.6737858030452792,0.7014512823130846,0.6488173395658704,1.8475972720792122,0.9290516769389189,0.7617847414573035,1.0139986291980072,1.9300107063285301,1.71132308848196,1.1397224757774338,1.0342696900290413,0.870959106236463,0.922483971979951,0.7612206075622111,0.8657205249558628,1.3367804354322486,0.44760803809530036,1.7134151532020603,3.7823715939519458,5.4324835996069085,6.720370544481194,8.055926800468804,8.528482792390568,9.281921291961927,10.064123408628804,10.43007967536212,10.329797845481805,10.56191514543748,10.486370510048252,10.476119028261486,10.40949004652751,9.99992113934739,10.197596898743884,9.878324557169845,9.744319792512231,10.09459736979907,10.156299322455075,10.030893645834054,10.394623711050334,10.554013632860311,10.925180547456398
October,18,10.726668837897709,10.376499453913489,10.385298381322466,9.854319593362005,9.402608666679921,9.155798953934807,8.849100357477182,8.89366720983997,8.245685308417162,7.926118616581395,8.00998756964078,7.976754460032906,7.53851555493598,7.013517364331903,6.712494071564607,7.365643458114188,7.706877244144602,7.289164636467537,7.091822986159996,6.6386301221986015,6.0001593933492545,5.7849813569161785,5.587463376123219,5.625185082438175,6.065834684398658,6.380575889983193,6.3754411857293345,6.407253424721119,6.716521993601189,5.812101819055872,4.66062350783247,3.5151686077199984,2.921941691821405,1.747532039840208,1.2690153356805147,1.378062827291324,1.5961863333903614,1.8332449174850902,1.5877410624640158,1.0699783678251904,1.4793886988993818,1.4336998188082917,1.6119024726795275,1.5372578153544034,1.2270550737951174,0.8281395680051015,1.272291704673846,1.3769230213480101,0.9905446700191342,1.4154666822908335,1.4852920953052406,1.5686806059267566,1.4417745408676705,1.375307120620778,0.9868318843491938,2.09301947026864,0.8228554866083081,1.3497360277001955,1.3043143631273915,1.3577928582883314,0.9685273794859061,1.9685698404967344,1.6968183999858353,1.4420612905295491,1.3413492797134314,0.7666916181208655,0.49252838300184193,0.480102187418423,0.7983424093612304,1.1603046682588387,1.1342437061416903,0.49146958483257364,0.7462575609437447,2.793626721910162,5.1480039563628734,6.668270762698257,8.11684211077022,9.03663501144726,9.704811761711671,10.452960237214985,11.053280663786518,11.084411550928932,10.936435851522585,10.524397553197568,10.271563225971262,9.991198878016746,10.347734488967708,10.885836974699593,11.048478377354133,11.063998678054142,11.233879897274171,11.446118931263147,11.616540957895864,11.499456932312722,11.046279288527733,10.91067881349369
October,19,10.857664860059604,9.996566363056628,9.880871841260692,9.911435001452764,9.5521823942708,8.78256865896239,8.154513747667657,8.149126210367479,8.136431452389472,7.913872855922304,7.775223705253745,7.883006688687789,7.956972469056619,7.572688780954768,7.551629662412795,7.389828679698081,7.351033440357706,7.115323044916201,6.608232255268811,6.806046869159457,6.762393353410821,6.259269766605543,6.266894132689282,6.2656005558121475,6.092526708974713,5.759543150515032,5.873051404626322,6.043554729178344,6.399810345777824,5.4374599473548875,4.037399984757112,2.9333766105977443,2.295230269111281,2.1779729458189494,1.1509646104197613,1.930012457741292,1.6305726401461413,1.5414663164044138,0.81577369638827,1.0408469722791174,0.9820703301720985,1.7111844087742776,1.4703044373652219,1.7180725811595638,1.138009039404021,1.0009934899302726,0.8825785297865857,1.2728983449014808,1.613491918109644,1.120276600381797,1.8467704523182116,1.2617614005521256,1.3253710324948185,1.0645206033584929,1.041640904153595,1.4027906274455317,1.3598422112868993,0.9541127903413051,1.222342869976153,1.0255842853377994,1.1108605136620575,1.643761015479347,0.9117727092200253,1.8458468818950495,0.9089166060330224,0.9159539023237903,0.9225389316746669,1.056798862970582,1.0557957230467354,1.015452242492409,1.150942231394349,0.6358393345177245,1.2750097745897013,2.628372390769995,4.451979032117255,5.80422946269091,7.467649831935784,8.425744382039644,10.064557269390239,11.385895968027476,11.337068064681802,11.562035983407359,11.34516089791784,11.002705054545148,10.389848022390472,10.421414130970044,10.508953441214487,9.91861905305644,10.40012627868597,10.663178163912127,10.692050449590125,10.684131081216993,10.940887631707104,11.192840224208311,11.522249713531581,11.524834086511925
