season,seed,slot_0,slot_1,slot_2,slot_3,slot_4,slot_5,slot_6,slot_7,slot_8,slot_9,slot_10,slot_11,slot_12,slot_13,slot_14,slot_15,slot_16,slot_17,slot_18,slot_19,slot_20,slot_21,slot_22,slot_23,slot_24,slot_25,slot_26,slot_27,slot_28,slot_29,slot_30,slot_31,slot_32,slot_33,slot_34,slot_35,slot_36,slot_37,slot_38,slot_39,slot_40,slot_41,slot_42,slot_43,slot_44,slot_45,slot_46,slot_47,slot_48,slot_49,slot_50,slot_51,slot_52,slot_53,slot_54,slot_55,slot_56,slot_57,slot_58,slot_59,slot_60,slot_61,slot_62,slot_63,slot_64,slot_65,slot_66,slot_67,slot_68,slot_69,slot_70,slot_71,slot_72,slot_73,slot_74,slot_75,slot_76,slot_77,slot_78,slot_79,slot_80,slot_81,slot_82,slot_83,slot_84,slot_85,slot_86,slot_87,slot_88,slot_89,slot_90,slot_91,slot_92,slot_93,slot_94,slot_95
Dry season,0,9.512599693833506,8.033676152060355,8.842939567404745,8.046347053949784,8.854617289668404,10.084306794429873,11.12367715043937,7.208211876761157,7.862652941693792,9.783478892011665,9.85786882097558,9.454436816008764,9.346513867134664,8.262129778413971,9.134703163263898,8.737134439238146,9.46020662542412,11.205922174176445,10.312748025488304,9.419211422729754,7.863342449415263,9.24139285480288,8.96452904582319,10.817104455271702,9.265204945640205,4.783826087898283,4.213096786456529,5.031070492382897,3.165223915443527,3.073369009999203,2.6109416300605726,3.400133160926137,2.874157225371108,2.595823478512286,2.4853115261511727,2.946346039610266,2.787065851861058,2.7398759906109817,2.8720137481567947,2.4027609164864376,3.3491231934965686,2.528208823315258,2.9024789323369036,2.118300718739501,3.697701022574651,2.6317666611873345,2.613437745491512,2.520100291338573,3.172006406797025,2.5431181749492047,2.4979586329235,2.8827141018863616,2.8739413209924605,2.988553958136406,2.513594398181155,2.5381194539248324,3.1604498565306276,2.7310062445986056,2.7790338564098884,2.6726919773632773,2.8587842336811926,3.2122596754973656,2.5551045151447425,2.4553273649851954,2.886598626862528,2.7721470803295802,2.412349466574573,2.5920934610445623,2.5094519109927993,3.012353778958956,2.616023884815086,2.429991277446162,2.892100673812095,2.7842914741329037,2.5755624885426838,2.53600360307431,2.7979456943247505,2.390933337328241,3.077249631520245,2.967642179372567,2.0620252152509497,2.1489464965068685,2.6671119040559503,2.317184877390934,6.948490074943182,5.437096883996205,4.149144324414611,5.9953817300891785,11.5316696255211,10.457169928527431,9.648291324307742,6.539426549180945,9.093822699695604,10.560265971542984,9.572666436640128,7.880592829873871
Dry season,1,8.667891824210898,7.541867109282038,8.93215578136041,9.12446205827114,8.882424337582783,8.865821049398509,8.610973756677318,8.663099246269446,9.25154491191954,8.184953974517793,9.35385696623443,9.833016618423134,8.91705019991477,10.275345042077756,8.497578370453734,8.7931981997413,8.54647218351226,12.205656243599417,9.718457107616432,8.889768954550837,9.3567992571392,11.252862927601107,9.428004908701386,7.877267442873644,10.128941323649542,4.765902085300708,2.8330257872883404,3.1160669456649854,3.5789718288282253,3.3568185393916776,2.741387752630709,2.803425085163734,2.3203859380033927,2.717337720501567,2.664238854909842,2.723585608908225,2.617590316271016,3.0016003986271786,2.7823295559214296,2.9637978540047265,2.606061783880493,2.926373485873554,2.652513514517549,2.7295501353548732,3.111731521006598,2.9891748032047527,2.5007912771192538,2.2234419695976673,2.7746509765712237,3.1977999651900353,2.233720964012941,2.949896659679781,2.5767500975005913,3.047238933284196,2.8208843934475905,2.2137571613234757,3.0793469147566883,2.5391837066505762,3.084421878845593,2.204280298938701,2.9692780620528936,2.6807329644508813,2.967995471230251,2.475644048379148,2.732812831552951,2.8045378204512446,2.8879534274916447,2.4845060480053887,3.2508887745146087,2.8157407291490193,2.3272642790877938,2.7748946118020528,3.2347699462445445,3.236477305536687,1.8899423532033466,2.5056691522584464,2.701308178165334,3.29381099603913,2.2414312727549084,3.1657564528319555,2.5729318119887314,2.4866174520474016,1.7376977433987435,2.083839071863829,4.302184681661867,4.997429824730047,5.458255181951075,7.026969899452027,10.186472461355805,9.553809770423596,9.264866968234173,8.959099850747391,8.186948560672556,6.2982289142647785,10.438428156401574,9.724083263814068
Dry season,2,7.816252963240735,8.66786800604106,11.255617973658662,9.610522354102892,6.598172593055774,10.99188992111443,10.52689023555704,8.63252903728922,7.953699154466225,11.034858779515806,9.52549384301462,9.433445462026693,8.786931360171154,10.187201748606748,10.964394437975747,7.698287502102033,9.078199012135121,10.416341667328071,11.143929532363519,8.33422479185411,8.866648252674771,9.05952901012864,10.822909145291796,10.071069916359598,11.594606602261559,5.22421559662523,3.3011651277549867,2.823427378405604,3.2700270794535693,2.772876601771143,2.6312884917599524,2.9864386012513138,2.602100629152413,2.1287780794840248,2.734670395242139,3.3545147435087577,2.5844808972125817,1.9640101484165433,2.6759934845951054,3.3535444145390083,2.433466947178516,2.510474856640047,2.8774737043244287,2.836057852965868,2.7588623642917094,2.4096993391426733,2.456634640615134,2.5154658103035246,2.7327384281229277,3.6724587507784667,2.1290668938920088,2.403894276059284,2.9313842489379285,3.5359374554385843,2.3698932134993544,2.4516290882466287,2.9294969950967724,2.9487069580000504,2.451107097647423,2.7334509806707454,2.562227100367118,2.919542734476914,2.937878010806618,2.2917117559605464,2.473657524417859,2.784093661526186,3.280858798445277,2.418428319516994,2.1887993962320573,3.0368667049667217,2.798539549696423,2.398665548415126,2.647174658558208,2.874753139349255,2.4969319041477323,2.582098746091634,2.522576138390332,2.6637775910282575,2.557245215596192,2.996419741265712,2.361954062831251,2.018477303909774,2.412860035251872,2.4796369854001843,4.979551453616633,4.9627801013322195,4.8835833970610025,6.6308099580776725,11.468371007757842,10.881248964371377,8.204458028074376,8.356881012082594,9.065962100437064,7.998801891016171,9.40870365584917,9.32890492210285
Dry season,3,8.651411017634423,8.34064954102172,8.436521770053755,8.59260196406186,11.302021674488959,10.61337285191126,8.07750981869533,8.32289459681315,11.459339093091016,12.685328123400819,8.959447755242973,8.439616697269686,9.408677114708873,11.029148247775508,10.204093402172624,9.17587525912257,10.44328561505237,10.916527223717384,11.275777115174835,8.685872579808075,8.519528230166989,10.05630487704898,9.496691072624072,8.367467044983464,8.47119682241637,7.07292936196842,4.098614918707835,3.776521567862786,3.3076489635245223,3.309943294228559,2.9248706262094752,2.2421890196060486,2.9245869010803744,2.8864345581070148,2.7639544461486807,2.7073577215760616,2.888151142165927,2.668593392136075,2.388457775396214,2.4654945768455234,3.3156595021538946,2.7424987313414793,2.6749571642150647,2.601674219751258,3.07481680198082,2.9459188388311146,2.5031154934503728,2.6876337880696304,2.8790888750501216,3.0073634779191343,2.7029173094210694,2.917428313961748,2.630678234152877,2.754054230868941,2.531777982614046,2.895865286284109,2.5823649676615883,3.030413056893887,2.7537798876243538,2.528918342342246,2.774366435452722,3.0881536693320144,2.085536536390102,2.189514513923105,3.0893166285451263,2.3927948998788744,3.1703079206888654,2.3102924701666243,2.5921476573504565,2.445053720886344,3.3966014323344758,2.4683739770756166,2.34760032867812,2.9067736147127663,2.7921467268593694,3.1280079947386694,1.7796405767285373,2.38736079259646,3.21627454648788,3.072474437618829,1.7048519326207277,2.344301727972095,2.1317373208597945,2.46388964777365,3.7583864484316347,4.788352007848315,3.2813793863009986,6.5391500362211845,10.943753973827294,10.514082418820635,8.528143649414627,8.696146707263017,7.859401146837339,8.279231064163712,9.997168601679174,9.602345513722051
Dry season,4,9.66997909212563,9.15496468838387,8.211520239845013,8.99161548771463,9.823762829479444,9.121672344647203,7.409999811449636,7.710776195627108,9.375168693735578,11.255137216348084,8.210946769423803,8.56051943206458,7.646741829544077,11.446422736897444,10.341774400089397,8.33697441401058,6.899413959308566,9.333829247039931,10.6928893897602,8.630755927799166,7.55635896209641,10.607303063727107,9.65602200033013,9.88880398396783,8.926847725293232,5.170868364385913,3.596600593702644,3.5174466402101783,4.4941855624267095,3.1394428525932425,2.3251884329021095,2.2992313901165797,2.903117372092704,2.936607517553155,1.9939061978782369,3.231330860029765,2.6260000805249133,2.9171769947330777,2.239834421897013,2.692673872205185,2.825736810744476,2.735381206544669,2.2871882989991676,2.7916521563002172,2.993987820187709,2.380386369682195,2.3778970621253555,2.989161047040243,3.102237106248206,2.3599992505409406,2.707976358230822,2.837692505363324,2.942411145196013,2.3455255743135806,2.406376526573985,2.3327609312879454,3.7233799784165735,2.6723114828990178,2.4186161636245083,2.304218009569089,2.664708931783561,2.9458924665279165,2.3481673511760084,2.0904081106251415,2.6733820671769677,3.378019600981274,2.71607029660093,2.1677988523395486,2.576010785427406,2.885651753605529,2.566210696497628,2.2568019579874923,2.626738227873331,3.2966196028994257,2.4474410592528115,2.186160954471231,2.8083261174123026,2.85310688902964,2.693234338058209,2.5207224800588297,2.0957436858302185,2.327098192312194,1.7089876153461603,2.2100334676780635,4.568414054654956,5.5540110221632295,6.097439816464788,5.721655591975602,11.553404469714723,9.413289832891682,8.636835465227787,9.771939379756837,10.384507009783995,8.887196914092474,8.403367013524166,8.503156679990832
Dry season,5,11.38103737296922,9.378452642014924,7.313499979644393,9.17726467669694,10.510573902547968,10.07625382631063,7.05434242415207,10.12462358684088,10.581117400621697,9.904344804298745,7.065826987109285,9.434092252547654,9.695778368884152,12.340407355851678,7.185263264238409,7.755172442914767,8.85095070071468,12.878375332978468,10.316284793206533,7.398260548923933,9.692078119013328,11.198445000680898,9.555051399082691,9.140460598052195,8.779069237392617,4.199535078660279,3.2583957767706924,4.9293710966152,4.34899222344034,3.0206429617574813,2.5187085929207997,2.9932825074398943,3.6343856641347783,2.5194489706467853,2.7250190961707443,3.1285881214841025,3.8171973173794274,2.7156372531738047,2.4685610820455564,2.926439852001728,2.671187351874557,3.2539106050876967,2.82691295510429,2.8383770873736145,2.1117577213878174,3.6455364313510583,2.8115490951806215,2.731385012812502,1.9845718237877017,3.6857075590375357,2.5834970772431314,2.706333717017389,2.4298314715536176,3.638896437945095,2.322465256630833,3.2730638942473016,2.829967471798625,2.8249461626624144,2.2648032065007366,3.209704167035184,2.8249236685384904,2.956929509927668,2.2358505641144384,3.1372542021100895,2.973143529730387,2.2929327556093155,2.1232981933000628,3.281121896032072,3.8673295443872306,1.9785936848156667,2.7613227728120764,2.1608748029726117,3.437231189071467,2.4335957671630957,3.1339173808594154,2.449764300146394,3.15328416594258,2.4431479186046023,2.8503586338961777,2.767440519829034,1.9779515778862737,2.037769252468068,2.565630601818995,2.0220205126409034,5.240365879150365,6.967341845415937,2.6216579984740265,5.962120464377809,13.85989761504372,10.823500517516244,6.851231154194073,8.57021234600403,10.440085002601261,8.569716152551514,7.174316817996307,7.83252556173474
Dry season,6,10.95316331050053,9.705332166882549,7.243865622985747,10.383308083040607,10.136418762507358,9.565480766672149,8.7387603445798,10.977786634944513,8.784776673083467,8.692962582838103,9.018245018009122,10.550008481947602,9.091970164499537,8.521076541026309,9.432930643769009,9.412653664042336,9.870351202551623,9.459417027278196,9.58592695299745,7.517148220193675,7.545278084828978,8.450340261777432,10.198305688819262,9.026205371190779,6.392517268990744,5.240109286288104,2.8045359717344485,5.688696695929088,3.586486017934095,3.320491687260879,1.9834407197517616,2.216527709837193,2.7483226409679276,2.814651246999009,3.001413954154642,1.9506683646613656,3.368299692004624,2.8095905387734823,2.752766185642606,1.9988176155502044,2.8476188206982775,2.638744175811984,2.6217914090905996,2.8201543921227614,2.686646223479126,3.5238763446713244,2.489197959861094,2.792272571488001,3.040553446693862,2.9395665298012514,2.2985105487833395,2.973111230331144,2.854930029448414,2.5037093065361917,2.487808245407705,2.73254103706322,2.928788366500358,2.7868487483620705,2.612200189149841,2.6393885876333503,3.0978720347232223,2.354234297147949,3.0740191131379384,2.2389365172855538,2.968823894487623,2.3833126003599756,2.994866276468583,2.6368628791967694,2.8123603635617664,2.725678675099672,2.5789731094450734,2.6908881336223844,2.5542699921898517,2.5404823219772665,2.340384412842925,2.4749872299520783,2.7119075657797582,2.88571544802843,2.4729101177014106,3.1998226840299315,1.7345068875065537,2.0232701293618605,2.092372386664076,2.269664760602606,3.13048295962498,6.252659169410175,4.491697925734386,5.628794089237536,9.424061144862236,11.66038682141119,7.661783242446211,6.836201909575632,10.702933964690175,10.24074488412173,8.107305510522592,7.257518920561298
Dry season,7,9.843112958956048,10.411652637388704,9.517002238558309,8.378768357518016,8.843790221168048,10.028269726605187,9.684723837774863,8.83249742149272,9.98836996548796,11.123593278696008,10.293856498745653,10.300864502418007,8.507334423021375,10.431705873925441,9.3537400744717,9.116411767330037,8.72002838657614,10.712034784792534,8.52726010710394,10.957136969521965,10.408399835581662,8.178084605251295,8.804586603725662,11.71148133164276,11.419641071073533,4.980976740075069,4.577583265615529,3.782999329506877,4.151592645315021,3.0268737484150776,2.506745730679741,2.9804578323746322,2.48307826428124,3.339869710182046,2.273272398084447,2.682229352516563,2.4401856390835,2.9398744383364632,2.7656475542782,2.827325358802254,2.810029069703947,2.430444363420652,2.4837039698128347,3.1034753951387963,3.12709061226393,2.480812301035727,2.5857984072038915,3.2051866057905443,3.003528193812334,2.308173445419508,3.019486357088306,2.712906419524312,2.8891864722298854,3.285834052040388,2.873147765641675,2.4185303804170197,2.6071247828044144,3.3438899164655016,2.4903208753998745,3.26619105883847,2.793480185329211,2.8259967295827875,2.5155499063201514,3.1660246534565184,3.0757877329365084,3.06567006541522,1.9843579098653499,2.947091910194652,2.8635510259616845,3.2277233012946,2.23383309365563,2.8691732688988982,2.5505361148353787,3.0477861871885286,2.6753297269868863,2.609525020766939,1.986685416256796,2.658817961854921,3.2498913400539693,3.14935901344542,1.7575814767874622,2.2751021327827554,2.381094646639634,2.1918736203230296,5.570043655000302,5.815393590204519,5.1897213105417395,5.010583969582405,11.376604189754392,10.731425673760349,6.995204229245313,8.596889101874138,9.500661994815927,9.31658599728059,8.510179600328183,7.633301062429798
Dry season,8,7.602814862244399,8.776793405145519,8.365955542507402,9.272789184919482,9.323122973159803,10.17945001406205,10.475094158955233,7.98540537319351,7.492129345262285,8.942670813538674,12.93391291114861,10.690285286261346,6.395548403455108,7.128465563189069,12.504061599153015,9.304487402681433,9.433849873323902,6.466917378672365,12.123867690595684,10.736783157062325,8.333014090168048,7.054513963690903,9.029332086851309,11.877615150266562,10.177167264970846,5.456080001069725,3.791087722240932,3.426136483078475,4.133568580209034,2.97890701731476,2.3940627601642963,2.8966075106791336,3.436852596753359,2.5876359917746745,2.503824018244912,2.7573888090225456,3.434782764967559,2.3937078619457024,2.8748351898113627,2.593005230347546,2.9798356640654347,2.6175579525656825,2.8316774472946986,2.401927140685635,2.7366558101697596,2.5897147362729593,3.1291001030711163,2.9098629700028855,2.5979318431289804,2.0648971021905393,2.971188258643006,3.063020821244994,2.5208823164709053,2.9155909508160303,2.756633981848708,3.485725791246921,2.831475573581338,2.887624149396993,2.9178281162763695,3.1519249341431217,2.8092197782979245,2.728038312348286,3.4112207765449316,2.4504658244659243,2.851622319232847,2.631826366557837,3.201115806860928,2.626043127300581,3.0707609576467827,2.453977077545859,3.2035652431180384,2.985103532877148,2.33664587674443,3.004029192567116,2.974620025062085,2.7522201866616203,1.9380276354539874,3.0386656353689525,2.797548214876415,3.2367944243146094,2.3269305664356734,2.351041090099589,1.9676600618527855,2.0141596231905727,5.672379639649201,5.31783030255129,4.168243776888444,5.647813216423416,10.902392326434574,9.847258116575416,8.277461661229834,8.14161215687853,9.097035376936484,7.829282621395063,7.956200398418163,10.708987693664277
Dry season,9,7.585190356807863,7.707838915673979,9.789231448196887,9.984331648892214,9.69159637932503,9.22147993092513,11.170851721462281,10.190494978389896,8.490433800647274,11.112657146750076,10.163721020827008,10.348236425539262,9.777183263360943,9.93070591427863,9.809525623544323,8.531343805250987,10.709004532522862,10.136955544218626,9.398619748125894,9.410836341286814,9.576879396028684,9.202563925316586,8.177191401308898,11.291870990498724,8.677292881799376,4.147113858667229,4.131053996876143,3.6925028001087754,3.5839924675838106,2.6910524696768903,2.8580410398054372,1.9551511793001979,2.9575747794184766,2.771035533921047,2.4702004484224473,2.324122535222231,3.1416628545847414,2.174066688864537,2.796627200365726,2.6317736421883855,3.34694903406905,1.957322523614279,3.001892288327805,2.843905175494338,3.4475031783718597,2.408089032704339,2.549512032591078,3.1476487371152024,2.935276393677503,2.731709058105298,2.6246167967472274,3.398456208289331,2.3102914415779696,2.9239176323747085,2.849048966662978,2.712269088237329,2.131260528880769,2.9694618790881435,2.562055068576856,2.391837179540521,2.436920268681684,2.7669546108899463,3.1090093415582896,2.342162265304802,2.822630385195494,2.46748212182299,2.9616689650187475,2.329563476065262,3.1679207194750636,2.3461117382165866,2.4962000364740446,2.5574128862385206,2.7564798886690114,3.001467506593213,2.2256405356701023,2.4135221542276786,2.5853292341573053,2.8148314901319775,2.4023802533715584,2.911481823385708,1.8613773598308283,1.8029136219608466,2.2335213648858336,2.4015239996380697,5.472055664431508,5.111561144918775,5.2118076931313935,5.626286213877939,10.658631962415685,10.105814206905139,10.092895002640999,8.393634925372723,7.863935776145384,8.883498039993322,10.211970351135754,10.08183840077763
Dry season,10,8.204508810383517,8.005066484196329,8.895583685309663,9.57671652088487,7.523337143104226,7.741716734512527,10.040986509782272,10.617876294496266,8.607703329068796,6.7570319892683655,9.296047533028505,12.419176107496535,8.287189914003465,9.308347751695264,9.204219126892697,8.019144249850571,10.502791525762046,10.4982712738748,10.848863735235229,7.647596916505273,9.316010867120585,10.969151536557211,10.861692435189585,8.147348070148576,8.980203226668456,5.744330900911652,3.0445180541185435,4.533308952641796,4.330784011282412,3.418173855968466,2.1816648395994473,2.2764589185436948,3.056077202863052,2.7734230586476105,2.1881400930210626,2.8284156095281654,3.157935777400838,2.3881545110080933,2.294914768811837,2.9153794208403334,2.720067815500286,2.62690892922285,2.5336513184605587,3.0491805460638353,2.5557205620132932,2.689937199677259,2.870326238058391,2.82687620910568,2.7694962578878806,2.701825285287403,2.4892678620633935,2.773428062885078,2.90950657698806,2.400894222343353,2.778748824867508,2.6431523035125215,2.6663904006088512,2.7413750265944135,3.2234442790550997,2.4248709956339534,2.6504298330672738,3.0976575699656137,2.938735970572632,2.3742901987667113,3.0199739992302588,2.8863851258931494,3.0615980674061336,2.8099561996964817,2.5297213259913223,2.2952890220989084,3.020020750760065,2.505049864413734,2.8100113187102083,2.2261285637046644,2.634988234869099,2.8693653550717664,2.757328400725789,3.038412836830181,2.660152811804017,2.8849690112103605,1.8673227955403167,2.6466585466160084,1.8787160518663846,2.014564411466199,6.3397034997107715,5.506311918802461,5.522178867823203,5.907911587289508,11.644922731854347,8.842380350091712,7.234347974586069,8.044632627034998,9.036347864893294,9.509917903784054,8.16147402690417,6.771212333155589
Dry season,11,6.905154042771381,11.01419957066186,11.711343069536202,9.061000176031257,6.702904083739654,8.51313316776809,12.980972505548262,8.459354211628076,7.774187950286769,7.997904111359253,10.684323540008178,10.047371533733802,10.322927412251698,8.740312898811274,9.158492795391718,10.055869303292221,11.226914343416762,8.258233681664898,8.363397123901914,11.892267099177639,11.0505528271007,7.739991288268351,11.577587222975062,12.294183307149675,9.609783088401072,5.37390201271734,5.541223660700623,3.6960004426985504,4.329542359370191,2.9289129429269045,2.7794888106667393,2.16103615889777,2.605316030298332,2.7420198905277595,3.1020804494951606,2.277159474015362,2.532858342285145,3.0378645625769423,3.1913420898854694,2.7090020343753554,2.6060500022835984,2.6667843680968395,2.7957455440445265,2.7227396068879344,2.5580312466480906,2.7832310246544796,2.7331962358949777,2.436107762983567,3.1310737078457582,3.2848481438163706,2.7617503264786563,2.794484386292122,2.2377773733198407,3.2544565325284167,2.967546067514382,2.748989643958372,2.6086185824769967,3.3149088688528905,3.3560315429170555,2.5169296990767043,2.777581743355962,3.077613388092888,3.586972066159855,2.7200352903534633,2.7142499124574737,2.6321332104315673,3.138355438528963,3.2022408315868622,2.6870486613204343,2.418357375899342,3.1652715444774113,3.908082237050307,2.6587150988104242,2.351644266554263,3.2616530798209755,2.670939197181591,2.784179243703617,2.6017260773056625,3.279860885752994,3.408084257412935,2.283693747013554,2.137476570068315,2.1056248336658068,2.7593066871133463,4.517487498879219,4.799787774482474,3.455474125867921,5.429336732846254,11.409803299673241,10.556506252896883,7.881263015510265,7.707292744744961,8.448942290692708,10.791945582490756,9.313574681154442,7.8915179966005775
Dry season,12,9.6485250050873,10.307654177820504,8.916412361996608,8.7633235075422,8.893736309365773,11.28064427234289,9.065374699084332,8.779695770439279,8.886889142880763,9.346464988207025,10.323857111341063,10.244667605641002,8.886293414086936,9.705190622198817,10.106270400399323,10.04027722320701,7.9869297674892525,8.386269911412631,10.115780374862272,9.956403605688093,5.309753794333579,10.427081626907981,9.621001951120178,10.592436147919303,8.407672567572366,5.1955196748687795,4.4385107091065334,4.038023878351141,3.1408714730089344,2.9710683074173,2.6621506668179915,2.5076454344638166,2.437318104427328,2.963184564128802,2.8494859053090518,2.9092711496261714,2.6670316572593564,2.7797386868978444,2.7018032132780965,3.306886734464243,2.453210136794487,2.55675376425324,2.7199459758665947,2.9422165953361543,2.9390475253978634,2.442367749937036,2.5901506183411334,2.8714093387253197,3.0742802828823232,2.6726726623800454,2.6279601434621753,3.1179494373301107,2.861508171892729,2.7166205789634232,2.0487899254448867,3.5600901248845833,2.2029908742253137,2.184768276580277,2.615992946831141,3.4588583800275092,3.306528565918829,2.3633054878496353,2.6992371463994607,3.2985809125273295,2.82627800273133,2.4683440214329466,2.3323152814005237,3.1726531776648366,3.0519918051507147,2.793439309912868,1.9648885762378936,2.669080431442588,2.828727234639508,3.053745043187203,2.6100494219134536,2.6820222696922102,2.2663950160442927,2.684483396343881,3.124829953739989,2.673969269849182,2.063743841650309,1.3507292717883215,2.467872603685142,1.887561947594833,5.856957457290147,5.047946392927563,4.682956624838975,6.2613342513064225,10.745140003699367,9.182100661973873,7.960972221619225,8.920167811917732,11.918898164289002,7.091111715873347,7.591683637366118,8.64443258999911
Dry season,13,10.37858077545059,8.647657247291223,9.174966821960927,10.45514959699264,8.850376927097868,8.707351757017763,7.932367932033943,12.835213673519329,7.926521843603619,7.264320555099829,10.234921729118334,10.834204794913175,8.950771978382615,9.042284681632971,7.496411986903319,9.840271199209035,9.530118304770816,8.694705942030557,8.828481841925209,9.142192485637855,9.238231608888496,10.196745328610332,8.662082403204487,8.96094970398633,8.003286099847536,5.886230212754484,4.071263099326549,3.468335991762261,4.54357288312278,2.466624626726005,2.154465484483578,2.315354589802371,2.9129253652859903,2.5800683400629465,2.0965751632373504,2.363801147544628,2.330211018159561,2.7232154060962173,2.4420399479397776,2.6932928415998005,2.237278312919099,2.8985432731351675,2.5346618703782258,2.701254269113308,2.2557714307415995,2.3314239045420124,2.8794004402760933,2.5551307686217597,2.687045265368873,2.362753553259784,3.3522769345616252,2.4765667340274504,2.96714823396028,1.9809808429273297,3.3236606931277066,2.4528951235000496,2.5644300236316564,2.474936678586826,2.5947634641978086,2.886234854157403,2.758263915468459,2.582945938940688,2.950763263404055,3.0224290345584626,2.341952017381001,3.15042944486523,2.4436099964093456,2.9040777214072144,2.356315629023548,2.6043572696453543,2.383772441457205,3.250298879864792,2.4872727829465253,2.0561465280511553,2.4816050136659755,2.9577159477859682,2.586448294658233,2.1309075319034028,2.9194290045277396,2.5536173858962146,1.9848985386627713,1.7221057188417992,2.5925371292270665,2.535753054835344,3.9022074881038766,4.600501345167209,4.047634890658489,6.745903091332189,10.444080804863841,7.803501257719278,8.62150901157898,8.87726145424918,9.319174945632453,7.620241906162521,9.073111668559871,8.61111939969569
Dry season,14,6.793188808777147,9.667381678309953,9.485853277318508,9.71786539716843,9.171661956252274,11.305983886158282,9.260778580335533,8.093349751626453,9.326565456232618,11.352679916677092,10.219402055972555,8.836769116852155,9.80935942221862,9.74156347861191,9.634999793078272,9.976215064152544,8.379166333552755,8.793957540516125,9.334176050686043,8.524967686756245,11.167418300012402,9.126537746865608,8.878568602166233,8.49727317677966,10.416825361074975,5.602593800462203,3.8260115362973597,3.7996638658120663,4.155282354796414,3.280302184612111,2.4287589653832056,2.677900194050399,2.9323145364969805,2.3636922091358357,2.7232802817418222,2.5588023154582777,2.6360564798920576,2.48136833207069,3.0224816766683067,2.9149465812014497,2.4401368843600535,3.051806243387161,2.617156702458081,2.758979235386545,2.39345183834783,3.104888096758264,2.9530288632012973,2.7209529589536112,2.8408591251192155,2.7185866201019313,3.1703334846412097,2.84364091018425,2.5827860670431706,2.5375372257808766,2.785202708903556,3.2732352721091824,2.4923843436966635,2.348283252337088,2.5787117175284915,3.5225478077286523,2.587736752431935,2.7265044838611265,2.279088776052184,3.2561692042332546,2.565619526009357,2.087654194062962,1.9774212407975023,3.701897593819326,2.8354188249232166,1.9558840847978172,2.6387477897022573,3.0783192231519663,2.9039618434289234,2.142053247640887,2.733143485825447,2.6664294304769167,2.7881945698297006,2.2009403126413245,3.0728724680142276,3.194052892768986,2.0331629065666066,1.728539464507786,2.2201892631451674,2.403620599792684,4.729225313534828,3.0713845075435153,3.846296772487755,5.788818876212108,9.247547695717573,9.89414867640709,11.020403471851903,6.331998725316917,7.14694601999871,11.048675958256426,10.00927404631546,8.940512324228406
Dry season,15,8.490057630677141,9.998841555726507,9.196103662340258,10.870566845774533,8.321472386809345,9.770505117372291,8.628116453245612,10.474227810477712,10.021455491308254,9.79041906380719,10.523761183852296,10.24178935648413,9.677866786457065,8.67276070488931,10.449497240589238,10.569221692168481,9.57908163784681,8.71851467876621,10.11554525598034,11.783252537870679,8.756514382033867,8.87225188101541,10.07375407971112,10.898976696938886,9.330095917043689,4.845934057690251,3.5641826169360695,2.9370759501491026,4.215063536554243,3.0990807311701465,3.0524502101473114,2.0881106090925083,2.6932469345748187,3.263754441098859,2.9572210891966417,2.4444775211259198,2.2061315284634344,3.126170844357714,2.9861428275287096,3.1262894738046625,2.43727121565978,3.1333206597891663,2.687152184862084,2.8785640633059097,2.5833886834073287,3.017138335822016,2.8756923303267596,2.875772137675113,3.1371567214488185,2.5743682426059697,3.0038825495554224,2.761055712804739,3.0774583888543963,2.4302455265140783,2.671625855648975,3.148502985069115,3.1251370951850332,2.396893002304198,2.8218708497922034,2.832171957873924,2.7673793218508247,3.3913360833735973,2.814695250724067,2.9361485757632617,3.1272475317866424,2.4356495943634595,2.750266235444835,2.913765542510559,3.2077815498306688,2.5672157876887547,3.0657977091969273,3.323742212176121,2.4747274596310427,2.0616270677633746,2.6193914350012246,3.113196002410722,2.8602166706993732,2.9620740425467913,1.9513950579665178,3.1930288836597445,2.307364154131802,1.9717757698512897,2.166381356502282,2.0542031540293264,4.618197951988722,4.002645751624949,4.8349102691822345,6.61230958074513,10.679893455943908,9.878176599036845,8.396669469178581,9.380068377571542,7.34763838988132,6.90982058057767,7.842159817074961,10.692052437684708
Dry season,16,9.226806983842938,8.418962209212742,9.54410721215215,8.158224830908408,9.66820753519367,9.887484997541009,10.07982131971069,8.073920118475815,11.695439658592695,8.384868949316237,9.380455802441443,7.2516388551938595,10.47684323392819,8.017906979521907,11.293372231011507,8.214880523692305,9.87894471915987,9.790361389251727,8.724616646046542,8.58000866033805,9.531117923792433,8.851554379283819,7.154358419120672,10.027622576953412,11.35679509860674,5.385508500208528,4.38322824626638,2.4939826873058877,3.45075628688661,3.134875739716323,3.016264549197507,2.385507594932718,2.5166409532534244,2.5607691769513843,3.6264279513328788,2.643487187970659,2.7658231746108446,2.394215140313084,3.2192085841713736,2.733034541272305,2.719277351490774,2.249798040548505,3.4473828628208736,2.2023850257148543,3.1274243663200076,2.7185002610174522,3.470417440087892,1.9928088609459178,2.598642678854723,3.295334968879455,3.2805407934549256,2.5807034083319706,2.6478222898670754,2.917545614212425,2.614199735175359,2.7194122756006616,2.328994189654723,3.283393130790381,2.2382793128210796,3.4371391962689355,2.6480553804076643,2.831189937774931,2.5096404752903356,2.862722991915221,2.608792867098106,2.4716782499119705,3.151528925800771,2.5540829455522416,3.10842029505189,2.05679704018715,3.184795530282506,2.8544718342952304,3.0373901967224004,2.154347091024947,2.8317122701544406,2.1169365953173944,3.5353316115533002,2.3030641325643386,2.763491682751549,2.774683828643376,2.377183630166417,1.84385965839484,2.1966894245512054,2.6921156536302173,5.910487692842451,5.964486636824631,4.000233325509613,5.058617846199485,9.343873544465184,10.124413409993092,10.418663119148286,8.061811588543499,10.270920858709255,6.340060349831281,8.605930774154526,9.453903982256836
Dry season,17,11.803872282532437,8.92314265020832,8.261567864308972,9.384502302912042,11.566639421635804,10.207958284969846,9.944712586985217,9.183677574215842,10.193303878413802,10.491989264803038,9.254825511428637,8.865013683703797,12.793831035644315,8.141607763916644,9.737706455245407,8.958195724124078,12.589041344061174,9.041889529023706,8.127336901617157,8.97218680817688,11.688968419496211,9.706636179057288,9.160137200888899,10.527549134988963,9.15534011675508,3.903840605504091,4.90292118721244,3.919911323214434,4.019891624381557,3.0497779191116603,3.1032647505425657,2.484960191800726,2.9986987680191635,2.5457393446895105,3.4258587527086357,2.8747011908528775,2.3489625176295017,3.0697617625667086,2.4586639004798383,2.9428584304123904,2.784338262287816,3.155067775634541,2.617688099791608,2.5499649198598875,3.2529905415488773,3.1731877577042207,2.403080974207629,2.4893929640256514,3.0666662523777988,3.321426510172436,2.6122470300862983,2.0562389591403396,3.422744113794408,2.644461166495306,3.0730588654213844,2.228715120769109,3.5068406609924305,3.0724839841841503,2.412819023834049,2.57967779808859,3.437148435087977,2.701307746220808,2.711348536806571,2.7727898546821517,3.205074685986018,2.48129406927266,2.7716467198119314,2.6438505197216546,3.049243691829659,2.6279642589071495,2.8727978341258265,2.6440590249062006,3.3287334349219244,2.5854441424309247,2.2580370025640986,2.6252520281327785,3.056946170747236,2.7287438813370577,2.644194222615337,3.2184590951052487,1.8092310557900264,1.906601549463759,2.0275879208874743,2.758813373299956,6.080724151838933,5.023492329018936,5.526671136990326,7.203350379210025,11.572431218822741,8.77303038261082,9.329056090292111,8.82373047131438,9.041378911415359,8.589246807363436,6.747502143531856,9.010442032638485
Dry season,18,10.89895403470167,9.97577977197421,9.042768737714583,8.115590764889477,10.867315200281565,9.695449353112936,7.247543295788938,8.956417423102302,9.97695064995569,12.407687573370415,9.149932236924979,9.105858377439526,9.369288288791214,11.114525769545049,7.436486294038887,7.194303523751686,10.397606255272185,11.213026541309805,8.222714401613835,9.465097791087322,8.135564684988706,8.505522075474964,11.270614057623323,10.732053771724333,8.639423419998412,4.398727497102644,3.9039240621660634,4.779253078563341,3.152869363246789,3.2773906296153776,2.39606288570025,2.970782816491934,2.9086839346975486,2.55587743351147,2.6522994442692043,3.2363835619095536,2.780871065301575,2.73858244007333,2.784486957590244,2.2541018517531155,2.914255358082346,2.719660810456823,2.9181935207195897,2.489122623238008,2.987036487303803,3.083132620990725,2.599929929483051,2.6689802854237255,2.664816705922139,3.423755559643065,2.337235328570297,2.7569285685072464,2.5925896116061318,3.086092247871975,2.658634019395404,2.59838381117518,3.0576707801688117,2.6834965317956234,2.8403675515837876,2.453878167322299,3.29821726038104,2.3621016129682806,2.8253947165433213,2.1171859758135136,2.8432571904121056,3.209045572920024,2.6476357619746667,2.5286997645050624,2.4029304825210924,3.0730728434063774,2.9730144502381295,2.2468221203161205,2.2904987672068917,2.4828747872562604,2.9638163275818763,2.7470173936160793,2.1013078037242408,2.855887697465833,2.667037618847772,2.3951056868409197,2.2948971248969223,2.566065365633608,2.5411837445711862,2.0287900533007504,5.50498208758403,5.034572719823895,4.524927979411611,6.521098070511949,11.608407090034298,11.201059719691392,7.393145320868775,7.0599311583665125,9.198833782140897,10.392154474184844,7.498970790821036,7.085908887995152
Dry season,19,9.797295910659635,8.573902167768116,10.43938655247843,9.326259362696732,9.835152024208336,8.895893024138195,10.278253980307614,9.430153060835245,11.419124238997423,10.685990773964404,9.488582502305722,10.126391238903096,11.92282662569201,9.892914860387082,9.9069657496131,9.513299438516508,11.190621002182702,9.177729481299988,9.088050266513928,9.504641334737117,10.389369122565466,8.41258301562339,9.62799408786979,10.627449460011503,10.54360895299053,5.635923098367651,4.504910547565983,4.110823804768276,3.732420761717242,2.782295178104384,3.1559362945264264,2.214462852178958,2.5795568924269556,3.2801552236737015,2.7168947616117824,2.585288563665842,1.7021655578234025,3.6858566838708313,2.3809377860408185,2.5691415059224867,2.539936291351509,3.5837404259797268,2.385106765070229,2.62325760392972,2.5152778181541446,3.275981729655926,2.5077223291217012,2.457007176019802,2.923077810778054,3.1323420119891234,2.902276792632748,2.6131291012992963,2.871832259044722,3.2956608511849743,2.7055841353477246,2.6180725680057364,2.913636541273799,2.748614995984537,2.9135445234141186,2.7415995481061604,2.5847917812491072,2.6523295736567434,2.6934917901002744,2.828282923470028,2.7675112051128337,2.5945044024468493,2.8757535094686513,2.4553320417299975,2.9041880576811407,2.8820672533337155,2.4378350759136116,2.215898149181597,2.7910636270614715,3.2340428961436802,2.2862240061516124,2.4761945491542643,2.357651604884895,3.1965054986143744,2.702057746798993,2.5228086360669266,2.0401385137652506,2.3279780863660307,2.2059785222874924,2.1915569947788325,6.684731380276975,6.488992048229673,2.9023359511195355,5.257631245423145,11.359998633041213,12.242484407136391,7.214843842874675,8.113207035179407,8.76547209522062,10.142950274532284,8.185061227862565,8.499335527737461
May,0,13.559922943868987,15.614860077250716,18.080432278391022,13.85192514663168,10.172185531654156,10.145386039389475,11.381653409484425,12.912710733466092,9.793042420874933,9.068987815335568,10.67263961261305,11.414691177091884,9.238190871666253,10.436569095468466,8.459415631097208,9.04111911428686,10.316744487164454,9.210762397677767,11.130233544699951,12.732817900056125,9.300578118932778,10.823961833296297,9.868324391318458,10.330641581999993,8.896804338436498,10.429740389625241,9.298036270438065,7.976646894436183,8.718569663465843,9.418574642742671,10.360100233663553,13.302128895878486,10.939007111422931,3.744559173347022,3.6867426997330193,1.9820291876916774,2.3491964335490447,4.065543403233246,2.2836300530460667,1.6584070811190952,2.5201116886282997,1.2002023156159178,1.9122162242473186,1.8677913892310025,1.7372075051751412,1.962109761413896,1.692919879524446,1.4864505347828032,1.889344296362767,1.7554587679974298,1.6197294340993236,2.0409080700894378,1.1368176709476039,1.6679629962828806,1.888863717881525,1.6751256578439173,1.9393659834522212,1.6218535502078453,1.4640036103606184,2.1167807931473863,1.8470233149763462,1.830664923931155,1.8097753127666762,1.5584022472872354,2.075956056541618,1.8707603849213543,1.808207382797056,1.7633170945158616,1.707192741676203,1.7954657937034246,1.6657928302717553,2.1778084326812572,1.390760817599902,1.469947228163952,1.4341023816959648,1.767425613872905,1.6514819326373102,2.182492817323994,1.9580475760011633,1.4657929125404985,1.1442546528595834,1.5671074231239541,1.5910463942740491,1.7797783144675505,5.268761509709571,12.36092965622651,9.275087508121658,5.660368484087153,6.965415906751816,15.453950953357069,20.724332650029393,18.097811377156198,16.54719146310169,14.65788950586671,12.2208230138616,12.961989320708584
May,1,16.553257094899145,14.845714581049128,12.241021235544974,13.390372464616128,10.021634091153642,11.766707359364084,16.454429036777796,8.565224794781914,12.332573183184184,11.400957165023524,9.750369193463262,9.429814941154733,15.077788701959793,9.631026311844531,8.97219712309587,8.560647629738291,6.768787802844494,13.674667567994511,15.08783925084212,8.540981183550084,9.666238209342128,8.308631844766747,7.513887604514853,13.796374719090789,10.693572381795526,6.454396006332928,7.524411093021451,8.36913230382958,9.241918580958615,11.6677469166367,8.320824106177236,10.098975132653303,10.310085210385067,4.986473125534037,3.858016131765217,2.1388112702983206,2.662215903098344,3.6152728023506984,2.37199680012126,2.187785365287696,1.4090087415561452,1.7271217079794254,1.9290344741940584,2.162797226900264,2.0449272870054664,1.855443142247043,1.6437689780872158,1.2170819475009411,2.0287121410002933,1.883002016506037,1.8714144151955583,1.5531886057784918,1.7338242253844065,2.042098972410124,1.9663822555999806,1.8206239142975673,1.3997301137741076,1.338430681719353,1.9134112414614235,2.2222113896617217,1.3754438979916837,1.4187026533270637,1.5469432736871411,1.427717163603552,2.189548128820209,1.7700158567911106,1.5527129285314134,1.3056371784638856,1.6225706219923406,1.8683208262557538,2.2453440541760603,1.218165668022335,1.5562273338403128,1.4205724660222487,1.8440008680357887,1.895307342906963,1.9928609656246967,1.5278900768402799,1.7042291671095995,1.0449230047796865,1.6247775676941905,1.3173764217316888,1.282962089113386,1.2603714892946536,8.421693008301718,14.780365986075534,9.274090799254175,6.839821485376965,8.677804914834095,13.531707552874371,18.45135492858929,21.547793976466696,17.57165720787033,14.133051130992099,13.88939700337055,11.898860697265494
May,2,16.459053548320465,17.117866886087874,11.336386887802663,11.810011030608823,13.135905254948401,14.619938175852276,12.727308092432107,12.107720205449862,10.738411044429354,9.313587508631576,14.526933162006161,11.921520469378363,10.1515062156103,9.233622632910704,9.58984426189874,11.13533004806908,15.066905781918056,7.651501419112851,10.297949136727848,9.299360259177611,11.144209327848705,10.61073464063201,12.740577971234412,9.011810141867645,11.53228638770748,9.79933194672814,7.941965711662778,11.43985944430507,9.702893736278101,10.034230883417592,11.362146630594356,10.86994327468989,8.879165540693794,4.838666544219861,3.062617073329696,4.083571107248429,3.971014603213094,2.5206653870766282,2.6471169392553597,1.608226509905468,1.6663642695539265,2.0287280944393826,1.847446121244211,1.6696413356413256,1.888121361944062,1.358434458755422,1.3266817408693732,1.9027122881853322,1.9057186485829662,1.8908060164948821,1.7252062241410393,1.3209549997890064,1.859450505777501,1.5926997892404695,1.843737806685829,1.551370700672082,1.2577397043787324,1.7556105432922884,1.8092902260053014,1.7708089557389919,1.4900835053267676,1.7774148226229654,1.1513039709782695,1.4735395282944443,2.1388144320230627,1.487322930154576,1.9829509829076228,1.7449391468093016,1.1312858403259654,1.9598630658368212,1.9055844845299197,1.955339701664055,1.9823733227676474,1.3828459932929829,1.1323204182178772,2.239410371027402,1.5481474613370163,1.9083820048019353,1.7481912110946534,1.1099186853693501,1.672871639440193,1.8296113260109903,1.1862907834680418,1.5750632026120903,7.102641150896983,10.489726426391691,8.075204370047791,4.712284028184082,6.618520369364137,16.00679341064089,16.35859357005746,20.125969592006008,16.64067456463604,12.49501091255146,12.163417224198138,14.326166348269918
May,3,15.443785893774987,15.482515563177037,11.7363385270579,11.163931683953239,9.988016514464192,10.20601117472241,13.83901920943662,14.871310995576703,7.564198638923704,10.217987428678407,9.024259045465792,10.525490588336853,13.228232748929843,10.621661090856025,10.245698227805526,9.464718313346726,10.653446706905813,9.867471920196364,12.100813773102365,8.864467769979571,9.203849817416666,10.099670379591057,8.801986384929792,12.059450081156644,10.431992755981053,7.099166059580407,9.013753469243786,10.921197430534647,7.59070354294646,8.006089252362901,8.837889916356298,8.768116843245641,10.743098561197,6.379751456697448,3.681142253714598,2.4187928150318356,1.855117777321372,3.161266188946611,1.9164047476079988,2.0716993271840356,1.7925671578121571,1.7723090803984718,2.0757745857403194,1.638925104266148,1.5311924769594236,2.079543251546234,1.6771163868408376,1.4574147403095528,2.1287614245880793,1.326210947661528,1.9167866751210227,1.9319955654243695,1.4902219434785715,1.6182354707432567,1.5344112150011013,1.760934144635278,1.9828322387533304,2.060471259861944,1.516744906920893,1.3282196593132278,1.8120993577294875,2.146323152070205,1.6247023178304454,1.865661877466602,1.330210076035665,1.5994854959316822,1.9906315292410255,1.9500590936041093,1.6690999388359038,2.2406488334422066,1.7658272522641696,1.4758203716078173,1.4656704547387103,1.6323754388166185,1.7293848905710343,1.919707937972414,2.1451751537834682,1.5829415417327357,1.4891253453443922,1.1359040305560957,1.7498309958511635,1.188410529525722,1.8528274299628502,1.5470667534287865,7.158250696940568,12.676529687246914,7.183906737002826,6.804998495751028,10.331221059413076,18.690772758867492,19.979326231981485,17.36928670850889,12.503120746143715,14.796132387677387,13.765183740316694,13.696221965290134
May,4,15.392949403838378,11.353274517555686,13.913401953562643,12.2485787252077,13.303589649711567,14.013702656861618,11.850072874452781,8.549247116775785,10.161862937564015,9.098894866644821,13.74849897773595,16.713189800596016,9.717535167617607,9.273380495296431,9.853658061086366,8.606741800555568,13.248895435331805,12.32271395480219,7.791062805321456,9.557046542895925,9.729452564790124,8.639696534318995,11.48687788978889,9.48987279301236,8.475723164882325,9.895190613480093,8.866252822248722,8.760260414634294,12.08195614748598,10.029992256373067,10.895396621745483,7.793087569781695,10.820155494133417,4.745193965701734,4.130511212467641,2.7938957783637806,2.3667974010961794,3.002986705031395,2.6542929224807796,1.8175918356914509,1.5158317439246096,1.6265358055964547,1.744237630650445,1.9496712990226388,1.7099325280487394,1.849890458674804,1.5417866109857832,1.451734947989983,1.587099643691018,1.6660797431424534,2.3610791610819697,1.5660055597204086,1.6510609447599986,1.5349193214987904,1.5625220204288433,1.7183654605645857,1.8353786251807658,1.6437262990108144,1.4276636027597038,2.1579033888490495,1.5802298488913071,1.698891280672285,2.2917933596416487,1.6280861208540658,1.7473641517365666,1.7825221957681108,1.7225356042933604,1.8597420019931057,1.9455498577289512,1.6906924192821593,1.9251175964051508,1.7198324915152468,1.7118994998262618,1.5556031545799485,1.8591222758690527,1.643357786226969,2.1100241212790567,2.1430646678189262,1.4516440712152427,1.445791623152965,1.5660633288456898,1.285473477057393,1.6061954689667766,1.8636740821950055,5.892949647575729,8.165246694547324,7.163116168893124,7.274920242674992,8.889771881259929,17.205791450212402,22.31332079334091,14.533786234411643,13.601042550783626,13.680013603291593,15.276831157443256,14.293200562112215
May,5,15.316752387111439,15.389181422298485,13.888944008851706,13.495528617354298,12.734603913621497,11.191890007666728,9.92726923498969,10.11619124252159,13.302159281294758,12.447897031417064,12.087420575791981,11.280942240095698,7.27084588814916,9.133257795682201,11.530676913226467,10.707663804754734,12.338788873337812,8.930184914070542,8.620161463599505,11.735955558410451,8.368938662446727,11.425165395632105,11.717113645318774,8.649439457925633,10.595777583551921,9.22004202385465,9.788038054441728,10.547578407911027,8.470674693267098,8.559681693975536,12.773336284749151,9.872397782069987,8.941447057653109,3.6749412856011987,2.51811592344179,2.8647062400246757,1.3497245289716704,2.8171024964681126,3.365682852167983,1.8866299368249166,1.7122733294004313,1.460157835535037,1.9503766988171223,1.7967706324201984,2.1557461124068698,1.6899403283357324,1.704519973699498,1.6483860893447164,1.554573974572078,1.7616677467685227,1.6709786980432628,2.0902137773541236,1.7904791184170004,1.509668715485972,1.8286349063503835,1.7628757646099287,1.7573349560662506,1.9010598666701537,1.8341105105737188,1.5651837352426878,2.053000946126103,1.9084544582577825,1.779912844736629,1.425862055773613,1.6148146885647117,2.1070755384618813,1.7261360186386305,1.9612940719506515,1.959027545864327,1.4500970645245808,1.9907371344318172,1.7694849715732561,1.9053860760430454,1.802607036685401,1.3691587665428746,1.8202355093171245,1.918964268322102,1.9675499404267842,1.9614519469719278,1.2040554598230162,1.262427110589902,1.496963504823526,1.2482340278828348,1.755221100318051,6.948510197459558,16.55869863500482,10.581124440349361,6.289397854401883,7.608558450479647,13.577607892609285,19.200686933316028,18.962088465913123,17.581152623490553,13.062281871159907,12.905177958042565,13.618530338071865
May,6,16.107123574770245,12.329071375771713,12.387820787535624,12.916313215466563,11.18372207563534,14.313723946462668,14.238810559911494,9.561551440785422,12.078903092459246,9.521317503747934,10.252740193605353,13.720751377938889,12.405417876338669,10.43134324038707,10.769722367031795,8.565111501813757,10.675898903017558,9.494074101489847,11.04509963649597,11.111953938628487,11.027343785459596,9.414503497288104,10.689164990874533,9.06436420299307,12.462079825197609,9.78373890716281,8.251783938547787,8.917875856293415,8.86858058731974,10.506776022185553,9.394234165953183,10.013233259777694,9.001262769447143,6.16347176397648,2.841408953869338,2.86630445601468,2.041390632535411,2.182197081888729,2.116929136246376,1.5683874207711257,1.616253409562306,1.5515620886692651,1.8234628122279164,1.7359348206419847,1.859537741530514,1.730312386008756,1.3069785969309247,1.7632594527189753,1.163089597899272,1.9949736231695594,2.046408133066962,1.6328326200028296,1.4349350736212696,1.693159317719382,1.6465313612940435,1.6846284824336815,1.8168273348428439,1.379478110901758,1.4767999979389048,1.8101969675955165,1.6821484620769545,1.7428771071389284,1.8275023404279742,1.6598858579727491,1.4063356471538746,1.7150648151839225,1.5882873087566174,1.875641500526641,1.5975396072284656,1.8425477736652773,1.8992871314717108,1.4483127642910145,1.4236763006264632,1.473616871889581,1.8595041708933409,1.967172260917048,1.557438720174649,1.9399233737980603,1.474014339494709,1.1584132826282105,1.4726624792601606,1.7956785286760415,1.2511265262072044,1.4961976032868598,5.944746644826901,9.814561149243264,6.314823911039691,5.841523949842303,9.198283971044352,19.317031276179023,19.826251727189742,13.949742303189462,12.967208593546388,13.728519011725504,15.158944204584136,13.021450213225489
May,7,13.917333015924124,13.491744817525234,12.060602684591979,12.202144830958927,15.320216897851067,12.275569788291476,14.27683846323578,11.346606532203918,7.627771552121508,11.249911416337602,11.225507851148832,13.928403027727018,12.393553171568934,8.32856966308915,9.790088741672053,10.522223636127112,10.738078726138015,11.458403487437739,9.417339877136095,9.210160260957572,13.47195245700225,8.036975794396833,10.259140517677674,12.406861752191435,9.752464495512804,10.914666730123818,10.50666616558896,7.599274667590598,9.674202410105302,8.990136576153699,8.121864974005451,11.866936133663396,8.747356263692998,4.951664531518042,4.985906470751102,1.398288388577799,2.0263784692520415,2.5689019768700274,3.2935707374556693,1.773112283493429,1.3351405252071544,1.68156738533958,1.608245172598455,2.17265910079471,1.8823170901986372,1.392121799710428,1.5916154313811173,1.871563402858779,2.1337464838500306,2.216653303432439,1.3558892383070826,1.5065703489047535,1.5208112462021892,2.1362567705823614,2.12492942029459,1.8085433494000993,1.5502336621682935,1.3257517349212242,1.685045790498181,2.20493184753042,2.0092178349936214,1.6776485983422256,1.5233118287355698,1.6708984812496648,1.4372638332009209,2.308429138888563,1.6631630772506782,1.4361379337099396,1.9538723459644993,1.5213800584804722,1.7926536445519212,2.102263660197058,1.5132373276047426,1.8773262632989058,1.6461211407403025,1.9286738673417545,1.9724113198316404,1.9777277031090896,1.5956406125911806,1.0862432354455889,1.2300392239078184,1.7420462165877912,1.7673218068416108,1.4125995535992313,6.7964620360922705,9.762840774438832,6.022590065903845,6.131603139215891,11.605079230125481,15.412129526345492,18.860048626949563,15.460064986832776,14.692517250926638,13.626555868959123,16.594400516115194,13.773398935637749
May,8,17.195309939906505,13.707035785476764,14.08261181011376,11.559201354667355,12.711113232178215,12.25419037961612,14.797785144674009,10.870024603377537,10.568661649130759,9.986335717947696,12.506606235235012,13.127184868129026,10.905131110035018,11.991727932144393,8.442631012601273,9.765863136858473,13.32270765534912,11.988469900192529,9.307984121813979,9.534974512566382,8.06197923226419,11.41075519413496,11.85053830328766,13.208373158013556,7.756347950219648,8.334039886847886,8.648855634692818,11.118523856683137,9.963949727472253,9.230441692382199,6.742393943536766,8.775412333110426,8.049878093409554,5.88128613564113,2.538186297466654,2.4259550144739257,1.2217919703272104,3.245057275540078,2.8387896258487846,1.893535492399773,1.9289169615313986,1.2345307000050936,1.8624327282639994,2.180959775875883,2.281107726933525,1.6574134499569697,1.4951718697176457,1.6136455594756391,1.7192209634142273,2.2581347910859875,1.8018350411941013,1.5481111725979448,1.525171644170292,1.6624428848175143,2.063348107613199,2.139143724872368,1.618155446038474,1.6565644194699896,1.3907147545643228,1.8471949507807806,1.9992452491034327,1.7873664357059083,1.6847699186936766,1.700485310062816,1.7677730079197296,1.7177621727763126,2.019589251835081,1.5172175385891102,1.7406740736468678,1.391089959500984,1.8468238685384206,1.784839202870765,1.63612910905544,1.4108531514692282,1.9925208094424678,1.5355099181243441,2.2843606405592403,1.841958175950259,1.5188068182876717,1.5075341611442978,1.4680292611599268,1.5131833625119968,1.6803640407117062,1.2760082758090239,4.774557543518214,10.090677144785266,6.467332376704545,9.989825600785178,8.49924398461581,13.238174867773097,16.633524549319926,18.08783880413749,16.52000315134272,17.205945094459594,11.913023928385043,12.815134939231429
May,9,12.80286642678722,12.301316444395269,15.749760833539584,17.418838061449648,10.997776577933585,11.627197711906007,11.995121638657395,11.821012704645957,13.806587189141881,12.76160200726815,9.464405351763274,11.81256122001569,11.571252042037221,12.338034378128919,11.076374840511763,9.61025199349828,8.93667649807775,12.01065990996982,10.418061284937599,11.34307793934092,10.12545235431413,9.558891317015243,10.554829979574922,12.26295806165297,10.278024877102805,7.721732878582382,10.664687971033667,9.075938084744175,8.950665789632621,11.41344205277576,7.736752840012347,10.792258032990077,14.240177250094726,4.309704856231175,2.113000175399183,4.058757245669985,2.444184267505032,2.44617943436753,3.190529066328105,2.2445544300168616,1.543202723407579,1.846353126693871,1.4941280966962793,1.5422579065310316,2.600960137844187,1.668359596231541,1.3895823360882211,1.721006203862184,1.604295643878313,1.4852454003421527,2.1950204836374168,1.8416138474746477,1.3375993869231073,1.9107311988363,1.564203981240966,1.5672594644479716,1.6026043791225308,1.7221287124728415,1.858928512688236,2.166071673587744,1.5720433745516644,1.4258446788008252,1.5863941380289737,1.6868339483734054,2.038289921024068,1.8850988518283684,1.692271649318983,1.749646897392544,1.7435098440298824,1.8391457103302988,1.586848621863025,1.5469575983361057,2.1567913693031207,1.3848936896116995,1.8647446740604539,1.7488132750171996,1.1477357822007475,2.270982550225532,1.5286027028920992,1.4830243726000572,1.758521655386703,1.353479583713099,1.6142053193319212,1.2531551192925257,3.27480875286293,7.6316168740863395,6.510577107641516,5.969297099198406,9.39775765525984,14.531873457925148,15.201248463067948,17.606649267079455,15.488411496006181,14.316410214985423,15.888086878896575,12.359445918038883
May,10,14.946734611120085,11.76298835644176,12.07605437636055,13.90895244464233,12.516916177200716,12.914809127649516,11.638178856196427,10.811697128787289,11.936388597689133,13.819453889155454,10.094765310089118,11.618704700899318,14.407097656361717,9.525703435675124,10.272933524635993,8.907104847088965,9.209257855824388,12.533612240466171,12.030788845894874,8.361269101923833,9.666461264373464,9.949807155562505,10.657440264127592,10.873607294300019,11.670657124404377,10.769957419073476,10.216451478829525,10.338049871713668,7.246917932133198,10.01144684864691,11.084391424303066,11.110187326706917,11.720741405316605,5.07182425990066,1.9545218968819882,2.6653273926864633,2.900959837356728,2.934139607690377,2.4043942011696164,1.8768267160458838,1.912761862627787,1.4922360871896532,1.5423752532820951,1.3618656465432555,2.3306256262548515,1.5019239370492405,2.029516766148085,1.6137345724862837,1.3625265483410027,1.4161181071362983,1.7395960827641574,1.7636965182962505,1.9077957845128921,1.9096855459532853,1.4473923572083816,1.644346753770505,1.743131844348667,1.4423982902796526,1.8475967270279292,1.8490708503129512,1.525229796877442,1.8008736485783847,1.0547376509509787,1.4964069064753578,1.8046985878145005,2.1731484296364036,1.6007303276531801,1.9215196611820293,1.0530005457082179,1.55202975758223,2.0507081108225704,1.8850030626251302,1.6629134147873117,1.3577369352899786,1.4421062973655423,1.6766633518475722,1.9444837582584937,1.976105867332193,1.6291099564247502,1.0207754811901755,1.205606406697781,1.2181085428635021,1.6458061492065719,1.6663377758640983,5.076182509182235,16.281210254801092,10.270161000519407,7.459109690580861,10.611684794185352,13.110740154147104,20.435090544305105,20.318503567125273,12.47994437067592,14.299888748756468,16.735013634789116,15.357420802496648
May,11,22.096629917258944,13.327479049252467,11.689151222976271,14.423586705540725,10.489914744520641,17.1210196266213,11.099979949104382,10.069025068559274,11.75964486331068,7.76731669519395,12.43676021385035,14.856471933018689,11.69105932009648,12.83057681261521,7.13395066547227,9.303746932229457,13.86617319220152,13.810910639514928,9.258069367176713,12.6980006170495,7.712569335329435,9.564647939583303,8.140422107972288,11.47834528508301,10.22718531402081,11.218574136779344,8.284546288801458,6.433988895523532,10.891115096197302,10.409184496923311,12.29988531910763,10.713900695161565,8.972192052572183,3.883460758209503,3.989290388366007,2.718431780974307,1.8528861030474812,2.571904924162149,2.563466324216386,2.581483184397954,1.820628674475134,1.6324031903335485,1.6732611005443858,1.5622475327582146,1.8695924070487906,2.4605181941329,1.9398117450282681,1.6401611757090757,2.16277187020671,1.6028969227894665,1.6058310020195738,2.2458391192778846,1.4495712190684358,2.099011945389174,1.6012182784661413,1.922089476545371,1.5461064788641714,1.515837990847057,1.958169030262629,2.4432619460485454,1.678113500282332,2.0547294853164195,1.1574941196190658,1.4593705989322856,1.8692301712341168,1.9259244768720936,2.1425241607393555,1.601563804574803,1.5918689457573263,1.7662987523366003,2.3078770138559914,1.8348792117815718,1.4729021376575644,1.5987904946536322,1.2654381743611458,1.9012680229973407,2.2740560755216594,2.2301602937734373,1.612580136657227,1.3065341880625967,1.2047008844776148,1.4546661295402572,1.7792025695974123,1.4799614058229607,7.447652283126387,14.428590544930447,7.76412943506003,6.827105010345918,6.76872129092531,15.657263694762886,23.178810585682598,20.413923998184025,13.197497242799702,14.312901351288774,9.23596751008373,13.416005681474283
May,12,15.44483970970902,13.642356571330668,14.929909225721843,10.836694266171753,10.489723885069875,12.043025386934177,13.061467655064888,12.60516960824211,10.49301878921951,10.164321829883848,8.785035153314789,10.056299089108004,11.908524559614895,10.70785132898306,11.682768295330792,11.368860623231088,9.79367085745099,10.052840691170077,9.353047266507328,10.08971480841125,9.25506192173211,10.112124681796468,9.773408491680527,12.11597066328199,7.802433770297361,9.339063782039245,9.64323839167192,6.249925632877292,10.085227497945363,8.854583901688102,9.618215603742025,10.214648622022546,8.133719451498614,3.574421083278031,4.810706146067009,2.803772540552328,1.7661685632398305,2.4784168146408043,3.1515682622836367,1.8384456392456854,1.449265066860758,1.8296227545186547,2.0855801738365476,1.6013212612338188,1.8962088008973792,1.8804100078755448,1.5458200703317984,1.5997042852087267,1.702265489284054,1.7488347893496043,1.8230480543570686,1.8846085753173456,1.4707061273686768,1.3366405453691264,1.7181687272076718,2.336323706197099,2.2484536655046905,1.566142007625388,1.4978022754702347,1.3555655242119007,2.2077788154222415,1.8714071436767923,1.9568572693622608,1.3577424640514364,2.0342376043784136,1.4057413874774454,1.9326116948909957,1.6140317339217098,1.7797436157336803,1.937550320728003,1.6874856235224314,1.63740391998223,1.57044933679349,1.53973236734183,1.4117436086458581,1.5530867873545353,1.9899501048685309,2.469183182949155,1.7543388424412096,1.275646752088932,1.2365748239425434,1.023474550734106,1.963942420522851,1.5109416712924761,6.968900137875608,13.497402235968355,9.597326989600266,5.906333759292299,7.247077743272796,15.370303867062537,18.534105080920344,19.69967617181884,16.072207495472625,12.80581693090012,13.121490325444645,15.647656318663358
May,13,14.687847345575582,11.680290412896031,13.950669859391498,11.807782482448946,14.059434300180401,12.361880956289836,10.559984925954387,11.179050106660908,11.480159003280043,9.777925055936025,11.27533245552288,8.883236609346627,11.691988408442848,11.242371456754368,10.153300394020912,9.228515184925161,10.713787996312336,9.971289927557415,12.215403403449965,10.17432321966483,8.657122507050087,9.954153969541125,7.893959626561193,8.689985948476135,10.047922551832576,8.950412470436012,9.833755469329247,10.2963694513586,9.177395626117399,9.209446693273446,9.64147060847993,11.425898475567147,8.672815419337859,4.610807568404698,4.692708708279679,4.022764943814344,2.2189488002459297,3.2307270171893943,2.4790505864969337,2.079727254463697,1.896865252837562,1.5259459609205475,1.779364683417507,1.7005040572842403,1.7396151442809902,1.8031440994926233,1.6042685096675986,1.4881658567544358,1.560976545522408,2.075709453125995,1.7097122440731944,1.7834598464243663,1.5108326851764113,1.5577211518758678,1.6776716319794776,1.6285413119227705,1.4845958402074895,1.5417813385320562,2.123609309710006,2.493408062409235,1.462043662376526,1.4890498852743148,2.0891209101682606,1.518968411365677,1.807898415457361,1.9692456346701805,1.201692100338196,1.4613397244020976,2.2157247045863766,1.4412556280601763,1.8814510896803027,1.7417039615201202,1.5515658793744227,1.583580119115541,1.6090630882583947,1.6845236648963249,1.8348176391085729,1.7613057507960734,2.195605480193366,1.0830330454278574,1.3557048867264323,1.3674107905209167,1.1047387178977668,1.769520263183523,5.7648550604152415,11.060876331694935,8.835408456393317,6.601743448767507,5.859289698067307,15.946847816545228,19.98138070746081,17.71261093443399,14.830016911233589,14.984107961259479,10.996221664591454,14.35354422882958
May,14,17.141555883285964,16.448669566968544,15.04640626847769,8.259602276947595,11.292329075565334,16.029333631963752,12.978735941737169,12.98259748851831,12.587572010459573,8.551980041561093,12.048088998293855,10.343772195830741,14.06108199012227,9.373777524409855,8.994392971469294,10.341596916732817,13.483661430163131,12.624902249618058,10.232442329606577,8.817734238070415,8.438102900411193,10.356749521817516,12.729768488794333,13.045239836627701,8.880617677782475,7.365700697019519,7.651978820226734,10.666449997532606,11.39491926846147,8.361254079573396,9.479852255093151,11.983729710076956,10.0257043454113,3.520093058772007,2.276285423310718,2.791825288003011,2.190652389237166,3.17044253587342,2.6287532204837913,1.76722053822751,1.6994010619927016,1.4386095926911817,2.030152221617767,1.9284985168353432,1.791737782459515,1.5416762322274606,1.9636399038157146,1.7832604203465885,1.7505562107983053,1.6295254682253415,2.0497814557603626,1.6309310020905186,1.9602121391904999,1.8159495206773142,2.15208728013871,1.2737083375202112,1.883510121890801,1.7295359485548427,1.9681847239594759,1.6321430106480466,1.953000758012523,1.3672336739370767,2.028126537967685,2.104291254975793,1.7149136000766292,1.597458331422516,1.946769651839473,1.6438154002766623,2.2017141501886237,1.5275284337528783,1.6559823647973297,1.7891421434856454,1.4938345085317262,2.1019196184053093,1.6360861853288262,1.763865081710691,1.9473160567863075,1.897778656698574,1.739404071604373,1.566629898300617,1.3560859322402121,1.4422097517548609,1.4548793749030091,1.6507202445036773,8.67382902680202,12.836550066472116,8.23759297325751,6.99164639626586,5.415799793821253,15.870194043619186,22.799647042835726,18.48626687958048,16.588502402150365,9.998867743348702,9.209553477135804,15.459963977656006
May,15,17.441166339198624,9.977967990147077,8.763658261096644,13.863381343767344,13.84319702848213,15.61812493186428,13.798125639489237,9.629134273913866,10.835826608524266,12.513560181443275,11.288015365194042,11.983625165422184,12.938726603926463,9.274926649102838,10.079136928854394,9.851913192134512,13.927636344825627,8.307678635368472,8.113107355063212,11.805827830643697,8.925993165727265,12.352639846041264,10.006985416097509,8.488140078143466,9.865072769277447,8.981203249697407,9.01960908144659,10.969305929982891,8.088269870181781,11.502500130609937,8.95272396931608,9.732466554836153,9.200550268305598,6.865226259623302,2.3511808416124915,2.7819775046329207,2.7313429591198295,3.0208378934959073,2.640814981710491,1.8700010055062635,2.023780774582572,1.8727048030824611,1.3092637867081829,2.189665045907091,1.3921648451105504,1.4869072492019209,1.913075924731473,2.0319797365793346,1.4124356206564537,1.6461885076590204,2.3901327273080226,1.6027434377934344,2.0496243646582752,1.5400853468287674,1.7483542906951923,1.9435079719729982,1.6140809915515146,1.9524924215220572,1.7600553563430716,1.6330795139101517,1.5574900164687506,1.589783838222944,2.058203130143038,2.1024899279815177,1.8242495903665,1.117081655551218,1.7339957771788714,1.7440621153259324,1.9625194708270102,1.9562919912515815,1.9248051834422164,1.5227164539930051,1.7118232093263261,2.0763753845789124,1.637307455331123,2.4884651668560545,1.3476029318177225,1.799826862497502,1.6797886472994572,1.4160311229920588,1.718753345050248,1.2530704596422262,1.4353096878075993,1.5159813242530256,6.559884225748132,11.261007742309173,7.1726282210931895,8.030867199883689,7.0848114044704475,18.122119515334113,20.893037523903175,15.441253064585696,11.816398774201538,12.580635852892973,16.250585609600343,15.631812962458309
May,16,14.258958917486508,12.683769422439495,11.508414068846049,12.797434369051679,14.400892186327642,12.822565719490253,13.391269091806201,11.200498414603732,8.378231827808898,12.935783170447865,12.261859464836233,12.177668709891414,11.687544608400666,10.756413096926558,6.948909827143262,12.24378101070951,9.827524006235226,10.464535547264385,11.651301115036919,9.374570343878556,9.0462347154949,10.291104759522856,7.519277588464818,11.38663153193251,8.685019160512809,12.796318988649485,7.40144089752708,9.012430390250872,8.736108238625098,8.973981739544449,8.929201958691774,12.098348145966082,9.159073345476417,4.681216142008858,3.1062036172439704,2.8383291994322852,2.3239857377812148,2.6808129442177933,2.1325869154410433,2.06546461689257,1.4246807864086937,1.7929250211154566,1.8091695479913814,1.8468098880480122,1.7569309914807851,1.6351805748554298,1.6132554093615565,2.007538221962372,1.707569449172483,1.7593350543865285,1.6946150483093874,1.647968200911947,1.9351161706460032,1.7095683630417715,1.519622502619387,1.6631899537658383,1.809669441976921,1.7660849426460976,1.8933835213753905,1.7589065671269697,1.5325410221293692,1.956038537121331,1.6425445269558319,1.6254813990170787,1.5480958671431029,1.561348280913551,2.516656458600905,1.7370266696771022,1.5736563683758014,1.4536444470168377,1.4313995578936278,1.5485121019135804,2.09192133937046,1.9881209414472543,1.8531115564596734,1.3502457959595036,1.1798902024182212,2.0557129118738406,2.0745290644555876,1.7049205538709666,1.4544215322390777,1.0672131732295758,1.240465224886506,1.734821666811894,7.30412045533799,10.92600762360464,9.126572966948505,4.842281922171003,8.58477041651352,16.56788671835214,17.775134398822917,18.869425293218516,14.401523288889983,12.503199805696381,14.786204246564312,15.152047810817578
May,17,12.288623113708772,13.78619859513307,10.160146974448889,13.243459965095006,18.453731692978245,12.356970611797397,7.341156224032915,8.711257539550244,9.019324685275626,11.966717634609488,13.011866160902311,11.908273749323037,8.352583517957974,8.980653488772255,7.645839003400313,12.395120055438046,9.261727643335641,11.529900816581842,9.022858214189283,9.85467329148248,9.839681077957486,9.12287743909085,8.781965789164211,10.052328884474349,7.726120166914361,10.253377275535735,10.180544801666846,7.8363869321565565,8.78585601242015,8.360704945090324,8.356327728659753,12.993391084120816,9.797582618573744,4.471288459536244,3.096673402139631,4.451924364980346,2.4688621058487117,2.757299498785548,2.3736993375674222,2.253890811151805,1.605845981101034,1.8731976312774816,1.8902493046084878,2.1453357991403594,1.6121516314314688,1.7424716719958389,1.6202438155035481,1.48831849056335,2.173097359140622,1.8214900475569646,1.7326521243164037,1.4218553075596703,1.5908752721826516,2.016189466883455,2.015497404852994,1.768624322657523,1.251642559492098,1.5724342245529137,1.8299134252586255,1.7794808113373177,1.5988066076838257,2.1503800226883856,1.9550739758342017,1.6490498023903135,1.3237184069573629,1.8464685353860306,1.807027168571045,1.973288832575669,1.9763524118475313,1.6577061228380745,1.2600762709701019,2.024637397280151,1.7541008071934685,1.6067184505645642,1.646214987486434,1.7224007610270107,1.5602912142697893,2.236311807225301,1.664056359536989,1.4846950078818353,1.254753293694615,1.5190969589306766,1.469028556167604,1.4448710043140687,6.2712751842576,14.659380778193272,6.306898548190175,7.024302661151952,8.780841298291376,14.33604581899605,20.06511216729026,20.36664333804861,13.740031978131901,15.320396176267375,16.346398144426875,15.321146308419161
May,18,15.91363259697355,13.493391607352493,13.536958331694166,13.071455195828353,12.584810741473222,12.546233310434117,13.257782808789838,10.118248589139027,11.0264868956063,12.434472197271157,8.732723687124551,11.409280659695254,9.425809312819364,9.152459873142542,13.789081837404659,10.555138592620354,7.177622287937351,10.35584819147874,8.724298046050059,12.123368989530578,12.88120097179503,9.72587073980262,8.002984689971587,10.679481976222114,6.978503007673434,7.449670220180923,12.3312672782252,8.930890237462483,11.02329260755896,10.640242991711919,8.78067416236531,9.919556147705434,11.22920677368239,5.33201194949579,3.3810429929993417,2.3921896543031655,2.5073370986994457,2.613746278177149,2.5158137265100757,2.323323011676938,2.091308802010505,1.4610334695073497,1.9530770313137602,1.9047192136990705,1.9804175308534846,1.8777163065773101,1.6849491547075455,1.819616475725444,1.7646980675104917,1.8060465962508536,1.8295139021001812,2.027908647795049,2.097875204299506,1.7413438895564683,1.5321075952635461,1.8563819038213687,1.6777138076463423,1.782194647031886,2.1094885253993905,1.6500620091369524,1.6648861518315852,1.8309680737202134,1.72333634996676,2.401245603422072,1.8052744550470272,1.577075039381465,1.8151358337335102,1.4574331401146212,2.105873266088844,2.314225717271216,1.8951142479784144,1.8002797018751613,1.4951546404188285,1.5297770882305455,2.344224465469514,1.6565304633159121,2.043059623222899,1.7870281726897004,1.3190972154340779,1.331995478464151,1.4087065002590473,1.6845665689434541,1.584520463841352,1.604520236009583,8.429982504457818,10.630125638682468,8.668486881577742,9.767115493061722,7.881347849102886,16.46590793688681,18.24143197474604,16.73472329406878,13.862722651457299,15.430039413658642,16.383403811328755,11.599832673339515
May,19,11.665281640438861,15.310428712411442,16.000901367982625,11.87803824842938,15.780384432357417,9.992719128337008,9.420107878816427,13.44768979999725,9.393270053181068,12.90529263534807,13.526256050480724,9.293971377132017,9.873167452950694,11.934689795675164,10.871503942946728,10.456396885109822,10.358494339117422,9.719323493125522,10.164926014437668,11.600574303637995,11.102256723047914,10.684594103861341,9.930478056962663,10.074329784616333,9.222109189630594,11.676730275633387,6.800726935535943,8.46858013018623,11.503912078010023,11.801846824002242,9.659321960302407,9.335802514610187,8.818998191269156,3.5437105596952634,4.78234179684136,2.8529595311138456,1.9382060544042914,3.4980850999068314,2.7502975321635943,1.4380863537295367,2.013144659522427,1.7567662483954294,1.5642911398264951,2.4119603256957807,1.5358150330445757,1.5536974083363773,1.8500816732034686,1.7781813519758716,1.678054049026908,1.9192538004204651,1.7319207503945413,2.039792067434168,2.0335381934101227,2.02227116648463,1.849434853294464,1.567324740307492,1.3617219247578711,1.785635454827655,2.2109600031102796,1.8733886621086675,1.7944472626964951,1.7605227874109162,1.289524248628913,1.9194137127534405,1.7940122723021088,1.8913914533896699,1.7743323859915754,1.4619331746850983,1.9013295256901406,1.7733423238587775,1.9322994186699634,1.4025237858636124,1.6160289327673532,1.7698858904673267,1.676472896676537,1.7441590888971632,1.7425925296426052,1.7114993220826915,1.9676206325919234,1.528017860799808,1.5869614554693368,1.0958116585435154,1.4106950236814961,1.592521138234467,5.512920204442316,10.734090605117993,9.255274411432726,11.263211711673364,9.848059731343064,15.081366218303298,13.077365105085125,15.504743827396299,20.182885235875013,17.921968571034824,13.089894310461684,13.449824407880083
Rainy season,0,10.40488709395542,10.88871063638435,8.591045848432136,12.42052012110914,11.054905941168162,11.720784419626757,10.774106693928733,8.84874395791883,11.198432173396162,11.72209566237572,10.39002748831095,9.46856236514118,10.112115846004107,9.679106162703542,12.24933286619545,9.074212703972377,10.500666116538303,10.210443752347565,12.85026436599836,9.113226876525998,9.723491968695148,9.513149258838753,12.179872428171585,11.416284498379328,9.744643068958291,4.175933031903429,2.539316059125461,2.552855601934026,3.391376037331009,2.313405405835311,1.7754611908022733,2.2958050815862094,2.3233191696824105,2.3064235204204504,1.9126487471550793,1.6780038298021795,1.8138799569057151,2.7402762579015465,2.26530042784151,2.234786195812693,2.003743703173001,1.6274238024742071,2.412205151749399,2.7351690098686734,1.929437952059127,1.760109226513498,2.2091340627305582,2.3719329216075287,1.92399868298547,1.8101303728345985,2.6065035346967935,2.3561089412215304,1.7966223366423868,1.7052035268428092,2.463182116351948,2.5441169621472204,1.9380917625379463,2.1004132810152836,2.0145243637168506,2.3471565561729224,2.1866844201141316,2.135627403585512,2.0201017587840258,2.2546026993275223,2.0793924713266656,2.0801146483970516,2.27258494152715,2.0469892289999816,2.0427347467089607,2.048765729765481,2.4824688965235313,1.8990310794371448,2.280697509019149,1.9469952343821373,2.5156375708857595,1.809563563365685,2.2868012327151748,1.836241377648234,2.0763668803093984,2.282548760553715,1.4608294438984062,1.4929171784123867,1.882617258832069,2.174937643955098,7.7443436741580305,6.999459958756083,3.9919517298898617,7.031002581101447,15.10122938048478,14.367272103931246,8.933590587381017,10.557252771739325,9.204969498762944,12.494019536150466,7.766076017773796,11.403864055095108
Rainy season,1,12.015117870878365,10.069069974711189,11.348593168833766,10.273647649026636,11.357594486768768,9.716876598576212,9.850341081095252,9.664393331271164,14.04893901140806,12.450749160927092,6.3907659622515345,9.710115195202214,12.625115309047573,13.303244184554023,6.78778535629815,9.76750081850952,12.162499398321888,10.582232939036478,9.229487632516348,10.647485137207818,12.534402751175634,9.377455625317927,11.290323905263799,11.27872483975849,11.810673451688723,5.245761350798495,2.9406828418803,4.462082643425203,4.700316014559974,2.4868081890377645,2.671652748580927,1.6537588178306029,2.3105189016644467,2.2587615120492743,2.3908739956225977,1.6888954154138758,2.4272316992590945,2.0693995363733824,2.506543378124294,1.9141940755172995,1.9497414990828152,2.2843573295366344,2.566130243649298,2.1648967305737554,2.051811167930805,1.959232087510461,2.2887656662787346,2.336979608323561,2.066949308587208,1.6907141024310173,2.3705693091426574,2.3287346504893023,2.206405183360778,1.9277191996987484,2.070112632964462,2.2036032233494156,2.1800193041069353,2.268113947310601,1.896278735085565,2.31412974940946,2.232774034409719,2.422371717665349,2.1185495688488687,1.9007631138872099,1.9816420470457283,2.193465287003557,2.4353197306431684,2.178463490314278,2.1084185711525776,1.7693567881980181,2.48619074047952,2.091322793836143,2.4147920121220063,2.083498972232407,2.260835163207624,2.076453112536176,1.9678107695713478,2.03493752226188,2.460079586879671,2.681180908279074,1.73762113372369,1.31573305641945,1.976526277276665,2.2569372376995656,7.692390106468758,8.378344984633316,6.927669255645965,6.172706426073698,14.21746094233345,14.176879187157686,13.538445702288127,10.721247370274549,10.674864803878302,13.39785729890696,10.824353794704646,11.138120271717652
Rainy season,2,7.684148429728641,11.913521284106483,12.2906298570965,11.850334889019695,8.60543895841489,8.960425267772782,11.002230321431597,12.557333970859657,10.702794084347639,9.855060322511763,9.51318663089687,9.871370002607348,11.537702804737803,10.495559557835156,9.785243724771338,10.560347187619032,10.136580358853669,10.710331831590265,8.316789241182649,11.665018259413525,8.838894833558898,11.4981575082507,12.738394391383354,13.856212055795993,8.453209032901713,2.662214168625741,3.4833362248064192,2.745677758087611,3.4645581271892985,2.4805972558474916,1.8418549696277895,1.9209114827224483,2.6949131943314724,1.6559173645618332,2.418561632697932,1.617377285113386,2.284578693591,2.0936977884874417,2.0117870564712286,2.247516738038976,1.962346600716502,2.7936879696458345,1.804232343169859,2.1764125996593386,1.8034208828012825,2.312907086803303,2.3147101529634586,2.2678666121443714,2.0546257698176835,2.0145548492473733,2.3860392776527712,2.0800766795566963,2.1929239035585604,1.7988646749907014,2.4258879544803214,2.311526819521171,1.9406536598850495,1.7696890698857926,1.8378263712095513,2.9222999586089053,1.9416874052046866,1.7084050549337122,2.1511400408313213,2.3614887320377362,1.9730524704476182,1.9382751628041546,2.343029695290136,1.9868982076777588,2.5596732148825074,2.017940718540513,2.0221823127215584,1.8226755482572055,2.1148892515245143,2.236350213329781,2.1438467621170094,1.9918143009152025,1.6813601689278053,2.3905890570326767,2.052932989264163,2.2468444062877855,1.7553639285678146,1.8859974846661056,1.5518226069786722,1.6987860803626371,7.165489707598242,8.105407836289094,4.390236936190694,5.811006322076298,13.58925825433313,14.408875050583395,11.093881023755047,6.915233210721383,10.57066040963221,9.857536774406293,13.20647336825485,10.31697164655933
Rainy season,3,9.968405262913732,10.90431855023329,11.41654372840151,10.305523597335638,9.468445058975368,12.669836609589982,10.355154905837422,10.315195876970396,10.722216782261134,14.228596653216517,10.913512359850223,10.206109619720253,9.065754110819876,13.202123599535943,11.032386124043422,10.049341647711177,9.028569773255748,12.903743207563982,10.158253128837528,9.272698950967259,9.1071630858125,12.66039713359677,10.115200020564895,11.273490012011344,9.024781743414321,5.825635459084498,3.305766817075102,1.9701051902836122,3.410572532996068,2.717541535742969,2.141854846305113,2.0138467339544994,1.7890531430340595,2.667763921770584,1.8837030238011132,2.707009580676835,1.5140345633154793,2.5612853285508907,1.7492551436854091,2.3609028730428046,2.1953828477337605,2.199559899362344,1.9888093801439721,2.099020566358458,1.6264330265981182,2.4835485527031875,1.9453539556204589,2.2204589847952483,1.9404935462535269,2.3431989870659446,1.8511215199417952,2.274818629582496,1.722231637024017,2.400319896126142,1.8935008600382297,1.771576605009917,2.3532617439279884,2.484093393567167,1.8876928959690054,2.148351969998112,2.1249042381828156,2.560046146130665,1.5234511881713633,1.9008245071126473,1.9874570350500014,2.454954349050287,2.1323959369149046,1.9143325873387675,1.9314619730154092,2.0295590298954718,2.7052411811450763,2.0613736963308495,1.652534011616183,2.270864357227455,2.5016727145114244,1.9828739509730036,1.865337470245937,2.6064994809858444,2.024272522684147,2.130472887199519,1.4888820541475052,1.7678086175222583,1.9143929765643801,1.559172240628137,5.193758823678607,6.096991404510711,5.688455709610813,8.106522173340272,13.62085762307877,12.404624157670913,10.415902872521567,12.07595891120635,13.40654948084322,9.680255717239103,12.036465659117603,12.306607920573486
Rainy season,4,11.477516011611952,10.238535934355836,9.328756037248565,11.094170362750289,11.350249557238417,10.044513111740873,10.183903127133316,10.146961277775203,10.831144753494335,10.813717868297449,12.510910377606589,8.788330088857077,9.882032786389193,10.667602501810766,13.40095219550498,9.880383783633683,9.439014757759587,9.056603769231636,13.160155946090985,9.043669170229041,8.86934116168325,10.753274623394026,11.571609816520317,14.83447204855901,10.277619199841126,4.392942235799492,3.1919622240158203,3.541321738937576,3.3880056656143753,2.7806060682149853,2.1652359169542352,2.7061756837721376,1.921797646488527,2.0385356215973,2.1979131105545546,2.9765594616803455,2.162240392842036,2.3161629360878044,1.7793053099333302,2.087584977878217,2.3550862355348015,2.306865975408575,1.9423352915596008,1.9332098223322078,2.601216286048514,2.152766977390121,2.1185263162819568,2.4466041190408307,1.9517274631015382,2.4053286989733342,1.928868324460707,2.170501462867325,1.8010505158989432,2.5841756547587615,2.0706253798090555,1.987971088438415,2.263522567112374,2.1952441967941394,2.3153639311797556,1.8452002125106157,2.4468247799869682,2.1588575814274167,2.0845836496311763,1.9083875965874626,2.493488001253735,2.227147651403908,2.2320216605479684,1.8322720821248062,2.1138980807650483,2.2601150324471235,2.284140663194002,2.5811837311511647,2.167339519344981,2.058036681015755,1.871011860525549,2.3740391868597785,2.055313514817133,2.1383564180614276,2.295204770119461,2.2429277746394902,1.6364234536465347,1.7434761973863597,2.1975065732823835,1.9751765783750492,7.16573407500834,7.929951638482271,5.037976996215035,6.753467765010731,12.969373198681106,13.572629725754885,11.237936623232166,10.124589425803372,11.453889184105305,11.898999517684548,8.917002366389552,11.743618316140212
Rainy season,5,10.675462059525083,10.2429613485464,11.250905104709766,10.515588475781765,10.06409429513974,10.436237753054861,11.626929175278198,10.630963382231956,11.037403877418429,12.695314145817383,10.045021301503008,7.8893256191077885,10.411190225104137,12.684001478802433,11.227171657634678,8.93715322381853,8.028389563619687,11.57969388875501,11.012156020156043,11.867813141033126,9.714235834709573,11.259836419932295,9.737076058593791,11.776777261052692,9.746643208825711,4.659118278918324,4.4375728444379785,3.8961024575073844,3.5585601460011858,2.999295127995607,2.24002925049522,2.4403840068116893,2.583655452077981,2.278898058723606,2.2540518597172907,2.0499366560557664,2.81729909104557,2.4136522645288974,2.230448965961985,2.311309342743786,1.9669708436632993,2.1570206899580375,2.0131707316485548,2.6964621686316486,1.8658787349726385,2.195754831708505,1.996347547351207,2.766690214797051,2.0722843527878654,2.161265105485954,2.1453405795321574,2.1226671559383035,2.376205031718426,2.2136430447058504,2.352705568347503,1.8126653475206598,2.133921850192699,2.3010561465840103,2.1183136833311225,2.150189480891539,2.129005685141367,2.292206435264716,2.1221249181864508,2.1354345585742953,2.1321269354837096,1.9545413102998712,2.3597266649989215,2.356315422106259,2.339316280959569,1.7583843632359568,2.476444264521498,1.6789554613241635,2.5269950990425185,1.9090136020348203,2.386858105570146,1.9638472534433207,2.4646655646267557,2.1369716811285513,2.213891424967858,2.2427892144988832,1.717867099947392,2.12191018772822,1.8715777508990006,1.8936868095925203,8.301986131438646,6.403580157830995,4.903000768164162,5.630737679596884,14.282213304305916,14.98725045835625,11.362154029458909,8.790710269519785,9.830902917465146,12.756630366295706,11.760794046796212,10.245329224225742
Rainy season,6,13.477268451161352,11.072135167366744,8.453112608996319,9.561279363977976,12.861012226619152,11.390432956205693,9.579012767675325,9.474907853718328,12.129063516673686,10.706651466524466,9.471045146068606,11.489596028485925,11.809963315081015,9.033581989052475,9.462668084139743,11.282499350554357,13.145634969851693,9.065424612719884,10.027130075329456,10.08406811284349,11.551017455609921,10.89905527084567,8.645564459089544,11.478975252499668,10.592459726238083,4.997052530230829,3.8728880259205973,3.779596688676733,4.290741478293282,2.8583735346751076,2.119251740504454,2.0071776544798556,2.4237708980935238,2.438633649806724,2.1780060750406474,1.8982910357240173,2.4555458401225834,1.880941223569916,2.420808478538043,1.9235334862498223,2.1412572668035015,2.496400260181807,2.09014218964022,1.937558983501726,2.554827096186797,2.3560911208847672,2.0227083053827704,2.199308273986326,2.433456924133167,2.46006803533591,2.0409333481335716,2.3146776160707248,2.117732337662301,2.3440777676185283,1.9680500742232139,2.3912794018056402,2.7164766694575406,1.7372777567008606,2.123094713530417,2.0590897706367315,3.0832457009375194,1.8097738805404664,2.0248804249040333,2.046872668282237,2.655884556310665,1.9573478571865133,2.072045473863352,2.570782717552893,2.360409172730018,1.8116213343237735,1.7276200160921789,2.202385552496019,2.659515217554647,2.511586805701144,1.6822035217874416,1.642376880935003,2.3267219383751874,2.5176423032745547,2.0588938505599272,1.9648917093586336,1.4963732577122426,2.125108651326852,1.8975748791591827,1.6661773868809748,8.890698589748242,6.441066717856326,5.366040812257075,5.35016025948473,14.382305654810297,14.630232302068867,13.21500039647194,10.036077117209281,10.638343762031841,8.654334094442424,10.485238113655189,11.198395961771075
Rainy season,7,10.534344586482337,11.627632567469137,11.47463307606472,9.722957091944089,10.6288128646109,11.00274331416802,10.494484911287056,11.268074305783065,9.718745768325835,10.278861465710964,10.878728142423022,11.907350278253132,10.570275371176626,8.142763329754091,11.828024947554566,10.836309564567918,13.378239356791136,10.290180778780464,8.231161095684113,13.314453176961164,9.459759571436457,12.472262951283865,8.8038395410017,13.130786535066882,10.914221325803595,4.402063551499503,3.562663074656277,2.392417217967194,4.315666902612582,2.6181112466999763,2.641532282395151,2.2212071071732393,2.234179884424094,2.065648017879465,2.3592275963542733,1.6831797625261335,2.2761043309787383,2.232879500552412,2.2597486868787495,1.9752869299795082,2.295481626551518,2.1578046594469495,2.0115218800198726,2.14537931359057,2.1172764506606923,2.616440501829859,1.9508025117986532,2.2410381770945236,2.1340563339153906,2.455245159644788,2.3982507989551296,2.1974717034450677,2.1780458419883852,2.421022556256572,2.2183048125852673,1.990699516076828,2.5106657197033053,1.7500095519977426,2.318435868722618,2.3143832646961022,1.9468853283536,2.2987110409555624,2.6108926001816917,1.8893975141819117,2.0811303337432183,2.2043337372609164,2.341815174438713,2.289911113614089,2.052957386546723,2.1326833761712956,2.4988505968644867,2.2039363891400026,2.013428914953182,2.1301728758444427,2.011019048459532,2.3701208148714303,2.4073217872947037,2.108796315801363,2.2345215715308178,2.278063800730573,1.4480930093493136,1.9343280534855234,1.827561286286453,1.9445875962700008,7.4393472973485375,6.8626970450805596,6.227148521153941,5.494700350122554,14.164200488920354,12.719065124661462,11.78294406425565,8.69216081858546,11.326371472461142,11.84670500369441,11.628632241371198,7.768915858621309
Rainy season,8,9.08628604707651,12.63260631587832,8.557156803635358,12.268863863450122,10.477264434238982,11.03649584242465,10.337069585973692,10.472610039433858,12.074237246908302,11.03995559465501,10.232708484311145,11.068444385632736,12.806316267238191,9.34012043486376,11.548004131823198,9.710550008237306,10.055747959592024,10.996322562738927,10.796301720970828,9.297334304331931,11.160482147922135,9.680809883729316,10.087905547120243,10.66860490562496,9.660723308565487,5.120083734877822,2.81987122425925,4.523465599840561,3.1173963757391383,2.5900234855618005,1.9604234274498789,1.9023452307132078,2.642261170993122,2.0793834600500167,2.1382501620653334,2.0161584011339224,2.127042448402646,2.080329858954554,2.306547362580142,2.086122638821766,2.031106903225107,1.9003390085606824,2.11763724821627,2.0410166197914053,1.9888942207323868,1.7737229687295035,2.2791546309425788,1.9009749466055226,2.3885615403626606,1.6863993791304666,2.0860577990515186,2.0248624079570186,2.0875321024799836,1.6777370421280025,2.172342687726902,2.386179849985282,1.8139582855829375,2.1734880458457817,2.1866265191549616,2.525443978780717,1.8128901539312123,1.8201467861398204,2.203044960150628,2.25914458742733,1.8845530002501902,2.1324883769387886,2.259929405320491,2.1095667543319476,2.208798607717536,1.7261443726870287,1.9937261001506636,2.0731593396007337,2.1960404612823314,2.045009426241751,1.8122057673350993,1.9919573815463474,2.3351098147446665,1.6273872241095249,1.8803460939125871,2.391551541525328,1.659042450320115,1.6144109635555888,1.9833168812944608,1.9336295698127983,7.810566359174829,7.638745986864023,6.252798368127157,6.444045544994463,13.25910282634307,13.79374418517858,11.972146863676919,10.299217720534212,10.833857150903782,12.075107685266584,9.653470313006833,10.312766735498151
Rainy season,9,11.703945030888763,7.339457173006533,13.114980298635496,11.560108861664707,12.239944724064868,7.175243921809796,10.82109885479405,12.720990753915082,13.019772682541749,8.695183972471108,11.57971362525664,11.1844941719778,11.33146697021415,9.85182812541172,10.844837136081019,11.647298014710367,11.542079957987328,11.627674547974854,11.29710415318905,12.816584440870566,10.739844440407632,9.314930347348389,13.529924301030059,13.559708198500772,10.30711686466193,3.9294582753437224,3.2192465778901185,3.101956170659537,4.017138166157315,2.5983681494253617,2.5012716289379693,2.152747699756128,2.3523627485270424,2.2144105026989447,2.2016692480499427,2.065944709595808,2.387605834687656,2.0647956484258283,1.9770108185179625,1.9884730931831742,3.076701462194021,1.9271926826059103,1.9400140982709033,1.9894761831808874,2.5529154502198117,2.206968744541826,2.1640951087122415,2.5361402174386285,2.127465394120258,2.170553824924516,2.236478293373135,2.517064455323853,1.829999353947934,2.2179816239274075,2.2826283015773803,2.5361737671804723,1.9789752857580944,1.8352721351889216,2.4917943708283654,2.1877240303242385,2.3691739615548864,1.9965022994453419,2.3375904678431865,2.2795437103523697,2.397419720542875,2.226364653320772,2.019801246267926,2.529980351578188,2.067334215915286,2.2068807881206904,2.30531678186006,2.2565140914344806,2.124400087067705,2.005974358940388,2.3342530060875153,1.9974836622736367,2.0804460567816068,2.4150755645356563,2.178682056424052,2.762683186558823,1.546733887353159,1.4328085395716388,1.7235855365641366,2.220503041932486,6.413955783089525,7.470099816172522,5.77461844354144,9.668521356433684,12.028254085269701,13.567742074481837,12.807158091396396,12.014815151581251,10.629878785426206,7.6971996830342535,12.83304703918975,12.204684603153005
Rainy season,10,9.274935874160755,12.727548603933121,10.281530604381317,10.793785984856104,10.79952617656021,10.557499207578724,11.270292828145816,10.344784620318697,12.185501924148822,9.718328980002639,10.556536235705275,9.616664822599537,11.105944256565946,11.486507048988086,9.925511708377567,9.937683985667753,10.018388667212013,13.358008411551141,10.68222215655145,9.505943124262362,8.69209445712762,11.776227712790309,12.255188835629271,13.133474021946062,8.501202666709743,3.6167327800052465,3.0841865469090695,2.673293292902218,3.4070037400906084,2.413455996472799,2.1187358856487806,1.9700042648399243,2.134604741268754,2.3059062491466653,1.9586162838794745,2.0020770774842256,2.1245378247507083,2.1067334695773523,2.1626410114137324,1.977954219988754,2.0909906016362054,2.1011814725529465,2.529012493465351,1.9588784809927768,2.101510035422694,1.723666708950142,2.5791823831359593,2.2630909692547774,1.8986330721440248,1.8217864493241243,2.2514934705661642,2.1248011394891213,2.308218602462754,2.077247114935718,1.9419887982211743,2.194656927673914,2.416338172061516,2.130164372810964,1.9092584951514255,2.2863108804849217,1.927952725209091,2.3468312080792995,2.0849179721563074,2.136124939828476,1.87815132216402,2.294656075750398,2.072776406586621,1.9322584777155756,1.9540533308011556,2.430669560482015,2.05845965572682,1.7096406778786035,1.954556992522821,2.22784317728421,2.3688135863620086,1.9291993785694248,2.0988746608565414,2.08706720709779,2.2637061530008586,1.9117126896295227,1.8290787589528499,1.4433915973648295,2.0605232749986557,1.7351689640159147,7.578785559688346,7.241913166355653,4.03013714489442,8.64489101221376,14.856212411146917,13.772647366452167,8.85927151707029,9.079110075002559,10.780705326770548,13.476461195632023,9.805643077957175,7.499548584551189
Rainy season,11,11.15815471202575,9.408801822670018,13.630245016564613,9.647312247429872,11.946517162945366,8.071924832706683,12.458489569358461,9.965742765477158,11.057464670985523,10.196565933327634,10.265248023067567,11.175444606137667,11.940572198910536,7.290627784272715,10.400880486640023,11.667129438914928,11.530357620383116,10.813503132946105,9.597632520431372,9.449732757217042,10.277545031919995,12.454577032683476,10.663489172640839,10.293438249359355,10.445111091855463,4.522223354859392,3.276202342170111,2.2428894968966495,2.9411100435810718,2.6957935909924537,2.3168996953021055,1.9806003330593718,1.8810572191533022,2.2335839819260768,2.0187971783918806,2.063155117961123,1.8040716650688289,2.538570330273212,1.9994865041886547,2.0353288125069153,1.988912399306193,1.875137660970171,2.344444390329412,2.3235746519762475,2.3803066415814107,2.1060650513362273,2.0081084795481385,2.0260142737265783,1.9932232430835306,2.1478246437146202,2.405645644631818,1.7311556778727337,2.060139020552963,2.0817091457326153,2.0324785120115516,2.05058351979713,2.0727443155606644,2.3494670100922304,2.072218857400452,2.1491431836577317,2.1370652814366498,2.2309750122916565,2.03575707941685,2.0502080295960043,1.904681533092986,2.562901329757246,2.0450136815666315,2.0809621007315537,1.6863070463380607,2.6270519344409187,2.245677961974416,1.8026748765730447,1.7122209522640583,2.401146403232262,2.598396415327228,1.4749251012167959,2.0718307149757544,2.481662541762566,2.1198550899801747,2.3965690376799857,1.3855837624988825,1.4731954942942687,1.8162761645199277,1.9237304527788106,6.746457747591085,5.843928956238455,5.940354294898214,5.243767504918737,16.181697437748383,12.192418584589962,13.443812095237625,8.838551513920995,11.380070663757929,10.781033546584286,12.538787043425318,8.981367631425025
Rainy season,12,10.935764305049629,9.935490304709056,11.078320928301377,10.714899454651324,10.821524455085848,11.86383721622592,11.227046517217218,9.45649032253377,9.65504823914903,13.054497006099037,10.743350467921392,11.39196196329822,11.307658926829697,13.84138201645686,7.516776217448524,10.659684187229676,11.226556824822449,12.236533785915764,9.627532092190355,10.697684448194675,10.73134248099551,11.35953782681916,12.105065725465039,11.679806511863891,9.736895536786504,5.525593485432134,3.2918629224491425,2.120567555691222,3.375496034227875,2.560803617381693,2.689622616874892,1.4614240794095612,2.2637830786939026,1.9622785116981432,2.523207496889368,1.880229436850988,2.000301092040405,2.3483544239866116,2.1960560663080058,2.1909056167631165,1.7326295596876438,2.1580137200017404,2.5857880607308843,2.3568969515642695,2.139867605397426,1.4317427501379076,2.3360225567958888,2.4779365523417525,2.3823219516985232,1.7324059766370277,1.888095313890013,2.385874766896093,2.3557272714710114,2.0896052644678713,1.8208795111040275,1.9585139165326302,2.416338998315424,2.0376061210171117,1.957274672334928,2.123329916761096,2.2450180535910165,1.794963886071716,2.391548665908659,2.111615380422378,2.226451114005582,1.8191199742807618,2.2483841245601885,2.2851021057405534,2.311519599185512,2.0086859250629963,2.340939549604353,2.089840868661915,2.3787612066605703,2.0518535052753473,2.03990439416204,1.8783085245237012,2.399738568891569,1.5895350987710808,2.3718979711705197,2.8743494691260167,1.542388733025864,1.3977733104589427,1.8656683553845854,1.980240992068739,7.738691359907335,7.878715445564166,5.790732282688283,6.9000698863755625,13.961364470521428,11.86399931458724,11.718880563675587,9.321520631481096,11.871491525279696,11.57807113965698,11.50361576184959,7.275208498463831
Rainy season,13,9.032411279623412,9.493308869817476,9.810017520529106,13.491347538435415,10.090045192015726,9.127714408263847,10.507126298992992,12.649739244876258,9.53139838718164,11.658305439064623,9.756411407828141,13.531872191467807,8.92267776513666,10.908548652524379,10.492943817316705,10.801104053842472,10.968453526085947,10.617059528799606,11.49296072776142,9.07091033961873,10.855766103599624,11.637641768368894,11.084016186474335,10.630604981394155,8.544331408726974,4.451073994886116,4.007549075844507,3.138201379101815,2.77610032346178,2.7866150546530464,2.2782574311839072,2.1802901617306514,1.8277198859269288,2.138905912037973,2.003456013899261,2.2818514868601008,1.8833415775515334,1.9066017080666218,1.8247127535094827,2.1711074074421526,1.9444246112710484,1.970194207982937,2.114274328634306,2.4380990823735487,2.0281209959239397,2.0759938249276293,2.0750829129956627,2.182774791459956,1.8900797272822716,2.1640627862261885,2.231830305809632,1.999167611766463,2.0813010733030355,2.1548305556131546,1.6656925488152499,2.6006995732223994,1.77744006719859,1.9888677452114867,2.2415650287264737,2.326094869696739,2.0803952427308503,2.066531989600761,2.6414624702939835,1.83809660094094,1.874436222776186,1.8879424926254003,2.093296038604724,2.33299472507526,1.8561309054597233,2.238127206277439,2.065148977955679,1.8489009819910807,2.0614400644081883,1.8426476377497465,2.475992289659971,2.094546990839087,1.8763926471008712,1.9803689784401592,2.0314727327660655,2.7970642841684037,1.533631384467225,1.7010785369689962,1.5632391226656588,1.7777452970445984,5.462146020097717,6.1643260697650115,5.948912374625994,8.493364173236587,14.554128879236659,12.761397229229134,10.971151323372094,10.015432083330841,10.839400437901304,14.77213018764463,12.012750081578051,10.666683581242241
Rainy season,14,8.452762107419819,12.800453278675674,12.224024124089473,10.088897368574868,7.697119983932885,10.940148321276759,13.89787676668121,12.561975761151931,7.909764945606859,12.912039739121088,11.683224622454526,10.581138390849844,8.934755801604222,12.326779437713233,13.589107999033898,9.952380033842035,10.081106806113963,11.969939445414912,12.30092791210921,8.739804512707769,7.7978376572909385,13.096729125517276,14.530502392004667,10.59843677669388,8.379721348382677,4.519539448365356,3.6675771370973336,2.1470534145916096,3.3245645162514035,2.4023444995797925,2.0382158593453124,1.7600739293446883,2.4918896126223817,2.255103254901402,1.7476635023224918,1.9436492823947147,2.3085782412733216,1.9761917809259655,1.9784093082183136,2.0439625294260297,2.1974007316953075,2.405828029630624,1.7557246482747795,1.92827948844093,2.2676038475276608,1.9971657094461428,2.4647651380737656,2.181632545189891,2.131834041983869,2.0801039564578256,2.1188222226568723,1.8028048177542226,1.9017809034426647,2.265624710233112,2.508307020470162,1.7416529196790091,1.631026361590582,2.5736135746617212,2.2183497584326495,2.2477013590024826,1.5414866244418555,2.343126465887842,2.190492607236183,2.3179361746284295,2.008167762304479,1.9582708894032366,2.1817156924397785,1.79945950505955,2.1677096295537277,2.008425595099934,2.2714430160431527,2.049656296418853,2.010084369437234,1.9774976245225921,1.9296376017811225,2.0598303006488607,2.1240969034208708,2.2081934761449937,2.1115484884968465,2.1988448282580086,1.9589829400253571,1.5758593154705176,1.7687155801877117,2.178545372228348,6.3531103490229075,8.103383334583667,6.1509736859839546,7.200542770093984,14.344665107379267,14.462027124478025,11.136702378766982,8.747439640803453,9.50872220746344,13.762915879783353,11.362703634529156,10.3376735229399
Rainy season,15,12.207518814165143,10.76858765245027,10.828859828112757,11.861181962012376,11.115954288531492,10.7868268311478,8.44271871269737,11.927457410929076,11.079879976005412,12.593989894157119,8.063468073432242,12.009817859019654,9.941528459807385,9.42964811680967,10.124264420505908,10.575747313401559,11.337978706532274,9.10597540108725,12.921764867924674,10.44885074566009,10.379403017182428,8.098423604434107,10.840737165637771,12.02520671103965,9.946545217862305,5.554849710817217,2.671004389836805,2.7089436391924107,2.579416652261884,2.7308328903731494,2.3746867316723006,2.0506677131786986,2.226678628972904,2.157013807407268,2.206108902899204,2.2319595652975055,2.088314798765612,2.091826797622911,1.9658875354689387,2.4764208062170128,2.1114568097912767,2.2840186313698965,1.7402487076009667,2.25971107645879,2.1604323887187387,1.8392139614546477,2.0221015027231615,2.0117579224919613,2.7949435362728514,2.047935738800938,1.9731246813308347,2.0806318858927817,2.330645856923715,2.197432970889862,2.4061346248695923,2.0114732195554677,2.6089444163890296,2.093683355020068,2.2913260875262744,1.8334583717552053,2.4802100918276224,2.08576524864933,2.3596553469473447,2.0736394562807536,1.9783786674025194,1.8447495001412062,2.5612408261953505,2.0938584641829876,2.30303481391122,1.8360473249717377,1.8767094086690823,2.568971575000165,2.2044098713595974,1.910914876420576,1.8755648871343247,2.2266396759361102,2.23102675534051,2.198173488408164,2.127521489454384,2.2330520113787666,1.7187942713152713,1.6523531530095634,2.040984486872777,2.066496737218006,7.277905238788532,6.145084055032542,2.6849628655921163,8.707188305827088,15.608377860483165,10.82198716179103,10.062421719710681,11.258649375711961,13.697095787268598,10.597091568821721,8.33506429346071,10.094798466866964
Rainy season,16,9.679063430735548,11.589541112789135,11.66609788027531,11.768439101267687,9.073294592812031,10.648963462951333,10.532596302038705,12.851333971509055,9.238633602576341,9.980205855175285,9.0264012301204,13.417766175176304,11.625779244449639,12.465006717813152,8.606118553671507,12.562656324136345,9.527637792357158,9.326896574354159,9.905814568084972,13.09477042314276,10.407405366826039,10.739946268167172,9.609263345787138,13.012365462808978,10.0986170371397,6.059574370482383,3.542562540312628,2.4445682659960104,2.753419163291309,3.112847143681002,2.2972798332524245,1.844852107655723,1.4813916217169067,2.4342533083522153,1.9942021319416232,2.2614550706956265,1.5076173807455133,2.142580045307494,1.7352580068362777,2.514009069821606,1.9039932886280087,1.9468290704649223,2.1611872842956945,1.897594816310933,1.8713403949812752,2.272899933698284,1.9164493649809797,1.9343254486581387,2.1770037368950583,1.9030386879131973,2.214806412286025,1.9545846606077513,1.850707629746607,2.0399957165333733,2.226512141100062,1.587165316564437,2.4831475709566884,1.8083572972367747,2.2122900586797636,1.7900490295316642,2.2869488297804352,1.6847901194902026,2.0457901925607143,2.293419725555374,1.8768215648114954,2.040742919513932,2.174393745017512,2.2246138975627563,1.4819457233403692,2.390321679223568,1.8162867384968753,2.053057905841597,1.9506545334026424,2.410094939200009,2.0842180602842384,1.6845325062011243,1.969400143794549,1.9672948817072156,2.2125358733103977,2.215106659067636,1.6767664923902328,1.6085489481606872,1.7456450747409973,2.118953396994183,3.5605699080046715,5.7932760104642576,6.409397073371255,5.9605463629856565,14.880644125379746,11.582907354009254,13.524292525883489,7.198853576424805,10.751725574237902,12.665376706986574,10.870017351599055,9.061457070634344
Rainy season,17,12.596560566535983,11.636188468264244,9.397015737486187,12.630066118306011,11.5344183519622,12.91217288495575,8.492201891966841,10.939961554688605,11.687008926531355,11.542370563805594,9.939538688800265,10.645419384100741,11.753615456349193,10.3382703454404,9.090311128223043,8.59806224454141,13.259196535933434,12.027528789534603,12.75260498634687,7.08813767356686,10.92128104516355,11.311886071805555,12.238974884566737,11.610712813637804,13.33928730519286,3.7621379532255608,2.3280906355552404,2.3857896398103646,4.564705249703577,2.531017698308219,1.8230585782759752,1.9955387213619165,3.0359152714356177,2.2214586743175837,2.2593821530538776,1.9675918440182096,2.7491608379876973,1.685774764868466,2.0911417902268092,2.6532447598776376,2.7249075848924753,1.9396504595039927,1.9029122470039814,2.336401204019248,2.2976092670446815,2.075640201127555,2.0464192067109903,2.37211024552687,2.408840519650444,1.885940996907506,2.4492791519574406,2.143320706406993,1.9812153564162818,2.461093788231762,2.0135994339049543,2.0210866584962552,1.9849637636915602,2.5105255662240107,2.0235487005262804,1.7806109795383707,2.4392239647886416,2.280938145359856,2.337269255699667,1.957207571667095,1.9879360571832516,2.2413920673607546,2.3491596869949256,1.8538230597473822,2.1538047509770117,2.09150370975625,2.2940225146430864,1.7824364306127305,2.2163597165516906,2.1958856980153567,2.3219929581242025,1.9088056426455717,1.9296447559386043,2.0783562606718013,2.4599271524161113,2.765072663814083,1.610748576158493,1.429965356512909,1.6550772308660469,2.2472017681496346,6.1389927762962975,8.886155918086803,5.255837213203803,6.3591122167034,16.638944173267614,15.246371110500991,9.56813510753753,10.04912366301269,12.673291855022239,11.243756448496436,8.720336085706558,11.222713389825856
Rainy season,18,13.576786010133892,10.009652879352071,11.74015079780613,10.705016549010576,13.440295149295292,10.713325650159952,10.206379090293757,9.900627253936914,9.845456989855645,9.98387145214442,13.127277544385189,9.639396044676909,10.008039324625374,8.7803071503834,15.070666228413513,11.92691147163702,9.310909933641597,9.469513614617574,11.869724875967421,11.794491611476323,8.763265558987118,10.613648112048184,13.213303584097932,12.603384522146696,8.498812482703299,3.2594607032643848,4.479599264372634,3.2526785187422,3.6816844580203876,2.0533084263730035,2.029700838414979,2.060311618989813,2.6396377473125927,2.0684766928648997,2.1147884717683256,2.199599913648835,1.8101644184053611,2.4130347841132616,2.1018867440519107,2.18901045254528,1.6780649830626797,2.193014596974248,1.9831310413104282,2.21914421071366,1.8438605121094496,2.1815774116250997,1.4452212330489373,2.8370915604114493,1.892111273583813,2.182013603215064,1.7172139326603753,2.299884622129455,1.81974591223345,2.423495579795649,1.7733972255486194,2.224465097458783,2.0321146375203694,2.093376522089533,2.183216066940337,1.9151104204944567,2.302120715014512,2.022496603780344,1.949998768217045,2.1266761215406262,2.0813659459214082,2.022528155041985,2.1696800037960804,2.2493943368170863,1.8467940323054397,1.7304311310744431,2.114783776582397,2.182397124318737,2.217267140733178,2.22692422115567,2.0133825583949547,1.844437036510178,2.1398361757260758,2.279531302065641,1.8208935845065854,2.575605589507126,1.4424177903937674,1.5325978474938569,1.686345986329996,2.2423313103355036,8.45327751334177,4.864341181339845,4.089648232664223,6.504282392189892,16.214428290410705,12.895306984934471,10.222226552764301,10.630328062310355,11.671964492996318,10.434577794621097,9.64646941640018,10.767742534156918
Rainy season,19,9.697567293405008,10.749290738086534,11.262337557536435,12.32101668645964,7.325996620580903,8.551047017098085,11.825995063279597,13.436932836429985,11.125778359049571,9.635758170249813,10.67527481008349,10.440059011573293,12.556324589327255,10.17936293430688,12.012845257592888,10.967329624952741,11.071949640959446,12.148280279063012,10.673752806396976,9.405200306891738,10.601558161452262,12.115784172388299,11.321064334481912,11.813113092766132,10.111291934212222,5.000779505717655,2.7607986565794893,2.779145547161914,3.234835448690998,3.0615113548372035,2.1168533186724035,1.9111761483695624,2.127703540177463,2.615795490504795,2.3340818799536867,2.2412284942034817,2.0145167013498977,1.9891929526570717,2.642213883349334,2.27884024696795,2.170862350692052,1.8114778326053462,2.285746144043017,2.751684390949075,2.000131821870648,2.054355607841901,1.974481800056704,2.774764100094373,2.1882077942807157,1.6135596871897337,2.174633619435838,2.410445929019995,2.109378491864246,1.788797800328767,2.767359969195935,2.1751870460334666,2.0381806850722723,2.0910851022803674,2.2258052511719297,2.5630186080898842,2.0133548655629228,1.8317986204843026,1.8548751670192476,2.4642004545343936,2.5707805007259745,2.1235154585757963,2.3047184400409564,1.8539753377888897,2.1908657569055467,2.4552227017275206,2.370447367281801,1.6610019884472114,2.116967573645062,2.2250093488894875,2.4790950261106373,1.8917205455688906,1.813952866942337,2.2710402471774525,2.7279824151463283,2.494993615226491,1.1185549848970617,1.3749274948169399,2.262554520557729,2.3308191820143582,5.288639157886435,7.084404560975669,3.82211304220756,6.920997873902229,12.719107034936735,12.890226220555071,11.621764167520253,10.872959879384249,8.82175661856107,10.971856911181787,8.642955056582696,9.496115120413046
October,0,10.885447272756162,8.797037727561015,9.72530605535906,11.304786955460566,10.280420808145035,7.7882765007736285,6.854115607304887,6.689018626984014,6.1841253308196,3.979942257692855,4.609585013436611,4.926170083213794,5.651471142283904,4.0811924654761675,3.6543977830261998,3.579267161765437,3.5224573798936984,4.174904236460574,3.816014794086692,3.367821592318264,3.445941983676178,3.196953288192282,3.660842586773423,3.3306745580039783,3.6088096924270157,3.1166348736904057,2.281080138622064,2.0009256509334654,2.415522511089094,2.5680638296689744,1.561548040631162,1.8689279198306479,1.7339160795570707,1.4883534061575654,1.5475687603665504,1.944153296846467,2.571401295463781,3.574389757638158,2.844388100014355,1.9357051332557866,1.863514984815042,2.6750145627372537,3.978344608786347,3.4960829007034864,3.759532848348452,3.280082029067115,2.7609026288672576,2.555144221153666,3.2294648326602737,3.1883472877840267,3.354085912608151,3.1378705262899453,3.2098325130653547,2.5073806725113643,3.4550813568113576,2.826700755886368,2.6623471662562124,3.698764941458323,3.66125316153325,2.871324966260688,2.5377764774136313,2.767971410969716,2.878690359667981,2.9687022853502985,3.210880486221043,3.8062193574388092,3.2526673002282194,2.495634738194617,2.507981627029591,3.0075639642791296,2.8384504554156096,3.200996925980528,3.598483810318025,3.8086801977957605,3.069557215152492,1.6508430025108554,2.3753151184182113,3.1370134492952797,2.4618832894019547,1.709229121488175,2.3554173790171236,7.829138883087467,9.984355039486694,9.244248106822281,12.788050288879857,15.576218764712726,14.345374762922598,13.723830540196865,13.667506424557985,13.666552416809008,13.99578381448763,11.488901974805211,9.93730502218791,12.287485326309254,17.391407024868894,14.842160131585604
October,1,11.785559449636006,10.171175908248282,11.395391831247593,12.99195998328825,11.755262197146743,8.790155305991536,6.84911605803076,5.791232131285194,7.340919285938791,7.683087148275251,6.6981510349455,6.651424190589901,3.7717619456386493,2.8597469656601624,6.526573557513151,6.4226586587640355,4.685166446249203,3.53089535150788,3.7092619928132966,5.987966339338285,5.210140514244761,3.5576117447229665,2.4995579515277333,3.734030736594064,4.598804521492127,4.77447243595989,3.812329756003074,3.435227019370062,3.410220575202158,1.9777541175873143,2.5671935336335534,3.2471067051085982,3.450895933879897,2.9036191668949347,2.290238020198158,2.0805364979149923,2.8428717486283315,2.5268414052841672,1.5782085254375589,1.5752269634221276,2.7683195988811087,3.8084800267130388,3.6284234603729346,2.732157103004464,2.813584417269224,3.2369808386683188,2.8448803764303254,3.983396056081198,3.17794408121686,3.1261365239156578,3.1531887412703496,3.0517597945365393,3.2543360054659862,2.7538219109269764,3.0080060807649214,3.547753988931164,3.390436730057455,2.638327148442451,3.0400304491447017,3.6805231145016597,3.2974410460770063,2.506855430005997,3.223727074404207,3.106485390959151,3.1724612523582065,2.776629821278813,2.651741536226778,3.165346225625912,3.0512438815048992,3.1779604990131154,2.842586915383006,3.1239463505735987,2.8573981005526226,2.9440338742133627,4.352715090419383,2.326344267090081,2.096049996488127,3.0727947146314816,2.3260178188427503,1.0428777551381874,5.091858845446876,11.935493446752824,11.174351112818137,8.255432771924129,7.623907613148655,11.575320914799503,14.791875014593161,16.06126682033709,16.614701251710297,14.3852331519042,12.069664692405361,12.013980530480564,11.569867310003476,13.9232367159308,16.29301101847862,12.043161093530882
October,2,11.182411547380411,7.649141667827313,9.084994730508976,10.360470522981435,9.981857155176169,9.476826511449442,7.2964941655485775,6.0263240473303155,5.894756552204236,7.689604387377122,7.412863354552935,6.73110194111367,6.578567590727739,4.69659756222021,3.566336316437086,3.787061030006891,5.186909457295353,5.307964235966113,5.635558723146792,3.711497654057646,2.743397793393605,2.6961579024958193,3.150607981368546,3.766352408005551,4.31885599429856,3.530764026621227,2.6367215650396028,2.208698669530914,2.570998182795688,3.684581614734554,2.369939693340197,2.663683198099299,2.6327718107918825,2.571111881582054,1.6406760850649038,1.343626948328044,2.6435810840124336,3.141303168298012,2.555059555727347,1.7877209081612273,2.1868617061558093,2.7455693627823283,4.05840428532615,3.9763515141810113,2.8594674577452404,3.137425105241797,2.8996242390851705,2.2380502213342415,2.3507066691991274,3.531458312025077,2.9394625155812704,3.272633227230605,2.6189248202120483,2.647110532007057,3.1184939179038453,3.6550558650159215,3.1578419795022117,2.679321609162164,2.928068403160448,3.07991715896812,3.2493159590152216,3.522773841378624,2.436181674742529,3.122780537826461,2.5837489378914733,3.713796052175732,3.361643065882881,2.657822887022213,2.98078932012161,2.4108252405341464,3.5858150110463245,2.4415090113303126,3.0278366059013826,2.8518721638982,2.701538256895333,2.9709295690712727,2.647752650855753,2.805516226914421,2.0419524347130293,1.34445126404476,4.3842369060494715,8.005512834653128,5.717736008049693,6.2041523575858735,10.641968153571874,13.947376931453705,14.238567981137892,14.119594507374838,13.469475155295592,13.620321065287785,13.434447872938753,11.662287223107741,12.688092525914966,12.430321113273198,13.134900330674613,13.80380707119673
October,3,11.558802864108735,11.517375978656853,12.000343142670381,12.173792234212303,9.821367976781836,7.560735830437702,7.838561827418468,8.304634430967573,7.824337569253186,6.93028579906516,6.480702084675034,6.972541961883797,6.757328190061505,6.495620930368897,4.698657699769872,5.197278555760259,5.1005748584862225,6.719767868641727,6.874677318334771,2.883847638472409,2.7001560300050205,3.6517099751522557,4.0458751398469674,5.5466043261590645,3.6511697777522065,2.8606759860904796,2.2638746749139265,2.8566960554796847,2.968062677880645,4.896809275518667,3.5504547636096215,2.6015665457241712,2.8927548787842023,2.7390797149886636,3.025258952684424,2.0554862901655007,2.851739005241056,3.2100330664026546,3.4010741067593004,2.7687132517376933,2.079906887843451,2.5390279542000758,2.7067817387896937,2.611981534577828,4.026868257937292,3.696017502313676,2.7867567325617637,3.4468310550514185,2.8210137262360653,3.498785147499289,2.5436803874475866,3.6299455283326583,2.9780961630755303,2.449466444996409,3.5270736184814826,2.959932206429732,3.106087470895937,2.5816745881885814,3.128450294599726,3.198943219993473,2.6158059553624495,3.4521809085728434,2.9528043796774193,2.6797054895650936,2.7130399687450444,3.4228671256464898,3.298298831961721,2.965420396739592,2.7103685805784283,2.3472611474661975,3.261833433830932,3.7355214168501565,2.563280299003425,2.2977429434892893,4.182814470065962,2.4865034945427356,1.9561452399250039,2.165619991788458,1.985708702401451,1.4675094857677662,3.862346703515502,7.994162316193367,7.7818085018384275,7.35441703252632,11.596921615981504,15.03268439397541,15.195328143816482,12.406284091307615,12.13854028254179,12.481240629501366,13.874024869253523,13.722567925371504,12.149336968417463,13.047273576975602,12.410050947821652,11.667552345094418
October,4,9.581650353943092,9.352084339649425,13.627385126017822,13.452731604442382,9.721937957799073,6.75329513458713,7.246895577053282,9.120555342969352,8.13258217071769,6.530045163439962,4.836884832024291,4.449951086310837,5.183591034230498,5.53840077383593,4.479887914316217,4.145014700867984,3.7019205797649426,3.7512245592814515,3.162126517891305,3.5106248399319733,4.181294617021923,2.979884852231744,2.8252358305670806,3.0177219040047385,3.172195384559935,3.034566674688436,3.1437353609697127,2.769487186064724,2.42549956913055,2.437320187651386,2.215489158474772,2.7925423816365837,2.6420793923915564,2.830371674548061,2.2909406048106056,2.605167570869828,2.777846064248794,2.6877743302996446,1.6997020469597983,1.9114459094474585,2.491154377237054,3.1960962113611675,4.56422881023349,3.542598277782186,2.3672779543144973,3.2872327520818194,3.67071187271268,2.8655383153596907,3.0589065700621445,2.5818189111338383,3.1038429016301063,2.871951681038153,3.245871784805983,4.177128158995813,2.961484519890544,2.810076269265295,3.2333246324929648,2.8287405353927553,3.837010169832665,3.398523274667173,2.4194377076895264,3.0768217202410097,2.8666342052640763,3.643835222558985,3.1552552848018127,3.288413187289098,4.045996380186565,2.155695683051245,2.479505609062431,2.810347677195516,3.7357281739893287,3.904497164296229,2.9296968396450667,3.4374439189671593,3.0107511561759615,2.864604425183471,2.69761101497653,2.6495639850240256,2.906184214119134,1.4902290888367742,4.792834386898431,10.492606788780778,9.561517573788752,10.184612216493466,11.403443056218789,11.451842806956158,11.944154882798292,15.471541290677871,19.66566260334219,16.187252982765962,11.19535743044806,9.361672784550858,13.305991222564488,15.862812260291976,15.70315698393065,13.556787287506067
October,5,12.780796266632263,12.441120249229094,11.217853161061557,10.29922373274064,6.734854593340322,6.4646657277023865,6.119121170822715,7.404850838746141,6.511610003751051,5.252420885894071,4.713751795581964,4.024730516752408,4.824937493693043,7.113933587404897,4.742743052927316,3.0571337495619866,3.163562711795517,3.222613277316015,4.005219713058361,3.5658479902869127,3.3613347783399865,2.6600092317742043,3.248659019438096,3.610563863236398,2.285681602805381,2.7564532614777773,2.214920971303187,2.838617925145959,1.84222022468206,2.3254935053947623,2.735556726262152,3.13908871081753,2.856085324348912,2.105845638890081,1.100457119009475,2.0900919466367585,3.5880166494123302,3.238430158897228,2.3078093470278267,2.445895368290752,3.053154182060892,2.811011386184283,3.893460043198114,3.5375747521481746,3.030655581704504,3.480884992820443,2.8480935659828264,3.6880910457730707,2.708083189415457,3.5230267173420766,2.9644457199479537,2.679566342496614,2.6933319861222875,3.131110501779278,3.9413498850055904,3.2599576245456268,3.5360813937008344,2.9269798112478096,2.478423927429441,2.988374836331902,3.2856290538389215,3.85551847786519,3.941150175120359,3.1826198049054426,3.024703358724909,2.750343550383967,3.1192026433788844,3.5795386502836437,3.286065021962649,2.475771348457277,2.8022194039303936,4.066852575427547,4.225764005118759,2.8652229416011985,3.236523127633602,2.256873631852904,2.542230706385298,2.6530106278135475,2.4957813178386785,2.0620039542620376,4.428339773461519,10.275559548858668,7.719145936581995,6.52137943448686,10.312664289156306,14.897481036545305,14.80469716846999,13.775734781509055,11.822546661036597,12.350426781183586,13.62279131996076,17.231660186945074,15.816341862285343,11.027016225831705,10.979647372795913,11.590838752042625
October,6,13.963115940560902,10.344858905962099,10.32420928105264,10.515830803773108,9.336992786206855,8.964888179382235,7.104859436831305,6.860623384021162,7.637957492878854,6.508708398317078,5.9415766911570325,6.359756478997677,6.05039087405399,7.345258213524512,7.516053660732569,4.523951009808036,2.7413681511748726,4.855624866856832,6.347804899745008,5.182899051978577,5.290202903197337,3.2817160676311423,2.6143527668540396,4.1516560911837015,5.014881973046997,4.447079291590725,3.2623708938465237,3.5534856214019395,2.3955178028398523,3.0622714746088677,3.252505313668159,2.1236876403601515,2.3240950204193225,1.8532898340410513,2.941524976785017,2.9742000301077933,2.652073373457408,3.6977702632915506,2.034453021596993,1.9981833149057022,2.3929054793216906,3.9490141624018538,3.795305658465747,3.3154209166495665,3.7871785346588163,3.3396163331529105,3.361992226496398,2.9936839657865617,3.125202841031794,2.496883799699132,3.076690497163554,3.2983100117897357,4.442067058259482,3.6086936793384043,2.7106352329739276,2.46371406792197,3.344825145454539,3.921215124141005,3.604501090096403,3.113804065676815,2.9365620698403094,3.3780879423559904,3.438349337206119,2.9858589883412594,3.430002964218967,2.9404818107951414,2.854693346914885,2.5462196068183265,3.330697507971243,3.4565280166787975,2.913608712668086,3.236851094375254,2.3637522464441303,3.3303452437626766,4.904284054728093,2.2492038759906037,2.3983697396230634,2.2101039015346426,3.413742387724077,1.759502563650036,4.074368587492352,9.949811017134525,9.753354156900015,6.5075995284563115,7.447604786561536,12.124430501311963,15.06648785733208,16.594103019831586,16.573207112726386,15.021374279381705,11.1279669643159,11.000271802828571,10.180453763172554,11.18661326199969,12.183351349520224,13.968804999690176
October,7,14.79808703632317,12.07469713443749,9.96325841100374,10.206021595350206,8.098291100960989,9.859279032305336,11.98212545671491,8.862411188152231,7.268027061079057,5.1095341948136515,4.7992890461279005,7.5549202703815,9.108573519589367,5.246157283935099,3.9541107305967147,4.726922427849822,5.5072157234205585,5.15774750979305,4.073843877216585,3.525918829864281,3.956743292371151,3.9649292224697628,3.5317033939360676,3.413633790709785,3.534355134421398,2.615408812626228,3.0322912088075706,3.2592451633141435,2.4271342377365452,3.0874008324001796,3.0189329975756656,3.547619034102228,2.4241924845922593,2.336884493264897,2.38408262059122,2.319458019668923,2.4385419594460673,2.7380942332909113,3.142011718464428,2.2792758308057173,2.631580255790384,3.5633255452145653,3.7699604334783805,3.4454988670241335,3.174424687858546,3.629918404780956,2.8662265722953646,3.2854827193552967,3.7185386362668584,3.009265100357183,2.606462255240994,3.4696273946955496,2.6722612563480155,3.0961456056688963,3.147491364873779,3.5126527898616065,3.677913211815115,3.2846848774439206,2.705078890864408,2.9899280662012333,2.754060716559574,3.652256361239949,3.1790265353689082,2.6027933482620655,3.680425771086263,3.208187512271479,3.335213610783476,3.324929130149558,3.3305628733792685,2.8312284139917425,2.1850259538046415,2.543291030725293,2.708111154668297,3.177723112051816,4.301009240532609,2.638299386482599,2.191606479306819,2.766993347050666,2.6412771355634037,1.6730398595353433,6.368323005210544,13.468248733363831,10.73714844653039,7.6636776395885375,8.771954573583018,12.120603607613951,16.69156660190632,17.590360410103205,14.62654204736575,13.29849952850154,13.737830981527763,13.570749274977846,13.81878175483615,12.836031329360871,12.276150370949978,16.69922836014808
October,8,12.590617803648291,11.957309278821048,10.138835690610344,9.892953177728774,8.526340137429786,7.781716948105358,6.917143158823265,5.173196982419132,5.347598393708544,4.8257154341689565,5.12820842526346,6.883101281041587,6.262294017732524,4.244127469320429,3.70483664081266,3.9080018768053506,4.865569524549555,4.954746430780987,3.765426746058743,2.7140425647141333,4.366795608746276,3.649606410732059,3.6934787481993516,3.0732416753792435,2.5423636354503474,3.0307547735338796,4.4199034712423355,4.042691925319259,2.715877869039146,2.5186809469814384,2.468552562832232,2.0842310153514294,2.986844600218024,3.5325936254916366,3.597417536494659,1.7473533090334827,2.966720310887182,2.984045356572554,2.345349045897732,2.7171008812678448,2.84481548488955,3.0426843029934125,3.661882290488541,4.337793032057144,3.8400803242233086,3.1322847024416274,2.5329846775562332,2.527004241038092,2.6367096309189346,2.8119054860748443,3.245815480462166,3.267365787288698,3.285628914507829,2.7967838307024673,2.8459034605253084,3.6501290418929595,2.978017520322605,3.3143530543855864,2.3515960317386027,2.974388748673998,3.202961855149256,3.0998135211691986,3.7698217745512244,2.9252460336601396,3.030861430230103,2.8578872432381437,2.7923508962605292,2.247609649278119,3.0437363987209265,3.8383997127623584,3.1456262667248764,3.0865001730493526,3.4305505226921995,3.164920378017876,3.251315431924483,3.0743520871972208,1.7577476455919907,2.6226522501766723,2.564469077940002,1.579765718443337,5.249936277589153,9.865291189524273,7.885878421149822,8.583435538789415,9.720603689818942,11.58095108238771,13.90116472966012,15.68242746614342,13.281786014949278,12.725635857875682,13.14349979572147,13.51539597034014,12.806901116559212,12.624317135634401,15.211115786550442,11.822154541615758
October,9,11.23094544465263,13.152357259355735,13.746220452547098,12.656637997383088,9.20583263174537,7.65916947230051,7.2219135104784895,7.0062261788005085,6.782606099922713,4.954225245306573,6.042736701343626,5.351986351797402,5.360995116840603,5.883697864722736,5.272891403897047,5.178621188314393,4.708147981989411,5.028640457045254,5.2102658544601415,5.179563217857379,4.595923478764892,3.713897702675449,4.706156103013966,5.746586492796387,4.366474868952895,3.7481972313462033,2.6809419147709184,3.1352399767447148,5.2291813767146715,4.299157722513542,3.9605204834550407,2.975417464264547,2.3861035395509664,2.7876365840172848,3.9072589595360085,4.242320843956859,3.198635303298014,1.533781918546112,2.2052832799047937,2.5133596815819574,1.9532218708233477,2.893437966990496,3.5116010764491206,3.2674147445125907,3.4927307615077514,3.7554529410439597,2.381714414667058,2.1109712101222615,2.733880879938403,3.319642320976614,3.6267360145208927,3.5055365045494087,3.5684909984889273,2.3863436577035206,2.1278329031236938,2.575733965509508,2.635961880431458,3.076425046220549,3.3491334095355234,2.6361240481827912,2.8396418016360063,3.7759859133194813,2.3374813253716713,2.483200294292295,3.0638084521156896,3.152905677938668,3.773144151759023,2.9449880157414725,2.012917445362544,2.3870785408322135,3.8226181929105314,2.506786204864856,3.024463552822344,3.327674229078553,2.862899861027787,2.5377623157302307,2.4189783531659725,2.624577115291306,2.1833106467733288,1.6567807804941523,3.6859791259549204,8.731433254119064,10.382254266120723,8.141672645901169,8.877702001214768,14.279713768234195,15.111330448570605,14.617546663244074,15.91247186114692,14.400402281326434,13.411009354536208,14.555348880028337,12.554052144796632,12.593989917491673,12.02540103744375,12.243790895190726
October,10,10.506995462771043,9.662579977869088,11.34575409572111,11.661628343376815,12.655769221450964,10.025927171178939,7.864274288817381,7.651953165515835,7.874423909021531,7.405632604343006,6.932977007739503,5.192899335315465,4.720855571951578,6.53637275491244,5.097997483189542,4.809659292067805,4.017293671436038,3.78158199039709,3.9574992155073714,4.655626292891636,4.423086862018497,3.749414521000116,2.852551374906832,3.2060087898968836,4.5919813573503445,4.163650861015007,3.810834840062813,2.9117858149056315,2.6664716687880117,2.882172076823413,2.894068207073499,3.0585006549050737,2.5370927840663744,1.898794710961996,1.9636772422641307,2.382219273205785,3.400219373679284,3.1445364378382457,2.0537683407588347,2.2155172705841326,1.906765113223654,4.133023439037355,4.008153920362248,2.8111262803393555,2.833324422280392,2.8062562896591876,3.9567351129413035,3.1090623512371214,2.987631447376338,2.99653789077368,2.4196400411185977,3.6072679151108407,3.222507562592403,2.5654099359686655,3.0668705389759485,3.1026056581582315,3.458911892403282,2.764778943054374,1.5408707050977057,2.9059949266406684,3.530722765454237,3.75914406332966,3.0218605949452595,2.5377278954125786,2.2140262626270153,3.055460726696856,2.999986506495359,3.241485756213548,3.0947006182530576,2.6150988714359147,3.054324039213582,2.968234762780402,2.2468995258235185,2.7644314411350615,3.7460825502274155,2.435172864191817,3.0339570082998923,3.1760152142277227,2.2941596275336593,1.5488468087396832,2.585765448486045,6.291192859392367,8.88177757444291,9.339898936012297,9.743230580020711,15.340478984829472,15.96428132894057,12.858780937917775,13.373085655507595,13.955199433005182,13.180855524960046,13.630144043451974,14.324212515595725,12.530704346417455,13.83041261613021,14.163921282818439
October,11,10.872113276891485,10.27614322841841,12.275390468021081,12.004575045628973,11.38091866609887,10.216015922252256,6.302050447299769,5.653729826576732,5.191759863119753,5.180473555935342,5.950285920681129,6.88405017065339,6.350119760336796,4.474879867592472,3.618904190505484,3.3043518853871916,4.938008328929494,5.6464122942510695,4.4082225282489995,3.1993093396666823,2.354222300751945,2.66081778702258,5.462905521495485,5.222168864761067,3.092230123058386,2.630603707780179,2.09454808467213,3.683679576019612,3.184037211611877,3.063962019305364,2.3732291256081046,2.9588639883038685,3.0267675992798697,1.634482884374827,2.226058288184816,2.5154915646094396,3.6802858563748284,3.653516937935104,1.913336290936026,1.4660103915323546,2.1424188905352666,3.3941755467462165,3.641437371145425,3.951443970811152,3.396683742513834,3.3730412996229826,3.0572888377920324,3.052851129909703,3.2148860601594107,2.4266026194497394,3.3356010713847626,3.7234926593678623,3.4393044496690277,3.076278785404665,2.516602590715349,2.76844444349606,3.259974478296327,2.944006771417862,2.97991923154936,3.564478729321871,3.1216364276790416,2.9065018109929994,3.4634961952369796,3.1830586255896027,2.5730988907467442,3.757822758173112,3.7543893131094186,2.4030971997660107,1.9610886019460307,3.0491597601722704,3.586942400903453,3.0728822821143096,3.030569537855766,2.8713536438759695,3.319106205774045,2.3871802578954227,2.520127871667024,2.2799143545795446,2.1700672178835463,1.8238309693003105,3.5002908574532423,7.402853702682,7.832811906936319,6.397436825692476,7.474893257088509,12.982426919008702,15.97214398219848,17.05099878397004,15.42074128301989,12.34380790042261,13.196693196110898,11.73943119476699,11.743055633003603,13.01835803616689,15.260209277637925,13.056445666859311
October,12,13.315606308389896,15.194086710821493,13.054258910638218,11.304695918958924,8.382117660073884,7.173449925355057,9.060051322436493,8.995668433476913,6.307358351951872,7.156562749165557,4.211421442777172,4.093458966017153,4.309284290335049,5.93286023173414,6.246847460484968,5.052807941410515,4.156947572407811,2.95595701188162,4.509301428600355,4.371715557209882,4.441021114169159,3.3647069096217397,3.177374757807319,3.176259129676573,4.218839639869689,4.525086443592917,3.334125049374081,2.0010417161324727,1.9290186303457924,2.592569612231879,3.299136536193482,2.4631340542768307,2.8501456309012534,2.639887640476313,1.6197058292532553,2.668555435829546,2.779011350632765,3.552024888746229,2.4101697260013037,2.3807010689494503,2.1596081053545353,3.0475179625918667,3.626426046169095,3.8739054973555755,3.7269246653706984,3.406690333899072,3.238968201333556,3.1176443306345294,3.2567441052315576,2.348526893319658,2.628927697408572,3.251836946497771,3.879117242731648,3.6372619987121775,3.472051839278833,3.607273574038542,3.487581646529283,3.3588980369674575,2.278325512536397,2.2351647913093178,3.847052649395512,3.7162972736312723,3.8602378880163215,3.4457067903479355,2.852467492573074,3.1452295358609956,4.020439758143066,3.5875536010862503,2.923575803668918,2.556339156270183,2.67600742656563,3.141288427726141,3.7292160168082815,3.678302320431482,3.88712608696896,2.2708511033403718,2.6357095554501973,2.314979404222043,2.5657041806435186,1.1537928410581002,4.436394847535633,8.726292970779161,8.089414138544505,7.424780980932423,10.793344245166395,13.974511833402056,16.475565527605745,15.471535376232746,12.694624663466767,12.348402939380655,12.473040006615339,15.439466674856112,15.062889880446788,13.182327395121005,10.367262765292313,11.460928276646854
October,13,12.873574603679227,9.918088087067439,11.067619122854312,11.34541522720794,11.191219697961321,8.765337378350612,6.994912156630095,7.488960622775559,7.64728537896821,7.862744084989776,6.344219164524973,3.8809840911404283,3.510322240070784,6.156707557078176,7.119300960556018,4.584863028483057,3.582302329180881,1.3456546675507264,2.8213067316617124,4.897297749795944,5.354152601790557,3.5651293860739104,2.2936765216526522,1.6941260125726445,2.8144916153527215,3.7564352818257802,4.101875933365384,3.003814986191057,1.3939134151109391,1.3668213556875615,1.9184001368783759,1.365628656774395,2.155826306373263,2.3390493434492146,1.4666486585553271,1.4708298980020236,2.3616234135123784,3.392211600988683,3.2609134031116622,2.430174551206107,1.3175997662615335,2.5920464599332584,4.36332616901715,3.7949344690740716,3.556545357890759,4.206208832615824,3.657061149640376,2.6434147997531587,2.8737679918601606,2.5828724288804223,3.6685819938458804,3.2137204280373894,3.7956323884292886,2.654789347443081,2.798712174279361,2.4797660541229853,3.3785962160491274,3.980131699340886,4.1268321586982,2.6986843642728404,2.9821007957851156,3.014001320453367,4.211197282924682,3.868022868211812,2.6887570072374114,2.396619598275576,2.7969290732602903,4.079902299864068,3.980549576054305,2.9214667914115497,2.8772608826132884,2.9447850637189044,2.7305714753066854,2.8920884358546255,4.331195492497585,2.8420020353187456,2.3647673173203305,3.1545400486778865,2.940000162926834,1.8296851329841963,2.9879490714471952,7.5116498230158495,8.021096962099428,7.628472919538243,11.943228949608026,15.256116875809015,13.270845950607514,13.63489491038991,14.333694802690903,15.173852868911775,11.581156611708424,11.580636583559613,12.474842305895617,14.727311672114398,14.350330289634194,13.211633008876102
October,14,12.583248613154634,10.273233210737775,10.278039014254913,9.386610524034333,9.624657310022837,8.72848447995475,7.775567510259639,8.053468071763657,6.456471893668357,5.714073304665203,4.640397519374643,6.338976099800274,8.492453453901524,6.592582059950228,5.067437432996015,3.186011732258061,3.049291990442791,4.5778393110888915,5.881733901966848,4.905943536669996,3.122956153561722,2.7515242290640147,2.915294266556485,4.003396874440836,4.0504898399263745,3.1007286508868424,2.917810735768673,2.722206896843573,2.2633393794423475,2.256718367715983,1.7575500198807517,2.452050494032785,2.2419415482848724,2.7858821340168394,2.554474115038914,2.3027439686094064,3.6311317544220336,3.2234178998255114,1.53173170842789,1.9822193759489284,2.7758703764727293,3.248506613882588,3.884687250358773,3.931003927301978,2.7366105594361363,3.465850090120561,2.8217117096835644,2.6914350202027553,2.856505525844201,3.463497776561563,3.556508292449338,3.5500257469534424,2.221775806760974,2.746303967806653,2.5190742176178764,2.8812667281400426,3.4536582581609845,2.9525757814550175,2.7836295298902076,3.027843506621102,2.91416471736142,3.256243824675492,3.2229149656090215,3.1861685564136892,2.8524222603787526,2.9572618009088485,3.787021587652474,2.8486191275136563,2.8374511593693517,2.581844547916869,2.952566125470931,3.9814660562240785,2.9368096508873576,2.790454405991106,3.2679560197114403,2.7538894204178894,2.815897511859995,2.196677782545086,2.4089515566487227,1.6504323706824724,5.249090913025634,11.118023736057836,9.530954387401612,7.058859355280599,9.036845876612118,13.52847230577124,14.014751295902416,15.66966262512053,14.035049756966641,14.19489605714364,11.564021872034036,12.19652867069512,13.432813149319125,13.060309020071662,14.551663246858533,12.191701691656213
October,15,13.238801198565683,12.741305790679181,11.027576337983866,10.233530751576435,9.778525245058587,7.990827648021072,7.197461349632158,7.522626466760511,9.467013567840215,8.481590574796574,5.521926497845393,4.28419073346504,5.866616857917363,7.006054708342575,6.901874083841511,5.194880234395661,5.032672346740866,4.903730637187223,4.69671802128177,5.084595409635507,3.4367317212532473,3.1924537113195632,4.0324827350582115,3.49317476174992,4.323725099562693,2.8471716412376367,2.7616454959645873,2.7788894802426216,3.068396623483887,3.5643878735013437,2.847460652138374,2.228629662701479,2.1784935663723397,2.2594148000107768,2.596855730476949,2.9433579951004183,3.3042280940742,3.141269250793422,2.3938748246757617,1.6013320907009827,1.7141213021600472,2.642649489571319,4.01914634896101,3.9583174997283335,3.6090620828878874,2.861564072388776,3.6758768701928712,2.539240939452789,2.9612299703619813,3.4291598078241994,3.122005475658123,3.5452176033723104,3.169914520587022,3.0271166190670176,2.561159172824479,2.6914601441850454,3.162805345771403,3.2246639997911406,4.193552202423365,2.8761368329468504,2.154306512722506,3.018695262352702,2.6031400192240537,3.375959704378898,3.129377542936602,3.3181176168811986,3.2466470336555586,2.585425500262628,3.0897788321940545,2.9519766953954867,3.029439260744967,3.0706072137722837,3.1225263270393606,3.7407656819433646,3.12159179891375,2.7159726018559804,2.840565828652976,2.1285954283066726,2.2391628152357983,1.158459300414993,2.796908971935869,9.176927880134718,10.623527860128283,7.485200671551423,9.70037302787585,11.562613996961703,11.038049671822497,13.840178342377886,14.380496378876481,13.858324495852324,15.63009331089916,12.599727481478162,10.453292941146385,10.648719794876593,14.565667077478505,13.767616560540098
October,16,12.402001424937227,11.246367742260059,9.728930836042627,9.449737663602551,9.556221238785087,11.686392495697515,8.357336797777569,6.917095800752821,7.1251783887339695,7.1390458320755865,5.311469258060684,6.69407579156893,7.382383396767418,4.667946395976641,5.651130456858215,5.838308186825975,5.633853396960091,5.50734969122142,6.257859038486535,4.988715198174825,3.3529296999872944,3.9625884087844203,5.0407824461861575,5.64207522501975,5.3493161779138605,4.042465216561314,3.3271851524452893,3.1153731220476995,4.41234866853327,4.571045361592039,2.5960886101409826,3.210374762085957,3.7873370480123305,3.731982217608504,3.00153160611214,2.92212563869732,2.3576502094266565,4.370403020289535,2.9405315416855204,2.409224329248686,2.409995956629671,3.5734931064164153,4.1272375232249265,3.448187277763697,3.8853324210321722,2.795675970652563,2.920584993652432,3.210855903587235,2.818107945971602,3.7694176670182338,4.186692431210978,3.4512903952198566,2.458831577659957,2.623952622023299,3.4154401914182264,3.1622948044791297,3.6583084115871634,3.850088165024498,3.0448710306730087,2.4895151750682705,2.688093501103094,3.152527511884237,4.38241902077436,3.83180453642324,3.570031230659643,3.4343133664447136,2.2246656522466655,1.9103990650166374,3.0168255324604107,3.486335128754987,3.3584320024684766,3.713750668652256,3.0836107626660936,3.009767248765485,3.8528275122297884,2.2028876853615933,2.1382418241943593,2.9582559004031954,2.6845446368714536,1.244430432748697,3.1296863153614805,7.902467123557216,7.80799884022536,6.347445707442249,8.035997843147973,12.704369808946806,15.087973368280926,12.326201563187004,16.92128572219782,13.985686643231569,11.467109021704267,13.409692349258144,12.71125226608574,12.422064242996358,13.70572659320091,15.773351064754747
October,17,13.192873763512193,11.876765902496778,13.136839177498793,12.366118160475347,7.847352945584804,6.37700029998408,7.737915644186287,6.4274208707402405,6.814250241149593,7.42194813016905,4.724423822554818,3.319783291337032,3.9148103652016797,5.193695797227018,5.656489350090565,4.389014115678429,3.906406915179824,3.1144316233525418,2.3249534655017388,3.7920658685832453,4.64904013159928,3.193711975358285,2.155852665195714,3.547754832620719,2.186286741018468,2.4709334410841404,2.953648200377517,2.5170319870921687,3.2207701251778937,2.3177281799596705,1.8911182516717915,2.145486002309629,2.5964627742243747,2.9772104328796463,2.354065181464838,2.0780038421652915,2.8597438576237835,3.080106808473821,2.133554811664921,1.620018314483543,2.3026540201873757,3.22813404025843,3.7223912587958456,4.07849114013039,2.5638842970518607,3.1969538928505536,3.7111104268899218,3.1293817681809233,3.1046826881907656,2.373400055780579,3.29635433683844,3.436220179208793,3.066531425085323,3.0884728570686386,2.66451069986608,3.138552137714115,2.894155877760912,3.5352598636100576,3.5670681429094344,3.318245403411891,3.043442643930897,2.26462017808256,3.2059399627295115,2.67937816970103,3.2895110387257622,3.155279222027653,3.780977530349482,3.0318497892346645,2.4065392899375455,2.9212707465676977,3.2626181140332506,3.2743192466701196,3.227246188101156,2.828048094477721,2.4993849549449596,2.067762753194377,2.395470572317733,3.226689420261986,2.558743182490673,1.3650489070058296,5.317528784671839,9.327603297244861,10.460561017446215,8.797391002095983,8.376113880596021,12.653602371385995,15.945199509913088,15.684306372473037,14.530040236041902,15.3867822227676,14.22200643751495,11.09199640950101,13.43476050362103,15.886677445509964,13.149762074675113,11.022055517430028
October,18,12.822454202701389,10.991806195742045,12.351593123344177,10.963167769656135,8.260609866491365,6.540031921467334,7.677992915904154,8.536873196260386,7.543082752767744,6.734347127804763,5.275013608513316,4.889167175834357,4.4237632997846354,6.493565906036221,5.815061488800592,3.0694882354482886,3.8812701812460473,4.358316257695487,4.1329901500077915,4.244395482819515,2.3894074747561302,2.2823350272472185,3.2563005500743674,4.877388387964873,3.796561498944517,2.6844007036946933,1.7533252020319692,2.2767508481796246,3.13684753534957,2.0555070983701076,2.685614714511909,2.7040419199227497,2.4135802548698573,2.003879953535298,1.3475828424015879,1.7801351502782525,3.4794139183297284,3.0181698856256043,2.185843799347109,2.278241656381614,2.7590764595451787,3.527464350086154,4.141819791107056,3.172207399426372,2.739621952477415,3.332901953002343,3.2827835333893103,3.374324814094184,4.000332364356164,2.97152649226461,2.8569262384479335,3.149233259920549,3.554831189536213,3.053120206867419,3.211732673017662,3.5085570692937815,3.4248882020115725,2.978693347952284,2.9197728525773976,2.728148999550449,3.224937444735895,4.120691031096355,3.6544210107360273,3.409010389228283,2.886702082061367,2.583058995485431,3.095750241804602,4.371507399573054,2.897972740164884,2.7391421765424555,3.06237742224681,2.7616899627490863,3.083446816054648,4.663763353975173,3.86048256167465,2.3528279981344995,2.5214726471437894,1.9638698196276456,2.0258337846903545,2.3145998464416198,2.1789047030177526,5.2954784761650835,6.441447236876487,7.5458888800983965,11.816118772534434,17.81863449043748,14.605023611340963,12.627301091568256,11.447183940635568,12.418587609172311,15.645740206650622,16.963875212162552,14.237937163402618,11.088692912977255,10.077983604372376,10.459037891038431
October,19,11.748234918844249,9.497803113317238,11.426666226608672,13.194237929152306,13.216047286903173,11.384823964663788,6.342020807899664,7.898146099216154,8.979596273475668,8.319951487476935,7.791397130357341,7.568894393448274,6.3607317390705544,6.544538058208931,5.701403996137756,6.101292201247507,7.322195345837558,6.613088909817406,5.224209976785618,4.762036973061496,4.684064129675836,5.514595866873203,5.954034491846864,5.820035087136022,4.878445518648703,4.064632952196871,4.817944138596235,4.020409091846983,5.352826924412903,5.348972812355466,3.906943370561568,2.7412342043788076,2.8756434114446296,3.25822393450118,4.145295028018086,3.3396820635640414,2.7088202398020074,4.241307370307662,2.382910351418323,1.834056267489138,2.017667389980145,3.3107656296635284,3.8548184003015606,3.9510641039796157,2.9834455135864264,2.574033922198996,2.9760851942864344,2.9971301696495116,2.9557409410585,2.6271725896006126,3.184548119164453,3.711533005941067,2.81530525503872,2.015368350823372,2.687870778488419,3.243731497909471,4.038095725787703,4.018009034928594,2.2062106403231763,1.915944611909361,3.121845818027876,3.249533352588346,3.108868254603029,3.615891697498312,2.8801180532811315,3.12046259322634,2.2361406406919304,3.2400794707616876,3.078369216294163,3.1338818847032104,3.9226929570433686,2.6191081417322146,2.2741296772211297,4.074168147948884,3.264718408522405,2.680658136140486,2.2081037450967775,2.1230700286873865,2.335340750175671,1.5326164849056283,4.644409005744282,10.228687416491105,9.281190207349663,6.90205697061744,9.656798291486451,15.902891965214335,16.56960404543909,15.169439098701451,15.973474491801841,14.14909434213505,11.579610783654742,12.218518711792658,13.89607877309547,12.315184250810448,15.454365345937985,16.25181774720986
