date,0,1,2,3,4,5,6,7,8,9,10,11,12,13,14,15,16,17,18,19,20,21,22,23,24,25,26,27,28,29,30,31,32,33,34,35,36,37,38,39,40,41,42,43,44,45,46,47,48,49,50,51,52,53,54,55,56,57,58,59,60,61,62,63,64,65,66,67,68,69,70,71,72,73,74,75,76,77,78,79,80,81,82,83,84,85,86,87,88,89,90,91,92,93,94,95
2023-12-12,220.0,214.0,212.0,212.0,212.0,210.0,204.0,204.0,202.0,202.0,200.0,200.0,200.0,198.0,200.0,198.0,198.0,196.0,196.0,196.0,196.0,196.0,194.0,194.0,186.0,182.0,180.0,178.0,182.0,174.0,168.0,168.0,170.0,70.0,0.0,2.0,2.0,2.0,0.0,0.0,0.0,0.0,0.0,2.0,2.0,8.0,12.0,14.0,14.0,14.0,14.0,14.0,24.0,16.0,12.0,8.0,4.0,2.0,2.0,4.0,8.0,14.0,16.0,16.0,16.0,12.0,10.0,12.0,8.0,6.0,2.0,2.0,4.0,10.0,14.0,14.0,12.0,14.0,24.0,28.0,26.0,56.0,186.0,198.0,204.0,202.0,202.0,200.0,200.0,198.0,196.0,198.0,196.0,196.0,196.0,198.0
2023-12-13,198.0,196.0,196.0,194.0,194.0,194.0,194.0,194.0,192.0,192.0,188.0,186.0,186.0,186.0,186.0,184.0,184.0,184.0,184.0,184.0,182.0,182.0,182.0,182.0,26.0,18.0,10.0,10.0,10.0,0.0,0.0,0.0,0.0,0.0,0.0,4.0,6.0,6.0,12.0,16.0,16.0,16.0,16.0,16.0,18.0,14.0,6.0,6.0,6.0,6.0,4.0,2.0,6.0,8.0,8.0,8.0,8.0,8.0,12.0,12.0,12.0,12.0,10.0,6.0,4.0,6.0,6.0,6.0,6.0,6.0,8.0,6.0,6.0,12.0,12.0,10.0,10.0,22.0,20.0,22.0,22.0,22.0,22.0,22.0,24.0,32.0,32.0,88.0,196.0,204.0,204.0,204.0,202.0,206.0,212.0,212.0
2023-12-14,212.0,206.0,202.0,200.0,198.0,196.0,196.0,194.0,194.0,192.0,190.0,190.0,190.0,190.0,190.0,188.0,188.0,188.0,188.0,188.0,188.0,188.0,186.0,186.0,186.0,186.0,184.0,172.0,170.0,90.0,0.0,0.0,0.0,0.0,0.0,0.0,0.0,0.0,0.0,0.0,0.0,0.0,0.0,0.0,10.0,9.0,8.0,8.0,8.0,0.0,6.0,4.0,4.0,4.0,4.0,12.0,14.0,14.0,14.0,12.0,10.0,10.0,91.0,172.0,182.0,194.0,194.0,194.0,194.0,192.0,188.0,188.0,186.0,198.0,198.0,194.0,198.0,198.0,198.0,204.0,206.0,208.0,210.0,212.0,208.0,208.0,208.0,206.0,204.0,200.0,194.0,204.0,202.0,200.0,200.0,198.0
2023-12-15,196.0,196.0,194.0,194.0,192.0,192.0,190.0,190.0,188.0,186.0,186.0,186.0,184.0,184.0,184.0,184.0,184.0,182.0,182.0,182.0,182.0,42.0,22.0,22.0,22.0,22.0,16.0,14.0,16.0,14.0,12.0,4.0,2.0,0.0,0.0,4.0,8.0,8.0,8.0,6.0,4.0,4.0,6.0,6.0,6.0,6.0,6.0,6.0,2.0,2.0,2.0,2.0,2.0,5.0,8.0,10.0,14.0,14.0,14.0,14.0,14.0,15.0,16.0,12.0,10.0,8.0,8.0,8.0,8.0,8.0,6.0,6.0,6.0,18.0,18.0,18.0,16.0,12.0,114.0,192.0,216.0,218.0,218.0,218.0,220.0,216.0,216.0,212.0,210.0,208.0,206.0,204.0,204.0,202.0,200.0,200.0
2023-12-19,28.0,36.0,37.0,38.0,38.0,38.0,38.0,38.0,38.0,38.0,38.0,36.0,28.0,26.0,24.0,22.0,22.0,22.0,22.0,22.0,22.0,22.0,22.0,22.0,22.0,14.0,14.0,14.0,12.0,10.0,0.0,0.0,2.0,4.0,2.0,4.0,4.0,0.0,0.0,0.0,0.0,0.0,0.0,2.0,2.0,0.0,0.0,0.0,6.0,8.0,66.0,174.0,188.0,196.0,194.0,192.0,190.0,198.0,199.0,200.0,196.0,200.0,196.0,196.0,200.0,194.0,190.0,180.0,188.0,184.0,188.0,184.0,180.0,174.0,174.0,180.0,188.0,186.0,188.0,184.0,184.0,182.0,44.0,10.0,10.0,10.0,10.0,10.0,10.0,10.0,10.0,10.0,10.0,14.0,14.0,10.0
2023-12-20,10.0,10.0,10.0,10.0,10.0,10.0,10.0,10.0,10.0,10.0,10.0,10.0,10.0,10.0,10.0,10.0,10.0,10.0,10.0,12.0,10.0,10.0,10.0,10.0,10.0,10.0,10.0,10.0,10.0,10.0,4.0,12.0,8.0,0.0,0.0,0.0,0.0,0.0,0.0,0.0,0.0,0.0,6.0,12.0,12.0,12.0,12.0,12.0,12.0,10.0,6.0,2.0,2.0,2.0,76.0,186.0,200.0,206.0,208.0,62.0,16.0,18.0,48.0,200.0,202.0,198.0,194.0,190.0,186.0,186.0,186.0,182.0,180.0,188.0,192.0,186.0,188.0,186.0,192.0,196.0,194.0,192.0,192.0,196.0,196.0,194.0,192.0,192.0,194.0,194.0,196.0,196.0,194.0,194.0,192.0,188.0
2023-12-21,188.0,188.0,122.0,26.0,26.0,26.0,24.0,24.0,22.0,22.0,22.0,22.0,22.0,22.0,22.0,22.0,22.0,22.0,22.0,22.0,22.0,22.0,22.0,22.0,22.0,22.0,14.0,12.0,20.0,14.0,6.0,8.0,8.0,8.0,4.0,0.0,0.0,0.0,0.0,0.0,0.0,0.0,6.0,6.0,6.0,6.0,6.0,6.0,6.0,6.0,6.0,6.0,6.0,8.0,12.0,12.0,26.0,170.0,176.0,180.0,178.0,184.0,188.0,192.0,190.0,186.0,180.0,178.0,36.0,0.0,0.0,0.0,0.0,0.0,10.0,10.0,10.0,12.0,16.0,16.0,16.0,16.0,16.0,16.0,18.0,18.0,14.0,34.0,176.0,186.0,190.0,198.0,196.0,192.0,190.0,194.0
2023-12-22,192.0,192.0,190.0,190.0,188.0,188.0,188.0,186.0,186.0,184.0,180.0,178.0,178.0,178.0,176.0,176.0,176.0,176.0,176.0,176.0,174.0,174.0,174.0,174.0,174.0,172.0,172.0,170.0,156.0,10.0,2.0,0.0,0.0,0.0,0.0,0.0,0.0,6.0,8.0,8.0,8.0,8.0,4.0,4.0,4.0,4.0,4.0,2.0,0.0,0.0,0.0,0.0,0.0,0.0,2.0,4.0,0.0,0.0,0.0,0.0,130.0,174.0,182.0,186.0,184.0,190.0,184.0,182.0,182.0,180.0,176.0,176.0,172.0,174.0,192.0,188.0,194.0,198.0,202.0,200.0,200.0,198.0,196.0,194.0,144.0,22.0,18.0,14.0,16.0,16.0,16.0,16.0,17.0,18.0,16.0,16.0
2023-12-23,18.0,18.0,16.0,14.0,14.0,14.0,14.0,14.0,14.0,14.0,14.0,14.0,14.0,14.0,14.0,14.0,12.0,12.0,12.0,10.0,10.0,10.0,10.0,10.0,10.0,10.0,10.0,10.0,12.0,12.0,2.0,2.0,0.0,0.0,2.0,4.0,6.0,16.0,16.0,14.0,14.0,14.0,14.0,10.0,10.0,8.0,6.0,6.0,8.0,6.0,2.0,2.0,2.0,2.0,4.0,10.0,10.0,10.0,10.0,10.0,12.0,10.0,10.0,10.0,10.0,8.0,10.0,8.0,8.0,8.0,8.0,8.0,6.0,2.0,12.0,14.0,14.0,14.0,28.0,26.0,22.0,22.0,24.0,54.0,192.0,206.0,210.0,212.0,212.0,212.0,218.0,218.0,214.0,212.0,214.0,224.0
2023-12-24,222.0,218.0,214.0,218.0,216.0,210.0,210.0,208.0,208.0,208.0,206.0,206.0,206.0,206.0,208.0,202.0,202.0,200.0,200.0,198.0,196.0,192.0,202.0,208.0,208.0,208.0,208.0,198.0,166.0,26.0,24.0,16.0,12.0,4.0,2.0,2.0,2.0,6.0,6.0,6.0,6.0,6.0,6.0,6.0,6.0,6.0,4.0,4.0,4.0,4.0,4.0,4.0,4.0,6.0,6.0,8.0,6.0,132.0,182.0,190.0,192.0,194.0,200.0,198.0,200.0,199.0,198.0,196.0,190.0,184.0,184.0,182.0,182.0,184.0,192.0,190.0,188.0,186.0,188.0,188.0,188.0,192.0,192.0,190.0,188.0,186.0,184.0,184.0,182.0,182.0,180.0,180.0,178.0,178.0,180.0,196.0
2023-12-25,206.0,204.0,204.0,204.0,202.0,202.0,202.0,200.0,200.0,200.0,198.0,196.0,190.0,190.0,190.0,188.0,188.0,188.0,188.0,188.0,186.0,186.0,186.0,186.0,184.0,184.0,182.0,168.0,168.0,166.0,160.0,152.0,154.0,122.0,4.0,2.0,0.0,0.0,0.0,0.0,4.0,4.0,4.0,4.0,10.0,12.0,12.0,15.0,18.0,20.0,100.0,182.0,186.0,190.0,190.0,190.0,192.0,192.0,192.0,192.0,190.0,190.0,188.0,188.0,54.0,8.0,4.0,4.0,4.0,4.0,4.0,4.0,4.0,4.0,12.0,14.0,14.0,12.0,14.0,12.0,12.0,28.0,34.0,32.0,32.0,34.0,34.0,34.0,34.0,32.0,34.0,34.0,38.0,42.0,38.0,38.0
2023-12-26,38.0,38.0,38.0,38.0,38.0,38.0,38.0,38.0,34.0,32.0,32.0,32.0,32.0,30.0,30.0,28.0,28.0,26.0,26.0,24.0,24.0,23.333333333333332,22.666666666666668,22.0,22.0,22.0,22.0,18.0,10.0,10.0,6.0,0.0,0.0,0.0,0.0,8.0,12.0,12.0,10.0,8.0,8.0,8.0,6.0,0.0,0.0,0.0,0.0,0.0,0.0,0.0,0.0,0.0,0.0,0.0,0.0,0.0,16.0,18.0,18.0,18.0,16.0,14.0,14.0,138.0,192.0,202.0,208.0,210.0,202.0,198.0,198.0,194.0,190.0,190.0,200.0,196.0,194.0,194.0,190.0,194.0,192.0,204.0,214.0,214.0,208.0,208.0,206.0,204.0,200.0,198.0,198.0,198.0,198.0,198.0,200.0,204.0
2023-12-27,202.0,200.0,198.0,198.0,196.0,194.0,194.0,190.0,188.0,186.0,186.0,184.0,184.0,184.0,86.0,22.0,22.0,22.0,22.0,22.0,22.0,22.0,22.0,22.0,22.0,22.0,22.0,10.0,12.0,18.0,18.0,12.0,14.0,16.0,20.0,20.0,20.0,20.0,20.0,14.0,12.0,14.0,14.0,14.0,12.0,10.0,8.0,8.0,18.0,20.0,16.0,16.0,14.0,12.0,12.0,12.0,10.0,6.0,6.0,10.0,14.0,14.0,14.0,14.0,14.0,14.0,10.0,8.0,8.0,4.0,6.0,6.0,10.0,170.0,200.0,204.0,204.0,204.0,204.0,200.0,204.0,204.0,206.0,208.0,210.0,206.0,204.0,204.0,198.0,196.0,195.0,194.0,192.0,190.0,188.0,190.0
2023-12-28,190.0,188.0,186.0,186.0,186.0,184.0,184.0,184.0,184.0,190.0,190.0,188.0,188.0,188.0,188.0,186.0,184.0,182.0,182.0,182.0,182.0,182.0,180.0,180.0,180.0,182.0,180.0,178.0,176.0,176.0,172.0,164.0,164.0,162.0,168.0,168.0,44.0,4.0,2.0,2.0,4.0,2.0,2.0,0.0,0.0,0.0,4.0,12.0,10.0,12.0,10.0,8.0,8.0,8.0,8.0,8.0,8.0,4.0,2.0,2.0,10.0,8.0,6.0,6.0,6.0,2.0,0.0,0.0,0.0,2.0,0.0,0.0,4.0,10.0,10.0,14.0,12.0,12.0,16.0,26.0,24.0,94.0,190.0,200.0,202.0,202.0,204.0,204.0,202.0,192.0,190.0,190.0,198.0,196.0,196.0,196.0
2023-12-29,194.0,192.0,192.0,192.0,190.0,188.0,186.0,184.0,182.0,180.0,180.0,180.0,178.0,178.0,176.0,178.0,176.0,174.0,174.0,174.0,172.0,172.0,44.0,16.0,16.0,16.0,14.0,14.0,16.0,16.0,14.0,8.0,4.0,2.0,0.0,0.0,0.0,0.0,2.0,4.0,4.0,4.0,4.0,4.0,4.0,2.0,2.0,10.0,10.0,4.0,4.0,6.0,34.0,172.0,184.0,192.0,192.0,192.0,188.0,188.0,184.0,184.0,182.0,182.0,180.0,142.0,2.0,2.0,2.0,2.0,10.0,8.0,8.0,6.0,18.0,24.0,18.0,16.0,16.0,14.0,12.0,22.0,24.0,24.0,24.0,24.0,24.0,24.0,24.0,24.0,24.0,26.0,26.0,26.0,26.0,24.0
2023-12-30,26.0,120.0,202.0,214.0,218.0,218.0,218.0,218.0,212.0,210.0,208.0,206.0,206.0,204.0,204.0,202.0,202.0,202.0,200.0,200.0,198.0,198.0,200.0,198.0,196.0,196.0,192.0,182.0,186.0,184.0,170.0,166.0,166.0,4.0,8.0,8.0,8.0,8.0,4.0,2.0,2.0,2.0,0.0,2.0,2.0,2.0,2.0,2.0,2.0,2.0,2.0,0.0,2.0,8.0,14.0,18.0,18.0,18.0,18.0,18.0,18.0,20.0,20.0,20.0,16.0,6.0,8.0,10.0,12.0,14.0,14.0,14.0,8.0,8.0,18.0,20.0,18.0,30.0,34.0,32.0,32.0,30.0,30.0,30.0,30.0,28.0,28.0,26.0,26.0,30.0,30.0,28.0,30.0,28.0,28.0,28.0
2023-12-31,168.0,200.0,206.0,212.0,214.0,214.0,212.0,210.0,208.0,206.0,206.0,204.0,202.0,202.0,200.0,198.0,196.0,194.0,196.0,195.0,194.0,192.0,192.0,192.0,194.0,182.0,180.0,178.0,176.0,182.0,184.0,174.0,170.0,166.0,168.0,166.0,128.0,2.0,8.0,10.0,10.0,10.0,14.0,14.0,12.0,10.0,12.0,12.0,12.0,10.0,14.0,18.0,16.0,16.0,16.0,10.0,14.0,14.0,16.0,14.0,14.0,14.0,14.0,14.0,14.0,8.0,4.0,4.0,4.0,8.0,10.0,10.0,12.0,14.0,20.0,24.0,24.0,30.0,32.0,28.0,28.0,28.0,22.0,22.0,30.0,32.0,32.0,194.0,218.0,220.0,220.0,220.0,218.0,216.0,214.0,222.0
2024-01-01,224.0,214.0,212.0,210.0,210.0,208.0,206.0,206.0,204.0,202.0,204.0,208.0,206.0,206.0,206.0,206.0,204.0,204.0,204.0,204.0,202.0,202.0,202.0,188.0,188.0,186.0,180.0,120.0,12.0,12.0,14.0,8.0,4.0,2.0,2.0,8.0,12.0,12.0,46.0,182.0,190.0,196.0,196.0,190.0,192.0,186.0,184.0,186.0,186.0,194.0,194.0,202.0,198.0,190.0,198.0,204.0,200.0,198.0,204.0,204.0,202.0,208.0,212.0,212.0,210.0,218.0,224.0,230.0,228.0,224.0,222.0,222.0,218.0,228.0,234.0,232.0,228.0,224.0,218.0,214.0,216.0,220.0,214.0,212.0,212.0,216.0,218.0,216.0,212.0,204.0,210.0,228.0,228.0,226.0,224.0,222.0
2024-01-02,222.0,220.0,220.0,218.0,212.0,208.0,207.0,206.0,204.0,202.0,198.0,196.0,194.0,192.0,190.0,188.0,186.0,186.0,186.0,184.0,184.0,184.0,184.0,182.0,182.0,182.0,180.0,30.0,10.0,10.0,12.0,10.0,6.0,2.0,2.0,2.0,2.0,2.0,2.0,10.0,16.0,18.0,18.0,14.0,14.0,14.0,14.0,12.0,8.0,8.0,6.0,4.0,4.0,170.0,188.0,196.0,200.0,198.0,212.0,226.0,230.0,228.0,226.0,226.0,222.0,216.0,214.0,216.0,214.0,214.0,212.0,210.0,212.0,210.0,216.0,218.0,214.0,214.0,216.0,216.0,218.0,216.0,214.0,212.0,214.0,218.0,216.0,214.0,224.0,226.0,224.0,220.0,218.0,216.0,220.0,214.0
2024-01-03,220.0,222.0,220.0,236.0,236.0,232.0,234.0,236.0,236.0,242.0,238.0,234.0,232.0,230.0,224.0,220.0,216.0,212.0,208.0,208.0,208.0,208.0,208.0,200.0,194.0,200.0,190.0,188.0,186.0,188.0,186.0,186.0,184.0,180.0,66.0,20.0,18.0,16.0,16.0,16.0,16.0,16.0,6.0,4.0,4.0,4.0,4.0,2.0,8.0,8.0,8.0,10.0,10.0,8.0,12.0,14.0,14.0,136.0,200.0,222.0,224.0,224.0,220.0,218.0,214.0,206.0,204.0,206.0,202.0,198.0,196.0,198.0,194.0,190.0,196.0,200.0,198.0,206.0,212.0,210.0,210.0,216.0,210.0,208.0,206.0,202.0,202.0,200.0,200.0,200.0,200.0,198.0,208.0,206.0,204.0,204.0
2024-01-04,204.0,202.0,64.0,22.0,22.0,22.0,22.0,22.0,22.0,22.0,22.0,22.0,22.0,22.0,22.0,22.0,22.0,22.0,22.0,22.0,22.0,22.0,22.0,22.0,22.0,22.0,22.0,12.0,12.0,12.0,20.0,170.0,174.0,178.0,182.0,184.0,188.0,194.0,196.0,192.0,192.0,206.0,204.0,204.0,202.0,202.0,194.0,12.0,8.0,6.0,4.0,4.0,4.0,88.0,198.0,204.0,204.0,206.0,202.0,204.0,200.0,200.0,202.0,196.0,194.0,188.0,184.0,182.0,180.0,180.0,22.0,4.0,4.0,4.0,18.0,16.0,16.0,14.0,12.0,12.0,66.0,194.0,204.0,206.0,206.0,208.0,208.0,204.0,220.0,216.0,212.0,212.0,214.0,222.0,224.0,224.0
2024-01-05,220.0,214.0,212.0,210.0,210.0,208.0,206.0,204.0,204.0,202.0,200.0,198.0,196.0,194.0,194.0,194.0,194.0,194.0,192.0,194.0,194.0,192.0,192.0,192.0,192.0,192.0,184.0,176.0,176.0,176.0,176.0,168.0,164.0,170.0,176.0,178.0,184.0,176.0,176.0,72.0,20.0,18.0,16.0,14.0,14.0,12.0,12.0,12.0,12.0,10.0,8.0,10.0,8.0,10.0,8.0,8.0,8.0,18.0,16.0,18.0,18.0,18.0,18.0,18.0,20.0,18.0,14.0,8.0,8.0,6.0,2.0,160.0,190.0,204.0,212.0,222.0,220.0,220.0,216.0,214.0,212.0,210.0,208.0,210.0,210.0,208.0,206.0,208.0,204.0,202.0,202.0,202.0,202.0,214.0,212.0,212.0
2024-01-06,210.0,208.0,208.0,204.0,202.0,200.0,200.0,200.0,200.0,196.0,194.0,192.0,192.0,190.0,190.0,190.0,190.0,188.0,188.0,186.0,186.0,186.0,184.0,184.0,184.0,184.0,184.0,182.0,182.0,180.0,180.0,179.0,178.0,184.0,182.0,182.0,98.0,8.0,6.0,2.0,2.0,6.0,6.0,4.0,10.0,6.0,6.0,6.0,4.0,6.0,14.0,16.0,14.0,16.0,14.0,12.0,12.0,12.0,12.0,14.0,16.0,12.0,8.0,6.0,6.0,4.0,4.0,4.0,4.0,4.0,4.0,4.0,4.0,22.0,34.0,34.0,30.0,40.0,38.0,38.0,34.0,36.0,36.0,36.0,36.0,30.0,28.0,28.0,40.0,48.0,46.0,46.0,46.0,44.0,44.0,44.0
2024-01-07,44.0,46.0,42.0,38.0,36.0,34.0,34.0,34.0,32.0,32.0,32.0,32.0,32.0,30.0,30.0,26.0,24.0,24.0,22.0,22.0,22.0,22.0,22.0,22.0,22.0,24.0,22.0,14.0,10.0,10.0,16.0,10.0,6.0,4.0,0.0,0.0,4.0,4.0,6.0,8.0,8.0,4.0,4.0,4.0,6.0,126.0,190.0,206.0,212.0,214.0,220.0,222.0,220.0,224.0,228.0,226.0,222.0,220.0,222.0,220.0,220.0,224.0,226.0,228.0,228.0,222.0,218.0,212.0,208.0,200.0,206.0,210.0,216.0,222.0,230.0,226.0,222.0,216.0,216.0,220.0,224.0,70.0,36.0,36.0,38.0,38.0,40.0,40.0,42.0,42.0,38.0,36.0,34.0,34.0,34.0,92.0
2024-01-13,204.0,202.0,200.0,196.0,200.0,196.0,192.0,188.0,188.0,186.0,184.0,182.0,180.0,178.0,178.0,176.0,176.0,174.0,174.0,174.0,174.0,174.0,176.0,126.0,12.0,12.0,12.0,12.0,12.0,8.0,0.0,0.0,8.0,12.0,20.0,22.0,23.0,24.0,26.0,28.0,28.0,26.0,22.0,22.0,16.0,12.0,10.0,6.0,4.0,4.0,4.0,2.0,2.0,2.0,2.0,2.0,6.0,8.0,8.0,8.0,8.0,6.0,6.0,6.0,6.0,6.0,12.0,12.0,12.0,14.0,12.0,12.0,12.0,14.0,112.0,210.0,216.0,220.0,220.0,218.0,216.0,214.0,214.0,220.0,226.0,220.0,220.0,218.0,236.0,228.0,222.0,220.0,220.0,228.0,234.0,232.0
2024-01-16,16.0,16.0,16.0,16.0,16.0,16.0,12.0,12.0,10.0,10.0,10.0,10.0,10.0,10.0,10.0,10.0,10.0,10.0,10.0,10.0,10.0,10.0,10.0,10.0,10.0,10.0,10.0,10.0,12.0,10.0,6.0,0.0,0.0,0.0,0.0,0.0,0.0,0.0,0.0,0.0,8.0,12.0,124.0,184.0,198.0,212.0,214.0,216.0,216.0,214.0,212.0,216.0,212.0,208.0,204.0,202.0,200.0,210.0,208.0,206.0,204.0,202.0,198.0,196.0,196.0,196.0,192.0,194.0,196.0,198.0,204.0,208.0,204.0,200.0,206.0,206.0,204.0,206.0,194.0,206.0,202.0,208.0,206.0,202.0,200.0,198.0,196.0,200.0,204.0,202.0,200.0,198.0,194.0,192.0,192.0,192.0
2024-01-17,90.0,26.0,24.0,24.0,24.0,22.0,22.0,22.0,22.0,22.0,22.0,22.0,22.0,22.0,22.0,22.0,22.0,22.0,22.0,22.0,22.0,22.0,22.0,23.0,24.0,24.0,24.0,14.0,12.0,12.0,6.0,14.0,16.0,10.0,10.0,10.0,10.0,10.0,10.0,10.0,10.0,6.0,148.0,172.0,178.0,184.0,184.0,186.0,186.0,186.0,182.0,184.0,44.0,2.0,0.0,4.0,6.0,4.0,4.0,4.0,4.0,4.0,4.0,4.0,4.0,4.0,2.0,6.0,8.0,4.0,2.0,2.0,2.0,6.0,6.0,14.0,42.0,184.0,202.0,210.0,214.0,214.0,216.0,220.0,220.0,216.0,218.0,214.0,206.0,214.0,214.0,214.0,214.0,208.0,206.0,208.0
2024-01-18,212.0,208.0,204.0,204.0,204.0,204.0,204.0,202.0,200.0,196.0,192.0,192.0,190.0,190.0,188.0,188.0,188.0,186.0,186.0,186.0,184.0,186.0,184.0,184.0,182.0,182.0,180.0,182.0,178.0,174.0,176.0,170.0,32.0,4.0,4.0,4.0,4.0,4.0,6.0,4.0,4.0,2.0,0.0,0.0,0.0,0.0,0.0,0.0,0.0,0.0,0.0,4.0,18.0,18.0,20.0,22.0,22.0,24.0,26.0,22.0,22.0,18.0,16.0,12.0,12.0,10.0,14.0,20.0,20.0,20.0,22.0,24.0,26.0,36.0,42.0,42.0,42.0,38.0,34.0,62.0,202.0,212.0,214.0,212.0,216.0,214.0,218.0,216.0,214.0,208.0,212.0,208.0,232.0,234.0,228.0,224.0
2024-01-19,222.0,216.0,214.0,212.0,212.0,208.0,206.0,206.0,202.0,198.0,196.0,194.0,192.0,192.0,190.0,190.0,190.0,190.0,188.0,188.0,186.0,186.0,184.0,182.0,182.0,122.0,20.0,12.0,10.0,6.0,10.0,2.0,0.0,0.0,4.0,4.0,4.0,4.0,4.0,0.0,0.0,0.0,0.0,0.0,0.0,0.0,0.0,0.0,0.0,0.0,0.0,0.0,0.0,0.0,0.0,0.0,0.0,0.0,0.0,0.0,0.0,0.0,0.0,0.0,0.0,0.0,0.0,0.0,0.0,0.0,0.0,0.0,0.0,0.0,0.0,0.0,0.0,0.0,0.0,0.0,0.0,0.0,0.0,0.0,0.0,0.0,0.0,0.0,0.0,0.0,0.0,0.0,0.0,0.0,0.0,0.0
2024-01-21,0.0,0.0,0.0,0.0,0.0,0.0,0.0,0.0,0.0,0.0,0.0,0.0,0.0,0.0,0.0,0.0,0.0,0.0,0.0,0.0,0.0,0.0,0.0,0.0,0.0,0.0,0.0,0.0,0.0,0.0,0.0,0.0,0.0,0.0,0.0,0.0,0.0,0.0,0.0,0.0,0.0,0.0,0.0,0.0,0.0,0.0,0.0,0.0,0.0,0.0,0.0,0.0,0.0,0.0,0.0,0.0,0.0,0.0,0.0,0.0,0.0,0.0,0.0,0.0,0.0,0.0,0.0,0.0,0.0,0.0,0.0,0.0,4.0,24.0,28.0,28.0,28.0,30.0,30.0,30.0,32.0,162.0,202.0,212.0,218.0,218.0,218.0,218.0,218.0,222.0,218.0,214.0,212.0,210.0,210.0,208.0
2024-01-22,204.0,200.0,198.0,196.0,196.0,196.0,194.0,194.0,194.0,192.0,192.0,192.0,192.0,192.0,192.0,190.0,192.0,188.0,188.0,188.0,186.0,186.0,186.0,186.0,184.0,184.0,184.0,184.0,184.0,180.0,176.0,166.0,164.0,164.0,164.0,166.0,168.0,166.0,168.0,170.0,170.0,176.0,62.0,4.0,0.0,0.0,0.0,0.0,0.0,0.0,0.0,0.0,0.0,0.0,0.0,0.0,0.0,0.0,0.0,0.0,0.0,2.0,4.0,4.0,4.0,4.0,4.0,4.0,4.0,0.0,0.0,4.0,12.0,14.0,18.0,28.0,30.0,30.0,20.0,58.0,178.0,192.0,204.0,206.0,204.0,198.0,192.0,200.0,200.0,206.0,212.0,210.0,208.0,208.0,214.0,208.0
2024-01-23,74.0,22.0,20.0,18.0,16.0,16.0,14.0,14.0,14.0,14.0,14.0,14.0,14.0,14.0,14.0,12.0,12.0,10.0,10.0,10.0,10.0,10.0,10.0,10.0,10.0,10.0,10.0,10.0,10.0,10.0,6.0,4.0,4.0,4.0,4.0,4.0,6.0,16.0,18.0,22.0,22.0,22.0,22.0,22.0,22.0,20.0,14.0,12.0,10.0,6.0,6.0,6.0,4.0,2.0,2.0,2.0,2.0,98.0,182.0,196.0,204.0,206.0,206.0,204.0,200.0,196.0,192.0,186.0,154.0,0.0,0.0,0.0,0.0,0.0,6.0,10.0,10.0,10.0,16.0,18.0,18.0,18.0,18.0,136.0,204.0,218.0,222.0,220.0,218.0,216.0,214.0,212.0,200.0,196.0,194.0,192.0
2024-01-24,190.0,188.0,186.0,188.0,194.0,192.0,190.0,190.0,190.0,188.0,188.0,186.0,186.0,184.0,182.0,182.0,182.0,182.0,182.0,180.0,180.0,178.0,178.0,178.0,178.0,178.0,178.0,178.0,186.0,182.0,172.0,168.0,168.0,168.0,168.0,98.0,2.0,2.0,2.0,6.0,10.0,12.0,12.0,12.0,12.0,12.0,12.0,12.0,10.0,10.0,10.0,8.0,6.0,6.0,6.0,8.0,8.0,8.0,8.0,6.0,6.0,6.0,4.0,0.0,0.0,0.0,0.0,0.0,0.0,0.0,0.0,2.0,2.0,0.0,0.0,0.0,0.0,0.0,0.0,0.0,0.0,0.0,0.0,0.0,0.0,0.0,0.0,0.0,0.0,0.0,0.0,0.0,0.0,0.0,0.0,0.0
2024-01-25,0.0,0.0,0.0,0.0,0.0,0.0,0.0,0.0,0.0,0.0,0.0,0.0,0.0,0.0,0.0,0.0,0.0,0.0,0.0,0.0,0.0,0.0,0.0,0.0,0.0,0.0,0.0,0.0,0.0,0.0,0.0,0.0,0.0,0.0,0.0,0.0,0.0,0.0,0.0,2.0,4.0,4.0,4.0,4.0,4.0,6.0,6.0,6.0,6.0,6.0,4.0,2.0,2.0,4.0,2.0,4.0,12.0,12.0,12.0,14.0,16.0,16.0,12.0,14.0,76.0,184.0,200.0,206.0,208.0,204.0,200.0,196.0,190.0,126.0,0.0,0.0,10.0,10.0,16.0,18.0,18.0,22.0,24.0,60.0,194.0,204.0,206.0,216.0,216.0,214.0,214.0,224.0,232.0,230.0,208.0,50.0
2024-01-26,44.0,42.0,42.0,42.0,40.0,38.0,36.0,34.0,32.0,30.0,28.0,26.0,26.0,26.0,26.0,24.0,24.0,24.0,22.0,22.0,22.0,22.0,22.0,22.0,22.0,22.0,22.0,14.0,18.0,22.0,22.0,14.0,6.0,0.0,0.0,0.0,0.0,0.0,0.0,0.0,4.0,4.0,54.0,166.0,180.0,186.0,188.0,190.0,188.0,190.0,188.0,188.0,186.0,186.0,186.0,186.0,186.0,186.0,184.0,182.0,124.0,2.0,2.0,68.0,126.0,184.0,186.0,184.0,186.0,186.0,184.0,184.0,184.0,184.0,192.0,202.0,198.0,190.0,194.0,198.0,198.0,196.0,194.0,194.0,192.0,192.0,196.0,194.0,198.0,200.0,200.0,200.0,200.0,198.0,198.0,198.0
2024-01-27,196.0,196.0,194.0,194.0,192.0,192.0,192.0,190.0,190.0,190.0,190.0,188.0,86.0,26.0,24.0,24.0,24.0,24.0,24.0,22.0,22.0,22.0,22.0,22.0,18.0,18.0,26.0,18.0,14.0,16.0,18.0,10.0,10.0,12.0,10.0,10.0,10.0,12.0,12.0,10.0,10.0,6.0,6.0,4.0,4.0,4.0,2.0,2.0,2.0,0.0,0.0,0.0,0.0,0.0,4.0,4.0,4.0,8.0,8.0,8.0,6.0,4.0,4.0,4.0,2.0,0.0,0.0,0.0,0.0,0.0,0.0,0.0,0.0,0.0,0.0,10.0,10.0,10.0,14.0,22.0,22.0,22.0,22.0,22.0,22.0,22.0,30.0,32.0,174.0,198.0,208.0,212.0,212.0,208.0,208.0,208.0
2024-01-28,206.0,204.0,202.0,200.0,196.0,194.0,194.0,192.0,192.0,192.0,190.0,190.0,188.0,188.0,186.0,186.0,184.0,184.0,182.0,182.0,182.0,180.0,179.0,178.0,178.0,166.0,10.0,10.0,10.0,12.0,14.0,4.0,0.0,0.0,0.0,0.0,0.0,0.0,0.0,2.0,4.0,16.0,18.0,16.0,16.0,20.0,20.0,18.0,20.0,18.0,18.0,18.0,12.0,10.0,12.0,14.0,10.0,8.0,4.0,4.0,4.0,2.0,2.0,0.0,0.0,0.0,2.0,2.0,0.0,0.0,0.0,0.0,0.0,0.0,2.0,12.0,10.0,14.0,22.0,22.0,22.0,22.0,26.0,26.0,26.0,26.0,26.0,26.0,26.0,26.0,16.0,16.0,16.0,16.0,16.0,16.0
2024-01-29,16.0,16.0,16.0,16.0,16.0,16.0,14.0,12.0,12.0,10.0,10.0,10.0,10.0,10.0,10.0,10.0,10.0,10.0,10.0,10.0,10.0,10.0,10.0,10.0,10.0,10.0,20.0,28.0,22.0,10.0,6.0,2.0,10.0,124.0,168.0,176.0,178.0,180.0,180.0,180.0,180.0,178.0,180.0,196.0,194.0,198.0,192.0,184.0,182.0,182.0,84.0,6.0,4.0,0.0,0.0,0.0,0.0,2.0,8.0,14.0,22.0,26.0,28.0,16.0,14.0,14.0,14.0,14.0,14.0,12.0,8.0,6.0,6.0,6.0,2.0,10.0,18.0,18.0,28.0,30.0,30.0,30.0,30.0,30.0,30.0,30.0,30.0,28.0,30.0,24.0,20.0,18.0,16.0,14.0,14.0,12.0
2024-01-30,14.0,12.0,12.0,12.0,12.0,12.0,12.0,12.0,12.0,12.0,12.0,12.0,12.0,12.0,12.0,12.0,12.0,12.0,12.0,12.0,12.0,12.0,12.0,12.0,12.0,12.0,12.0,12.0,12.0,12.0,14.0,12.0,18.0,18.0,16.0,12.0,16.0,16.0,14.0,14.0,12.0,12.0,12.0,12.0,12.0,14.0,12.0,10.0,8.0,4.0,0.0,0.0,4.0,14.0,100.0,184.0,198.0,206.0,208.0,208.0,208.0,206.0,206.0,202.0,198.0,80.0,8.0,12.0,16.0,14.0,14.0,14.0,10.0,10.0,10.0,8.0,18.0,24.0,26.0,24.0,28.0,34.0,32.0,32.0,32.0,32.0,32.0,34.0,32.0,28.0,16.0,14.0,14.0,14.0,12.0,12.0
2024-01-31,12.0,12.0,12.0,12.0,14.0,14.0,12.0,12.0,12.0,12.0,12.0,12.0,12.0,12.0,12.0,12.0,12.0,12.0,12.0,12.0,12.0,24.0,22.0,22.0,24.0,24.0,24.0,18.0,12.0,12.0,12.0,8.0,0.0,0.0,0.0,0.0,0.0,0.0,2.0,2.0,12.0,16.0,16.0,16.0,18.0,16.0,16.0,18.0,20.0,16.0,10.0,8.0,4.0,4.0,0.0,0.0,0.0,0.0,0.0,0.0,0.0,0.0,0.0,0.0,10.0,20.0,84.0,192.0,173.55555555555554,155.11111111111111,136.66666666666669,118.22222222222223,99.77777777777779,81.33333333333334,62.888888888888914,44.44444444444446,26.0,66.0,198.0,208.0,216.0,216.0,214.0,214.0,210.0,206.0,202.0,202.0,198.0,194.0,192.0,192.0,192.0,200.0,204.0,202.0
2024-02-01,202.0,200.0,198.0,196.0,194.0,190.0,190.0,188.0,186.0,186.0,186.0,184.0,182.0,182.0,180.0,178.0,178.0,178.0,186.0,184.0,180.0,180.0,180.0,178.0,178.0,178.0,178.0,182.0,176.0,176.0,174.0,152.0,8.0,12.0,14.0,14.0,14.0,14.0,12.0,10.0,6.0,6.0,10.0,12.0,18.0,18.0,18.0,16.0,22.0,22.0,22.0,18.0,18.0,18.0,56.0,180.0,192.0,200.0,214.0,216.0,214.0,208.0,207.0,206.0,212.0,28.0,28.0,26.0,18.0,14.0,14.0,12.0,14.0,14.0,20.0,24.0,22.0,14.0,12.0,10.0,12.0,14.0,14.0,14.0,14.0,14.0,14.0,14.0,10.0,10.0,10.0,10.0,10.0,12.0,16.0,22.0
2024-02-02,26.0,26.0,26.0,22.0,22.0,22.0,20.0,14.0,14.0,12.0,10.0,10.0,10.0,10.0,10.0,10.0,10.0,10.0,10.0,10.0,10.0,10.0,10.0,10.0,10.0,10.0,11.0,12.0,10.0,10.0,10.0,0.0,0.0,0.0,0.0,0.0,0.0,0.0,0.0,0.0,2.0,6.0,6.0,4.0,4.0,10.0,10.0,10.0,10.0,10.0,120.0,186.0,196.0,202.0,202.0,204.0,198.0,198.0,200.0,202.0,198.0,196.0,192.0,194.0,200.0,196.0,192.0,192.0,190.0,186.0,184.0,182.0,182.0,188.0,194.0,204.0,202.0,198.0,194.0,196.0,102.0,22.0,22.0,22.0,22.0,22.0,22.0,22.0,22.0,28.0,28.0,28.0,28.0,28.0,28.0,28.0
2024-02-03,28.0,28.0,26.0,26.0,26.0,26.0,26.0,26.0,26.0,26.0,26.0,26.0,26.0,26.0,26.0,24.0,26.0,26.0,24.0,24.0,24.0,24.0,22.0,24.0,22.0,22.0,22.0,16.0,10.0,16.0,18.0,10.0,12.0,6.0,6.0,4.0,4.0,16.0,14.0,14.0,20.0,24.0,24.0,24.0,26.0,28.0,28.0,24.0,20.0,162.0,190.0,202.0,212.0,216.0,214.0,234.0,234.0,232.0,232.0,228.0,222.0,214.0,218.0,214.0,204.0,208.0,202.0,198.0,194.0,186.0,196.0,200.0,198.0,196.0,206.0,202.0,202.0,202.0,196.0,202.0,198.0,196.0,194.0,192.0,198.0,194.0,194.0,196.0,204.0,204.0,200.0,196.0,202.0,214.0,210.0,208.0
2024-02-04,204.0,208.0,200.0,196.0,208.0,194.0,194.0,192.0,192.0,188.0,186.0,184.0,186.0,186.0,182.0,180.0,178.0,178.0,176.0,174.0,172.0,172.0,172.0,172.0,170.0,172.0,174.0,124.0,12.0,12.0,12.0,8.0,14.0,0.0,0.0,0.0,0.0,0.0,0.0,2.0,2.0,2.0,2.0,2.0,2.0,2.0,2.0,2.0,2.0,2.0,0.0,0.0,0.0,0.0,0.0,0.0,0.0,0.0,0.0,8.0,10.0,10.0,8.0,12.0,10.0,8.0,6.0,6.0,6.0,6.0,4.0,4.0,2.0,4.0,14.0,14.0,24.0,28.0,30.0,34.0,38.0,38.0,38.0,36.0,34.0,24.0,22.0,22.0,20.0,20.0,18.0,18.0,18.0,12.0,26.0,28.0
2024-02-06,212.0,210.0,204.0,204.0,202.0,202.0,202.0,202.0,200.0,198.0,198.0,198.0,196.0,196.0,196.0,194.0,194.0,194.0,192.0,192.0,192.0,192.0,192.0,192.0,190.0,190.0,188.0,176.0,176.0,176.0,174.0,180.0,178.0,174.0,174.0,174.0,172.0,68.0,4.0,0.0,0.0,0.0,0.0,0.0,0.0,0.0,2.0,2.0,2.0,2.0,2.0,2.0,0.0,0.0,0.0,0.0,6.0,8.0,8.0,8.0,8.0,8.0,6.0,6.0,6.0,6.0,6.0,6.0,8.0,8.0,8.0,10.0,10.0,8.0,15.0,22.0,20.0,18.0,17.0,16.0,18.0,16.0,16.0,16.0,16.0,16.0,16.0,16.0,14.0,14.0,14.0,14.0,14.0,10.0,10.0,10.0
2024-02-07,10.0,10.0,10.0,10.0,10.0,10.0,10.0,10.0,10.0,10.0,10.0,10.0,10.0,10.0,10.0,10.0,10.0,10.0,10.0,10.0,10.0,10.0,10.0,10.0,10.0,10.0,10.0,10.0,10.0,10.0,12.0,16.0,14.0,4.0,0.0,0.0,0.0,8.0,10.0,10.0,10.0,10.0,8.0,8.0,6.0,8.0,10.0,12.0,10.0,8.0,6.0,12.0,12.0,14.0,18.0,18.0,18.0,14.0,12.0,12.0,12.0,12.0,12.0,12.0,16.0,20.0,16.0,16.0,16.0,10.0,12.0,10.0,10.0,16.0,20.0,16.0,18.0,14.0,12.0,16.0,24.0,22.0,22.0,22.0,22.0,22.0,22.0,22.0,22.0,22.0,22.0,22.0,22.0,22.0,22.0,22.0
2024-02-08,22.0,22.0,22.0,22.0,22.0,22.0,22.0,22.0,22.0,22.0,22.0,22.0,22.0,22.0,22.0,22.0,22.0,22.0,22.0,22.0,22.0,22.0,22.0,22.0,22.0,22.0,22.0,22.0,16.0,10.0,10.0,10.0,10.0,10.0,2.0,2.0,4.0,14.0,154.0,180.0,196.0,198.0,198.0,198.0,212.0,212.0,214.0,208.0,204.0,200.0,196.0,196.0,194.0,192.0,186.0,182.0,190.0,190.0,190.0,196.0,194.0,190.0,192.0,186.0,184.0,172.0,170.0,170.0,172.0,172.0,172.0,172.0,172.0,186.0,186.0,194.0,190.0,190.0,196.0,200.0,196.0,196.0,198.0,196.0,196.0,196.0,194.0,194.0,194.0,192.0,192.0,192.0,188.0,26.0,26.0,26.0
2024-02-09,26.0,26.0,26.0,26.0,22.0,22.0,22.0,22.0,22.0,22.0,22.0,22.0,22.0,22.0,22.0,22.0,22.0,22.0,22.0,22.0,22.0,22.0,22.0,22.0,22.0,22.0,20.0,10.0,10.0,10.0,10.0,10.0,10.0,14.0,4.0,4.0,2.0,0.0,34.0,2.0,0.0,0.0,4.0,2.0,4.0,4.0,4.0,2.0,4.0,4.0,2.0,2.0,2.0,2.0,2.0,2.0,2.0,12.0,8.0,8.0,8.0,6.0,4.0,6.0,4.0,4.0,4.0,4.0,4.0,4.0,4.0,4.0,4.0,12.0,6.0,8.0,20.0,14.0,18.0,18.0,18.0,18.0,26.0,84.0,196.0,206.0,202.0,212.0,218.0,224.0,222.0,214.0,214.0,210.0,204.0,204.0
2024-02-10,202.0,200.0,198.0,194.0,190.0,188.0,186.0,184.0,184.0,184.0,184.0,182.0,182.0,182.0,182.0,182.0,182.0,182.0,182.0,180.0,180.0,180.0,180.0,180.0,180.0,180.0,178.0,178.0,54.0,10.0,6.0,0.0,0.0,0.0,0.0,0.0,0.0,0.0,0.0,0.0,2.0,10.0,10.0,16.0,22.0,22.0,22.0,22.0,18.0,18.0,16.0,60.0,180.0,194.0,198.0,200.0,202.0,200.0,200.0,194.0,198.0,196.0,194.0,198.0,196.0,192.0,188.0,10.0,4.0,2.0,2.0,0.0,1.0,2.0,0.0,20.0,28.0,22.0,20.0,28.0,28.0,20.0,18.0,18.0,18.0,18.0,18.0,16.0,14.0,12.0,12.0,12.0,12.0,12.0,12.0,14.0
2024-02-11,14.0,14.0,14.0,14.0,14.0,14.0,10.0,10.0,10.0,10.0,10.0,10.0,10.0,10.0,10.0,10.0,10.0,10.0,10.0,10.0,10.0,10.0,10.0,10.0,10.0,10.0,10.0,10.0,10.0,10.0,0.0,0.0,10.0,10.0,14.0,12.0,14.0,14.0,14.0,14.0,13.0,12.0,10.0,10.0,10.0,10.0,10.0,8.0,6.0,44.0,172.0,186.0,194.0,194.0,196.0,196.0,196.0,196.0,202.0,220.0,222.0,220.0,220.0,134.0,26.0,26.0,26.0,22.0,14.0,10.0,10.0,6.0,9.0,12.0,12.0,16.0,28.0,28.0,28.0,26.0,32.0,34.0,32.0,32.0,34.0,30.0,34.0,34.0,36.0,46.0,48.0,48.0,46.0,46.0,44.0,44.0
2024-02-12,46.0,46.0,38.0,36.0,36.0,34.0,32.0,30.0,30.0,28.0,28.0,28.0,28.0,30.0,30.0,28.0,26.0,24.0,24.0,24.0,24.0,24.0,24.0,24.0,24.0,24.0,22.0,16.0,0.0,6.0,8.0,10.0,10.0,8.0,4.0,14.0,14.0,14.0,14.0,14.0,14.0,12.0,12.0,14.0,12.0,10.0,8.0,8.0,24.0,14.0,168.0,196.0,202.0,208.0,208.0,206.0,206.0,202.0,202.0,68.0,4.0,6.0,4.0,2.0,2.0,2.0,2.0,2.0,2.0,0.0,0.0,0.0,0.0,0.0,0.0,0.0,4.0,10.0,12.0,14.0,14.0,14.0,14.0,14.0,12.0,14.0,14.0,14.0,14.0,12.0,10.0,10.0,10.0,10.0,10.0,14.0
2024-02-13,14.0,14.0,14.0,14.0,12.0,10.0,10.0,10.0,10.0,10.0,10.0,10.0,10.0,10.0,10.0,10.0,10.0,10.0,10.0,10.0,10.0,10.0,10.0,10.0,10.0,10.0,10.0,8.0,0.0,8.0,2.0,0.0,0.0,0.0,0.0,0.0,6.0,12.0,12.0,12.0,12.0,12.0,70.0,182.0,196.0,202.0,202.0,202.0,204.0,206.0,208.0,208.0,208.0,210.0,208.0,204.0,202.0,68.0,20.0,24.0,14.0,14.0,24.0,22.0,22.0,20.0,16.0,16.0,16.0,16.0,16.0,16.0,16.0,10.0,8.0,6.0,10.0,24.0,18.0,16.0,16.0,16.0,12.0,12.0,12.0,12.0,14.0,14.0,14.0,14.0,14.0,12.0,18.0,20.0,20.0,20.0
2024-02-14,20.0,18.0,18.0,18.0,16.0,16.0,14.0,14.0,14.0,12.0,12.0,12.0,12.0,10.0,12.0,12.0,10.0,12.0,10.0,10.0,10.0,10.0,10.0,10.0,12.0,10.0,10.0,12.0,4.0,10.0,4.0,2.0,4.0,6.0,114.0,188.0,194.0,196.0,202.0,4.0,0.0,0.0,0.0,0.0,0.0,0.0,0.0,0.0,0.0,0.0,0.0,0.0,0.0,0.0,0.0,0.0,0.0,0.0,0.0,0.0,0.0,2.0,20.0,28.0,30.0,30.0,28.0,22.0,18.0,18.0,18.0,14.0,8.0,16.0,18.0,18.0,20.0,14.0,20.0,20.0,20.0,20.0,20.0,22.0,22.0,22.0,22.0,24.0,22.0,26.0,28.0,26.0,26.0,26.0,28.0,30.0
2024-02-15,30.0,30.0,28.0,24.0,20.0,20.0,20.0,18.0,16.0,18.0,16.0,14.0,14.0,12.0,12.0,10.0,10.0,10.0,10.0,10.0,10.0,10.0,10.0,10.0,10.0,10.0,10.0,10.0,4.0,0.0,2.0,2.0,2.0,2.0,2.0,0.0,0.0,0.0,0.0,0.0,0.0,0.0,4.0,10.0,10.0,10.0,8.0,8.0,8.0,8.0,8.0,8.0,8.0,8.0,8.0,6.0,6.0,6.0,4.0,4.0,4.0,4.0,6.0,8.0,8.0,8.0,8.0,8.0,8.0,8.0,6.0,6.0,6.0,6.0,6.0,6.0,14.0,14.0,14.0,16.0,16.0,16.0,16.0,16.0,16.0,16.0,18.0,18.0,18.0,14.0,14.0,10.0,10.0,42.0,178.0,196.0
2024-02-16,202.0,206.0,206.0,204.0,204.0,204.0,204.0,202.0,202.0,200.0,198.0,198.0,102.0,12.0,12.0,12.0,12.0,12.0,12.0,12.0,12.0,12.0,12.0,12.0,12.0,12.0,12.0,8.0,2.0,0.0,2.0,0.0,2.0,0.0,0.0,4.0,12.0,14.0,14.0,14.0,14.0,22.0,20.0,20.0,22.0,16.0,16.0,14.0,14.0,16.0,12.0,8.0,10.0,10.0,14.0,12.0,10.0,8.0,10.0,10.0,10.0,8.0,8.0,6.0,6.0,4.0,2.0,4.0,2.0,2.0,8.0,6.0,6.0,6.0,6.0,6.0,12.0,18.0,14.0,10.0,10.0,10.0,10.0,14.0,14.0,12.0,12.0,12.0,12.0,12.0,12.0,12.0,16.0,24.0,22.0,20.0
2024-02-17,18.0,16.0,14.0,14.0,12.0,12.0,12.0,14.0,14.0,14.0,12.0,10.0,10.0,10.0,10.0,10.0,10.0,10.0,12.0,12.0,10.0,10.0,10.0,10.0,12.0,12.0,12.0,12.0,4.0,4.0,4.0,4.0,4.0,4.0,4.0,4.0,6.0,6.0,10.0,10.0,14.0,14.0,12.0,10.0,8.0,6.0,6.0,7.0,8.0,8.0,8.0,6.0,4.0,4.0,6.0,4.0,4.0,4.0,4.0,4.0,4.0,4.0,2.0,2.0,0.0,0.0,4.0,6.0,6.0,10.0,12.0,12.0,20.0,24.0,32.0,28.0,28.0,36.0,34.0,34.0,32.0,32.0,28.0,22.0,20.0,18.0,16.0,38.0,174.0,192.0,208.0,212.0,212.0,212.0,212.0,210.0
2024-02-18,208.0,208.0,206.0,204.0,198.0,196.0,192.0,192.0,188.0,188.0,188.0,186.0,186.0,186.0,186.0,176.0,174.0,172.0,172.0,172.0,2.0,0.0,0.0,0.0,0.0,0.0,0.0,0.0,0.0,0.0,0.0,0.0,0.0,0.0,0.0,0.0,0.0,0.0,0.0,0.0,0.0,6.0,18.0,18.0,18.0,16.0,18.0,18.0,18.0,16.0,16.0,16.0,16.0,16.0,16.0,10.0,12.0,16.0,16.0,18.0,18.0,16.0,14.0,16.0,16.0,16.0,14.0,14.0,14.0,14.0,16.0,16.0,16.0,14.0,10.0,10.0,20.0,18.0,24.0,32.0,36.0,36.0,38.0,36.0,34.0,34.0,34.0,30.0,28.0,22.0,18.0,18.0,18.0,16.0,16.0,16.0
2024-02-19,16.0,16.0,16.0,18.0,16.0,14.0,12.0,12.0,10.0,10.0,10.0,10.0,10.0,10.0,10.0,10.0,10.0,10.0,10.0,10.0,10.0,10.0,10.0,10.0,10.0,10.0,10.0,8.0,0.0,0.0,0.0,0.0,6.0,6.0,14.0,14.0,14.0,14.0,14.0,14.0,14.0,14.0,14.0,14.0,10.0,8.0,6.0,6.0,4.0,4.0,4.0,4.0,2.0,2.0,2.0,2.0,2.0,2.0,2.0,2.0,2.0,0.0,0.0,2.0,4.0,6.0,6.0,6.0,6.0,6.0,6.0,6.0,0.0,2.0,4.0,8.0,16.0,16.0,16.0,16.0,16.0,26.0,26.0,26.0,24.0,22.0,22.0,22.0,22.0,20.0,18.0,16.0,20.0,24.0,26.0,30.0
2024-02-20,30.0,30.0,30.0,30.0,30.0,28.0,24.0,22.0,20.0,16.0,16.0,14.0,14.0,12.0,10.0,10.0,10.0,10.0,10.0,10.0,10.0,10.0,10.0,12.0,10.0,10.0,12.0,14.0,14.0,8.0,4.0,4.0,18.0,30.0,40.0,48.0,48.0,52.0,50.0,44.0,44.0,38.0,38.0,32.0,28.0,26.0,22.0,16.0,12.0,10.0,8.0,4.0,10.0,16.0,28.0,28.0,18.0,18.0,18.0,14.0,16.0,12.0,10.0,8.0,8.0,8.0,8.0,8.0,6.0,6.0,4.0,4.0,14.0,14.0,14.0,12.0,24.0,22.0,20.0,20.0,20.0,20.0,20.0,20.0,20.0,18.0,12.0,24.0,24.0,24.0,24.0,24.0,24.0,24.0,24.0,94.0
2024-02-21,188.0,198.0,206.0,208.0,208.0,206.0,204.0,202.0,202.0,200.0,200.0,198.0,196.0,196.0,194.0,194.0,192.0,190.0,188.0,188.0,188.0,186.0,186.0,186.0,186.0,184.0,184.0,184.0,68.0,0.0,0.0,0.0,0.0,0.0,2.0,0.0,0.0,0.0,2.0,6.0,8.0,12.0,14.0,22.0,24.0,24.0,20.0,20.0,16.0,12.0,12.0,14.0,20.0,24.0,20.0,18.0,16.0,12.0,14.0,14.0,14.0,14.0,12.0,6.0,4.0,4.0,4.0,4.0,2.0,0.0,0.0,4.0,4.0,6.0,18.0,8.0,10.0,14.0,14.0,14.0,14.0,14.0,14.0,14.0,14.0,14.0,22.0,22.0,12.0,12.0,12.0,12.0,12.0,12.0,12.0,12.0
2024-02-22,12.0,10.0,10.0,8.0,8.0,6.0,6.0,6.0,6.0,6.0,6.0,6.0,4.0,2.0,4.0,4.0,6.0,6.0,4.0,4.0,4.0,4.0,4.0,2.0,2.0,2.0,4.0,8.0,14.0,16.0,18.0,14.0,14.0,14.0,14.0,13.333333333333334,12.666666666666666,12.0,8.0,8.0,8.0,7.0,6.0,8.0,10.0,6.0,6.0,6.0,4.0,6.0,6.0,6.0,6.0,6.0,8.0,12.0,12.0,10.0,8.0,8.0,6.0,6.0,6.0,6.0,4.0,4.0,4.0,2.0,2.0,2.0,2.0,2.0,2.0,0.0,0.0,6.0,12.0,10.0,10.0,10.0,10.0,16.0,14.0,14.0,14.0,18.0,24.0,24.0,20.0,20.0,20.0,20.0,20.0,20.0,20.0,26.0
2024-02-23,26.0,32.0,32.0,32.0,32.0,31.0,30.0,26.0,22.0,22.0,20.0,14.0,14.0,16.0,14.0,12.0,12.0,10.0,10.0,10.0,10.0,10.0,10.0,10.0,10.0,10.0,10.0,6.0,6.0,2.0,0.0,0.0,0.0,0.0,0.0,0.0,0.0,0.0,0.0,0.0,0.0,0.0,0.0,2.0,2.0,2.0,4.0,4.0,4.0,4.0,4.0,4.0,4.0,4.0,2.0,2.0,2.0,4.0,6.0,8.0,8.0,10.0,14.0,0.0,0.0,0.0,0.0,0.0,0.0,0.0,0.0,0.0,0.0,0.0,0.0,0.0,4.0,26.0,24.0,24.0,24.0,24.0,26.0,22.0,18.0,18.0,20.0,24.0,24.0,24.0,26.0,28.0,26.0,26.0,26.0,26.0
2024-02-24,26.0,24.0,24.0,26.0,26.0,26.0,26.0,24.0,22.0,20.0,20.0,20.0,20.0,18.0,16.0,14.0,12.0,12.0,12.0,12.0,12.0,12.0,12.0,12.0,12.0,14.0,14.0,14.0,12.0,6.0,4.0,2.0,4.0,4.0,4.0,4.0,8.0,8.0,2.0,6.0,6.0,4.0,4.0,4.0,0.0,2.0,4.0,6.0,8.0,8.0,8.0,8.0,8.0,4.0,4.0,6.0,6.0,2.0,2.0,2.0,2.0,2.0,2.0,2.0,0.0,0.0,0.0,0.0,0.0,0.0,0.0,0.0,0.0,0.0,0.0,0.0,4.0,10.0,10.0,12.0,12.0,10.0,14.0,12.0,14.0,14.0,14.0,14.0,14.0,14.0,20.0,22.0,16.0,16.0,16.0,16.0
2024-02-25,16.0,16.0,16.0,16.0,12.0,12.0,12.0,12.0,12.0,10.0,10.0,10.0,10.0,10.0,10.0,8.0,8.0,8.0,8.0,8.0,6.0,6.0,6.0,6.0,6.0,6.0,12.0,20.0,14.0,6.0,4.0,10.0,14.0,14.0,6.0,12.0,10.0,10.0,10.0,10.0,10.0,14.0,16.0,12.0,12.0,10.0,6.0,6.0,6.0,6.0,8.0,6.0,6.0,6.0,6.0,98.0,180.0,192.0,196.0,198.0,198.0,198.0,198.0,208.0,208.0,204.0,200.0,200.0,198.0,196.0,98.0,10.0,12.0,6.0,4.0,8.0,18.0,18.0,12.0,12.0,12.0,14.0,14.0,14.0,14.0,14.0,14.0,14.0,14.0,14.0,14.0,14.0,14.0,16.0,22.0,22.0
2024-02-26,20.0,20.0,20.0,20.0,20.0,20.0,20.0,16.0,14.0,16.0,12.0,10.0,10.0,12.0,14.0,14.0,14.0,14.0,14.0,14.0,14.0,14.0,14.0,14.0,14.0,14.0,14.0,6.0,2.0,10.0,6.0,6.0,6.0,10.0,10.0,8.0,6.0,6.0,6.0,6.0,6.0,6.0,6.0,8.0,14.0,16.0,14.0,14.0,14.0,14.0,14.0,14.0,10.0,8.0,8.0,8.0,10.0,10.0,12.0,16.0,14.0,10.0,10.0,10.0,10.0,8.0,8.0,8.0,8.0,8.0,10.0,6.0,6.0,4.0,10.0,10.0,14.0,14.0,18.0,18.0,18.0,16.0,12.0,14.0,24.0,28.0,28.0,28.0,22.0,22.0,24.0,22.0,22.0,20.0,18.0,18.0
2024-02-27,18.0,18.0,18.0,18.0,18.0,18.0,16.0,16.0,16.0,16.0,16.0,14.0,14.0,14.0,14.0,14.0,14.0,12.0,14.0,14.0,14.0,14.0,14.0,12.0,10.0,10.0,10.0,10.0,4.0,0.0,0.0,0.0,0.0,6.0,14.0,14.0,16.0,18.0,18.0,20.0,18.0,18.0,18.0,12.0,10.0,18.0,18.0,12.0,10.0,10.0,10.0,10.0,10.0,10.0,10.0,8.0,8.0,4.0,2.0,10.0,6.0,4.0,6.0,6.0,6.0,6.0,8.0,8.0,6.0,6.0,10.0,8.0,6.0,4.0,6.0,14.0,16.0,16.0,16.0,20.0,18.0,18.0,16.0,18.0,16.0,18.0,12.0,10.0,10.0,10.0,10.0,10.0,10.0,10.0,10.0,10.0
2024-02-28,10.0,10.0,10.0,10.0,10.0,10.0,10.0,10.0,10.0,10.0,10.0,10.0,10.0,10.0,10.0,10.0,10.0,10.0,10.0,10.0,10.0,10.0,10.0,10.0,10.0,10.0,10.0,4.0,0.0,0.0,0.0,0.0,0.0,0.0,0.0,0.0,2.0,10.0,10.0,10.0,8.0,10.0,12.0,12.0,10.0,10.0,10.0,10.0,12.0,14.0,12.0,14.0,14.0,14.0,14.0,14.0,16.0,16.0,18.0,22.0,22.0,16.0,10.0,10.0,10.0,10.0,10.0,12.0,12.0,10.0,10.0,10.0,10.0,12.0,10.0,10.0,16.0,28.0,24.0,23.0,22.0,22.0,22.0,18.0,16.0,12.0,12.0,14.666666666666666,17.333333333333332,20.0,20.0,20.0,18.0,18.0,18.0,18.0
2024-03-01,0.0,0.0,0.0,0.0,0.0,0.0,0.0,0.0,0.0,0.0,0.0,0.0,0.0,0.0,0.0,0.0,0.0,0.0,0.0,0.0,0.0,0.0,0.0,0.0,0.0,0.0,16.0,12.0,18.0,14.0,14.0,14.0,14.0,16.0,20.0,20.0,18.0,16.0,16.0,16.0,22.0,26.0,24.0,24.0,22.0,20.0,16.0,16.0,12.0,10.0,10.0,10.0,12.0,12.0,10.0,12.0,10.0,10.0,6.0,6.0,4.0,2.0,0.0,0.0,0.0,0.0,0.0,0.0,0.0,0.0,0.0,0.0,0.0,0.0,0.0,0.0,0.0,0.0,0.0,0.0,0.0,0.0,0.0,0.0,0.0,0.0,0.0,0.0,0.0,0.0,0.0,0.0,0.0,0.0,0.0,0.0
2024-03-04,0.0,0.0,0.0,0.0,0.0,0.0,0.0,0.0,0.0,0.0,0.0,0.0,0.0,0.0,0.0,0.0,0.0,0.0,0.0,0.0,0.0,0.0,0.0,0.0,0.0,0.0,0.0,0.0,0.0,0.0,0.0,0.0,0.0,0.0,0.0,0.0,0.0,2.0,10.0,12.0,14.0,14.0,12.0,14.0,14.0,14.0,14.0,14.0,12.0,12.0,10.0,6.0,6.0,16.0,14.0,14.0,14.0,14.0,16.0,14.0,12.0,10.0,10.0,4.0,4.0,4.0,4.0,4.0,4.0,4.0,2.0,2.0,2.0,4.0,118.0,192.0,210.0,216.0,222.0,2.0,0.0,28.0,140.0,216.0,220.0,218.0,212.0,212.0,204.0,202.0,200.0,198.0,198.0,200.0,200.0,198.0
2024-03-05,196.0,196.0,194.0,192.0,192.0,192.0,188.0,186.0,184.0,184.0,184.0,184.0,184.0,182.0,182.0,182.0,182.0,180.0,180.0,178.0,178.0,176.0,176.0,176.0,174.0,174.0,174.0,174.0,170.0,162.0,40.0,0.0,0.0,0.0,0.0,8.0,8.0,8.0,8.0,14.0,14.0,20.0,22.0,20.0,14.0,10.0,8.0,8.0,8.0,8.0,10.0,14.0,12.0,12.0,14.0,18.0,18.0,18.0,10.0,12.0,10.0,16.0,16.0,16.0,10.0,10.0,10.0,8.0,8.0,8.0,8.0,8.0,8.0,8.0,8.0,12.0,18.0,30.0,30.0,28.0,26.0,28.0,24.0,24.0,22.0,22.0,20.0,18.0,18.0,18.0,16.0,16.0,16.0,16.0,16.0,14.0
2024-03-06,14.0,12.0,12.0,12.0,10.0,10.0,12.0,12.0,12.0,10.0,10.0,10.0,10.0,10.0,10.0,10.0,10.0,10.0,10.0,10.0,10.0,10.0,10.0,10.0,10.0,12.0,16.0,14.0,12.0,2.0,2.0,0.0,0.0,0.0,2.0,2.0,6.0,6.0,8.0,8.0,8.0,6.0,6.0,6.0,6.0,6.0,6.0,6.0,8.0,8.0,8.0,8.0,8.0,8.0,8.0,8.0,8.0,8.0,8.0,8.0,6.0,6.0,6.0,6.0,6.0,4.0,16.0,16.0,16.0,14.0,14.0,8.0,12.0,10.0,8.0,6.0,12.0,16.0,50.0,178.0,192.0,198.0,200.0,202.0,200.0,198.0,194.0,194.0,192.0,190.0,190.0,2.0,0.0,0.0,0.0,0.0
2024-03-07,0.0,0.0,0.0,0.0,0.0,0.0,0.0,0.0,0.0,0.0,0.0,0.0,0.0,0.0,0.0,0.0,0.0,0.0,0.0,0.0,0.0,0.0,0.0,0.0,0.0,0.0,0.0,0.0,0.0,0.0,0.0,0.0,0.0,0.0,0.0,0.0,0.0,20.0,24.0,24.0,24.0,24.0,26.0,32.0,30.0,30.0,26.0,24.0,20.0,18.0,18.0,16.0,16.0,16.0,16.0,18.0,16.0,18.0,16.0,16.0,16.0,16.0,20.0,20.0,22.0,26.0,26.0,20.0,16.0,14.0,12.0,10.0,6.0,6.0,10.0,8.0,18.0,14.0,14.0,14.0,8.0,2.0,10.0,10.0,10.0,10.0,10.0,10.0,10.0,10.0,10.0,10.0,10.0,10.0,10.0,10.0
2024-03-08,10.0,10.0,10.0,10.0,10.0,10.0,10.0,10.0,10.0,10.0,10.0,10.0,10.0,10.0,10.0,10.0,10.0,10.0,10.0,10.0,10.0,10.0,10.0,10.0,10.0,10.0,10.0,10.0,10.0,0.0,0.0,0.0,4.0,12.0,16.0,24.0,26.0,26.0,26.0,26.0,26.0,26.0,20.0,16.0,12.0,12.0,10.0,12.0,14.0,22.0,22.0,22.0,20.0,18.0,12.0,10.0,12.0,12.0,12.0,10.0,24.0,164.0,190.0,196.0,198.0,198.0,200.0,206.0,206.0,64.0,14.0,14.0,24.0,24.0,24.0,26.0,42.0,48.0,46.0,48.0,46.0,44.0,42.0,34.0,34.0,34.0,30.0,24.0,24.0,24.0,22.0,20.0,24.0,26.0,26.0,26.0
2024-03-09,26.0,26.0,26.0,26.0,26.0,26.0,26.0,24.0,22.0,22.0,20.0,20.0,20.0,20.0,20.0,20.0,18.0,18.0,18.0,20.0,20.0,20.0,18.0,18.0,20.0,20.0,18.0,18.0,16.0,12.0,18.0,10.0,8.0,8.0,8.0,6.0,2.0,2.0,0.0,0.0,0.0,0.0,0.0,0.0,0.0,0.0,0.0,0.0,0.0,0.0,0.0,0.0,0.0,0.0,0.0,0.0,0.0,0.0,0.0,0.0,0.0,0.0,0.0,0.0,0.0,0.0,0.0,0.0,0.0,0.0,0.0,0.0,0.0,0.0,0.0,0.0,0.0,6.0,10.0,10.0,10.0,10.0,10.0,10.0,10.0,10.0,10.0,10.0,10.0,10.0,10.0,10.0,10.0,14.0,18.0,20.0
2024-03-10,24.0,24.0,24.0,24.0,24.0,26.0,26.0,26.0,22.0,18.0,18.0,18.0,18.0,14.0,16.0,14.0,14.0,16.0,14.0,14.0,14.0,14.0,14.0,12.0,12.0,12.0,12.0,10.0,8.0,0.0,0.0,0.0,0.0,0.0,10.0,10.0,10.0,10.0,10.0,10.0,148.0,186.0,194.0,196.0,196.0,138.0,6.0,6.0,6.0,16.0,26.0,26.0,26.0,24.0,24.0,24.0,24.0,24.0,22.0,18.0,18.0,14.0,10.0,12.0,12.0,14.0,14.0,14.0,12.0,12.0,10.0,10.0,10.0,8.0,8.0,10.0,18.0,18.0,22.0,26.0,24.0,24.0,20.0,20.0,20.0,20.0,20.0,20.0,18.0,16.0,16.0,18.0,18.0,18.0,20.0,20.0
2024-03-11,18.0,18.0,18.0,16.0,12.0,12.0,12.0,12.0,12.0,14.0,12.0,12.0,12.0,10.0,10.0,10.0,10.0,10.0,10.0,10.0,10.0,10.0,10.0,12.0,10.0,10.0,10.0,10.0,10.0,2.0,0.0,0.0,4.0,8.0,8.0,8.0,8.0,8.0,8.0,8.0,8.0,8.0,8.0,8.0,8.0,8.0,8.0,6.0,6.0,4.0,2.0,2.0,0.0,2.0,2.0,2.0,0.0,2.0,2.0,6.0,6.0,6.0,6.0,6.0,6.0,4.0,4.0,12.0,18.0,20.0,16.0,18.0,20.0,18.0,18.0,16.0,14.0,14.0,14.0,18.0,24.0,24.0,24.0,20.0,16.0,16.0,16.0,16.0,16.0,17.0,18.0,18.0,18.0,18.0,20.0,18.0
2024-03-12,18.0,18.0,16.0,10.0,10.0,10.0,10.0,10.0,10.0,10.0,10.0,10.0,10.0,10.0,10.0,10.0,10.0,10.0,10.0,10.0,10.0,10.0,10.0,10.0,10.0,10.0,8.0,2.0,8.0,0.0,0.0,4.0,4.0,2.0,2.0,6.0,12.0,14.0,14.0,14.0,12.0,10.0,10.0,10.0,14.0,8.0,12.0,12.0,10.0,10.0,10.0,10.0,10.0,8.0,8.0,8.0,6.0,4.0,2.0,2.0,2.0,4.0,4.0,2.0,8.0,8.0,8.0,8.0,10.0,22.0,28.0,28.0,28.0,26.0,22.0,34.0,36.0,34.0,34.0,30.0,26.0,22.0,20.0,18.0,18.0,18.0,16.0,16.0,16.0,10.0,10.0,10.0,10.0,10.0,16.0,12.0
2024-03-13,12.0,14.0,14.0,14.0,14.0,14.0,16.0,16.0,16.0,16.0,16.0,16.0,16.0,16.0,16.0,18.0,18.0,16.0,16.0,16.0,14.0,12.0,10.0,10.0,10.0,10.0,100.0,172.0,182.0,188.0,190.0,190.0,190.0,196.0,198.0,198.0,198.0,196.0,196.0,194.0,68.0,10.0,12.0,14.0,14.0,14.0,14.0,14.0,14.0,10.0,12.0,14.0,14.0,12.0,10.0,10.0,12.0,12.0,8.0,4.0,4.0,4.0,2.0,0.0,0.0,0.0,0.0,0.0,0.0,0.0,0.0,0.0,0.0,0.0,0.0,8.0,14.0,12.0,10.0,10.0,10.0,10.0,10.0,14.0,18.0,26.0,24.0,26.0,26.0,24.0,26.0,26.0,18.0,18.0,18.0,18.0
2024-03-14,14.0,14.0,14.0,14.0,14.0,16.0,16.0,16.0,16.0,16.0,16.0,16.0,16.0,16.0,16.0,16.0,12.0,12.0,12.0,12.0,12.0,12.0,12.0,12.0,10.0,10.0,6.0,0.0,2.0,0.0,0.0,0.0,0.0,2.0,0.0,2.0,2.0,2.0,6.0,8.0,8.0,8.0,8.0,8.0,8.0,8.0,8.0,2.0,2.0,2.0,2.0,2.0,4.0,84.0,178.0,190.0,196.0,198.0,198.0,198.0,196.0,128.0,65.0,2.0,2.0,2.0,0.0,0.0,2.0,2.0,0.0,0.0,2.0,8.0,12.0,18.0,16.0,18.0,22.0,20.0,18.0,18.0,18.0,18.0,16.0,16.0,16.0,18.0,16.0,14.0,12.0,12.0,12.0,12.0,12.0,10.0
2024-03-15,10.0,10.0,10.0,10.0,10.0,10.0,10.0,10.0,10.0,10.0,10.0,10.0,10.0,10.0,10.0,10.0,10.0,10.0,12.0,12.0,12.0,12.0,12.0,12.0,12.0,12.0,10.0,10.0,4.0,0.0,2.0,2.0,2.0,2.0,2.0,2.0,2.0,6.0,4.0,10.0,14.0,12.0,10.0,11.0,12.0,10.0,10.0,14.0,12.0,12.0,18.0,24.0,22.0,24.0,22.0,20.0,20.0,20.0,18.0,18.0,16.0,14.0,12.0,10.0,10.0,8.0,4.0,4.0,6.0,10.0,6.0,6.0,6.0,12.0,14.0,14.0,16.0,24.0,24.0,22.0,18.0,18.0,20.0,20.0,20.0,20.0,20.0,20.0,20.0,18.0,16.0,16.0,14.0,14.0,16.0,14.0
2024-03-16,12.0,12.0,12.0,12.0,12.0,12.0,12.0,10.0,10.0,10.0,10.0,10.0,10.0,10.0,10.0,10.0,10.0,10.0,10.0,10.0,10.0,10.0,10.0,10.0,10.0,10.0,6.0,12.0,4.0,4.0,4.0,8.0,8.0,8.0,8.0,12.0,14.0,14.0,42.0,178.0,202.0,210.0,214.0,214.0,210.0,208.0,210.0,204.0,198.0,202.0,196.0,194.0,190.0,186.0,190.0,46.0,4.0,4.0,2.0,2.0,6.0,2.0,16.0,12.0,6.0,8.0,10.0,12.0,6.0,4.0,6.0,4.0,8.0,10.0,4.0,6.0,2.0,0.0,12.0,10.0,10.0,10.0,10.0,10.0,10.0,10.0,10.0,10.0,12.0,12.0,12.0,10.0,10.0,10.0,10.0,10.0
2024-03-17,10.0,10.0,10.0,10.0,10.0,10.0,10.0,10.0,10.0,10.0,10.0,10.0,10.0,10.0,10.0,10.0,10.0,10.0,10.0,10.0,10.0,10.0,10.0,10.0,10.0,10.0,10.0,0.0,0.0,0.0,2.0,10.0,0.0,0.0,0.0,0.0,0.0,0.0,0.0,0.0,0.0,0.0,4.0,4.0,8.0,8.0,8.0,8.0,8.0,8.0,10.0,10.0,8.0,6.0,6.0,6.0,8.0,6.0,8.0,8.0,8.0,8.0,8.0,10.0,8.0,4.0,4.0,4.0,4.0,4.0,4.0,4.0,4.0,4.0,4.0,6.0,16.0,26.0,22.0,20.0,18.0,14.0,12.0,12.0,12.0,16.0,14.0,12.0,12.0,10.0,10.0,10.0,10.0,10.0,10.0,10.0
2024-03-18,12.0,12.0,12.0,14.0,14.0,14.0,14.0,16.0,16.0,16.0,16.0,16.0,16.0,16.0,16.0,16.0,16.0,14.0,14.0,14.0,14.0,14.0,14.0,14.0,12.0,10.0,10.0,2.0,0.0,0.0,0.0,0.0,0.0,0.0,0.0,0.0,0.0,0.0,0.0,0.0,0.0,0.0,0.0,0.0,0.0,0.0,0.0,0.0,0.0,0.0,0.0,0.0,0.0,0.0,0.0,0.0,0.0,0.0,0.0,0.0,0.0,0.0,0.0,2.0,0.0,0.0,2.0,2.0,0.0,0.0,0.0,0.0,0.0,2.0,14.0,14.0,12.0,20.0,24.0,24.0,24.0,24.0,24.0,24.0,24.0,16.0,14.0,14.0,14.0,14.0,14.0,12.0,8.0,0.0,0.0,0.0
2024-03-19,0.0,0.0,0.0,0.0,0.0,0.0,0.0,0.0,0.0,0.0,0.0,0.0,0.0,0.0,0.0,0.0,0.0,0.0,0.0,0.0,0.0,0.0,0.0,0.0,0.0,0.0,0.0,8.0,6.0,0.0,4.0,4.0,4.0,4.0,4.0,4.0,4.0,12.0,18.0,20.0,20.0,20.0,18.0,18.0,16.0,16.0,22.0,24.0,18.0,16.0,14.0,10.0,8.0,6.0,6.0,4.0,0.0,0.0,0.0,0.0,0.0,0.0,0.0,0.0,0.0,0.0,0.0,0.0,0.0,4.0,6.0,8.0,8.0,8.0,10.0,10.0,20.0,20.0,18.0,18.0,18.0,18.0,20.0,18.0,18.0,18.0,14.0,14.0,14.0,10.0,10.0,10.0,10.0,10.0,0.0,0.0
2024-03-20,0.0,0.0,0.0,0.0,0.0,0.0,0.0,0.0,0.0,0.0,0.0,0.0,0.0,0.0,0.0,0.0,0.0,0.0,0.0,0.0,0.0,0.0,0.0,0.0,0.0,0.0,0.0,0.0,0.0,0.0,0.0,0.0,0.0,0.0,0.0,0.0,6.0,16.0,14.0,14.0,12.0,12.0,12.0,12.0,10.0,8.0,8.0,6.0,4.0,2.0,0.0,0.0,0.0,4.0,4.0,6.0,12.0,10.0,10.0,12.0,12.0,6.0,6.0,6.0,13.0,20.0,20.0,20.0,20.0,20.0,20.0,16.0,16.0,16.0,16.0,26.0,22.0,20.0,18.0,16.0,14.0,14.0,20.0,20.0,20.0,18.0,18.0,18.0,18.0,20.0,18.0,16.0,28.0,28.0,28.0,28.0
2024-03-21,24.0,22.0,22.0,22.0,20.0,18.0,20.0,18.0,18.0,16.0,18.0,18.0,14.0,12.0,10.0,10.0,10.0,10.0,10.0,12.0,12.0,12.0,12.0,12.0,12.0,12.0,12.0,10.0,10.0,8.0,10.0,8.0,10.0,10.0,10.0,11.0,12.0,12.0,18.0,20.0,16.0,14.0,14.0,16.0,16.0,14.0,12.0,12.0,6.0,6.0,4.0,4.0,4.0,4.0,2.0,0.0,0.0,2.0,2.0,2.0,2.0,2.0,10.0,10.0,10.0,10.0,12.0,10.0,12.0,12.0,10.0,10.0,8.0,8.0,12.0,16.0,12.0,12.0,12.0,12.0,10.0,10.0,10.0,10.0,10.0,12.0,10.0,10.0,10.0,14.0,14.0,14.0,14.0,14.0,22.0,20.0
2024-03-22,16.0,16.0,16.0,16.0,16.0,16.0,16.0,16.0,16.0,10.0,10.0,10.0,10.0,10.0,10.0,10.0,10.0,10.0,10.0,10.0,10.0,10.0,10.0,10.0,10.0,10.0,10.0,10.0,6.0,0.0,0.0,0.0,0.0,0.0,0.0,0.0,0.0,0.0,0.0,0.0,0.0,0.0,0.0,0.0,0.0,0.0,0.0,0.0,0.0,0.0,0.0,0.0,0.0,0.0,2.4,4.8,7.199999999999999,9.6,12.0,12.0,12.0,18.0,20.0,18.0,16.0,16.0,14.0,14.0,12.0,10.0,8.0,8.0,8.0,8.0,10.0,2.0,10.0,14.0,12.0,14.0,14.0,14.0,14.0,14.0,10.0,10.0,10.0,10.0,10.0,10.0,10.0,10.0,10.0,10.0,10.0,10.0
2024-03-23,10.0,12.0,12.0,12.0,12.0,12.0,12.0,12.0,12.0,12.0,12.0,12.0,12.0,12.0,12.0,12.0,12.0,12.0,12.0,12.0,12.0,12.0,12.0,10.0,10.0,10.0,10.0,10.0,6.0,2.0,4.0,2.0,4.0,4.0,4.0,2.0,4.0,2.0,4.0,4.0,4.0,0.0,0.0,2.0,2.0,2.0,2.0,2.0,4.0,4.0,4.0,4.0,4.0,0.0,4.0,10.0,12.0,12.0,8.0,8.0,8.0,8.0,8.0,8.0,6.0,0.0,0.0,2.0,0.0,0.0,0.0,0.0,0.0,0.0,0.0,4.0,4.0,12.0,14.0,16.0,16.0,18.0,24.0,24.0,24.0,24.0,24.0,26.0,26.0,26.0,24.0,22.0,26.0,26.0,26.0,26.0
2024-03-24,24.0,24.0,22.0,22.0,22.0,22.0,22.0,22.0,22.0,22.0,22.0,20.0,18.0,18.0,18.0,18.0,18.0,16.0,14.0,12.0,10.0,10.0,10.0,10.0,10.0,10.0,10.0,6.0,0.0,0.0,0.0,0.0,0.0,0.0,0.0,0.0,8.0,10.0,10.0,10.0,12.0,14.0,12.0,8.0,7.0,6.0,6.0,6.0,6.0,2.0,0.0,0.0,0.0,6.0,10.0,10.0,10.0,10.0,12.0,12.0,12.0,18.0,18.0,10.0,8.0,6.0,6.0,4.0,6.0,8.0,6.0,6.0,4.0,4.0,12.0,18.0,6.0,24.0,24.0,26.0,20.0,18.0,14.0,12.0,12.0,14.0,18.0,18.0,18.0,20.0,22.0,22.0,22.0,18.0,18.0,20.0
2024-03-25,20.0,20.0,20.0,20.0,20.0,20.0,18.0,16.0,14.0,14.0,14.0,14.0,12.0,14.0,14.0,14.0,14.0,14.0,14.0,12.0,12.0,18.0,18.0,18.0,18.0,18.0,18.0,14.0,6.0,4.0,4.0,4.0,4.0,4.0,0.0,0.0,0.0,0.0,0.0,0.0,4.0,4.0,4.0,4.0,4.0,5.0,6.0,6.0,6.0,6.0,6.0,6.0,6.0,6.0,6.0,2.0,0.0,0.0,0.0,0.0,0.0,2.0,6.0,6.0,6.0,12.0,14.0,14.0,14.0,12.0,12.0,8.0,6.0,6.0,4.0,4.0,2.0,14.0,12.0,18.0,36.0,10.0,10.0,10.0,10.0,10.0,10.0,10.0,10.0,10.0,10.0,10.0,10.0,10.0,10.0,10.0
2024-03-26,10.0,10.0,10.0,10.0,10.0,10.0,10.0,10.0,10.0,10.0,10.0,10.0,10.0,10.0,10.0,10.0,10.0,10.0,10.0,10.0,10.0,10.0,10.0,10.0,10.0,10.0,10.0,10.0,4.0,6.0,6.0,6.0,8.0,10.0,10.0,6.0,2.0,2.0,2.0,2.0,2.0,0.0,2.0,2.0,2.0,2.0,4.0,28.0,164.0,186.0,192.0,198.0,202.0,200.0,208.0,206.0,210.0,210.0,212.0,208.0,206.0,124.0,20.0,10.0,8.0,6.0,6.0,4.0,2.0,0.0,0.0,0.0,0.0,0.0,0.0,0.0,12.0,14.0,12.0,12.0,12.0,12.0,12.0,12.0,12.0,10.0,10.0,14.0,14.0,12.0,14.0,14.0,16.0,20.0,22.0,20.0
2024-03-27,26.0,26.0,26.0,26.0,26.0,24.0,22.0,18.0,16.0,14.0,14.0,14.0,14.0,16.0,14.0,12.0,12.0,12.0,12.0,10.0,10.0,10.0,10.0,10.0,10.0,12.0,18.0,12.0,10.0,12.0,12.0,10.0,12.0,16.0,12.0,12.0,8.0,8.0,6.0,8.0,6.0,8.0,8.0,8.0,8.0,2.0,10.0,8.0,8.0,6.0,6.0,4.0,4.0,4.0,4.0,4.0,2.0,0.0,0.0,0.0,2.0,2.0,2.0,2.0,2.0,0.0,0.0,2.0,2.0,2.0,2.0,2.0,2.0,2.0,0.0,4.0,12.0,10.0,10.0,10.0,10.0,10.0,10.0,10.0,10.0,12.0,12.0,12.0,12.0,12.0,12.0,12.0,12.0,12.0,12.0,12.0
2024-03-28,12.0,12.0,12.0,12.0,12.0,12.0,12.0,12.0,12.0,12.0,12.0,12.0,12.0,12.0,10.0,10.0,10.0,10.0,10.0,10.0,10.0,10.0,12.0,12.0,12.0,12.0,8.0,10.0,2.0,2.0,0.0,0.0,2.0,2.0,2.0,6.0,6.0,6.0,8.0,10.0,10.0,10.0,10.0,10.0,10.0,16.0,16.0,16.0,16.0,14.0,12.0,6.0,4.0,4.0,14.0,162.0,188.0,200.0,206.0,2.0,0.0,0.0,0.0,0.0,0.0,0.0,0.0,0.0,0.0,0.0,0.0,0.0,0.0,0.0,0.0,0.0,0.0,0.0,0.0,0.0,0.0,0.0,0.0,0.0,0.0,0.0,0.0,0.0,0.0,0.0,0.0,0.0,0.0,0.0,0.0,0.0
2024-03-30,0.0,0.0,0.0,0.0,0.0,0.0,0.0,0.0,0.0,0.0,0.0,0.0,0.0,0.0,0.0,0.0,0.0,0.0,0.0,0.0,0.0,0.0,0.0,0.0,0.0,0.0,0.0,0.0,0.0,0.0,0.0,0.0,0.0,0.0,0.0,0.0,0.0,0.0,0.0,0.0,0.0,0.0,0.0,0.0,0.0,0.0,0.0,0.0,0.0,0.0,0.0,0.0,0.0,0.0,14.0,156.0,186.0,196.0,202.0,204.0,204.0,204.0,90.0,6.0,4.0,6.0,10.0,10.0,10.0,10.0,10.0,10.0,10.0,12.0,10.0,12.0,16.0,24.0,26.0,22.0,22.0,14.0,8.0,6.0,4.0,0.0,0.0,0.0,0.0,0.0,0.0,0.0,0.0,0.0,10.0,10.0
2024-03-31,10.0,10.0,10.0,0.0,0.0,0.0,0.0,0.0,0.0,0.0,0.0,0.0,0.0,0.0,0.0,0.0,0.0,0.0,0.0,0.0,0.0,0.0,0.0,0.0,0.0,0.0,2.0,2.0,2.0,4.0,6.0,6.0,8.0,8.0,8.0,6.0,8.0,8.0,8.0,8.0,6.0,6.0,4.0,4.0,6.0,6.0,6.0,6.0,6.0,6.0,6.0,6.0,102.0,180.0,194.0,200.0,204.0,202.0,200.0,90.0,6.0,6.0,4.0,6.0,8.0,10.0,12.0,12.0,12.0,12.0,12.0,12.0,6.0,4.0,2.0,2.0,10.0,10.0,10.0,10.0,10.0,6.0,0.0,0.0,0.0,0.0,0.0,0.0,0.0,0.0,0.0,0.0,0.0,0.0,0.0,0.0
2024-04-01,0.0,0.0,0.0,0.0,0.0,0.0,0.0,0.0,0.0,0.0,0.0,0.0,0.0,0.0,0.0,0.0,0.0,0.0,0.0,0.0,0.0,0.0,0.0,0.0,0.0,0.0,0.0,0.0,0.0,0.0,0.0,0.0,0.0,0.0,0.0,0.0,0.0,0.0,0.0,4.0,20.0,50.0,182.0,194.0,200.0,206.0,206.0,204.0,202.0,202.0,208.0,206.0,204.0,40.0,14.0,12.0,14.0,18.0,14.0,12.0,14.0,10.0,8.0,6.0,6.0,2.0,0.0,0.0,0.0,0.0,0.0,0.0,0.0,0.0,4.0,10.0,16.0,18.0,18.0,16.0,16.0,16.0,16.0,16.0,18.0,16.0,18.0,18.0,12.0,12.0,12.0,10.0,8.0,12.0,12.0,12.0
2024-04-02,10.0,10.0,4.0,2.0,2.0,0.0,0.0,0.0,0.0,0.0,0.0,0.0,0.0,0.0,0.0,0.0,0.0,0.0,0.0,0.0,0.0,0.0,0.0,0.0,0.0,0.0,6.0,0.0,0.0,0.0,0.0,0.0,0.0,6.0,12.0,12.0,12.0,8.0,8.0,4.0,4.0,4.0,4.0,4.0,4.0,4.0,4.0,4.0,4.0,4.0,4.0,4.0,4.0,4.0,2.0,4.0,4.0,10.0,110.0,186.0,162.0,8.0,12.0,10.0,6.0,6.0,2.0,2.0,2.0,2.0,2.0,6.0,6.0,12.0,14.0,22.0,8.0,6.0,6.0,2.0,2.0,4.0,4.0,4.0,4.0,4.0,4.0,4.0,10.0,12.0,12.0,10.0,8.0,8.0,8.0,6.0
2024-04-03,8.0,8.0,2.0,2.0,2.0,2.0,0.0,0.0,0.0,0.0,0.0,0.0,0.0,0.0,0.0,0.0,0.0,0.0,0.0,2.0,2.0,0.0,2.0,0.0,0.0,0.0,0.0,0.0,0.0,0.0,0.0,2.0,2.0,2.0,2.0,12.0,18.0,18.0,18.0,20.0,20.0,20.0,20.0,18.0,14.0,12.0,4.0,4.0,4.0,4.0,6.0,6.0,6.0,6.0,6.0,6.0,6.0,6.0,6.0,4.0,4.0,16.0,14.0,14.0,10.0,12.0,12.0,12.0,12.0,12.0,8.0,6.0,8.0,6.0,8.0,2.0,12.0,10.0,10.0,10.0,12.0,10.0,10.0,10.0,10.0,8.0,6.0,0.0,6.0,6.0,6.0,6.0,6.0,6.0,6.0,6.0
2024-04-04,4.0,0.0,0.0,0.0,0.0,0.0,0.0,0.0,0.0,0.0,0.0,0.0,0.0,0.0,0.0,0.0,0.0,0.0,0.0,0.0,0.0,0.0,0.0,0.0,0.0,0.0,0.0,4.0,6.0,10.0,8.0,4.0,4.0,4.0,4.0,4.0,2.0,2.0,2.0,2.0,4.0,4.0,4.0,6.0,14.0,14.0,14.0,14.0,12.0,6.0,6.0,14.0,14.0,14.0,14.0,14.0,14.0,14.0,12.0,10.0,8.0,10.0,12.0,12.0,12.0,12.0,10.0,10.0,10.0,10.0,18.0,16.0,14.0,14.0,14.0,16.0,20.0,18.0,16.0,16.0,16.0,14.0,14.0,14.0,14.0,14.0,14.0,10.0,10.0,10.0,10.0,10.0,10.0,10.0,10.0,8.0
2024-04-05,0.0,0.0,0.0,0.0,0.0,0.0,0.0,0.0,0.0,0.0,0.0,0.0,0.0,0.0,0.0,0.0,0.0,0.0,0.0,0.0,0.0,0.0,0.0,0.0,0.0,0.0,0.0,0.0,0.0,0.0,0.0,0.0,0.0,6.0,12.0,12.0,12.0,14.0,16.0,16.0,18.0,20.0,22.0,18.0,18.0,14.0,14.0,14.0,12.0,12.0,10.0,8.0,6.0,4.0,2.0,6.0,14.0,14.0,20.0,22.0,18.0,14.0,14.0,26.0,28.0,26.0,22.0,20.0,16.0,6.0,6.0,6.0,4.0,4.0,4.0,4.0,4.0,4.0,4.0,0.0,0.0,0.0,0.0,0.0,0.0,0.0,0.0,0.0,0.0,0.0,0.0,0.0,0.0,0.0,0.0,0.0
2024-04-06,0.0,0.0,0.0,0.0,0.0,0.0,0.0,0.0,0.0,0.0,0.0,0.0,0.0,0.0,0.0,0.0,0.0,0.0,0.0,0.0,0.0,0.0,0.0,0.0,0.0,6.0,8.0,8.0,4.0,4.0,2.0,0.0,4.0,4.0,4.0,2.0,0.0,0.0,0.0,0.0,0.0,0.0,0.0,0.0,0.0,0.0,0.0,0.0,0.0,0.0,0.0,0.0,0.0,0.0,0.0,0.0,0.0,0.0,0.0,0.0,8.0,8.0,8.0,6.0,6.0,8.0,8.0,8.0,8.0,6.0,2.0,2.0,2.0,4.0,8.0,8.0,8.0,20.0,8.0,6.0,6.0,6.0,6.0,6.0,6.0,4.0,2.0,0.0,0.0,0.0,0.0,0.0,0.0,0.0,1.0,2.0
2024-04-07,0.0,0.0,0.0,0.0,0.0,0.0,0.0,0.0,0.0,0.0,0.0,0.0,0.0,0.0,0.0,0.0,0.0,0.0,0.0,0.0,0.0,0.0,0.0,0.0,0.0,0.0,2.0,0.0,0.0,2.0,2.0,2.0,4.0,6.0,6.0,4.0,12.0,10.0,10.0,10.0,8.0,2.0,0.0,0.0,0.0,0.0,0.0,0.0,0.0,0.0,0.0,0.0,0.0,0.0,4.0,2.0,2.0,2.0,16.0,20.0,18.0,18.0,14.0,12.0,10.0,10.0,10.0,10.0,10.0,10.0,8.0,6.0,6.0,4.0,4.0,3.0,2.0,2.0,0.0,0.0,0.0,0.0,0.0,0.0,0.0,0.0,0.0,0.0,0.0,0.0,0.0,0.0,0.0,0.0,0.0,0.0
2024-04-08,0.0,0.0,0.0,0.0,0.0,0.0,0.0,0.0,0.0,0.0,0.0,0.0,0.0,0.0,0.0,0.0,0.0,0.0,0.0,0.0,0.0,0.0,0.0,0.0,0.0,4.0,6.0,6.0,6.0,6.0,6.0,6.0,12.0,14.0,12.0,10.0,14.0,8.0,14.0,14.0,14.0,14.0,14.0,14.0,14.0,14.0,14.0,14.0,14.0,14.0,14.0,14.0,14.0,14.0,12.0,11.0,10.0,8.0,6.0,6.0,6.0,6.0,2.0,2.0,8.0,10.0,10.0,10.0,10.0,8.0,8.0,6.0,6.0,4.0,2.0,0.0,12.0,14.0,14.0,4.0,2.0,0.0,0.0,0.0,0.0,6.0,14.0,14.0,10.0,6.0,6.0,6.0,12.0,20.0,14.0,14.0
2024-04-09,12.0,12.0,12.0,12.0,12.0,8.0,8.0,8.0,6.0,2.0,0.0,0.0,0.0,0.0,0.0,0.0,0.0,0.0,0.0,0.0,0.0,0.0,0.0,0.0,0.0,0.0,0.0,2.0,2.0,2.0,2.0,2.0,2.0,0.0,0.0,0.0,0.0,0.0,0.0,0.0,0.0,0.0,0.0,0.0,0.0,0.0,0.0,0.0,0.0,0.0,0.0,0.0,0.0,0.0,0.0,0.0,0.0,0.0,0.0,4.0,16.0,18.0,20.0,18.0,17.0,16.0,16.0,16.0,18.0,14.0,8.0,6.0,6.0,12.0,14.0,14.0,16.0,14.0,8.0,0.0,0.0,0.0,0.0,0.0,12.0,14.0,14.0,10.0,8.0,6.0,4.0,6.0,2.0,2.0,2.0,2.0
2024-04-10,2.0,2.0,6.0,10.0,8.0,8.0,10.0,10.0,10.0,6.0,6.0,6.0,6.0,6.0,6.0,6.0,6.0,6.0,4.0,4.0,6.0,4.0,2.0,2.0,0.0,0.0,0.0,0.0,0.0,0.0,0.0,2.0,0.0,0.0,2.0,10.0,10.0,8.0,10.0,10.0,10.0,8.0,6.0,2.0,0.0,0.0,0.0,0.0,0.0,0.0,0.0,0.0,0.0,0.0,0.0,0.0,0.0,0.0,8.0,30.0,30.0,30.0,30.0,26.0,32.0,32.0,30.0,22.0,16.0,8.0,6.0,4.0,4.0,8.0,12.0,10.0,10.0,10.0,2.0,2.0,0.0,0.0,0.0,0.0,0.0,0.0,0.0,0.0,0.0,0.0,0.0,0.0,0.0,0.0,0.0,0.0
2024-04-11,0.0,0.0,0.0,0.0,0.0,0.0,0.0,0.0,0.0,0.0,0.0,0.0,0.0,0.0,0.0,0.0,0.0,0.0,0.0,0.0,0.0,0.0,0.0,0.0,6.0,16.0,12.0,10.0,6.0,0.0,8.0,10.0,10.0,10.0,10.0,10.0,10.0,10.0,8.0,4.0,2.0,0.0,0.0,0.0,0.0,0.0,0.0,0.0,0.0,0.0,0.0,0.0,0.0,0.0,0.0,0.0,0.0,0.0,0.0,0.0,0.0,4.0,4.0,12.0,18.0,18.0,18.0,18.0,26.0,30.0,28.0,26.0,26.0,22.0,14.0,10.0,16.0,22.0,10.0,8.0,6.0,6.0,6.0,4.0,12.0,18.0,16.0,18.0,18.0,18.0,18.0,28.0,30.0,28.0,20.0,16.0
2024-04-12,14.0,12.0,6.0,2.0,2.0,2.0,2.0,2.0,2.0,2.0,2.0,4.0,4.0,2.0,2.0,2.0,2.0,0.0,0.0,0.0,0.0,0.0,0.0,2.0,2.0,2.0,2.0,4.0,12.0,0.0,0.0,0.0,2.0,2.0,2.0,2.0,2.0,2.0,2.0,2.0,0.0,0.0,0.0,0.0,0.0,0.0,0.0,0.0,0.0,0.0,2.0,2.0,2.0,2.0,2.0,2.0,2.0,4.0,6.0,4.0,4.0,4.0,4.0,4.0,4.0,4.0,2.0,2.0,2.0,4.0,4.0,6.0,4.0,4.0,4.0,4.0,4.0,8.0,14.0,8.0,6.0,6.0,8.0,8.0,8.0,8.0,22.0,20.0,20.0,18.0,18.0,18.0,18.0,18.0,16.0,28.0
2024-04-13,30.0,28.0,28.0,24.0,24.0,24.0,24.0,18.0,16.0,14.0,14.0,12.0,10.0,8.0,8.0,8.0,8.0,8.0,6.0,6.0,6.0,6.0,6.0,6.0,6.0,4.0,8.0,2.0,0.0,0.0,2.0,4.0,4.0,4.0,4.0,6.0,6.0,6.0,6.0,6.0,6.0,6.0,6.0,4.0,4.0,2.0,2.0,2.0,2.0,2.0,2.0,2.0,0.0,4.0,6.0,6.0,10.0,8.0,10.0,8.0,8.0,8.0,10.0,10.0,10.0,10.0,6.0,6.0,2.0,0.0,0.0,0.0,0.0,0.0,0.0,0.0,4.0,4.0,4.0,4.0,4.0,0.0,0.0,0.0,0.0,0.0,0.0,0.0,0.0,0.0,0.0,0.0,0.0,0.0,0.0,0.0
2024-04-14,0.0,0.0,0.0,0.0,0.0,0.0,0.0,0.0,0.0,0.0,0.0,0.0,0.0,0.0,0.0,0.0,0.0,0.0,0.0,0.0,0.0,0.0,0.0,0.0,0.0,0.0,2.0,8.0,8.0,6.0,4.0,4.0,4.0,4.0,4.0,6.0,2.0,2.0,2.0,2.0,0.0,2.0,2.0,2.0,2.0,2.0,2.0,2.0,2.0,2.0,2.0,2.0,2.0,2.0,2.0,2.0,2.0,2.0,4.0,4.0,6.0,6.0,2.0,2.0,0.0,0.0,0.0,0.0,0.0,0.0,0.0,0.0,0.0,4.0,8.0,9.0,10.0,16.0,16.0,16.0,16.0,16.0,16.0,14.0,14.0,18.0,18.0,18.0,6.0,6.0,6.0,6.0,6.0,12.0,12.0,12.0
2024-04-15,12.0,12.0,12.0,6.0,6.0,6.0,6.0,6.0,6.0,6.0,8.0,8.0,8.0,8.0,8.0,8.0,8.0,6.0,8.0,6.0,4.0,2.0,2.0,2.0,2.0,0.0,0.0,0.0,0.0,4.0,12.0,12.0,12.0,12.0,12.0,10.0,4.0,4.0,4.0,0.0,0.0,8.0,6.0,2.0,0.0,0.0,2.0,10.0,14.0,14.0,16.0,12.0,10.0,12.0,90.0,180.0,196.0,204.0,2.0,0.0,8.0,10.0,10.0,8.0,7.0,6.0,6.0,4.0,6.0,2.0,0.0,0.0,0.0,0.0,0.0,4.0,12.0,12.0,10.0,12.0,12.0,10.0,10.0,10.0,10.0,10.0,10.0,10.0,10.0,12.0,12.0,12.0,24.0,24.0,24.0,24.0
2024-04-16,18.0,12.0,12.0,10.0,10.0,10.0,10.0,10.0,8.0,4.0,4.0,2.0,2.0,2.0,2.0,0.0,0.0,0.0,0.0,0.0,0.0,0.0,0.0,0.0,0.0,0.0,0.0,6.0,4.0,14.0,12.0,12.0,18.0,18.0,16.0,16.0,12.0,6.0,6.0,6.0,6.0,8.0,8.0,8.0,8.0,6.0,4.0,12.0,12.0,8.0,8.0,6.0,2.0,2.0,0.0,0.0,8.0,8.0,8.0,8.0,8.0,6.0,6.0,6.0,6.0,6.0,6.0,6.0,6.0,6.0,6.0,6.0,4.0,4.0,4.0,2.0,14.0,12.0,28.0,38.0,38.0,38.0,30.0,28.0,28.0,24.0,20.0,14.0,8.0,6.0,2.0,2.0,4.0,12.0,14.0,12.0
2024-04-17,12.0,12.0,12.0,10.0,10.0,10.0,10.0,6.0,6.0,6.0,4.0,4.0,2.0,2.0,0.0,0.0,0.0,0.0,0.0,0.0,0.0,0.0,0.0,0.0,0.0,0.0,2.0,4.0,4.0,4.0,4.0,4.0,12.0,14.0,20.0,22.0,22.0,22.0,24.0,24.0,24.0,22.0,16.0,12.0,50.0,170.0,184.0,188.0,48.0,20.0,18.0,18.0,18.0,18.0,20.0,18.0,20.0,20.0,20.0,16.0,12.0,6.0,6.0,6.0,6.0,12.0,10.0,10.0,8.0,4.0,0.0,0.0,0.0,0.0,0.0,4.0,12.0,10.0,10.0,10.0,10.0,10.0,10.0,10.0,12.0,14.0,14.0,14.0,12.0,10.0,10.0,14.0,14.0,16.0,16.0,16.0
2024-04-18,6.0,4.0,4.0,4.0,4.0,4.0,4.0,6.0,6.0,6.0,6.0,6.0,6.0,6.0,4.0,2.0,0.0,0.0,0.0,0.0,0.0,0.0,0.0,0.0,0.0,0.0,0.0,0.0,0.0,2.0,2.0,0.0,0.0,0.0,0.0,4.0,10.0,14.0,16.0,16.0,12.0,10.0,10.0,6.0,6.0,6.0,6.0,6.0,12.0,12.0,12.0,12.0,12.0,10.0,10.0,9.2,8.4,7.6,6.8,6.0,6.0,2.0,0.0,0.0,0.0,0.0,4.0,4.0,4.0,3.0,2.0,2.0,2.0,0.0,1.0,2.0,10.0,10.0,10.0,10.0,18.0,24.0,22.0,22.0,22.0,24.0,24.0,20.0,18.0,16.0,16.0,16.0,16.0,16.0,16.0,18.0
2024-04-19,22.0,20.0,20.0,12.0,10.0,10.0,10.0,10.0,6.0,6.0,6.0,6.0,6.0,2.0,2.0,2.0,0.0,0.0,0.0,0.0,0.0,0.0,0.0,0.0,0.0,0.0,8.0,8.0,0.0,0.0,0.0,0.0,0.0,0.0,0.0,6.0,10.0,6.0,2.0,2.0,2.0,2.0,2.0,4.0,6.0,6.0,6.0,6.0,6.0,6.0,8.0,8.0,6.0,10.0,8.0,6.0,4.0,4.0,4.0,6.0,4.0,4.0,4.0,6.0,10.0,10.0,10.0,8.0,8.0,8.0,10.0,10.0,10.0,10.0,16.0,6.0,10.0,12.0,16.0,20.0,22.0,20.0,24.0,32.0,22.0,20.0,20.0,18.0,22.0,20.0,18.0,16.0,12.0,10.0,8.0,12.0
2024-04-20,14.0,18.0,30.0,16.0,14.0,12.0,12.0,12.0,10.0,10.0,10.0,4.0,2.0,2.0,2.0,2.0,0.0,0.0,0.0,0.0,0.0,0.0,0.0,0.0,0.0,0.0,0.0,36.0,158.0,170.0,176.0,180.0,180.0,180.0,178.0,176.0,178.0,176.0,176.0,176.0,178.0,176.0,6.0,4.0,6.0,12.0,10.0,12.0,12.0,14.0,10.0,6.0,6.0,4.0,10.0,8.0,6.0,14.0,14.0,10.0,10.0,10.0,6.0,6.0,6.0,6.0,6.0,4.0,14.0,18.0,14.0,14.0,14.0,8.0,8.0,8.0,18.0,16.0,8.0,4.0,4.0,4.0,4.0,2.0,0.0,2.0,2.0,4.0,4.0,2.0,2.0,4.0,4.0,4.0,22.0,22.0
2024-04-21,22.0,20.0,18.0,10.0,10.0,10.0,10.0,12.0,8.0,4.0,2.0,0.0,0.0,0.0,0.0,0.0,0.0,0.0,0.0,0.0,0.0,0.0,0.0,0.0,0.0,0.0,0.0,0.0,0.0,0.0,0.0,0.0,0.0,0.0,0.0,0.0,0.0,0.0,0.0,0.0,0.0,0.0,0.0,0.0,0.0,0.0,0.0,0.0,0.0,0.0,0.0,0.0,0.0,0.0,0.0,0.0,0.0,0.0,6.0,12.0,4.0,0.0,2.0,4.0,4.0,0.0,0.0,0.0,4.0,8.0,8.0,14.0,14.0,14.0,14.0,14.0,14.0,10.0,10.0,12.0,12.0,12.0,2.0,0.0,0.0,0.0,2.0,4.0,8.0,10.0,10.0,10.0,10.0,10.0,8.0,8.0
2024-04-22,8.0,8.0,8.0,6.0,6.0,6.0,4.0,4.0,4.0,4.0,2.0,2.0,8.0,8.0,8.0,6.0,6.0,6.0,6.0,6.0,6.0,6.0,4.0,4.0,2.0,4.0,4.0,4.0,2.0,2.0,2.0,2.0,2.0,2.0,2.0,2.0,2.0,2.0,2.0,2.0,2.0,2.0,0.0,0.0,0.0,0.0,0.0,0.0,0.0,0.0,0.0,0.0,0.0,0.0,0.0,0.0,6.0,10.0,10.0,8.0,8.0,8.0,8.0,6.0,0.0,0.0,0.0,0.0,0.0,2.0,2.0,2.0,2.0,2.0,0.0,2.0,12.0,12.0,10.0,10.0,2.0,2.0,2.0,2.0,2.0,12.0,14.0,14.0,14.0,12.0,12.0,12.0,10.0,10.0,10.0,6.0
2024-04-23,6.0,6.0,2.0,4.0,4.0,4.0,4.0,4.0,4.0,4.0,4.0,0.0,0.0,0.0,2.0,4.0,4.0,4.0,4.0,4.0,4.0,2.0,2.0,2.0,0.0,0.0,0.0,0.0,0.0,0.0,0.0,0.0,0.0,0.0,0.0,0.0,0.0,0.0,0.0,0.0,0.0,0.0,4.0,4.0,4.0,6.0,2.0,2.0,2.0,2.0,0.0,0.0,0.0,0.0,0.0,0.0,0.0,0.0,0.0,0.0,0.0,0.0,0.0,0.0,0.0,0.0,0.0,0.0,0.0,0.0,0.0,0.0,0.0,0.0,6.0,10.0,10.0,10.0,2.0,0.0,0.0,0.0,2.0,20.0,24.0,28.0,28.0,28.0,28.0,28.0,24.0,24.0,24.0,20.0,20.0,14.0
2024-04-24,12.0,10.0,8.0,4.0,4.0,2.0,2.0,0.0,0.0,0.0,0.0,0.0,0.0,0.0,0.0,0.0,0.0,0.0,0.0,0.0,0.0,0.0,0.0,0.0,0.0,0.0,0.0,2.0,2.0,2.0,2.0,2.0,2.0,2.0,2.0,0.0,0.0,0.0,0.0,0.0,0.0,0.0,0.0,0.0,0.0,0.0,2.0,2.0,2.0,2.0,2.0,2.0,2.0,12.0,16.0,16.0,14.0,10.0,10.0,12.0,6.0,4.0,4.0,4.0,2.0,2.0,2.0,2.0,2.0,2.0,2.0,2.0,2.0,2.0,0.0,0.0,7.0,14.0,12.0,10.0,10.0,10.0,12.0,18.0,21.0,24.0,26.0,26.0,26.0,26.0,18.0,12.0,8.0,8.0,6.0,6.0
2024-04-25,6.0,8.0,4.0,4.0,4.0,4.0,4.0,4.0,4.0,2.0,2.0,2.0,2.0,2.0,2.0,2.0,0.0,2.0,0.0,0.0,0.0,0.0,0.0,0.0,0.0,0.0,0.0,0.0,0.0,0.0,0.0,0.0,0.0,0.0,0.0,0.0,0.0,0.0,0.0,0.0,2.0,2.0,0.0,0.0,0.0,0.0,0.0,0.0,0.0,4.0,8.0,6.0,8.0,8.0,7.0,6.0,8.0,10.0,12.0,12.0,12.0,10.0,8.0,4.0,2.0,2.0,2.0,0.0,2.0,2.0,2.0,0.0,0.0,0.0,0.0,6.0,10.0,12.0,12.0,12.0,12.0,14.0,14.0,14.0,14.0,12.0,6.0,0.0,0.0,0.0,0.0,0.0,0.0,0.0,0.0,0.0
2024-04-26,0.0,0.0,0.0,0.0,0.0,0.0,0.0,0.0,0.0,0.0,0.0,0.0,0.0,0.0,0.0,0.0,0.0,0.0,0.0,0.0,0.0,0.0,0.0,0.0,0.0,0.0,0.0,0.0,0.0,0.0,0.0,0.0,0.0,0.0,2.0,2.0,2.0,0.0,0.0,0.0,0.0,0.0,0.0,0.0,4.0,4.0,2.0,2.0,2.0,0.0,0.0,0.0,0.0,0.0,0.0,0.0,0.0,0.0,0.0,0.0,0.0,0.0,0.0,0.0,0.0,0.0,0.0,0.0,0.0,0.0,0.0,0.0,0.0,0.0,4.0,2.0,8.0,18.0,18.0,18.0,16.0,20.0,8.0,8.0,6.0,6.0,6.0,6.0,4.0,8.0,10.0,14.0,18.0,16.0,16.0,16.0
2024-04-27,16.0,16.0,14.0,10.0,6.0,6.0,6.0,4.0,2.0,2.0,2.0,2.0,0.0,0.0,0.0,0.0,0.0,0.0,0.0,0.0,0.0,0.0,0.0,0.0,0.0,0.0,2.0,2.0,0.0,0.0,0.0,0.0,0.0,0.0,0.0,0.0,0.0,0.0,0.0,0.0,0.0,6.0,8.0,8.0,10.0,10.0,12.0,12.0,12.0,6.0,6.0,8.0,6.0,4.0,6.0,8.0,6.0,6.0,6.0,10.0,14.0,18.0,18.0,18.0,14.0,12.0,14.0,10.0,8.0,6.0,6.0,6.0,6.0,6.0,6.0,6.0,8.0,18.0,14.0,4.0,2.0,2.0,2.0,2.0,2.0,0.0,0.0,0.0,0.0,0.0,0.0,0.0,0.0,0.0,0.0,0.0
2024-04-28,0.0,0.0,0.0,0.0,0.0,0.0,0.0,0.0,0.0,0.0,4.0,12.0,10.0,10.0,10.0,10.0,10.0,10.0,10.0,10.0,10.0,10.0,10.0,10.0,10.0,6.0,0.0,0.0,0.0,0.0,0.0,0.0,2.0,2.0,2.0,2.0,2.0,2.0,2.0,2.0,2.0,2.0,0.0,0.0,0.0,0.0,0.0,0.0,0.0,0.0,0.0,0.0,0.0,0.0,0.0,0.0,0.0,2.0,2.0,2.0,0.0,0.0,0.0,0.0,0.0,0.0,0.0,0.0,0.0,0.0,0.0,0.0,0.0,0.0,0.0,0.0,4.0,10.0,10.0,2.0,4.0,4.0,2.0,0.0,0.0,0.0,0.0,0.0,0.0,0.0,0.0,0.0,0.0,0.0,0.0,0.0
2024-04-29,0.0,2.0,4.0,4.0,4.0,4.0,4.0,4.0,4.0,4.0,4.0,4.0,2.0,0.0,0.0,0.0,0.0,0.0,0.0,0.0,0.0,0.0,0.0,0.0,0.0,0.0,0.0,0.0,0.0,0.0,0.0,0.0,0.0,0.0,0.0,0.0,8.0,8.0,8.0,8.0,8.0,6.0,4.0,2.0,2.0,2.0,4.0,6.0,10.0,10.0,10.0,10.0,10.0,10.0,4.0,4.0,4.0,4.0,4.0,4.0,4.0,2.0,2.0,0.0,0.0,0.0,0.0,0.0,0.0,0.0,0.0,0.0,0.0,0.0,0.0,0.0,6.0,10.0,10.0,12.0,14.0,14.0,14.0,4.0,0.0,0.0,0.0,0.0,0.0,0.0,0.0,0.0,0.0,0.0,0.0,0.0
2024-04-30,0.0,0.0,0.0,0.0,0.0,0.0,0.0,0.0,0.0,0.0,0.0,0.0,0.0,0.0,0.0,0.0,0.0,0.0,0.0,0.0,0.0,0.0,0.0,0.0,0.0,0.0,0.0,0.0,0.0,0.0,0.0,0.0,0.0,0.0,0.0,0.0,0.0,0.0,0.0,0.0,0.0,0.0,8.0,6.0,8.0,8.0,8.0,8.0,8.0,6.0,6.0,6.0,6.0,4.0,2.0,2.0,4.0,2.0,2.0,2.0,2.0,2.0,2.0,2.0,2.0,4.0,2.0,2.0,0.0,0.0,0.0,0.0,0.0,0.0,0.0,2.0,12.0,10.0,10.0,10.0,10.0,10.0,10.0,10.0,10.0,10.0,10.0,8.0,4.0,4.0,8.0,8.0,4.0,4.0,4.0,4.0
2024-05-01,4.0,6.0,6.0,4.0,4.0,4.0,4.0,4.0,4.0,4.0,4.0,4.0,6.0,6.0,6.0,6.0,6.0,6.0,6.0,6.0,6.0,6.0,6.0,6.0,6.0,6.0,4.0,0.0,2.0,2.0,2.0,2.0,2.0,0.0,2.0,2.0,2.0,2.0,2.0,0.0,0.0,2.0,2.0,2.0,2.0,2.0,2.0,2.0,2.0,4.0,6.0,6.0,6.0,6.0,6.0,6.0,6.0,4.0,0.0,0.0,0.0,0.0,0.0,0.0,0.0,0.0,0.0,0.0,0.0,0.0,0.0,0.0,0.0,10.0,8.0,10.0,10.0,18.0,12.0,4.0,12.0,12.0,10.0,10.0,10.0,10.0,16.0,20.0,20.0,20.0,14.0,8.0,12.0,12.0,12.0,12.0
2024-05-02,14.0,12.0,14.0,14.0,14.0,12.0,8.0,6.0,6.0,4.0,4.0,2.0,2.0,2.0,2.0,2.0,2.0,2.0,2.0,2.0,2.0,2.0,2.0,2.0,2.0,0.0,0.0,0.0,0.0,0.0,0.0,0.0,2.0,2.0,2.0,2.0,2.0,2.0,2.0,2.0,2.0,0.0,0.0,2.0,2.0,8.0,6.0,8.0,10.0,10.0,10.0,10.0,10.0,8.0,6.0,6.0,2.0,4.0,8.0,8.0,8.0,8.0,6.0,6.0,6.0,6.0,6.0,5.0,4.0,4.0,4.0,4.0,12.0,10.0,10.0,10.0,18.0,14.0,12.0,12.0,14.0,18.0,22.0,24.0,26.0,26.0,24.0,20.0,20.0,16.0,16.0,16.0,16.0,16.0,16.0,16.0
2024-05-03,16.0,16.0,14.0,14.0,14.0,10.0,4.0,2.0,2.0,2.0,2.0,2.0,2.0,2.0,2.0,2.0,2.0,2.0,2.0,2.0,0.0,0.0,0.0,0.0,0.0,0.0,0.0,0.0,0.0,0.0,0.0,0.0,0.0,8.0,10.0,10.0,10.0,8.0,8.0,8.0,8.0,8.0,8.0,10.0,12.0,12.0,10.0,10.0,8.0,6.0,4.0,4.0,6.0,8.0,8.0,8.0,8.0,8.0,10.0,16.0,18.0,18.0,20.0,20.0,14.0,12.0,14.0,14.0,14.0,12.0,12.0,12.0,10.0,10.0,12.0,8.0,18.0,14.0,12.0,12.0,10.0,12.0,16.0,16.0,14.0,14.0,14.0,14.0,14.0,14.0,14.0,14.0,14.0,14.0,14.0,14.0
2024-05-04,14.0,14.0,14.0,12.0,12.0,12.0,12.0,12.0,12.0,12.0,12.0,12.0,11.0,10.0,10.0,10.0,10.0,10.0,10.0,10.0,10.0,12.0,14.0,12.0,12.0,10.0,10.0,4.0,4.0,8.0,0.0,0.0,0.0,0.0,0.0,2.0,2.0,2.0,3.0,4.0,12.0,8.0,8.0,8.0,8.0,8.0,8.0,8.0,16.0,18.0,16.0,16.0,14.0,14.0,10.0,8.0,8.0,4.0,0.0,0.0,2.0,4.0,4.0,2.0,2.0,6.0,6.0,6.0,8.0,0.0,0.0,0.0,0.0,0.0,0.0,0.0,16.0,20.0,18.0,22.0,24.0,14.0,12.0,10.0,10.0,10.0,10.0,10.0,10.0,6.0,4.0,4.0,2.0,2.0,2.0,8.0
2024-05-05,8.0,8.0,8.0,8.0,8.0,8.0,8.0,8.0,8.0,4.0,2.0,2.0,2.0,2.0,0.0,0.0,0.0,0.0,0.0,0.0,0.0,0.0,0.0,0.0,0.0,0.0,0.0,0.0,0.0,0.0,4.0,4.0,2.0,0.0,0.0,0.0,0.0,4.0,10.0,10.0,10.0,10.0,8.0,8.0,6.0,6.0,8.0,12.0,12.0,14.0,80.0,186.0,198.0,126.0,12.0,12.0,18.0,18.0,16.0,14.0,10.0,8.0,6.0,8.0,6.0,6.0,4.0,4.0,5.0,6.0,6.0,6.0,6.0,6.0,8.0,12.0,12.0,14.0,6.0,0.0,0.0,0.0,2.0,4.0,2.0,2.0,4.0,2.0,2.0,2.0,4.0,2.0,4.0,2.0,8.0,10.0
2024-05-06,10.0,10.0,10.0,10.0,10.0,10.0,10.0,10.0,10.0,10.0,8.0,8.0,6.0,4.0,2.0,2.0,0.0,0.0,4.0,2.0,0.0,0.0,0.0,0.0,0.0,0.0,0.0,0.0,0.0,0.0,0.0,0.0,0.0,0.0,0.0,0.0,0.0,0.0,0.0,6.0,12.0,12.0,12.0,12.0,12.0,8.0,6.0,6.0,4.0,0.0,0.0,0.0,4.0,10.0,10.0,10.0,10.0,12.0,20.0,24.0,22.0,24.0,20.0,18.0,2.0,4.0,2.0,12.0,12.0,10.0,10.0,12.0,10.0,10.0,8.0,8.0,22.0,6.0,0.0,0.0,8.0,0.0,0.0,0.0,0.0,0.0,0.0,0.0,0.0,0.0,0.0,0.0,0.0,0.0,0.0,0.0
2024-05-07,0.0,0.0,0.0,0.0,0.0,0.0,0.0,0.0,0.0,0.0,0.0,0.0,0.0,0.0,0.0,0.0,0.0,0.0,0.0,0.0,0.0,0.0,0.0,0.0,0.0,0.0,0.0,0.0,0.0,0.0,0.0,2.0,4.0,4.0,8.0,16.0,20.0,20.0,18.0,18.0,18.0,14.0,14.0,12.0,12.0,10.0,8.0,8.0,6.0,6.0,8.0,6.0,6.0,8.0,8.0,8.0,8.0,6.0,4.0,4.0,4.0,6.0,4.0,2.0,2.0,2.0,2.0,2.0,2.0,0.0,0.0,0.0,0.0,0.0,0.0,0.0,12.0,10.0,10.0,10.0,2.0,2.0,2.0,2.0,8.0,8.0,8.0,8.0,8.0,14.0,18.0,20.0,20.0,20.0,22.0,22.0
2024-05-08,20.0,20.0,18.0,15.0,12.0,8.0,8.0,6.0,6.0,6.0,4.0,4.0,8.0,8.0,6.0,4.0,4.0,4.0,2.0,2.0,0.0,0.0,0.0,0.0,0.0,6.0,12.0,14.0,6.0,4.0,4.0,2.0,2.0,2.0,0.0,0.0,0.0,0.0,0.0,0.0,0.0,0.0,0.0,0.0,0.0,0.0,0.0,0.0,0.0,0.0,0.0,0.0,0.0,0.0,0.0,0.0,0.0,0.0,0.0,0.0,0.0,0.0,0.0,0.0,0.0,2.0,2.0,10.0,12.0,12.0,12.0,4.0,2.0,0.0,0.0,12.0,12.0,12.0,12.0,12.0,12.0,12.0,12.0,12.0,12.0,12.0,12.0,12.0,12.0,12.0,0.0,0.0,0.0,0.0,0.0,0.0
2024-05-09,0.0,0.0,0.0,0.0,0.0,0.0,0.0,0.0,0.0,0.0,0.0,0.0,0.0,0.0,0.0,0.0,0.0,0.0,0.0,0.0,0.0,0.0,0.0,0.0,0.0,0.0,0.0,0.0,4.0,2.0,0.0,0.0,0.0,0.0,0.0,0.0,0.0,0.0,0.0,0.0,0.0,2.0,0.0,0.0,0.0,0.0,0.0,0.0,0.0,0.0,0.0,0.0,0.0,0.0,0.0,0.0,0.0,0.0,0.0,0.0,0.0,0.0,0.0,2.0,4.0,4.0,4.0,4.0,4.0,4.0,4.0,2.0,0.0,0.0,6.0,10.0,18.0,16.0,12.0,8.0,10.0,8.0,8.0,8.0,8.0,6.0,6.0,6.0,6.0,6.0,6.0,6.0,6.0,6.0,0.0,0.0
2024-05-10,0.0,0.0,0.0,0.0,0.0,0.0,0.0,0.0,0.0,0.0,0.0,0.0,0.0,0.0,0.0,0.0,0.0,0.0,0.0,0.0,0.0,0.0,0.0,0.0,0.0,0.0,2.0,0.0,0.0,0.0,0.0,0.0,0.0,0.0,0.0,0.0,0.0,2.0,0.0,0.0,0.0,0.0,2.0,2.0,2.0,2.0,2.0,2.0,2.0,2.0,2.0,6.0,6.0,6.0,6.0,6.0,6.0,6.0,6.0,6.0,6.0,6.0,12.0,20.0,22.0,24.0,22.0,22.0,18.0,14.0,10.0,6.0,6.0,10.0,8.0,4.0,16.0,18.0,12.0,12.0,10.0,10.0,10.0,14.0,14.0,14.0,14.0,14.0,14.0,14.0,14.0,14.0,10.0,12.0,12.0,2.0
2024-05-11,2.0,2.0,2.0,2.0,2.0,2.0,0.0,0.0,0.0,0.0,0.0,0.0,0.0,0.0,0.0,0.0,0.0,0.0,0.0,0.0,0.0,0.0,0.0,0.0,0.0,0.0,14.0,16.0,14.0,16.0,16.0,14.0,14.0,14.0,14.0,10.0,10.0,10.0,6.0,4.0,2.0,2.0,6.0,4.0,4.0,4.0,4.0,2.0,2.0,4.0,8.0,8.0,8.0,4.0,4.0,4.0,4.0,2.0,2.0,2.0,2.0,0.0,2.0,2.0,2.0,4.0,4.0,4.0,4.0,4.0,0.0,0.0,0.0,2.0,4.0,12.0,6.0,10.0,10.0,10.0,10.0,12.0,12.0,12.0,2.0,0.0,0.0,0.0,0.0,0.0,0.0,0.0,0.0,0.0,0.0,0.0
2024-05-12,0.0,0.0,0.0,0.0,0.0,0.0,0.0,0.0,0.0,0.0,0.0,0.0,0.0,0.0,0.0,0.0,0.0,0.0,0.0,0.0,0.0,0.0,0.0,0.0,0.0,0.0,0.0,0.0,0.0,0.0,0.0,0.0,0.0,0.0,0.0,4.0,6.0,4.0,4.0,4.0,6.0,6.0,6.0,8.0,8.0,8.0,8.0,8.0,6.0,6.0,2.0,2.0,2.0,2.0,2.0,6.0,6.0,4.0,2.0,4.0,4.0,4.0,2.0,0.0,0.0,4.0,4.0,4.0,4.0,4.0,4.0,4.0,4.0,4.0,2.0,0.0,0.0,12.0,10.0,10.0,10.0,10.0,6.0,0.0,4.0,4.0,2.0,2.0,2.0,0.0,0.0,0.0,0.0,0.0,0.0,0.0
2024-05-13,0.0,0.0,0.0,0.0,0.0,0.0,0.0,0.0,0.0,0.0,0.0,0.0,0.0,0.0,0.0,0.0,0.0,0.0,0.0,0.0,0.0,0.0,0.0,0.0,0.0,0.0,0.0,0.0,0.0,0.0,0.0,0.0,0.0,0.0,0.0,0.0,0.0,0.0,0.0,0.0,0.0,0.0,0.0,0.0,0.0,0.0,0.0,0.0,0.0,0.0,0.0,0.0,0.0,0.0,0.0,2.0,2.0,2.0,2.0,2.0,2.0,2.0,2.0,2.0,4.0,4.0,4.0,4.0,2.0,0.0,0.0,0.0,0.0,2.0,2.0,4.0,14.0,14.0,12.0,18.0,18.0,18.0,18.0,16.0,10.0,10.0,10.0,10.0,8.0,8.0,10.0,10.0,10.0,8.0,6.0,4.0
2024-05-14,2.0,2.0,1.0,0.0,0.0,0.0,0.0,0.0,0.0,0.0,0.0,0.0,0.0,0.0,0.0,0.0,0.0,0.0,0.0,0.0,0.0,0.0,0.0,0.0,0.0,0.0,0.0,0.0,0.0,0.0,0.0,0.0,0.0,0.0,0.0,0.0,14.0,14.0,18.0,22.0,24.0,24.0,24.0,24.0,20.0,14.0,10.0,14.0,16.0,16.0,16.0,16.0,14.0,12.0,10.0,8.0,8.0,8.0,8.0,6.0,6.0,2.0,4.0,6.0,8.0,10.0,8.0,8.0,8.0,8.0,4.0,4.0,4.0,4.0,4.0,12.0,14.0,20.0,16.0,14.0,4.0,4.0,4.0,0.0,0.0,0.0,0.0,0.0,0.0,0.0,0.0,0.0,0.0,0.0,0.0,4.0
2024-05-15,8.0,9.0,10.0,10.0,8.0,6.0,6.0,6.0,6.0,2.0,2.0,2.0,2.0,2.0,2.0,2.0,2.0,2.0,2.0,2.0,2.0,0.0,0.0,0.0,0.0,0.0,0.0,0.0,0.0,0.0,0.0,0.0,0.0,0.0,0.0,0.0,0.0,0.0,0.0,0.0,0.0,0.0,8.0,8.0,8.0,10.0,10.0,8.0,18.0,20.0,20.0,20.0,16.0,10.0,6.0,8.0,8.0,8.0,8.0,8.0,8.0,8.0,4.0,4.0,8.0,14.0,14.0,14.0,12.0,8.0,10.0,8.0,8.0,6.0,6.0,4.0,12.0,14.0,10.0,4.0,0.0,0.0,0.0,0.0,10.0,10.0,14.0,12.0,12.0,12.0,4.0,4.0,4.0,2.0,4.0,4.0
2024-05-16,4.0,0.0,0.0,0.0,0.0,0.0,0.0,0.0,0.0,0.0,0.0,0.0,0.0,0.0,0.0,0.0,0.0,0.0,0.0,0.0,0.0,0.0,0.0,0.0,0.0,0.0,0.0,0.0,0.0,0.0,0.0,0.0,0.0,0.0,0.0,2.0,2.0,6.0,6.0,8.0,10.0,12.0,12.0,12.0,12.0,10.0,6.0,8.0,12.0,4.0,0.0,0.0,0.0,0.0,0.0,0.0,0.0,6.0,4.0,4.0,4.0,4.0,4.0,4.0,4.0,2.0,2.0,2.0,0.0,0.0,0.0,0.0,6.0,8.0,8.0,16.0,6.0,2.0,0.0,2.0,2.0,2.0,0.0,0.0,0.0,0.0,2.0,6.0,6.0,6.0,6.0,6.0,2.0,0.0,0.0,0.0
2024-05-17,2.0,2.0,0.0,0.0,0.0,0.0,0.0,0.0,0.0,0.0,0.0,0.0,0.0,0.0,0.0,0.0,0.0,0.0,0.0,0.0,0.0,0.0,0.0,0.0,0.0,0.0,0.0,0.0,0.0,0.0,0.0,0.0,0.0,2.0,4.0,10.0,10.0,10.0,8.0,12.0,10.0,10.0,10.0,10.0,12.0,14.0,14.0,14.0,16.0,14.0,12.0,10.0,6.0,4.0,6.0,4.0,4.0,4.0,4.0,6.0,4.0,6.0,6.0,6.0,6.0,6.0,4.0,4.0,4.0,4.0,4.0,4.0,4.0,4.0,4.0,12.0,14.0,16.0,14.0,12.0,12.0,12.0,8.0,0.0,0.0,0.0,0.0,0.0,0.0,0.0,0.0,0.0,0.0,0.0,0.0,0.0
2024-05-19,0.0,0.0,0.0,0.0,0.0,0.0,0.0,0.0,0.0,0.0,0.0,0.0,0.0,0.0,0.0,0.0,0.0,0.0,0.0,0.0,0.0,0.0,0.0,0.0,0.0,0.0,0.0,0.0,0.0,0.0,0.0,0.0,0.0,0.0,0.0,0.0,0.0,0.0,0.0,0.0,0.0,0.0,0.0,0.0,0.0,0.0,0.0,0.0,0.0,2.0,8.0,8.0,8.0,8.0,8.0,8.0,6.0,4.0,4.0,4.0,0.0,0.0,0.0,0.0,2.0,2.0,2.0,2.0,2.0,2.0,2.0,2.0,2.0,0.0,0.0,0.0,6.0,12.0,12.0,10.0,10.0,14.0,14.0,14.0,14.0,14.0,14.0,14.0,14.0,14.0,14.0,16.0,20.0,22.0,18.0,18.0
2024-05-20,12.0,10.0,10.0,10.0,10.0,10.0,10.0,10.0,10.0,10.0,10.0,10.0,10.0,10.0,10.0,10.0,10.0,10.0,10.0,10.0,10.0,10.0,10.0,10.0,10.0,4.0,0.0,0.0,2.0,2.0,2.0,2.0,2.0,2.0,2.0,2.0,2.0,2.0,2.0,2.0,2.0,2.0,2.0,2.0,2.0,2.0,2.0,2.0,2.0,2.0,2.0,2.0,2.0,2.0,2.0,16.0,18.0,18.0,18.0,18.0,18.0,18.0,18.0,16.0,14.0,12.0,0.0,0.0,0.0,0.0,0.0,0.0,0.0,0.0,0.0,4.0,12.0,10.0,16.0,18.0,24.0,26.0,26.0,26.0,22.0,20.0,20.0,20.0,22.0,22.0,18.0,16.0,14.0,14.0,12.0,12.0
2024-05-21,12.0,12.0,12.0,10.0,10.0,10.0,10.0,10.0,10.0,10.0,10.0,10.0,10.0,10.0,10.0,10.0,10.0,10.0,10.0,12.0,16.0,16.0,16.0,16.0,12.0,4.0,8.0,4.0,6.0,2.0,0.0,0.0,0.0,0.0,0.0,2.0,2.0,4.0,0.0,0.0,0.0,0.0,0.0,0.0,0.0,0.0,0.0,0.0,2.0,4.0,4.0,4.0,4.0,4.0,4.0,6.0,10.0,6.0,4.0,4.0,4.0,6.0,8.0,8.0,6.0,6.0,4.0,4.0,4.0,4.0,8.0,10.0,10.0,10.0,12.0,8.0,2.0,8.0,12.0,10.0,10.0,10.0,10.0,12.0,10.0,10.0,10.0,10.0,10.0,12.0,12.0,12.0,12.0,14.0,14.0,14.0
2024-05-22,14.0,12.0,12.0,12.0,12.0,12.0,10.0,10.0,10.0,10.0,10.0,10.0,10.0,10.0,10.0,10.0,10.0,10.0,10.0,10.0,10.0,10.0,10.0,10.0,10.0,10.0,10.0,10.0,10.0,10.0,12.0,12.0,10.0,10.0,10.0,2.0,0.0,0.0,0.0,0.0,0.0,0.0,0.0,0.0,0.0,0.0,0.0,0.0,0.0,0.0,0.0,0.0,0.0,0.0,0.0,0.0,4.0,4.0,4.0,4.0,6.0,6.0,6.0,6.0,6.0,2.0,0.0,2.0,2.0,2.0,6.0,2.0,0.0,2.0,2.0,6.0,16.0,14.0,14.0,14.0,12.0,12.0,12.0,14.0,16.0,16.0,16.0,16.0,20.0,18.0,14.0,13.0,12.0,12.0,12.0,12.0
2024-05-23,10.0,10.0,10.0,10.0,10.0,10.0,10.0,10.0,10.0,10.0,10.0,10.0,10.0,10.0,10.0,10.0,10.0,10.0,10.0,10.0,10.0,10.0,10.0,10.0,10.0,10.0,10.0,0.0,0.0,2.0,2.0,2.0,0.0,0.0,0.0,0.0,0.0,0.0,0.0,0.0,0.0,0.0,4.0,4.0,4.0,4.0,4.0,4.0,4.0,4.0,6.0,8.0,6.0,4.0,4.0,4.0,4.0,4.0,4.0,4.0,4.0,0.0,0.0,0.0,0.0,0.0,0.0,0.0,0.0,0.0,0.0,0.0,2.0,2.0,2.0,0.0,8.0,14.0,12.0,10.0,0.0,0.0,0.0,4.0,14.0,12.0,12.0,12.0,12.0,10.0,10.0,10.0,10.0,10.0,10.0,10.0
2024-05-24,10.0,10.0,10.0,10.0,10.0,10.0,10.0,10.0,10.0,10.0,10.0,10.0,10.0,10.0,10.0,10.0,10.0,10.0,10.0,10.0,10.0,10.0,10.0,10.0,10.0,10.0,10.0,2.0,0.0,2.0,2.0,2.0,2.0,2.0,2.0,2.0,0.0,0.0,0.0,0.0,0.0,0.0,0.0,0.0,0.0,0.0,0.0,2.0,2.0,2.0,2.0,0.0,2.0,2.0,10.0,12.0,12.0,14.0,14.0,12.0,12.0,8.0,8.0,6.0,6.0,8.0,10.0,10.0,8.0,8.0,8.0,12.0,12.0,12.0,10.0,8.0,14.0,4.0,6.0,4.0,4.0,12.0,16.0,16.0,14.0,12.0,10.0,10.0,10.0,10.0,10.0,10.0,10.0,16.0,26.0,24.0
2024-05-25,24.0,26.0,24.0,26.0,26.0,26.0,26.0,22.0,16.0,16.0,16.0,16.0,14.0,14.0,12.0,12.0,12.0,12.0,12.0,12.0,12.0,12.0,12.0,12.0,12.0,12.0,12.0,16.0,16.0,4.0,2.0,0.0,0.0,0.0,2.0,10.0,12.0,12.0,10.0,6.0,4.0,0.0,0.0,0.0,0.0,0.0,0.0,0.0,0.0,0.0,0.0,0.0,0.0,0.0,0.0,0.0,0.0,0.0,0.0,0.0,2.0,4.0,4.0,4.0,4.0,6.0,8.0,2.0,0.0,0.0,0.0,0.0,0.0,0.0,0.0,0.0,0.0,2.0,0.0,0.0,10.0,10.0,10.0,14.0,14.0,14.0,14.0,14.0,10.0,10.0,10.0,10.0,12.0,18.0,18.0,20.0
2024-05-26,14.0,14.0,14.0,14.0,14.0,14.0,12.0,10.0,10.0,10.0,10.0,10.0,10.0,10.0,10.0,10.0,10.0,10.0,10.0,10.0,10.0,10.0,10.0,10.0,10.0,10.0,4.0,0.0,0.0,0.0,0.0,0.0,2.0,4.0,4.0,4.0,4.0,4.0,4.0,2.0,0.0,0.0,0.0,0.0,0.0,0.0,0.0,0.0,0.0,0.0,0.0,4.0,4.0,4.0,4.0,8.0,8.0,8.0,8.0,8.0,12.0,12.0,12.0,10.0,10.0,10.0,8.0,8.0,8.0,8.0,8.0,6.0,6.0,4.0,8.0,8.0,16.0,20.0,14.0,14.0,14.0,14.0,14.0,14.0,18.0,20.0,18.0,14.0,14.0,10.0,10.0,10.0,14.0,26.0,28.0,28.0
2024-05-27,24.0,22.0,20.0,20.0,20.0,18.0,14.0,10.0,10.0,10.0,10.0,10.0,10.0,10.0,10.0,10.0,10.0,10.0,10.0,10.0,10.0,10.0,10.0,10.0,10.0,10.0,4.0,0.0,0.0,0.0,0.0,0.0,0.0,0.0,0.0,0.0,0.0,0.0,8.0,12.0,12.0,12.0,16.0,16.0,18.0,18.0,14.0,12.0,10.0,10.0,6.0,6.0,8.0,8.0,6.0,6.0,4.0,4.0,4.0,8.0,4.0,4.0,4.0,6.0,8.0,6.0,4.0,4.0,4.0,4.0,8.0,6.0,6.0,4.0,4.0,2.0,10.0,10.0,16.0,18.0,18.0,18.0,18.0,18.0,18.0,18.0,12.0,12.0,12.0,12.0,12.0,14.0,18.0,20.0,22.0,22.0
2024-05-28,22.0,22.0,22.0,22.0,22.0,22.0,20.0,16.0,14.0,12.0,12.0,12.0,12.0,12.0,12.0,12.0,12.0,12.0,12.0,12.0,12.0,12.0,12.0,12.0,10.0,10.0,6.0,0.0,0.0,0.0,0.0,0.0,0.0,0.0,0.0,0.0,0.0,0.0,0.0,0.0,0.0,0.0,0.0,0.0,0.0,0.0,0.0,0.0,0.0,0.0,0.0,0.0,0.0,2.0,2.0,2.0,2.0,2.0,2.0,2.0,0.0,0.0,0.0,0.0,0.0,0.0,0.0,0.0,0.0,0.0,0.0,0.0,0.0,0.0,0.0,0.0,10.0,10.0,10.0,10.0,10.0,10.0,10.0,10.0,10.0,10.0,10.0,10.0,10.0,10.0,10.0,10.0,10.0,10.0,10.0,10.0
2024-05-29,10.0,10.0,10.0,10.0,10.0,10.0,10.0,10.0,10.0,10.0,10.0,10.0,10.0,10.0,10.0,10.0,10.0,10.0,10.0,10.0,10.0,10.0,10.0,10.0,10.0,10.0,4.0,0.0,0.0,0.0,0.0,0.0,0.0,0.0,0.0,0.0,0.0,0.0,0.0,0.0,4.0,8.0,10.0,10.0,8.0,6.0,6.0,4.0,4.0,4.0,2.0,0.0,2.0,2.0,4.0,4.0,4.0,6.0,6.0,6.0,6.0,6.0,6.0,8.0,8.0,10.0,10.0,10.0,10.0,10.0,10.0,8.0,8.0,8.0,6.0,4.0,11.0,18.0,16.0,16.0,16.0,16.0,16.0,14.0,12.0,12.0,14.0,14.0,14.0,14.0,14.0,14.0,16.0,18.0,18.0,18.0
2024-05-30,18.0,18.0,18.0,14.0,14.0,14.0,14.0,12.0,12.0,12.0,12.0,12.0,12.0,12.0,12.0,12.0,12.0,12.0,12.0,12.0,12.0,12.0,12.0,12.0,10.0,8.0,2.0,4.0,4.0,4.0,4.0,4.0,4.0,4.0,2.0,2.0,0.0,0.0,0.0,0.0,0.0,0.0,0.0,0.0,0.0,0.0,0.0,0.0,0.0,0.0,0.0,6.0,10.0,12.0,10.0,8.0,6.0,4.0,4.0,4.0,4.0,4.0,4.0,4.0,4.0,4.0,4.0,2.0,2.0,8.0,6.0,6.0,4.0,0.0,0.0,2.0,14.0,12.0,12.0,12.0,12.0,12.0,12.0,10.0,10.0,10.0,10.0,10.0,10.0,10.0,10.0,10.0,10.0,10.0,12.0,10.0
2024-05-31,10.0,10.0,10.0,10.0,10.0,10.0,10.0,10.0,10.0,10.0,10.0,10.0,10.0,10.0,10.0,10.0,10.0,10.0,10.0,10.0,10.0,10.0,10.0,10.0,10.0,10.0,4.0,0.0,0.0,2.0,2.0,0.0,0.0,0.0,0.0,4.0,4.0,4.0,4.0,4.0,4.0,4.0,4.0,4.0,4.0,4.0,4.0,4.0,4.0,4.0,2.0,2.0,0.0,0.0,0.0,0.0,0.0,0.0,0.0,0.0,0.0,0.0,0.0,0.0,0.0,0.0,2.0,2.0,2.0,2.0,2.0,2.0,2.0,2.0,0.0,0.0,4.0,12.0,10.0,10.0,10.0,10.0,10.0,10.0,10.0,10.0,10.0,12.0,10.0,14.0,18.0,18.0,18.0,18.0,18.0,18.0
2024-06-01,18.0,18.0,18.0,18.0,18.0,18.0,18.0,18.0,18.0,18.0,18.0,18.0,18.0,18.0,18.0,18.0,18.0,16.0,16.0,16.0,14.0,14.0,14.0,14.0,14.0,14.0,12.0,8.0,2.0,0.0,0.0,2.0,2.0,2.0,0.0,0.0,0.0,0.0,2.0,2.0,2.0,2.0,2.0,2.0,0.0,0.0,0.0,0.0,0.0,0.0,0.0,0.0,0.0,0.0,0.0,2.0,0.0,0.0,0.0,0.0,8.0,12.0,14.0,14.0,14.0,14.0,14.0,12.0,8.0,6.0,6.0,6.0,4.0,4.0,4.0,6.0,12.0,18.0,14.0,10.0,10.0,10.0,10.0,10.0,10.0,10.0,10.0,10.0,10.0,10.0,20.0,20.0,20.0,20.0,20.0,20.0
2024-06-02,18.0,16.0,14.0,14.0,12.0,12.0,12.0,12.0,14.0,12.0,12.0,12.0,12.0,12.0,12.0,14.0,14.0,14.0,14.0,12.0,12.0,12.0,12.0,12.0,12.0,10.0,4.0,12.0,12.0,2.0,0.0,6.0,14.0,2.0,0.0,0.0,0.0,0.0,0.0,0.0,0.0,0.0,0.0,0.0,0.0,6.0,12.0,14.0,14.0,14.0,14.0,14.0,14.0,14.0,20.0,24.0,18.0,20.0,22.0,18.0,18.0,16.0,18.0,16.0,10.0,8.0,6.0,6.0,6.0,4.0,0.0,0.0,0.0,2.0,8.0,8.0,16.0,22.0,20.0,16.0,16.0,18.0,18.0,16.0,20.0,20.0,18.0,18.0,22.0,22.0,22.0,22.0,22.0,22.0,24.0,24.0
2024-06-03,24.0,24.0,24.0,24.0,22.0,18.0,18.0,16.0,14.0,14.0,13.0,12.0,10.0,10.0,10.0,10.0,10.0,0.0,0.0,0.0,0.0,0.0,0.0,0.0,0.0,0.0,0.0,0.0,0.0,0.0,0.0,0.0,0.0,0.0,0.0,0.0,0.0,0.0,0.0,0.0,0.0,0.0,0.0,0.0,0.0,0.0,0.0,0.0,0.0,0.0,0.0,0.0,0.0,8.0,16.0,16.0,18.0,18.0,18.0,16.0,14.0,14.0,14.0,18.0,20.0,12.0,10.0,8.0,8.0,6.0,8.0,10.0,8.0,8.0,12.0,16.0,26.0,20.0,6.0,2.0,0.0,12.0,14.0,14.0,14.0,14.0,14.0,14.0,14.0,12.0,12.0,12.0,12.0,12.0,12.0,12.0
2024-06-04,10.0,10.0,10.0,10.0,10.0,10.0,10.0,10.0,10.0,10.0,10.0,10.0,10.0,10.0,10.0,10.0,10.0,10.0,10.0,10.0,10.0,10.0,10.0,10.0,10.0,10.0,6.0,0.0,6.0,2.0,4.0,2.0,2.0,2.0,2.0,2.0,2.0,2.0,2.0,0.0,2.0,2.0,2.0,0.0,4.0,6.0,6.0,12.0,14.0,14.0,16.0,18.0,18.0,20.0,18.0,18.0,18.0,12.0,10.0,6.0,8.0,8.0,6.0,6.0,6.0,4.0,4.0,10.0,9.0,8.0,10.0,12.0,6.0,6.0,6.0,10.0,11.0,12.0,10.0,12.0,12.0,12.0,10.0,10.0,10.0,10.0,10.0,10.0,10.0,10.0,10.0,10.0,10.0,10.0,10.0,10.0
2024-06-05,10.0,10.0,10.0,10.0,10.0,10.0,10.0,10.0,10.0,10.0,10.0,10.0,10.0,10.0,10.0,10.0,10.0,10.0,10.0,10.0,10.0,10.0,10.0,10.0,10.0,10.0,10.0,4.0,4.0,6.0,6.0,6.0,6.0,6.0,6.0,2.0,0.0,0.0,0.0,4.0,4.0,4.0,4.0,2.0,0.0,0.0,0.0,0.0,0.0,0.0,0.0,0.0,0.0,0.0,0.0,0.0,0.0,0.0,0.0,0.0,0.0,0.0,0.0,0.0,0.0,2.0,4.0,4.0,4.0,4.0,4.0,4.0,4.0,0.0,0.0,0.0,2.0,4.0,0.0,8.0,14.0,10.0,10.0,10.0,10.0,10.0,10.0,10.0,10.0,10.0,10.0,10.0,10.0,10.0,10.0,10.0
2024-06-06,10.0,10.0,10.0,10.0,10.0,10.0,10.0,10.0,10.0,10.0,10.0,10.0,10.0,12.0,12.0,12.0,12.0,10.0,10.0,10.0,10.0,10.0,10.0,10.0,10.0,10.0,10.0,4.0,2.0,4.0,4.0,4.0,4.0,4.0,4.0,2.0,2.0,0.0,14.0,18.0,18.0,18.0,18.0,16.0,8.0,8.0,4.0,4.0,4.0,4.0,4.0,6.0,4.0,4.0,4.0,4.0,4.0,4.0,4.0,4.0,4.0,4.0,4.0,4.0,4.0,12.0,18.0,14.0,12.0,12.0,4.0,8.0,12.0,12.0,12.0,12.0,12.0,10.0,10.0,10.0,10.0,10.0,10.0,10.0,10.0,10.0,10.0,10.0,10.0,10.0,10.0,10.0,10.0,10.0,10.0,10.0
2024-06-07,12.0,12.0,12.0,12.0,10.0,10.0,10.0,10.0,10.0,10.0,10.0,10.0,10.0,10.0,10.0,10.0,10.0,10.0,10.0,10.0,10.0,10.0,10.0,10.0,10.0,10.0,10.0,8.0,0.0,0.0,0.0,0.0,0.0,4.0,4.0,4.0,4.0,4.0,4.0,4.0,4.0,4.0,0.0,0.0,0.0,0.0,16.0,16.0,14.0,14.0,12.0,10.0,10.0,12.0,10.0,10.0,10.0,10.0,10.0,8.0,4.0,0.0,0.0,0.0,0.0,0.0,0.0,0.0,0.0,0.0,0.0,0.0,0.0,0.0,0.0,2.0,12.0,10.0,10.0,10.0,10.0,10.0,10.0,10.0,10.0,10.0,10.0,10.0,10.0,10.0,10.0,10.0,10.0,10.0,10.0,10.0
2024-06-08,10.0,10.0,10.0,12.0,12.0,12.0,12.0,12.0,12.0,10.0,10.0,10.0,10.0,10.0,10.0,10.0,10.0,10.0,10.0,10.0,10.0,10.0,10.0,10.0,10.0,10.0,2.0,0.0,0.0,0.0,0.0,0.0,0.0,0.0,0.0,0.0,0.0,0.0,0.0,0.0,0.0,0.0,2.0,2.0,2.0,2.0,2.0,2.0,2.0,0.0,0.0,0.0,4.0,4.0,4.0,4.0,4.0,18.0,18.0,18.0,18.0,14.0,14.0,12.0,8.0,6.0,2.0,2.0,4.0,4.0,4.0,4.0,4.0,4.0,4.0,6.0,16.0,14.0,14.0,12.0,12.0,10.0,10.0,10.0,10.0,10.0,10.0,10.0,10.0,10.0,10.0,10.0,10.0,10.0,10.0,10.0
2024-06-09,10.0,10.0,10.0,10.0,10.0,10.0,10.0,10.0,10.0,10.0,10.0,10.0,10.0,10.0,10.0,10.0,10.0,10.0,10.0,10.0,10.0,10.0,10.0,10.0,10.0,10.0,10.0,2.0,2.0,2.0,0.0,0.0,0.0,0.0,0.0,4.0,2.0,6.0,4.0,4.0,4.0,4.0,4.0,4.0,2.0,0.0,0.0,0.0,0.0,0.0,0.0,0.0,0.0,0.0,0.0,0.0,0.0,0.0,0.0,0.0,0.0,0.0,0.0,0.0,0.0,0.0,0.0,0.0,0.0,0.0,2.0,0.0,0.0,0.0,0.0,0.0,6.0,12.0,10.0,14.0,14.0,14.0,14.0,16.0,16.0,14.0,14.0,14.0,14.0,14.0,14.0,14.0,14.0,14.0,12.0,12.0
2024-06-10,12.0,12.0,12.0,12.0,12.0,12.0,12.0,14.0,14.0,14.0,14.0,14.0,12.0,12.0,12.0,10.0,10.0,10.0,10.0,10.0,10.0,10.0,10.0,10.0,10.0,10.0,12.0,14.0,6.0,4.0,4.0,6.0,4.0,4.0,4.0,6.0,6.0,6.0,6.0,4.0,4.0,2.0,2.0,2.0,0.0,0.0,0.0,0.0,0.0,0.0,0.0,0.0,0.0,0.0,0.0,0.0,4.0,4.0,4.0,4.0,4.0,4.0,8.0,10.0,8.0,8.0,8.0,10.0,4.0,4.0,4.0,0.0,2.0,4.0,4.0,6.0,18.0,14.0,10.0,10.0,12.0,14.0,14.0,14.0,16.0,14.0,12.0,12.0,12.0,12.0,12.0,12.0,12.0,12.0,10.0,12.0
2024-06-11,14.0,14.0,14.0,14.0,14.0,12.0,10.0,10.0,10.0,10.0,10.0,10.0,10.0,10.0,10.0,10.0,10.0,10.0,10.0,10.0,10.0,10.0,10.0,10.0,10.0,10.0,6.0,0.0,0.0,0.0,0.0,0.0,0.0,0.0,4.0,8.0,8.0,8.0,8.0,6.0,6.0,6.0,2.0,0.0,0.0,2.0,0.0,0.0,0.0,0.0,0.0,0.0,0.0,0.0,0.0,0.0,0.0,0.0,0.0,2.0,4.0,6.0,10.0,10.0,10.0,10.0,10.0,10.0,10.0,10.0,2.0,0.0,4.0,2.0,14.0,10.0,10.0,12.0,10.0,10.0,10.0,10.0,10.0,10.0,10.0,10.0,12.0,10.0,10.0,10.0,10.0,10.0,10.0,10.0,10.0,10.0
2024-06-12,10.0,10.0,10.0,10.0,10.0,10.0,10.0,10.0,10.0,10.0,10.0,10.0,10.0,10.0,10.0,10.0,10.0,10.0,10.0,10.0,10.0,10.0,10.0,10.0,10.0,10.0,10.0,10.0,0.0,0.0,0.0,2.0,2.0,2.0,2.0,2.0,0.0,0.0,0.0,0.0,0.0,0.0,6.0,10.0,10.0,10.0,12.0,8.0,4.0,6.0,6.0,6.0,6.0,2.0,2.0,2.0,2.0,0.0,6.0,6.0,6.0,6.0,6.0,6.0,6.0,6.0,6.0,4.0,4.0,2.0,0.0,0.0,0.0,0.0,0.0,0.0,4.0,12.0,10.0,10.0,10.0,10.0,12.0,14.0,12.0,12.0,12.0,12.0,12.0,10.0,12.0,12.0,12.0,12.0,14.0,14.0
2024-06-13,12.0,12.0,12.0,12.0,10.0,10.0,10.0,10.0,10.0,12.0,12.0,12.0,12.0,12.0,12.0,14.0,14.0,14.0,14.0,14.0,14.0,14.0,14.0,14.0,14.0,14.0,2.0,2.0,0.0,0.0,0.0,0.0,0.0,0.0,0.0,0.0,0.0,6.0,8.0,6.0,0.0,0.0,0.0,6.0,8.0,8.0,10.0,10.0,6.0,4.0,4.0,2.0,0.0,0.0,0.0,0.0,0.0,0.0,0.0,0.0,0.0,0.0,0.0,0.0,0.0,0.0,0.0,0.0,0.0,0.0,0.0,0.0,0.0,0.0,0.0,0.0,0.0,4.0,10.0,10.0,10.0,10.0,10.0,10.0,12.0,10.0,10.0,12.0,10.0,10.0,14.0,14.0,12.0,12.0,12.0,12.0
2024-06-14,12.0,12.0,12.0,12.0,12.0,12.0,12.0,12.0,12.0,12.0,12.0,12.0,12.0,10.0,10.0,10.0,10.0,10.0,10.0,10.0,10.0,10.0,10.0,10.0,10.0,10.0,0.0,0.0,0.0,0.0,0.0,0.0,0.0,0.0,0.0,4.0,4.0,4.0,4.0,4.0,4.0,4.0,4.0,2.0,0.0,0.0,0.0,0.0,0.0,0.0,0.0,0.0,0.0,0.0,0.0,0.0,0.0,0.0,0.0,0.0,0.0,0.0,0.0,0.0,0.0,0.0,0.0,0.0,0.0,0.0,0.0,0.0,0.0,2.0,6.0,8.0,6.0,12.0,10.0,10.0,10.0,10.0,10.0,10.0,10.0,10.0,10.0,10.0,10.0,10.0,10.0,10.0,10.0,10.0,10.0,10.0
2024-06-15,10.0,10.0,10.0,10.0,12.0,12.0,12.0,12.0,12.0,12.0,12.0,12.0,10.0,12.0,12.0,10.0,10.0,10.0,10.0,10.0,10.0,10.0,10.0,10.0,12.0,12.0,12.0,12.0,6.0,0.0,0.0,0.0,0.0,0.0,0.0,0.0,0.0,0.0,0.0,0.0,0.0,4.0,4.0,6.0,6.0,0.0,0.0,0.0,0.0,0.0,0.0,0.0,0.0,0.0,2.0,6.0,6.0,6.0,6.0,6.0,6.0,6.0,6.0,4.0,0.0,0.0,0.0,0.0,0.0,2.0,2.0,2.0,2.0,2.0,2.0,8.0,12.0,10.0,12.0,14.0,16.0,14.0,14.0,14.0,14.0,10.0,10.0,10.0,10.0,10.0,10.0,10.0,12.0,12.0,10.0,10.0
2024-06-16,10.0,12.0,12.0,12.0,10.0,10.0,10.0,10.0,10.0,10.0,10.0,10.0,10.0,10.0,10.0,10.0,10.0,10.0,10.0,10.0,10.0,10.0,10.0,10.0,10.0,10.0,10.0,4.0,0.0,0.0,0.0,0.0,0.0,0.0,0.0,0.0,0.0,0.0,0.0,0.0,0.0,0.0,0.0,0.0,0.0,0.0,0.0,0.0,0.0,0.0,0.0,0.0,0.0,0.0,0.0,0.0,0.0,0.0,0.0,0.0,0.0,0.0,2.0,2.0,2.0,2.0,2.0,2.0,2.0,2.0,2.0,2.0,2.0,0.0,2.0,0.0,2.0,12.0,10.0,10.0,12.0,14.0,14.0,14.0,12.0,12.0,12.0,12.0,10.0,10.0,10.0,10.0,10.0,10.0,10.0,10.0
2024-06-17,10.0,10.0,10.0,10.0,10.0,10.0,10.0,10.0,10.0,10.0,10.0,10.0,10.0,10.0,10.0,10.0,10.0,10.0,10.0,10.0,10.0,10.0,10.0,10.0,10.0,10.0,10.0,10.0,2.0,10.0,0.0,0.0,0.0,0.0,0.0,2.0,7.0,12.0,14.0,14.0,14.0,14.0,6.0,4.0,4.0,4.0,4.0,10.0,12.0,12.0,12.0,8.0,6.0,8.0,6.0,8.0,8.0,8.0,8.0,4.0,2.0,2.0,2.0,2.0,2.0,2.0,2.0,6.0,6.0,6.0,6.0,6.0,8.0,8.0,4.0,4.0,14.0,14.0,12.0,10.0,10.0,10.0,10.0,10.0,10.0,10.0,12.0,10.0,10.0,10.0,10.0,10.0,10.0,10.0,10.0,10.0
2024-06-18,10.0,10.0,10.0,12.0,12.0,12.0,12.0,10.0,10.0,10.0,10.0,10.0,10.0,10.0,10.0,10.0,10.0,10.0,12.0,10.0,10.0,10.0,10.0,10.0,10.0,10.0,10.0,10.0,0.0,0.0,0.0,0.0,0.0,4.0,4.0,4.0,4.0,4.0,4.0,6.0,12.0,8.0,14.0,16.0,20.0,16.0,8.0,0.0,0.0,0.0,0.0,0.0,0.0,0.0,0.0,0.0,0.0,0.0,0.0,0.0,0.0,0.0,0.0,0.0,0.0,0.0,0.0,0.0,0.0,0.0,0.0,0.0,0.0,0.0,0.0,10.0,2.0,10.0,14.0,12.0,12.0,14.0,20.0,30.0,32.0,28.0,26.0,26.0,26.0,20.0,20.0,18.0,16.0,16.0,14.0,12.0
2024-06-19,24.0,26.0,26.0,26.0,26.0,20.0,16.0,16.0,16.0,18.0,16.0,16.0,14.0,12.0,10.0,10.0,10.0,10.0,10.0,10.0,10.0,10.0,10.0,10.0,10.0,12.0,10.0,0.0,0.0,0.0,0.0,0.0,0.0,0.0,0.0,2.0,0.0,0.0,0.0,0.0,0.0,0.0,0.0,0.0,0.0,0.0,0.0,0.0,0.0,0.0,0.0,0.0,0.0,0.0,0.0,2.0,6.0,6.0,6.0,6.0,6.0,6.0,6.0,6.0,4.0,2.0,4.0,10.0,12.0,12.0,10.0,6.0,6.0,8.0,8.0,6.0,16.0,14.0,12.0,12.0,12.0,18.0,20.0,18.0,20.0,22.0,26.0,28.0,28.0,26.0,24.0,22.0,22.0,24.0,26.0,26.0
2024-06-20,24.0,24.0,24.0,24.0,22.0,20.0,20.0,18.0,18.0,12.0,12.0,12.0,12.0,12.0,12.0,12.0,12.0,12.0,12.0,12.0,12.0,12.0,10.0,10.0,10.0,10.0,6.0,0.0,0.0,2.0,0.0,0.0,0.0,0.0,0.0,0.0,0.0,0.0,0.0,0.0,2.0,2.0,2.0,0.0,0.0,0.0,0.0,0.0,0.0,0.0,0.0,0.0,0.0,0.0,0.0,0.0,0.0,0.0,0.0,0.0,0.0,0.0,0.0,0.0,0.0,0.0,0.0,0.0,0.0,0.0,0.0,0.0,0.0,0.0,0.0,2.0,0.0,12.0,12.0,14.0,10.0,10.0,10.0,10.0,10.0,10.0,10.0,10.0,10.0,10.0,10.0,10.0,10.0,10.0,10.0,10.0
2024-06-21,10.0,10.0,10.0,10.0,10.0,10.0,10.0,10.0,10.0,10.0,10.0,10.0,10.0,10.0,10.0,10.0,10.0,10.0,10.0,10.0,10.0,10.0,10.0,10.0,10.0,10.0,8.0,4.0,2.0,0.0,0.0,0.0,0.0,0.0,4.0,4.0,4.0,0.0,0.0,0.0,0.0,0.0,0.0,0.0,0.0,0.0,0.0,0.0,0.0,0.0,0.0,0.0,0.0,0.0,2.0,4.0,4.0,4.0,4.0,4.0,4.0,4.0,4.0,4.0,4.0,4.0,4.0,4.0,4.0,4.0,4.0,12.0,14.0,14.0,14.0,14.0,12.0,10.0,14.0,16.0,14.0,10.0,10.0,10.0,10.0,10.0,10.0,10.0,10.0,10.0,10.0,10.0,10.0,12.0,12.0,12.0
2024-06-22,12.0,12.0,12.0,12.0,12.0,10.0,10.0,10.0,10.0,10.0,10.0,10.0,10.0,10.0,10.0,10.0,10.0,10.0,10.0,10.0,10.0,10.0,10.0,10.0,10.0,10.0,5.0,0.0,0.0,0.0,0.0,0.0,0.0,0.0,0.0,2.0,2.0,2.0,6.0,12.0,12.0,12.0,12.0,12.0,6.0,4.0,0.0,0.0,0.0,0.0,0.0,0.0,0.0,0.0,0.0,0.0,0.0,2.0,8.0,10.0,12.0,14.0,10.0,8.0,6.0,4.0,4.0,4.0,0.0,0.0,0.0,0.0,4.0,8.0,8.0,12.0,12.0,24.0,24.0,26.0,24.0,14.0,14.0,14.0,14.0,16.0,16.0,16.0,16.0,14.0,16.0,14.0,16.0,16.0,14.0,14.0
2024-06-23,14.0,14.0,12.0,12.0,12.0,12.0,12.0,12.0,12.0,10.0,10.0,10.0,10.0,10.0,10.0,10.0,10.0,10.0,10.0,10.0,10.0,10.0,10.0,10.0,10.0,10.0,10.0,0.0,0.0,0.0,0.0,0.0,0.0,2.0,6.0,10.0,6.0,4.0,4.0,4.0,8.0,4.0,4.0,4.0,4.0,2.0,0.0,0.0,0.0,0.0,2.0,2.0,2.0,0.0,0.0,2.0,4.0,4.0,4.0,4.0,10.0,10.0,10.0,8.0,6.0,8.0,8.0,4.0,2.0,0.0,0.0,0.0,4.0,6.0,0.0,2.0,4.0,10.0,10.0,10.0,10.0,10.0,10.0,10.0,10.0,16.0,16.0,16.0,14.0,12.0,10.0,10.0,10.0,10.0,10.0,10.0
2024-06-24,10.0,10.0,10.0,10.0,10.0,10.0,10.0,10.0,10.0,10.0,10.0,10.0,12.0,12.0,12.0,12.0,12.0,12.0,12.0,12.0,10.0,10.0,10.0,10.0,10.0,10.0,10.0,2.0,0.0,0.0,0.0,0.0,0.0,0.0,0.0,0.0,0.0,0.0,0.0,0.0,4.0,4.0,6.0,6.0,6.0,6.0,2.0,0.0,0.0,0.0,0.0,0.0,0.0,2.0,2.0,2.0,2.0,2.0,2.0,2.0,4.0,4.0,4.0,2.0,2.0,2.0,2.0,2.0,2.0,4.0,8.0,8.0,8.0,18.0,20.0,16.0,16.0,12.0,16.0,20.0,16.0,10.0,10.0,10.0,12.0,14.0,14.0,14.0,14.0,10.0,10.0,10.0,10.0,10.0,10.0,10.0
2024-06-25,10.0,10.0,10.0,10.0,10.0,10.0,10.0,10.0,10.0,10.0,10.0,10.0,10.0,10.0,10.0,10.0,10.0,10.0,10.0,10.0,10.0,10.0,10.0,10.0,10.0,10.0,10.0,10.0,10.0,4.0,2.0,2.0,2.0,2.0,4.0,4.0,6.0,10.0,10.0,10.0,10.0,10.0,10.0,4.0,4.0,4.0,4.0,4.0,4.0,4.0,4.0,4.0,4.0,4.0,6.0,4.0,4.0,4.0,4.0,4.0,4.0,4.0,4.0,10.0,18.0,12.0,10.0,20.0,18.0,16.0,6.0,8.0,10.0,22.0,18.0,14.0,14.0,14.0,14.0,16.0,16.0,16.0,16.0,16.0,14.0,16.0,14.0,10.0,10.0,10.0,10.0,10.0,10.0,10.0,10.0,10.0
2024-06-26,10.0,10.0,10.0,10.0,10.0,10.0,10.0,10.0,10.0,10.0,10.0,10.0,10.0,10.0,10.0,10.0,10.0,10.0,10.0,10.0,10.0,10.0,10.0,10.0,10.0,10.0,10.0,10.0,10.0,10.0,8.0,0.0,0.0,0.0,0.0,0.0,0.0,0.0,2.0,4.0,4.0,4.0,4.0,4.0,8.0,8.0,10.0,14.0,14.0,12.0,12.0,10.0,8.0,10.0,8.0,8.0,6.0,8.0,8.0,10.0,10.0,10.0,16.0,16.0,20.0,22.0,20.0,18.0,14.0,10.0,10.0,10.0,10.0,10.0,10.0,10.0,18.0,24.0,16.0,10.0,10.0,10.0,10.0,10.0,10.0,10.0,10.0,10.0,10.0,10.0,10.0,10.0,10.0,10.0,10.0,10.0
2024-06-27,10.0,10.0,10.0,10.0,10.0,10.0,10.0,10.0,10.0,10.0,10.0,10.0,10.0,10.0,10.0,10.0,10.0,10.0,10.0,10.0,10.0,10.0,10.0,10.0,10.0,10.0,10.0,10.0,10.0,4.0,2.0,2.0,0.0,2.0,0.0,0.0,2.0,2.0,2.0,2.0,0.0,0.0,0.0,4.0,20.0,18.0,16.0,14.0,14.0,13.0,12.0,12.0,10.0,10.0,10.0,10.0,8.0,8.0,8.0,8.0,8.0,8.0,8.0,8.0,6.0,6.0,6.0,6.0,6.0,6.0,6.0,6.0,4.0,4.0,4.0,8.0,16.0,14.0,14.0,16.0,18.0,18.0,18.0,18.0,20.0,20.0,20.0,20.0,20.0,18.0,16.0,14.0,12.0,12.0,12.0,10.0
2024-06-28,10.0,10.0,10.0,10.0,10.0,10.0,10.0,10.0,10.0,10.0,10.0,10.0,10.0,10.0,10.0,10.0,10.0,10.0,10.0,10.0,10.0,10.0,10.0,10.0,10.0,10.0,10.0,2.0,0.0,0.0,0.0,0.0,0.0,0.0,0.0,0.0,0.0,0.0,0.0,0.0,0.0,0.0,2.0,6.0,2.0,0.0,2.0,8.0,10.0,10.0,9.0,8.0,8.0,4.0,4.0,4.0,4.0,4.0,4.0,4.0,8.0,9.0,10.0,4.0,2.0,2.0,2.0,2.0,4.0,2.0,2.0,2.0,2.0,0.0,2.0,2.0,10.0,12.0,12.0,12.0,12.0,10.0,10.0,10.0,10.0,10.0,10.0,10.0,12.0,26.0,28.0,28.0,28.0,28.0,26.0,24.0
2024-06-29,22.0,20.0,18.0,18.0,16.0,16.0,14.0,12.0,12.0,12.0,12.0,10.0,10.0,10.0,10.0,12.0,12.0,12.0,12.0,12.0,12.0,12.0,12.0,12.0,12.0,12.0,10.0,4.0,0.0,0.0,0.0,0.0,0.0,0.0,0.0,0.0,0.0,0.0,0.0,0.0,0.0,0.0,0.0,0.0,0.0,0.0,0.0,0.0,0.0,0.0,6.0,12.0,12.0,8.0,6.0,6.0,6.0,6.0,6.0,6.0,6.0,6.0,6.0,6.0,6.0,0.0,0.0,0.0,0.0,0.0,0.0,0.0,0.0,0.0,0.0,6.0,8.0,12.0,12.0,12.0,14.0,18.0,18.0,16.0,12.0,10.0,10.0,10.0,10.0,10.0,10.0,10.0,10.0,10.0,10.0,10.0
2024-06-30,10.0,10.0,10.0,10.0,10.0,10.0,10.0,10.0,10.0,10.0,10.0,10.0,10.0,10.0,10.0,10.0,10.0,10.0,10.0,10.0,10.0,10.0,10.0,10.0,10.0,10.0,6.0,0.0,0.0,0.0,0.0,0.0,0.0,0.0,0.0,0.0,0.0,0.0,0.0,0.0,0.0,0.0,0.0,0.0,0.0,0.0,6.0,8.0,2.0,0.0,0.0,0.0,0.0,0.0,0.0,0.0,0.0,0.0,0.0,0.0,0.0,0.0,0.0,0.0,0.0,0.0,0.0,0.0,0.0,2.0,4.0,6.0,6.0,8.0,6.0,5.0,4.0,12.0,10.0,10.0,16.0,16.0,16.0,14.0,10.0,10.0,10.0,10.0,12.0,16.0,16.0,16.0,16.0,10.0,10.0,10.0
2024-07-01,10.0,10.0,10.0,10.0,10.0,10.0,10.0,10.0,10.0,10.0,10.0,10.0,10.0,10.0,10.0,10.0,10.0,10.0,10.0,10.0,10.0,10.0,10.0,10.0,10.0,10.0,10.0,0.0,0.0,0.0,0.0,0.0,0.0,0.0,0.0,0.0,0.0,0.0,0.0,0.0,0.0,0.0,0.0,0.0,0.0,0.0,6.0,6.0,4.0,2.0,0.0,0.0,0.0,0.0,0.0,0.0,4.0,4.0,4.0,4.0,4.0,4.0,2.0,0.0,0.0,0.0,0.0,0.0,0.0,0.0,0.0,0.0,0.0,0.0,0.0,0.0,0.0,6.0,14.0,14.0,18.0,18.0,18.0,20.0,20.0,18.0,18.0,16.0,16.0,14.0,16.0,12.0,12.0,12.0,24.0,26.0
2024-07-02,24.0,24.0,24.0,24.0,24.0,20.0,20.0,20.0,16.0,16.0,12.0,12.0,10.0,10.0,12.0,11.0,10.0,10.0,10.0,10.0,10.0,10.0,10.0,10.0,24.0,26.0,26.0,20.0,14.0,16.0,0.0,0.0,0.0,0.0,0.0,0.0,0.0,0.0,0.0,0.0,0.0,0.0,0.0,0.0,0.0,0.0,0.0,0.0,0.0,0.0,0.0,0.0,0.0,0.0,0.0,0.0,0.0,0.0,0.0,0.0,0.0,0.0,14.0,16.0,17.0,18.0,18.0,15.0,12.0,6.0,6.0,6.0,8.0,6.0,4.0,4.0,6.0,18.0,18.0,18.0,14.0,14.0,14.0,14.0,14.0,14.0,14.0,16.0,12.0,12.0,14.0,10.0,10.0,10.0,10.0,10.0
2024-07-03,10.0,10.0,10.0,10.0,10.0,10.0,10.0,10.0,10.0,10.0,10.0,10.0,10.0,10.0,10.0,10.0,10.0,10.0,10.0,10.0,10.0,10.0,10.0,10.0,10.0,10.0,8.0,0.0,0.0,0.0,0.0,0.0,2.0,2.0,2.0,2.0,2.0,2.0,2.0,2.0,2.0,2.0,2.0,2.0,2.0,2.0,2.0,2.0,2.0,2.0,2.0,2.0,2.0,2.0,2.0,2.0,2.0,0.0,0.0,0.0,0.0,0.0,0.0,0.0,0.0,0.0,0.0,0.0,0.0,0.0,0.0,0.0,10.0,8.0,2.0,2.0,2.0,2.0,2.0,2.0,2.0,2.0,2.0,0.0,0.0,0.0,0.0,0.0,0.0,0.0,0.0,0.0,0.0,0.0,0.0,0.0
2024-07-04,0.0,0.0,0.0,0.0,0.0,0.0,0.0,0.0,0.0,0.0,0.0,0.0,0.0,0.0,0.0,0.0,0.0,0.0,0.0,0.0,0.0,0.0,0.0,0.0,0.0,0.0,0.0,0.0,0.0,0.0,0.0,0.0,0.0,0.0,0.0,0.0,0.0,0.0,0.0,0.0,0.0,0.0,0.0,0.0,0.0,0.0,0.0,0.0,0.0,0.0,0.0,0.0,0.0,0.0,0.0,0.0,0.0,0.0,0.0,0.0,0.0,0.0,0.0,0.0,0.0,0.0,0.0,2.0,2.0,2.0,2.0,0.0,0.0,0.0,0.0,10.0,12.0,10.0,10.0,10.0,10.0,16.0,18.0,18.0,18.0,22.0,18.0,14.0,14.0,14.0,14.0,18.0,12.0,10.0,12.0,14.0
2024-07-05,14.0,14.0,14.0,14.0,10.0,10.0,10.0,10.0,10.0,10.0,10.0,10.0,10.0,10.0,10.0,12.0,10.0,10.0,10.0,10.0,10.0,10.0,10.0,10.0,10.0,10.0,10.0,12.0,14.0,8.0,4.0,4.0,4.0,4.0,4.0,6.0,0.0,0.0,2.0,2.0,0.0,0.0,0.0,0.0,0.0,6.0,0.0,0.0,0.0,8.0,14.0,14.0,14.0,14.0,14.0,10.0,6.0,6.0,6.0,6.0,6.0,6.0,6.0,6.0,6.0,8.0,6.0,6.0,6.0,6.0,6.0,6.0,6.0,6.0,6.0,6.0,14.0,10.0,10.0,12.0,12.0,12.0,12.0,10.0,10.0,12.0,10.0,12.0,10.0,10.0,10.0,12.0,12.0,12.0,12.0,12.0
2024-07-06,12.0,12.0,12.0,12.0,12.0,12.0,12.0,12.0,12.0,12.0,12.0,12.0,12.0,12.0,10.0,10.0,10.0,10.0,10.0,10.0,10.0,10.0,10.0,10.0,10.0,10.0,10.0,10.0,6.0,2.0,0.0,0.0,0.0,0.0,0.0,0.0,0.0,0.0,0.0,0.0,0.0,0.0,2.0,4.0,0.0,0.0,0.0,0.0,8.0,10.0,12.0,14.0,10.0,6.0,6.0,6.0,6.0,6.0,6.0,6.0,2.0,0.0,0.0,0.0,0.0,4.0,4.0,4.0,4.0,4.0,4.0,4.0,4.0,4.0,4.0,4.0,12.0,10.0,10.0,10.0,10.0,10.0,10.0,10.0,10.0,10.0,10.0,10.0,10.0,10.0,10.0,10.0,10.0,10.0,10.0,10.0
2024-07-07,10.0,10.0,10.0,10.0,10.0,10.0,10.0,10.0,10.0,10.0,10.0,10.0,10.0,10.0,10.0,10.0,10.0,10.0,10.0,10.0,10.0,10.0,10.0,10.0,10.0,10.0,10.0,4.0,0.0,0.0,0.0,0.0,0.0,0.0,0.0,0.0,0.0,0.0,0.0,0.0,0.0,0.0,0.0,0.0,0.0,0.0,0.0,2.0,2.0,2.0,2.0,2.0,2.0,0.0,0.0,0.0,0.0,0.0,2.0,4.0,4.0,4.0,4.0,0.0,0.0,0.0,0.0,0.0,0.0,0.0,0.0,0.0,0.0,0.0,0.0,4.0,8.0,10.0,10.0,10.0,14.0,14.0,16.0,16.0,16.0,14.0,12.0,10.0,10.0,10.0,10.0,10.0,10.0,10.0,10.0,10.0
2024-07-08,10.0,10.0,10.0,10.0,10.0,10.0,10.0,10.0,10.0,10.0,10.0,10.0,10.0,10.0,10.0,10.0,10.0,10.0,10.0,10.0,10.0,10.0,10.0,10.0,14.0,16.0,16.0,16.0,16.0,6.0,0.0,0.0,0.0,0.0,2.0,0.0,0.0,0.0,0.0,0.0,0.0,0.0,0.0,6.0,10.0,10.0,12.0,14.0,14.0,8.0,4.0,6.0,6.0,4.0,2.0,2.0,2.0,2.0,2.0,2.0,2.0,2.0,2.0,10.0,12.0,2.0,2.0,2.0,2.0,2.0,2.0,2.0,2.0,2.0,2.0,0.0,12.0,12.0,12.0,12.0,10.0,10.0,10.0,10.0,10.0,10.0,10.0,12.0,16.0,16.0,16.0,12.0,10.0,10.0,10.0,10.0
2024-07-09,10.0,10.0,10.0,10.0,10.0,10.0,10.0,10.0,10.0,10.0,10.0,10.0,10.0,10.0,10.0,10.0,10.0,10.0,10.0,10.0,10.0,10.0,10.0,10.0,10.0,10.0,10.0,4.0,0.0,0.0,0.0,0.0,0.0,0.0,0.0,0.0,0.0,0.0,0.0,0.0,4.0,10.0,6.0,6.0,6.0,6.0,6.0,6.0,10.0,12.0,12.0,12.0,10.0,6.0,2.0,2.0,2.0,2.0,2.0,6.0,6.0,6.0,6.0,8.0,6.0,6.0,6.0,6.0,6.0,6.0,6.0,6.0,6.0,4.0,4.0,4.0,4.0,16.0,16.0,16.0,16.0,16.0,16.0,16.0,16.0,20.0,24.0,24.0,24.0,26.0,26.0,26.0,26.0,26.0,22.0,14.0
2024-07-10,12.0,12.0,12.0,12.0,12.0,12.0,12.0,12.0,10.0,10.0,10.0,10.0,10.0,10.0,10.0,10.0,10.0,12.0,12.0,12.0,12.0,12.0,12.0,10.0,10.0,10.0,10.0,2.0,0.0,0.0,0.0,0.0,0.0,0.0,0.0,0.0,0.0,0.0,0.0,0.0,0.0,0.0,0.0,0.0,0.0,0.0,0.0,0.0,0.0,2.0,4.0,4.0,16.0,24.0,22.0,24.0,26.0,22.0,20.0,14.0,16.0,10.0,10.0,20.0,22.0,22.0,20.0,18.0,18.0,16.0,16.0,16.0,10.0,2.0,0.0,2.0,6.0,10.0,12.0,16.0,22.0,22.0,22.0,28.0,22.0,16.0,18.0,16.0,16.0,16.0,16.0,16.0,22.0,20.0,18.0,20.0
2024-07-11,20.0,20.0,20.0,14.0,14.0,14.0,14.0,14.0,14.0,16.0,16.0,16.0,16.0,16.0,14.0,14.0,14.0,14.0,14.0,14.0,14.0,14.0,14.0,14.0,14.0,14.0,14.0,10.0,6.0,2.0,2.0,2.0,0.0,0.0,0.0,0.0,0.0,0.0,0.0,0.0,0.0,0.0,0.0,0.0,0.0,0.0,0.0,0.0,0.0,0.0,0.0,0.0,0.0,0.0,0.0,0.0,0.0,0.0,0.0,0.0,0.0,0.0,0.0,0.0,0.0,0.0,0.0,0.0,0.0,0.0,0.0,0.0,0.0,0.0,0.0,12.0,0.0,10.0,10.0,10.0,10.0,10.0,10.0,10.0,10.0,10.0,10.0,10.0,10.0,16.0,22.0,22.0,22.0,22.0,22.0,22.0
2024-07-12,24.0,24.0,24.0,22.0,16.0,14.0,16.0,16.0,14.0,14.0,16.0,16.0,16.0,16.0,14.0,12.0,12.0,10.0,10.0,10.0,10.0,10.0,10.0,10.0,10.0,10.0,10.0,12.0,2.0,4.0,8.0,12.0,10.0,10.0,10.0,12.0,14.0,26.0,20.0,20.0,24.0,24.0,24.0,20.0,14.0,14.0,12.0,14.0,14.0,12.0,10.0,10.0,8.0,6.0,6.0,6.0,6.0,6.0,4.0,4.0,2.0,2.0,2.0,2.0,6.0,6.0,6.0,4.0,4.0,4.0,4.0,2.0,0.0,0.0,0.0,0.0,2.0,12.0,12.0,10.0,10.0,10.0,10.0,10.0,10.0,10.0,10.0,10.0,10.0,10.0,10.0,24.0,28.0,30.0,32.0,32.0
2024-07-13,30.0,26.0,22.0,16.0,18.0,18.0,16.0,14.0,14.0,12.0,12.0,12.0,12.0,12.0,12.0,12.0,12.0,12.0,12.0,12.0,12.0,12.0,12.0,12.0,12.0,12.0,10.0,8.0,2.0,0.0,0.0,0.0,0.0,0.0,2.0,2.0,2.0,2.0,2.0,0.0,0.0,0.0,0.0,0.0,0.0,0.0,2.0,0.0,0.0,0.0,0.0,0.0,0.0,0.0,0.0,0.0,0.0,0.0,0.0,0.0,0.0,0.0,0.0,0.0,0.0,0.0,0.0,0.0,0.0,0.0,0.0,0.0,0.0,0.0,0.0,0.0,0.0,0.0,0.0,0.0,0.0,0.0,0.0,0.0,0.0,0.0,0.0,0.0,0.0,0.0,0.0,0.0,0.0,0.0,0.0,0.0
2024-07-15,12.0,12.0,12.0,12.0,14.0,14.0,12.0,12.0,12.0,12.0,10.0,12.0,12.0,12.0,12.0,12.0,12.0,12.0,12.0,12.0,12.0,12.0,12.0,12.0,12.0,10.0,10.0,0.0,0.0,0.0,0.0,0.0,0.0,0.0,6.0,10.0,10.0,14.0,14.0,14.0,14.0,10.0,4.0,4.0,4.0,6.0,10.0,10.0,12.0,10.0,10.0,10.0,10.0,10.0,12.0,12.0,12.0,12.0,12.0,12.0,8.0,4.0,4.0,4.0,4.0,4.0,4.0,4.0,0.0,0.0,0.0,0.0,0.0,0.0,0.0,0.0,0.0,8.0,12.0,10.0,10.0,10.0,16.0,20.0,22.0,20.0,10.0,10.0,10.0,10.0,10.0,10.0,10.0,10.0,10.0,10.0
2024-07-16,10.0,10.0,10.0,10.0,10.0,10.0,10.0,10.0,10.0,10.0,10.0,10.0,10.0,10.0,10.0,10.0,10.0,10.0,10.0,10.0,10.0,10.0,10.0,10.0,10.0,10.0,10.0,8.0,0.0,0.0,0.0,0.0,0.0,2.0,8.0,18.0,18.0,18.0,14.0,14.0,14.0,14.0,14.0,14.0,6.0,4.0,4.0,6.0,4.0,4.0,4.0,10.0,12.0,12.0,6.0,4.0,4.0,4.0,2.0,4.0,8.0,14.0,16.0,10.0,8.0,8.0,8.0,8.0,12.0,12.0,12.0,12.0,10.0,8.0,8.0,4.0,6.0,16.0,16.0,14.0,16.0,26.0,22.0,14.0,16.0,24.0,22.0,22.0,22.0,18.0,16.0,16.0,16.0,12.0,12.0,12.0
2024-07-17,12.0,12.0,12.0,12.0,12.0,12.0,14.0,12.0,12.0,12.0,10.0,10.0,10.0,10.0,10.0,10.0,10.0,10.0,10.0,10.0,10.0,10.0,10.0,10.0,10.0,10.0,10.0,6.0,0.0,0.0,0.0,0.0,0.0,0.0,4.0,8.0,8.0,10.0,12.0,10.0,10.0,12.0,12.0,10.0,14.0,8.0,6.0,8.0,8.0,8.0,8.0,8.0,8.0,8.0,8.0,8.0,8.0,12.0,18.0,16.0,12.0,12.0,12.0,12.0,12.0,0.0,0.0,0.0,0.0,0.0,0.0,0.0,0.0,0.0,0.0,0.0,0.0,0.0,0.0,12.0,24.0,18.0,14.0,12.0,16.0,16.0,16.0,20.0,20.0,18.0,16.0,16.0,16.0,14.0,18.0,18.0
2024-07-24,12.0,12.0,12.0,11.0,10.0,10.0,10.0,10.0,10.0,10.0,10.0,10.0,10.0,10.0,10.0,10.0,10.0,10.0,10.0,10.0,10.0,10.0,10.0,10.0,10.0,10.0,10.0,12.0,4.0,2.0,2.0,2.0,4.0,4.0,4.0,4.0,4.0,6.0,6.0,6.0,6.0,6.0,6.0,2.0,0.0,0.0,0.0,6.0,8.0,6.0,6.0,10.0,12.0,12.0,14.0,14.0,14.0,4.0,2.0,2.0,2.0,2.0,2.0,2.0,2.0,0.0,2.0,2.0,2.0,0.0,2.0,2.0,0.0,0.0,0.0,0.0,0.0,12.0,10.0,10.0,10.0,10.0,10.0,20.0,20.0,20.0,20.0,20.0,20.0,18.0,18.0,24.0,18.0,16.0,14.0,14.0
2024-07-25,16.0,16.0,16.0,16.0,16.0,16.0,16.0,14.0,14.0,12.0,10.0,10.0,10.0,10.0,10.0,10.0,10.0,10.0,10.0,10.0,10.0,10.0,10.0,10.0,10.0,10.0,10.0,10.0,10.0,10.0,4.0,0.0,0.0,0.0,0.0,0.0,0.0,0.0,0.0,0.0,0.0,0.0,0.0,0.0,0.0,0.0,0.0,0.0,0.0,0.0,2.0,4.0,18.0,20.0,20.0,16.0,16.0,14.0,4.0,0.0,6.0,6.0,6.0,6.0,6.0,6.0,8.0,6.0,6.0,8.0,6.0,8.0,10.0,6.0,4.0,10.0,10.0,14.0,16.0,18.0,10.0,10.0,10.0,10.0,10.0,10.0,10.0,16.0,14.0,10.0,10.0,10.0,10.0,10.0,14.0,14.0
2024-07-26,12.0,10.0,10.0,10.0,10.0,10.0,10.0,10.0,10.0,10.0,10.0,10.0,10.0,10.0,10.0,10.0,10.0,10.0,10.0,10.0,10.0,10.0,10.0,10.0,10.0,14.0,20.0,20.0,16.0,18.0,12.0,12.0,8.0,6.0,6.0,12.0,16.0,2.0,0.0,0.0,0.0,0.0,2.0,8.0,12.0,12.0,12.0,12.0,6.0,6.0,6.0,6.0,2.0,2.0,2.0,2.0,8.0,2.0,2.0,2.0,2.0,2.0,2.0,2.0,2.0,2.0,2.0,2.0,2.0,2.0,2.0,2.0,2.0,2.0,2.0,2.0,6.0,16.0,16.0,14.0,14.0,22.0,14.0,14.0,14.0,14.0,12.0,10.0,10.0,14.0,16.0,16.0,16.0,18.0,18.0,18.0
2024-07-27,18.0,18.0,18.0,18.0,18.0,18.0,18.0,20.0,18.0,16.0,14.0,12.0,12.0,12.0,10.0,10.0,10.0,10.0,10.0,10.0,10.0,10.0,10.0,10.0,10.0,10.0,10.0,6.0,0.0,0.0,2.0,0.0,0.0,2.0,2.0,2.0,2.0,2.0,2.0,2.0,2.0,2.0,2.0,2.0,2.0,6.0,6.0,6.0,6.0,6.0,6.0,6.0,16.0,16.0,16.0,16.0,16.0,16.0,10.0,10.0,4.0,4.0,4.0,4.0,4.0,4.0,14.0,6.0,2.0,4.0,0.0,0.0,0.0,4.0,4.0,0.0,4.0,14.0,12.0,10.0,10.0,10.0,14.0,10.0,10.0,10.0,12.0,12.0,12.0,12.0,12.0,12.0,12.0,12.0,14.0,16.0
2024-07-28,16.0,16.0,16.0,16.0,16.0,16.0,16.0,16.0,16.0,12.0,12.0,12.0,12.0,12.0,12.0,12.0,10.0,10.0,14.0,16.0,16.0,16.0,16.0,16.0,16.0,16.0,12.0,10.0,2.0,0.0,0.0,0.0,0.0,0.0,0.0,0.0,0.0,0.0,0.0,0.0,0.0,0.0,0.0,0.0,2.0,8.0,8.0,6.0,4.0,4.0,2.0,2.0,10.0,14.0,14.0,14.0,12.0,8.0,4.0,6.0,6.0,4.0,4.0,8.0,8.0,12.0,18.0,17.0,16.0,16.0,12.0,12.0,12.0,12.0,10.0,10.0,12.0,22.0,22.0,18.0,24.0,16.0,14.0,14.0,14.0,16.0,16.0,18.0,20.0,18.0,18.0,10.0,10.0,10.0,10.0,10.0
2024-07-29,10.0,10.0,10.0,10.0,10.0,10.0,10.0,10.0,10.0,10.0,10.0,10.0,10.0,10.0,10.0,10.0,10.0,10.0,10.0,10.0,10.0,10.0,10.0,10.0,16.0,14.0,14.0,14.0,16.0,14.0,12.0,12.0,12.0,10.0,10.0,8.0,8.0,8.0,6.0,8.0,10.0,12.0,12.0,12.0,12.0,10.0,8.0,8.0,6.0,6.0,6.0,6.0,10.0,10.0,16.0,16.0,16.0,16.0,16.0,14.0,13.0,12.0,12.0,6.0,6.0,4.0,4.0,6.0,8.0,4.0,8.0,6.0,4.0,4.0,4.0,4.0,22.0,22.0,20.0,20.0,16.0,14.0,14.0,14.0,12.0,14.0,12.0,12.0,18.0,24.0,24.0,24.0,24.0,24.0,0.0,0.0
2024-07-30,0.0,0.0,0.0,0.0,0.0,0.0,0.0,0.0,0.0,0.0,0.0,0.0,0.0,0.0,0.0,0.0,0.0,0.0,0.0,0.0,0.0,0.0,0.0,0.0,0.0,0.0,0.0,0.0,0.0,0.0,0.0,0.0,0.0,0.0,0.0,0.0,0.0,0.0,0.0,0.0,0.0,0.0,0.0,0.0,4.0,24.0,30.0,28.0,22.0,20.0,16.0,16.0,14.0,14.0,14.0,14.0,18.0,18.0,18.0,18.0,18.0,22.0,24.0,26.0,24.0,20.0,22.0,22.0,24.0,24.0,24.0,20.0,18.0,18.0,18.0,26.0,88.0,214.0,110.0,28.0,26.0,26.0,26.0,26.0,24.0,24.0,22.0,22.0,24.0,34.0,26.0,22.0,22.0,24.0,24.0,24.0
2024-07-31,20.0,20.0,14.0,12.0,12.0,12.0,12.0,12.0,12.0,12.0,12.0,12.0,12.0,12.0,12.0,12.0,12.0,12.0,12.0,12.0,12.0,12.0,12.0,12.0,12.0,12.0,10.0,10.0,8.0,2.0,1.0,0.0,0.0,0.0,0.0,0.0,0.0,0.0,0.0,0.0,2.0,2.0,2.0,2.0,2.0,2.0,2.0,2.0,2.0,2.0,2.0,2.0,2.0,2.0,0.0,0.0,6.0,6.0,4.0,4.0,8.0,16.0,16.0,14.0,14.0,14.0,16.0,16.0,12.0,8.0,6.0,4.0,4.0,4.0,2.0,4.0,6.0,12.0,16.0,10.0,10.0,10.0,10.0,10.0,10.0,10.0,10.0,20.0,32.0,36.0,32.0,38.0,30.0,30.0,30.0,30.0
2024-08-01,28.0,28.0,28.0,26.0,24.0,22.0,22.0,22.0,22.0,22.0,20.0,18.0,14.0,14.0,16.0,16.0,16.0,16.0,14.0,14.0,14.0,14.0,12.0,10.0,10.0,10.0,10.0,10.0,8.0,0.0,0.0,0.0,0.0,1.0,2.0,2.0,2.0,2.0,2.0,0.0,0.0,0.0,0.0,4.0,4.0,4.0,4.0,2.0,4.0,4.0,4.0,4.0,4.0,4.0,4.0,4.0,4.0,4.0,6.0,6.0,6.0,14.0,20.0,20.0,20.0,20.0,20.0,16.0,14.0,14.0,14.0,12.0,8.0,10.0,10.0,12.0,22.0,22.0,22.0,22.0,16.0,12.0,12.0,12.0,12.0,12.0,12.0,12.0,10.0,12.0,12.0,12.0,14.0,14.0,14.0,14.0
2024-08-02,14.0,14.0,14.0,14.0,13.0,12.0,12.0,12.0,12.0,12.0,12.0,12.0,10.0,10.0,10.0,10.0,10.0,10.0,10.0,10.0,10.0,12.0,12.0,12.0,12.0,12.0,12.0,6.0,2.0,2.0,0.0,12.0,26.0,20.0,12.0,12.0,10.0,16.0,16.0,18.0,20.0,16.0,6.0,10.0,10.0,8.0,8.0,8.0,10.0,10.0,10.0,10.0,10.0,8.0,8.0,8.0,6.0,6.0,6.0,10.0,8.0,8.0,10.0,10.0,10.0,10.0,12.0,16.0,16.0,14.0,10.0,6.0,4.0,4.0,4.0,4.0,2.0,2.0,14.0,14.0,12.0,12.0,14.0,16.0,16.0,16.0,16.0,16.0,18.0,24.0,22.0,36.0,40.0,40.0,40.0,40.0
2024-08-03,40.0,36.0,34.0,30.0,28.0,26.0,20.0,18.0,16.0,16.0,14.0,14.0,12.0,10.0,10.0,10.0,10.0,10.0,10.0,10.0,10.0,10.0,10.0,10.0,10.0,10.0,10.0,8.0,2.0,0.0,0.0,0.0,2.0,2.0,2.0,2.0,2.0,2.0,6.0,8.0,8.0,14.0,12.0,10.0,10.0,10.0,8.0,8.0,12.0,12.0,12.0,12.0,12.0,12.0,12.0,16.0,14.0,14.0,14.0,14.0,10.0,8.0,8.0,8.0,8.0,6.0,8.0,12.0,10.0,10.0,10.0,10.0,10.0,10.0,10.0,16.0,26.0,26.0,22.0,22.0,22.0,18.0,12.0,12.0,12.0,12.0,12.0,14.0,12.0,12.0,12.0,12.0,12.0,12.0,12.0,16.0
2024-08-04,18.0,18.0,18.0,18.0,18.0,18.0,18.0,16.0,14.0,14.0,12.0,12.0,12.0,12.0,12.0,12.0,12.0,12.0,12.0,12.0,12.0,12.0,12.0,12.0,12.0,12.0,12.0,2.0,2.0,2.0,4.0,4.0,4.0,4.0,4.0,4.0,2.0,2.0,2.0,2.0,2.0,2.0,8.0,18.0,16.0,12.0,10.0,10.0,6.0,2.0,2.0,2.0,6.0,8.0,8.0,6.0,6.0,6.0,2.0,2.0,2.0,2.0,2.0,2.0,0.0,0.0,0.0,0.0,0.0,0.0,0.0,0.0,0.0,0.0,0.0,2.0,8.0,14.0,12.0,12.0,10.0,10.0,14.0,12.0,16.0,16.0,12.0,14.0,8.0,8.0,8.0,8.0,8.0,8.0,8.0,8.0
2024-08-05,8.0,8.0,8.0,8.0,8.0,8.0,8.0,6.0,4.0,4.0,4.0,4.0,2.0,2.0,2.0,2.0,0.0,0.0,0.0,0.0,0.0,0.0,0.0,0.0,0.0,0.0,0.0,14.0,14.0,2.0,0.0,6.0,6.0,6.0,14.0,14.0,16.0,18.0,18.0,18.0,12.0,8.0,6.0,4.0,2.0,4.0,6.0,6.0,6.0,6.0,4.0,4.0,14.0,16.0,16.0,16.0,16.0,16.0,12.0,10.0,8.0,4.0,4.0,8.0,12.0,12.0,12.0,8.0,4.0,8.0,8.0,6.0,8.0,8.0,8.0,12.0,20.0,18.0,14.0,18.0,20.0,20.0,20.0,20.0,20.0,20.0,20.0,20.0,20.0,20.0,18.0,18.0,18.0,18.0,18.0,18.0
2024-08-06,18.0,18.0,16.0,16.0,16.0,16.0,14.0,14.0,14.0,14.0,14.0,14.0,12.0,12.0,12.0,12.0,10.0,10.0,10.0,10.0,10.0,10.0,10.0,10.0,10.0,10.0,10.0,8.0,0.0,0.0,0.0,0.0,2.0,2.0,2.0,2.0,2.0,2.0,2.0,2.0,2.0,2.0,2.0,2.0,2.0,2.0,2.0,4.0,4.0,4.0,4.0,4.0,4.0,4.0,4.0,2.0,2.0,2.0,0.0,2.0,6.0,6.0,6.0,6.0,6.0,6.0,6.0,6.0,6.0,2.0,2.0,2.0,4.0,6.0,8.0,14.0,18.0,20.0,20.0,18.0,16.0,16.0,18.0,20.0,28.0,28.0,22.0,22.0,22.0,22.0,22.0,22.0,22.0,22.0,22.0,22.0
2024-08-07,22.0,22.0,20.0,20.0,20.0,20.0,18.0,16.0,16.0,18.0,18.0,18.0,16.0,16.0,14.0,14.0,14.0,14.0,14.0,14.0,14.0,14.0,14.0,14.0,14.0,14.0,14.0,12.0,12.0,2.0,2.0,2.0,4.0,4.0,4.0,4.0,2.0,2.0,2.0,2.0,2.0,4.0,10.0,10.0,8.0,8.0,8.0,8.0,8.0,6.0,2.0,4.0,4.0,8.0,8.0,8.0,6.0,8.0,6.0,6.0,6.0,8.0,14.0,14.0,14.0,12.0,8.0,8.0,6.0,6.0,2.0,6.0,10.0,10.0,10.0,8.0,18.0,20.0,20.0,18.0,20.0,20.0,24.0,28.0,24.0,22.0,20.0,20.0,20.0,16.0,14.0,12.0,12.0,12.0,12.0,12.0
2024-08-08,12.0,12.0,12.0,12.0,12.0,12.0,12.0,12.0,12.0,12.0,12.0,12.0,12.0,12.0,12.0,12.0,12.0,12.0,10.0,10.0,10.0,10.0,10.0,10.0,10.0,10.0,10.0,2.0,0.0,0.0,0.0,0.0,0.0,0.0,0.0,0.0,0.0,0.0,0.0,0.0,0.0,0.0,0.0,0.0,0.0,0.0,0.0,0.0,0.0,0.0,0.0,0.0,0.0,0.0,0.0,0.0,0.0,0.0,0.0,0.0,0.0,0.0,0.0,0.0,0.0,6.0,8.0,8.0,4.0,2.0,2.0,2.0,2.0,2.0,2.0,8.0,20.0,20.0,18.0,16.0,14.0,16.0,22.0,22.0,24.0,22.0,20.0,14.0,14.0,14.0,20.0,22.0,22.0,22.0,22.0,20.0
2024-08-09,16.0,14.0,14.0,14.0,12.0,12.0,12.0,12.0,12.0,12.0,10.0,12.0,12.0,12.0,12.0,12.0,12.0,14.0,12.0,12.0,12.0,12.0,12.0,12.0,12.0,12.0,12.0,0.0,0.0,0.0,0.0,0.0,0.0,0.0,0.0,0.0,0.0,4.0,6.0,6.0,6.0,8.0,12.0,12.0,14.0,16.0,18.0,0.0,0.0,0.0,0.0,0.0,0.0,0.0,0.0,0.0,0.0,0.0,0.0,28.0,32.0,34.0,32.0,28.0,24.0,20.0,16.0,8.0,8.0,10.0,10.0,14.0,20.0,28.0,26.0,22.0,24.0,32.0,30.0,30.0,26.0,24.0,22.0,20.0,20.0,20.0,18.0,16.0,16.0,16.0,16.0,14.0,14.0,14.0,14.0,14.0
2024-08-10,14.0,14.0,14.0,14.0,14.0,14.0,14.0,14.0,14.0,14.0,14.0,14.0,14.0,14.0,14.0,14.0,14.0,14.0,14.0,14.0,12.0,14.0,14.0,12.0,12.0,12.0,12.0,8.0,2.0,2.0,4.0,2.0,2.0,2.0,2.0,4.0,2.0,2.0,2.0,6.0,18.0,18.0,20.0,20.0,20.0,16.0,16.0,14.0,10.0,10.0,4.0,0.0,4.0,0.0,0.0,0.0,0.0,10.0,10.0,10.0,10.0,10.0,10.0,10.0,10.0,8.0,4.0,4.0,4.0,4.0,0.0,0.0,0.0,0.0,4.0,4.0,4.0,14.0,12.0,10.0,10.0,10.0,10.0,10.0,10.0,10.0,10.0,10.0,10.0,10.0,10.0,10.0,10.0,10.0,10.0,10.0
2024-08-11,10.0,10.0,10.0,10.0,10.0,10.0,10.0,10.0,10.0,10.0,10.0,10.0,10.0,10.0,10.0,10.0,10.0,10.0,10.0,10.0,10.0,10.0,10.0,10.0,10.0,10.0,10.0,4.0,0.0,0.0,0.0,0.0,2.0,0.0,0.0,0.0,0.0,0.0,0.0,0.0,0.0,0.0,0.0,0.0,0.0,2.0,0.0,0.0,0.0,0.0,0.0,0.0,0.0,0.0,2.0,4.0,6.0,12.0,20.0,26.0,24.0,20.0,20.0,20.0,20.0,20.0,16.0,12.0,10.0,8.0,10.0,12.0,12.0,12.0,12.0,12.0,18.0,26.0,24.0,18.0,18.0,18.0,18.0,24.0,18.0,18.0,18.0,18.0,26.0,26.0,22.0,22.0,22.0,24.0,24.0,28.0
2024-08-12,26.0,24.0,24.0,24.0,24.0,24.0,24.0,26.0,24.0,24.0,24.0,24.0,24.0,24.0,22.0,24.0,24.0,22.0,24.0,22.0,22.0,22.0,20.0,20.0,18.0,18.0,8.0,0.0,0.0,0.0,0.0,0.0,0.0,0.0,0.0,2.0,4.0,0.0,4.0,8.0,8.0,8.0,8.0,12.0,12.0,14.0,22.0,22.0,22.0,20.0,18.0,14.0,10.0,6.0,6.0,6.0,6.0,6.0,6.0,4.0,6.0,4.0,6.0,6.0,6.0,6.0,6.0,6.0,6.0,4.0,0.0,0.0,2.0,4.0,4.0,4.0,8.0,16.0,14.0,14.0,14.0,14.0,12.0,10.0,10.0,10.0,10.0,10.0,10.0,10.0,10.0,10.0,10.0,10.0,10.0,10.0
2024-08-13,10.0,10.0,10.0,10.0,10.0,10.0,10.0,10.0,10.0,10.0,10.0,10.0,10.0,10.0,10.0,10.0,10.0,10.0,10.0,10.0,10.0,10.0,10.0,10.0,10.0,10.0,10.0,10.0,2.0,0.0,0.0,0.0,0.0,2.0,4.0,6.0,6.0,8.0,10.0,10.0,10.0,10.0,10.0,10.0,8.0,8.0,6.0,6.0,8.0,6.0,6.0,6.0,6.0,6.0,6.0,4.0,4.0,6.0,8.0,10.0,10.0,8.0,8.0,8.0,8.0,8.0,8.0,8.0,8.0,8.0,8.0,8.0,8.0,8.0,8.0,14.0,20.0,14.0,14.0,14.0,14.0,32.0,32.0,31.0,30.0,30.0,30.0,28.0,24.0,24.0,24.0,22.0,22.0,20.0,16.0,12.0
2024-08-14,12.0,12.0,12.0,12.0,12.0,12.0,14.0,14.0,14.0,14.0,14.0,12.0,12.0,12.0,12.0,12.0,12.0,12.0,12.0,10.0,10.0,12.0,12.0,12.0,12.0,12.0,10.0,10.0,12.0,14.0,6.0,6.0,8.0,8.0,6.0,6.0,6.0,4.0,2.0,2.0,2.0,4.0,10.0,12.0,10.0,10.0,10.0,8.0,8.0,8.0,8.0,6.0,8.0,8.0,10.0,14.0,20.0,20.0,18.6,17.2,15.8,14.4,13.0,11.600000000000001,10.200000000000001,8.8,7.4,6.0,2.0,2.0,2.0,2.0,2.0,2.0,2.0,2.0,3.333333333333333,4.666666666666666,6.0,7.333333333333333,8.666666666666666,10.0,10.0,12.0,14.0,18.0,18.0,18.0,18.0,18.0,18.0,18.0,16.0,18.0,18.0,18.0
2024-08-15,16.0,16.0,16.0,16.0,14.0,14.0,14.0,14.0,14.0,12.0,12.0,12.0,14.0,14.0,12.0,12.0,10.0,10.0,10.0,10.0,10.0,10.0,10.0,10.0,10.0,10.0,10.0,8.0,0.0,0.0,0.0,0.0,0.0,8.0,16.0,17.0,18.0,20.0,18.0,16.0,12.0,10.0,8.0,8.0,6.0,8.0,18.0,20.0,16.0,14.0,18.0,20.0,18.0,14.0,16.0,18.0,18.0,16.0,14.0,8.0,8.0,8.0,8.0,12.0,8.0,8.0,8.0,8.0,8.0,4.0,4.0,4.0,4.0,2.0,4.0,6.0,14.0,14.0,16.0,16.0,16.0,16.0,16.0,16.0,16.0,16.0,16.0,16.0,16.0,16.0,18.0,20.0,20.0,18.0,16.0,14.0
2024-08-16,12.0,12.0,10.0,10.0,10.0,10.0,10.0,10.0,10.0,10.0,10.0,10.0,10.0,10.0,10.0,10.0,10.0,10.0,10.0,10.0,10.0,10.0,10.0,10.0,10.0,10.0,10.0,8.0,0.0,0.0,0.0,0.0,0.0,0.0,2.0,14.0,14.0,16.0,18.0,18.0,18.0,18.0,18.0,18.0,18.0,24.0,24.0,22.0,24.0,24.0,22.0,20.0,18.0,16.0,16.0,16.0,16.0,14.0,14.0,8.0,6.0,6.0,6.0,4.0,6.0,4.0,4.0,4.0,4.0,4.0,4.0,4.0,14.0,18.0,20.0,28.0,29.0,30.0,30.0,24.0,18.0,16.0,14.0,12.0,14.0,14.0,18.0,20.0,20.0,20.0,20.0,20.0,20.0,20.0,20.0,18.0
2024-08-17,18.0,20.0,18.0,18.0,18.0,16.0,14.0,14.0,12.0,14.0,12.0,10.0,10.0,10.0,10.0,10.0,10.0,10.0,10.0,10.0,10.0,10.0,10.0,10.0,10.0,10.0,10.0,4.0,0.0,0.0,0.0,0.0,0.0,0.0,0.0,2.0,2.0,2.0,2.0,2.0,2.0,2.0,2.0,2.0,2.0,2.0,2.0,2.0,2.0,14.0,16.0,16.0,18.0,18.0,18.0,18.0,18.0,18.0,18.0,18.0,22.0,22.0,18.0,20.0,16.0,10.0,10.0,12.0,12.0,10.0,10.0,8.0,10.0,10.0,10.0,10.0,20.0,18.0,16.0,16.0,16.0,16.0,16.0,14.0,12.0,14.0,12.0,16.0,14.0,14.0,14.0,14.0,14.0,14.0,14.0,14.0
2024-08-18,14.0,14.0,14.0,14.0,14.0,12.0,12.0,12.0,12.0,12.0,12.0,12.0,10.0,10.0,10.0,10.0,10.0,10.0,10.0,10.0,10.0,10.0,10.0,10.0,10.0,10.0,10.0,10.0,0.0,0.0,0.0,4.0,4.0,2.0,0.0,0.0,0.0,0.0,0.0,0.0,0.0,0.0,0.0,4.0,4.0,4.0,4.0,4.0,4.0,4.0,4.0,4.0,4.0,4.0,4.0,4.0,4.0,2.0,4.0,2.0,2.0,2.0,0.0,0.0,0.0,8.0,8.0,8.0,10.0,10.0,12.0,10.0,4.0,4.0,4.0,0.0,8.0,12.0,12.0,12.0,12.0,12.0,12.0,12.0,12.0,12.0,14.0,20.0,22.0,22.0,24.0,22.0,24.0,24.0,24.0,22.0
2024-08-19,20.0,20.0,18.0,18.0,18.0,18.0,18.0,18.0,16.0,16.0,16.0,16.0,16.0,16.0,14.0,14.0,14.0,14.0,14.0,14.0,16.0,14.0,14.0,14.0,14.0,14.0,14.0,8.0,2.0,4.0,4.0,4.0,4.0,4.0,2.0,2.0,2.0,4.0,4.0,8.0,16.0,16.0,16.0,16.0,12.0,8.0,12.0,8.0,10.0,12.0,12.0,12.0,16.0,16.0,16.0,16.0,14.0,10.0,8.0,6.0,6.0,6.0,0.0,0.0,0.0,0.0,0.0,0.0,0.0,0.0,0.0,0.0,0.0,0.0,0.0,0.0,0.0,0.0,0.0,0.0,0.0,0.0,0.0,0.0,0.0,0.0,0.0,0.0,0.0,0.0,0.0,0.0,0.0,0.0,0.0,0.0
2024-08-20,0.0,0.0,0.0,0.0,0.0,0.0,0.0,0.0,0.0,0.0,0.0,0.0,0.0,0.0,0.0,0.0,0.0,0.0,0.0,0.0,0.0,0.0,0.0,0.0,0.0,0.0,0.0,0.0,0.0,6.0,14.0,6.0,8.0,10.0,10.0,10.0,10.0,10.0,10.0,8.0,8.0,2.0,0.0,0.0,0.0,4.0,6.0,10.0,10.0,10.0,10.0,10.0,10.0,10.0,10.0,8.0,6.0,12.0,12.0,12.0,12.0,12.0,10.0,8.0,8.0,8.0,8.0,8.0,8.0,8.0,8.0,6.0,6.0,6.0,16.0,16.0,14.0,14.0,12.0,10.0,10.0,10.0,16.0,16.0,16.0,16.0,16.0,16.0,16.0,16.0,16.0,16.0,16.0,16.0,16.0,16.0
2024-08-21,16.0,16.0,14.0,14.0,14.0,12.0,12.0,10.0,10.0,10.0,10.0,10.0,10.0,10.0,10.0,10.0,10.0,10.0,10.0,10.0,10.0,10.0,10.0,10.0,10.0,10.0,10.0,0.0,4.0,8.0,4.0,6.0,6.0,6.0,6.0,6.0,10.0,10.0,10.0,10.0,10.0,10.0,10.0,10.0,10.0,10.0,10.0,8.0,6.0,4.0,4.0,4.0,4.0,4.0,4.0,4.0,4.0,2.0,4.0,2.0,2.0,0.0,2.0,4.0,4.0,4.0,4.0,4.0,4.0,4.0,0.0,0.0,6.0,6.0,6.0,6.0,12.0,20.0,20.0,14.0,12.0,14.0,16.0,16.0,14.0,12.0,10.0,10.0,10.0,10.0,10.0,10.0,14.0,16.0,16.0,20.0
2024-08-22,24.0,26.0,26.0,26.0,26.0,26.0,26.0,26.0,26.0,22.0,20.0,20.0,20.0,20.0,20.0,20.0,20.0,20.0,18.0,18.0,16.0,16.0,14.0,12.0,12.0,12.0,10.0,12.0,6.0,6.0,10.0,6.0,2.0,2.0,6.0,8.0,6.0,6.0,6.0,8.0,8.0,8.0,8.0,8.0,6.0,6.0,6.0,6.0,6.0,6.0,6.0,6.0,4.0,4.0,2.0,2.0,2.0,2.0,2.0,0.0,0.0,4.0,4.0,2.0,2.0,4.0,8.0,20.0,26.0,26.0,26.0,26.0,20.0,16.0,18.0,18.0,26.0,26.0,22.0,22.0,22.0,24.0,30.0,30.0,28.0,26.0,22.0,20.0,22.0,22.0,18.0,20.0,28.0,32.0,32.0,32.0
2024-08-23,32.0,32.0,30.0,28.0,26.0,24.0,24.0,18.0,16.0,16.0,14.0,14.0,14.0,14.0,14.0,14.0,14.0,14.0,12.0,14.0,14.0,14.0,14.0,14.0,14.0,14.0,12.0,12.0,12.0,12.0,10.0,0.0,2.0,0.0,0.0,0.0,0.0,0.0,0.0,2.0,8.0,8.0,8.0,8.0,6.0,10.0,10.0,8.0,8.0,8.0,6.0,6.0,4.0,4.0,4.0,4.0,2.0,0.0,0.0,0.0,0.0,0.0,20.0,26.0,24.0,26.0,26.0,22.0,20.0,18.0,12.0,12.0,14.0,4.0,4.0,14.0,16.0,14.0,12.0,12.0,12.0,10.0,10.0,10.0,12.0,12.0,12.0,14.0,18.0,18.0,18.0,18.0,18.0,18.0,18.0,18.0
2024-08-24,12.0,14.0,12.0,12.0,12.0,12.0,12.0,12.0,12.0,12.0,12.0,10.0,10.0,10.0,10.0,10.0,10.0,10.0,10.0,10.0,10.0,10.0,10.0,10.0,10.0,10.0,12.0,14.0,12.0,10.0,0.0,0.0,2.0,2.0,2.0,2.0,4.0,4.0,4.0,4.0,4.0,4.0,4.0,4.0,4.0,4.0,4.0,4.0,4.0,4.0,4.0,4.0,4.0,2.0,2.0,2.0,0.0,0.0,0.0,0.0,0.0,0.0,0.0,0.0,0.0,0.0,0.0,0.0,0.0,2.0,2.0,2.0,2.0,6.0,8.0,8.0,18.0,16.0,12.0,12.0,20.0,20.0,18.0,18.0,16.0,16.0,16.0,16.0,18.0,16.0,16.0,16.0,18.0,18.0,18.0,18.0
2024-08-25,18.0,18.0,18.0,18.0,18.0,18.0,16.0,16.0,16.0,16.0,16.0,16.0,16.0,16.0,16.0,16.0,16.0,16.0,14.0,14.0,14.0,14.0,12.0,14.0,14.0,12.0,12.0,14.0,14.0,8.0,22.0,20.0,16.0,32.0,26.0,18.0,18.0,18.0,18.0,18.0,16.0,16.0,16.0,14.0,14.0,14.0,14.0,12.0,8.0,6.0,6.0,4.0,4.0,2.0,8.0,18.0,4.0,4.0,6.0,8.0,8.0,10.0,12.0,22.0,24.0,22.0,22.0,18.0,14.0,14.0,14.0,14.0,12.0,12.0,12.0,14.0,20.0,18.0,16.0,16.0,14.0,14.0,18.0,24.0,24.0,24.0,28.0,28.0,26.0,28.0,30.0,30.0,24.0,24.0,24.0,24.0
2024-08-27,24.0,22.0,22.0,20.0,18.0,16.0,16.0,16.0,14.0,14.0,14.0,14.0,14.0,14.0,14.0,14.0,14.0,14.0,14.0,16.0,16.0,16.0,16.0,14.0,14.0,14.0,14.0,4.0,2.0,8.0,4.0,4.0,4.0,2.0,2.0,0.0,0.0,2.0,4.0,6.0,8.0,8.0,8.0,8.0,8.0,8.0,8.0,8.0,8.0,8.0,8.0,8.0,6.0,6.0,6.0,4.0,2.0,2.0,4.0,0.0,0.0,0.0,0.0,0.0,0.0,0.0,0.0,0.0,0.0,0.0,0.0,0.0,0.0,0.0,0.0,8.0,14.0,14.0,12.0,12.0,12.0,12.0,14.0,16.0,22.0,30.0,30.0,30.0,30.0,26.0,28.0,28.0,26.0,26.0,26.0,26.0
2024-08-28,26.0,24.0,24.0,18.0,16.0,16.0,16.0,16.0,16.0,16.0,16.0,16.0,14.0,14.0,14.0,12.0,12.0,12.0,12.0,14.0,12.0,12.0,22.0,24.0,24.0,24.0,24.0,24.0,10.0,4.0,4.0,4.0,4.0,4.0,4.0,2.0,2.0,4.0,2.0,2.0,0.0,0.0,0.0,0.0,0.0,0.0,0.0,0.0,0.0,0.0,0.0,0.0,0.0,4.0,8.0,10.0,12.0,16.0,16.0,8.0,8.0,10.0,6.0,6.0,6.0,6.0,6.0,6.0,6.0,8.0,4.0,4.0,2.0,4.0,6.0,10.0,20.0,20.0,20.0,20.0,20.0,16.0,12.0,14.0,16.0,18.0,18.0,18.0,24.0,26.0,32.0,34.0,28.0,22.0,34.0,36.0
2024-08-29,34.0,34.0,34.0,34.0,30.0,26.0,24.0,24.0,24.0,22.0,22.0,22.0,22.0,20.0,20.0,18.0,16.0,16.0,16.0,16.0,16.0,16.0,16.0,16.0,16.0,16.0,16.0,14.0,12.0,12.0,0.0,0.0,0.0,0.0,0.0,0.0,0.0,6.0,4.0,4.0,4.0,4.0,4.0,4.0,4.0,4.0,2.0,2.0,2.0,2.0,2.0,2.0,0.0,0.0,0.0,0.0,0.0,0.0,0.0,4.0,4.0,4.0,4.0,4.0,4.0,4.0,6.0,6.0,6.0,6.0,6.0,6.0,6.0,6.0,14.0,14.0,20.0,20.0,22.0,22.0,20.0,20.0,20.0,18.0,14.0,14.0,14.0,14.0,16.0,16.0,16.0,16.0,16.0,16.0,18.0,0.0
2024-08-30,0.0,0.0,0.0,0.0,0.0,0.0,0.0,0.0,0.0,0.0,0.0,0.0,0.0,0.0,0.0,0.0,0.0,0.0,0.0,0.0,0.0,0.0,0.0,0.0,0.0,0.0,0.0,0.0,0.0,0.0,0.0,0.0,0.0,0.0,8.0,8.0,10.0,10.0,10.0,10.0,10.0,10.0,8.0,8.0,8.0,8.0,6.0,6.0,6.0,4.0,4.0,4.0,4.0,4.0,4.0,4.0,4.0,2.0,2.0,2.0,2.0,4.0,4.0,4.0,6.0,6.0,8.0,8.0,10.0,10.0,10.0,10.0,8.0,8.0,8.0,8.0,20.0,20.0,18.0,16.0,14.0,16.0,16.0,20.0,20.0,18.0,24.0,24.0,24.0,24.0,24.0,22.0,16.0,16.0,16.0,16.0
2024-08-31,16.0,14.0,14.0,12.0,10.0,10.0,10.0,10.0,10.0,10.0,10.0,10.0,10.0,10.0,12.0,12.0,10.0,10.0,10.0,10.0,10.0,10.0,10.0,10.0,10.0,10.0,10.0,10.0,4.0,0.0,0.0,2.0,2.0,2.0,6.0,16.0,18.0,28.0,32.0,32.0,34.0,30.0,28.0,22.0,20.0,24.0,20.0,12.0,12.0,10.0,10.0,10.0,10.0,10.0,14.0,18.0,20.0,20.0,20.0,20.0,20.0,18.0,16.0,20.0,20.0,22.0,20.0,18.0,18.0,12.0,10.0,10.0,10.0,16.0,16.0,16.0,26.0,24.0,22.0,18.0,18.0,20.0,22.0,22.0,22.0,22.0,20.0,20.0,20.0,22.0,20.0,20.0,20.0,20.0,18.0,16.0
2024-09-01,16.0,18.0,16.0,16.0,16.0,16.0,18.0,16.0,16.0,16.0,16.0,16.0,14.0,14.0,12.0,24.0,26.0,24.0,22.0,22.0,18.0,16.0,16.0,16.0,16.0,16.0,16.0,14.0,14.0,20.0,20.0,14.0,10.0,6.0,4.0,8.0,8.0,8.0,8.0,12.0,12.0,12.0,12.0,12.0,12.0,12.0,12.0,12.0,12.0,12.0,12.0,12.0,10.0,10.0,10.0,10.0,10.0,12.0,16.0,16.0,24.0,28.0,22.0,20.0,20.0,20.0,20.0,16.0,18.0,18.0,18.0,18.0,20.0,20.0,14.0,8.0,16.0,22.0,18.0,16.0,14.0,12.0,14.0,16.0,16.0,14.0,16.0,18.0,18.0,18.0,16.0,16.0,16.0,16.0,16.0,16.0
2024-09-02,16.0,16.0,16.0,16.0,16.0,16.0,16.0,14.0,14.0,14.0,14.0,14.0,14.0,14.0,14.0,14.0,14.0,12.0,12.0,12.0,10.0,10.0,10.0,10.0,10.0,10.0,10.0,4.0,0.0,2.0,0.0,2.0,2.0,2.0,2.0,2.0,4.0,6.0,8.0,8.0,8.0,8.0,8.0,8.0,8.0,8.0,8.0,8.0,8.0,8.0,8.0,6.0,4.0,4.0,2.0,2.0,2.0,2.0,12.0,12.0,12.0,12.0,12.0,10.0,10.0,6.0,6.0,6.0,6.0,8.0,14.0,14.0,10.0,16.0,16.0,12.0,16.0,22.0,22.0,20.0,12.0,12.0,12.0,12.0,12.0,14.0,12.0,10.0,10.0,14.0,16.0,24.0,32.0,32.0,32.0,36.0
2024-09-03,32.0,30.0,30.0,30.0,22.0,20.0,20.0,20.0,20.0,20.0,20.0,22.0,20.0,20.0,18.0,18.0,16.0,16.0,16.0,16.0,16.0,16.0,16.0,14.0,14.0,14.0,14.0,16.0,8.0,6.0,6.0,6.0,4.0,0.0,0.0,0.0,0.0,10.0,4.0,4.0,4.0,4.0,4.0,4.0,4.0,6.0,4.0,4.0,4.0,4.0,4.0,4.0,4.0,14.0,14.0,14.0,14.0,14.0,14.0,12.0,10.0,10.0,10.0,8.0,8.0,10.0,12.0,10.0,12.0,12.0,10.0,10.0,8.0,8.0,8.0,16.0,20.0,24.0,20.0,16.0,14.0,14.0,14.0,14.0,14.0,14.0,12.0,14.0,14.0,14.0,14.0,18.0,18.0,18.0,18.0,22.0
2024-09-04,26.0,26.0,24.0,16.0,14.0,12.0,12.0,12.0,10.0,12.0,10.0,10.0,10.0,10.0,12.0,12.0,10.0,10.0,12.0,10.0,10.0,10.0,12.0,10.0,10.0,10.0,10.0,10.0,0.0,0.0,0.0,0.0,0.0,4.0,0.0,10.0,10.0,10.0,10.0,10.0,12.0,12.0,10.0,10.0,8.0,8.0,8.0,8.0,8.0,8.0,6.0,6.0,2.0,2.0,0.0,0.0,0.0,0.0,0.0,0.0,0.0,0.0,0.0,0.0,0.0,0.0,0.0,0.0,0.0,0.0,0.0,0.0,0.0,0.0,2.0,8.0,10.0,10.0,10.0,14.0,16.0,16.0,16.0,16.0,16.0,16.0,16.0,16.0,18.0,18.0,18.0,18.0,18.0,18.0,18.0,18.0
2024-09-05,16.0,14.0,14.0,12.0,12.0,12.0,12.0,12.0,12.0,10.0,10.0,10.0,10.0,10.0,10.0,10.0,10.0,10.0,10.0,10.0,10.0,10.0,10.0,10.0,10.0,10.0,6.0,2.0,0.0,0.0,0.0,2.0,2.0,0.0,0.0,0.0,0.0,2.0,8.0,12.0,12.0,12.0,12.0,18.0,14.0,12.0,12.0,12.0,12.0,14.0,14.0,14.0,12.0,12.0,10.0,8.0,6.0,4.0,4.0,4.0,4.0,4.0,4.0,4.0,4.0,4.0,4.0,4.0,2.0,4.0,4.0,4.0,4.0,4.0,4.0,12.0,16.0,14.0,16.0,18.0,18.0,18.0,18.0,16.0,16.0,15.0,14.0,16.0,18.0,20.0,20.0,20.0,18.0,18.0,14.0,12.0
2024-09-06,12.0,12.0,12.0,12.0,12.0,14.0,12.0,12.0,12.0,10.0,10.0,10.0,10.0,10.0,10.0,10.0,10.0,10.0,10.0,10.0,10.0,10.0,10.0,10.0,10.0,10.0,10.0,0.0,0.0,0.0,0.0,0.0,0.0,0.0,0.0,0.0,2.0,6.0,6.0,6.0,6.0,6.0,12.0,10.0,10.0,10.0,12.0,12.0,8.0,6.0,6.0,6.0,6.0,4.0,8.0,10.0,8.0,8.0,8.0,6.0,6.0,6.0,6.0,4.0,4.0,4.0,4.0,2.0,2.0,2.0,2.0,4.0,4.0,4.0,4.0,6.0,18.0,18.0,20.0,20.0,16.0,14.0,14.0,14.0,18.0,18.0,18.0,18.0,18.0,16.0,16.0,16.0,16.0,16.0,16.0,16.0
2024-09-07,16.0,16.0,16.0,16.0,16.0,16.0,14.0,14.0,12.0,12.0,12.0,12.0,12.0,12.0,12.0,12.0,12.0,12.0,10.0,10.0,10.0,12.0,10.0,10.0,10.0,10.0,10.0,8.0,4.0,4.0,4.0,4.0,2.0,0.0,0.0,0.0,0.0,0.0,0.0,0.0,0.0,0.0,0.0,0.0,0.0,0.0,0.0,0.0,0.0,0.0,2.0,2.0,2.0,2.0,6.0,6.0,8.0,4.0,4.0,4.0,4.0,4.0,4.0,2.0,0.0,0.0,4.0,4.0,4.0,0.0,0.0,0.0,0.0,0.0,0.0,8.0,18.0,18.0,16.0,16.0,16.0,16.0,16.0,16.0,16.0,16.0,12.0,12.0,12.0,12.0,12.0,12.0,12.0,12.0,12.0,12.0
2024-09-08,12.0,12.0,12.0,12.0,12.0,12.0,12.0,10.0,10.0,10.0,10.0,10.0,10.0,10.0,10.0,10.0,10.0,10.0,10.0,10.0,10.0,10.0,10.0,10.0,10.0,10.0,10.0,2.0,0.0,0.0,0.0,0.0,0.0,0.0,0.0,0.0,0.0,0.0,2.0,2.0,2.0,2.0,4.0,2.0,0.0,0.0,0.0,0.0,8.0,10.0,10.0,12.0,18.0,16.0,14.0,14.0,18.0,0.0,0.0,0.0,0.0,0.0,0.0,0.0,0.0,0.0,0.0,0.0,0.0,0.0,0.0,0.0,0.0,0.0,0.0,0.0,0.0,0.0,0.0,0.0,0.0,0.0,0.0,0.0,0.0,0.0,0.0,0.0,0.0,0.0,0.0,0.0,0.0,0.0,0.0,0.0
2024-09-09,0.0,0.0,0.0,0.0,0.0,0.0,0.0,0.0,0.0,0.0,0.0,0.0,0.0,0.0,0.0,0.0,0.0,0.0,0.0,0.0,0.0,0.0,0.0,0.0,0.0,0.0,0.0,0.0,0.0,0.0,0.0,0.0,0.0,0.0,0.0,0.0,0.0,0.0,0.0,0.0,0.0,0.0,0.0,0.0,0.0,0.0,0.0,0.0,2.0,20.0,36.0,32.0,32.0,32.0,34.0,28.0,30.0,24.0,22.0,20.0,24.0,22.0,22.0,24.0,24.0,24.0,24.0,24.0,24.0,22.0,18.0,14.0,20.0,16.0,14.0,22.0,18.0,18.0,14.0,14.0,14.0,16.0,14.0,14.0,14.0,14.0,14.0,14.0,14.0,14.0,14.0,14.0,16.0,16.0,18.0,26.0
2024-09-10,28.0,28.0,28.0,26.0,26.0,24.0,24.0,22.0,20.0,20.0,20.0,20.0,18.0,18.0,16.0,14.0,14.0,14.0,14.0,12.0,12.0,14.0,12.0,14.0,14.0,14.0,14.0,12.0,10.0,0.0,0.0,2.0,10.0,10.0,12.0,10.0,8.0,6.0,6.0,6.0,4.0,0.0,0.0,0.0,0.0,0.0,0.0,0.0,0.0,0.0,0.0,0.0,0.0,0.0,0.0,0.0,0.0,0.0,4.0,4.0,4.0,2.0,0.0,0.0,0.0,0.0,0.0,0.0,0.0,0.0,0.0,0.0,0.0,2.0,6.0,10.0,10.0,10.0,10.0,10.0,10.0,10.0,10.0,10.0,10.0,16.0,18.0,18.0,18.0,12.0,12.0,12.0,12.0,12.0,12.0,12.0
2024-09-11,12.0,12.0,12.0,12.0,12.0,10.0,10.0,10.0,10.0,10.0,10.0,10.0,10.0,10.0,10.0,10.0,10.0,10.0,10.0,10.0,10.0,10.0,10.0,10.0,10.0,10.0,10.0,4.0,2.0,0.0,0.0,0.0,0.0,0.0,0.0,0.0,0.0,2.0,2.0,2.0,2.0,4.0,6.0,6.0,6.0,6.0,8.0,10.0,10.0,10.0,18.0,20.0,20.0,20.0,20.0,20.0,20.0,20.0,18.0,18.0,18.0,18.0,18.0,16.0,14.0,14.0,14.0,12.0,10.0,12.0,16.0,14.0,14.0,12.0,12.0,12.0,10.0,10.0,10.0,10.0,10.0,10.0,10.0,10.0,10.0,12.0,10.0,12.0,12.0,22.0,24.0,20.0,16.0,16.0,14.0,14.0
2024-09-12,14.0,12.0,10.0,10.0,10.0,10.0,10.0,10.0,10.0,10.0,10.0,10.0,10.0,10.0,10.0,10.0,10.0,10.0,10.0,10.0,10.0,10.0,10.0,10.0,10.0,10.0,8.0,6.0,0.0,0.0,0.0,0.0,0.0,0.0,0.0,0.0,0.0,0.0,2.0,4.0,2.0,4.0,4.0,4.0,10.0,16.0,14.0,14.0,14.0,14.0,14.0,10.0,10.0,10.0,10.0,12.0,10.0,10.0,10.0,10.0,10.0,10.0,8.0,8.0,6.0,4.0,0.0,0.0,0.0,2.0,0.0,0.0,0.0,0.0,0.0,8.0,10.0,10.0,10.0,16.0,14.0,14.0,16.0,16.0,16.0,16.0,16.0,14.0,12.0,12.0,12.0,16.0,24.0,26.0,26.0,26.0
2024-09-13,26.0,26.0,24.0,20.0,18.0,18.0,18.0,18.0,16.0,16.0,16.0,16.0,16.0,14.0,14.0,14.0,12.0,12.0,12.0,12.0,12.0,12.0,12.0,12.0,12.0,10.0,10.0,10.0,6.0,0.0,0.0,4.0,6.0,6.0,6.0,6.0,6.0,6.0,6.0,6.0,6.0,6.0,6.0,6.0,6.0,6.0,6.0,4.0,4.0,2.0,2.0,0.0,0.0,0.0,0.0,0.0,0.0,0.0,0.0,0.0,0.0,0.0,0.0,0.0,0.0,0.0,0.0,0.0,0.0,0.0,0.0,0.0,0.0,0.0,0.0,8.0,14.0,14.0,18.0,18.0,18.0,16.0,16.0,18.0,18.0,16.0,16.0,16.0,12.0,10.0,10.0,10.0,10.0,10.0,10.0,10.0
2024-09-14,10.0,10.0,10.0,10.0,10.0,10.0,10.0,10.0,10.0,10.0,10.0,10.0,10.0,10.0,10.0,10.0,10.0,10.0,10.0,10.0,10.0,10.0,10.0,10.0,12.0,12.0,12.0,8.0,10.0,12.0,0.0,6.0,8.0,8.0,8.0,8.0,8.0,8.0,8.0,8.0,8.0,8.0,10.0,10.0,10.0,10.0,10.0,10.0,10.0,10.0,10.0,10.0,10.0,10.0,10.0,10.0,8.0,8.0,6.0,6.0,6.0,6.0,6.0,4.0,4.0,6.0,10.0,12.0,10.0,8.0,4.0,6.0,8.0,14.0,16.0,12.0,20.0,18.0,20.0,20.0,20.0,20.0,20.0,20.0,20.0,18.0,20.0,18.0,18.0,18.0,18.0,18.0,18.0,20.0,24.0,22.0
2024-09-15,22.0,20.0,20.0,20.0,20.0,20.0,20.0,20.0,20.0,20.0,20.0,18.0,18.0,16.0,14.0,14.0,14.0,14.0,14.0,14.0,14.0,14.0,14.0,14.0,12.0,10.0,0.0,0.0,0.0,0.0,2.0,2.0,2.0,0.0,2.0,2.0,2.0,0.0,0.0,0.0,0.0,0.0,0.0,0.0,0.0,0.0,0.0,0.0,0.0,0.0,0.0,0.0,2.0,4.0,4.0,4.0,4.0,2.0,2.0,2.0,2.0,2.0,0.0,0.0,4.0,4.0,4.0,2.0,0.0,0.0,0.0,0.0,0.0,0.0,0.0,4.0,12.0,10.0,10.0,10.0,10.0,10.0,10.0,10.0,10.0,10.0,10.0,22.0,16.0,16.0,16.0,16.0,14.0,14.0,14.0,14.0
2024-09-16,14.0,14.0,12.0,12.0,10.0,10.0,12.0,12.0,12.0,10.0,10.0,10.0,10.0,10.0,10.0,10.0,10.0,10.0,10.0,10.0,10.0,10.0,10.0,10.0,10.0,10.0,2.0,10.0,2.0,0.0,0.0,0.0,2.0,2.0,2.0,2.0,2.0,2.0,2.0,2.0,2.0,2.0,2.0,0.0,0.0,0.0,0.0,0.0,0.0,4.0,4.0,4.0,4.0,6.0,6.0,6.0,6.0,6.0,6.0,6.0,6.0,6.0,4.0,4.0,4.0,4.0,0.0,0.0,0.0,0.0,0.0,0.0,0.0,0.0,0.0,2.0,12.0,12.0,10.0,10.0,10.0,12.0,12.0,12.0,12.0,12.0,12.0,12.0,12.0,12.0,12.0,12.0,12.0,12.0,12.0,12.0
2024-09-17,26.0,26.0,26.0,22.0,16.0,16.0,16.0,16.0,16.0,12.0,12.0,12.0,12.0,12.0,10.0,10.0,10.0,10.0,10.0,10.0,10.0,10.0,10.0,10.0,10.0,10.0,10.0,8.0,0.0,0.0,2.0,2.0,2.0,2.0,2.0,2.0,2.0,2.0,2.0,2.0,2.0,2.0,2.0,2.0,2.0,2.0,2.0,2.0,2.0,2.0,2.0,2.0,0.0,0.0,0.0,0.0,0.0,4.0,4.0,4.0,4.0,4.0,2.0,0.0,0.0,0.0,0.0,0.0,0.0,0.0,0.0,0.0,0.0,0.0,2.0,8.0,10.0,14.0,14.0,14.0,14.0,14.0,10.0,10.0,10.0,10.0,10.0,10.0,12.0,16.0,18.0,18.0,18.0,6.0,6.0,4.0
2024-09-18,2.0,2.0,2.0,2.0,2.0,2.0,2.0,2.0,2.0,2.0,2.0,2.0,2.0,2.0,2.0,2.0,2.0,2.0,2.0,2.0,2.0,2.0,2.0,2.0,14.0,12.0,12.0,6.0,2.0,2.0,2.0,0.0,0.0,0.0,0.0,0.0,0.0,0.0,0.0,0.0,0.0,0.0,0.0,0.0,0.0,0.0,0.0,2.0,2.0,2.0,2.0,2.0,2.0,4.0,4.0,4.0,4.0,6.0,8.0,8.0,8.0,8.0,8.0,8.0,8.0,8.0,8.0,8.0,10.0,8.0,8.0,4.0,4.0,4.0,4.0,16.0,16.0,14.0,14.0,14.0,14.0,14.0,14.0,14.0,14.0,14.0,14.0,14.0,14.0,14.0,14.0,8.0,6.0,6.0,6.0,4.0
2024-09-19,2.0,2.0,4.0,2.0,2.0,2.0,2.0,2.0,2.0,2.0,2.0,2.0,2.0,2.0,2.0,2.0,2.0,2.0,2.0,2.0,2.0,2.0,12.0,14.0,14.0,18.0,18.0,18.0,16.0,6.0,4.0,4.0,2.0,2.0,0.0,0.0,0.0,0.0,12.0,16.0,16.0,14.0,14.0,14.0,14.0,14.0,14.0,14.0,14.0,16.0,20.0,16.0,16.0,14.0,12.0,12.0,12.0,12.0,12.0,12.0,14.0,14.0,14.0,14.0,12.0,8.0,8.0,6.0,6.0,6.0,4.0,2.0,2.0,2.0,6.0,12.0,10.0,12.0,14.0,14.0,14.0,14.0,12.0,12.0,14.0,10.0,10.0,16.0,16.0,14.0,12.0,14.0,14.0,14.0,14.0,12.0
2024-09-20,14.0,14.0,14.0,14.0,14.0,14.0,14.0,14.0,14.0,14.0,14.0,14.0,14.0,14.0,14.0,14.0,14.0,14.0,14.0,14.0,14.0,14.0,14.0,14.0,14.0,12.0,10.0,2.0,2.0,2.0,2.0,0.0,0.0,0.0,0.0,0.0,0.0,4.0,10.0,10.0,8.0,10.0,10.0,10.0,12.0,16.0,16.0,12.0,12.0,10.0,10.0,10.0,8.0,12.0,12.0,12.0,12.0,10.0,10.0,10.0,10.0,16.0,18.0,18.0,18.0,18.0,18.0,14.0,12.0,12.0,10.0,8.0,4.0,4.0,4.0,16.0,14.0,12.0,10.0,10.0,10.0,10.0,10.0,10.0,10.0,14.0,18.0,18.0,18.0,18.0,18.0,18.0,20.0,20.0,20.0,20.0
2024-09-21,20.0,20.0,20.0,20.0,20.0,18.0,18.0,16.0,18.0,16.0,14.0,14.0,12.0,12.0,10.0,10.0,10.0,10.0,10.0,10.0,10.0,10.0,10.0,10.0,10.0,10.0,0.0,0.0,0.0,0.0,0.0,0.0,0.0,0.0,0.0,0.0,0.0,0.0,0.0,0.0,0.0,0.0,0.0,0.0,0.0,0.0,0.0,0.0,0.0,0.0,0.0,0.0,0.0,0.0,0.0,0.0,0.0,0.0,0.0,0.0,0.0,0.0,0.0,0.0,0.0,0.0,0.0,0.0,0.0,0.0,0.0,0.0,0.0,0.0,0.0,4.0,10.0,10.0,10.0,14.0,14.0,14.0,14.0,14.0,16.0,20.0,20.0,20.0,22.0,22.0,20.0,20.0,20.0,20.0,20.0,20.0
2024-09-22,20.0,20.0,20.0,20.0,20.0,18.0,16.0,14.0,14.0,14.0,14.0,14.0,14.0,14.0,14.0,14.0,14.0,14.0,12.0,12.0,12.0,12.0,12.0,10.0,10.0,10.0,12.0,12.0,4.0,2.0,2.0,2.0,2.0,2.0,2.0,2.0,2.0,2.0,2.0,4.0,4.0,4.0,4.0,4.0,4.0,8.0,14.0,18.0,24.0,24.0,24.0,20.0,20.0,20.0,14.0,14.0,14.0,12.0,10.0,10.0,14.0,14.0,14.0,14.0,10.0,10.0,12.0,12.0,12.0,12.0,12.0,12.0,12.0,10.0,10.0,18.0,22.0,20.0,16.0,12.0,12.0,10.0,10.0,10.0,12.0,14.0,14.0,14.0,14.0,18.0,24.0,24.0,24.0,24.0,24.0,20.0
2024-09-23,18.0,16.0,14.0,14.0,14.0,14.0,14.0,14.0,14.0,14.0,12.0,14.0,12.0,12.0,12.0,12.0,12.0,12.0,12.0,12.0,12.0,12.0,12.0,12.0,12.0,4.0,4.0,0.0,0.0,0.0,0.0,0.0,0.0,0.0,0.0,0.0,0.0,0.0,0.0,0.0,0.0,0.0,0.0,0.0,0.0,0.0,0.0,0.0,0.0,0.0,2.0,2.0,8.0,8.0,8.0,8.0,8.0,18.0,22.0,22.0,22.0,24.0,24.0,24.0,18.0,10.0,8.0,8.0,6.0,4.0,4.0,2.0,2.0,2.0,2.0,8.0,16.0,16.0,16.0,16.0,16.0,16.0,16.0,16.0,16.0,18.0,16.0,16.0,14.0,14.0,14.0,14.0,14.0,14.0,14.0,14.0
2024-09-24,14.0,14.0,14.0,14.0,14.0,14.0,12.0,12.0,12.0,12.0,12.0,12.0,12.0,12.0,12.0,12.0,12.0,12.0,12.0,12.0,10.0,12.0,12.0,12.0,12.0,12.0,12.0,2.0,2.0,2.0,2.0,2.0,2.0,2.0,4.0,8.0,8.0,8.0,8.0,6.0,10.0,8.0,8.0,8.0,8.0,8.0,10.0,10.0,10.0,10.0,10.0,8.0,8.0,8.0,8.0,8.0,2.0,2.0,2.0,2.0,2.0,0.0,0.0,0.0,0.0,0.0,0.0,0.0,0.0,0.0,0.0,0.0,0.0,0.0,4.0,8.0,10.0,14.0,16.0,16.0,16.0,16.0,16.0,16.0,12.0,14.0,14.0,14.0,14.0,14.0,14.0,14.0,14.0,14.0,12.0,12.0
2024-09-25,12.0,12.0,12.0,12.0,12.0,12.0,12.0,12.0,12.0,12.0,12.0,12.0,12.0,12.0,12.0,12.0,12.0,10.0,10.0,10.0,10.0,10.0,10.0,10.0,10.0,12.0,12.0,12.0,4.0,6.0,4.0,2.0,0.0,0.0,0.0,0.0,0.0,0.0,0.0,0.0,0.0,0.0,0.0,4.0,10.0,10.0,8.0,10.0,10.0,10.0,10.0,12.0,8.0,12.0,14.0,12.0,12.0,12.0,12.0,10.0,6.0,6.0,6.0,4.0,4.0,4.0,6.0,4.0,4.0,6.0,4.0,6.0,6.0,18.0,18.0,17.0,16.0,16.0,16.0,16.0,16.0,16.0,14.0,14.0,14.0,14.0,14.0,14.0,12.0,10.0,10.0,10.0,10.0,10.0,10.0,10.0
2024-09-26,10.0,10.0,10.0,10.0,10.0,10.0,10.0,10.0,10.0,10.0,10.0,10.0,10.0,10.0,10.0,10.0,10.0,10.0,10.0,10.0,10.0,10.0,10.0,10.0,10.0,10.0,4.0,0.0,2.0,4.0,4.0,4.0,4.0,0.0,0.0,0.0,2.0,6.0,6.0,6.0,6.0,6.0,6.0,6.0,6.0,6.0,8.0,8.0,8.0,8.0,6.0,4.0,2.0,2.0,4.0,6.0,6.0,6.0,6.0,6.0,6.0,6.0,6.0,6.0,6.0,6.0,6.0,6.0,12.0,20.0,20.0,20.0,20.0,14.0,16.0,26.0,26.0,24.0,20.0,16.0,15.0,14.0,10.0,10.0,10.0,10.0,10.0,10.0,12.0,12.0,12.0,12.0,12.0,16.0,16.0,16.0
2024-09-27,16.0,14.0,14.0,14.0,12.0,12.0,10.0,10.0,10.0,10.0,10.0,10.0,10.0,10.0,10.0,10.0,10.0,10.0,10.0,10.0,10.0,10.0,10.0,10.0,10.0,10.0,10.0,10.0,8.0,0.0,2.0,0.0,0.0,0.0,0.0,0.0,2.0,4.0,4.0,4.0,4.0,4.0,4.0,4.0,4.0,4.0,4.0,4.0,4.0,4.0,4.0,2.0,0.0,0.0,0.0,0.0,0.0,0.0,0.0,0.0,0.0,0.0,0.0,0.0,0.0,0.0,0.0,0.0,0.0,0.0,0.0,0.0,0.0,0.0,0.0,0.0,0.0,0.0,0.0,0.0,0.0,0.0,0.0,0.0,0.0,0.0,0.0,0.0,0.0,0.0,0.0,0.0,0.0,0.0,0.0,0.0
2024-09-30,0.0,0.0,0.0,0.0,0.0,0.0,0.0,0.0,0.0,0.0,0.0,0.0,0.0,0.0,0.0,0.0,0.0,0.0,0.0,0.0,0.0,0.0,0.0,0.0,0.0,0.0,0.0,0.0,0.0,0.0,0.0,0.0,0.0,0.0,0.0,0.0,0.0,0.0,0.0,0.0,0.0,0.0,0.0,0.0,0.0,0.0,0.0,0.0,2.0,6.0,6.0,6.0,6.0,6.0,4.0,4.0,6.0,8.0,10.0,10.0,10.0,12.0,14.0,14.0,14.0,14.0,14.0,14.0,6.0,6.0,6.0,8.0,8.0,2.0,8.0,14.0,14.0,14.0,14.0,10.0,10.0,10.0,10.0,10.0,10.0,10.0,20.0,26.0,28.0,28.0,28.0,26.0,26.0,24.0,18.0,18.0
2024-10-01,18.0,18.0,18.0,16.0,16.0,16.0,16.0,16.0,16.0,16.0,16.0,18.0,16.0,16.0,14.0,14.0,14.0,12.0,12.0,12.0,12.0,12.0,10.0,10.0,10.0,10.0,8.0,0.0,0.0,2.0,2.0,2.0,2.0,2.0,2.0,2.0,2.0,2.0,12.0,14.0,14.0,14.0,14.0,14.0,8.0,6.0,4.0,4.0,2.0,4.0,4.0,4.0,4.0,4.0,6.0,6.0,6.0,6.0,6.0,6.0,8.0,8.0,8.0,8.0,4.0,4.0,4.0,4.0,4.0,4.0,4.0,2.0,0.0,0.0,0.0,2.0,12.0,12.0,12.0,12.0,12.0,12.0,12.0,12.0,10.0,10.0,10.0,10.0,10.0,10.0,10.0,10.0,10.0,10.0,10.0,10.0
2024-10-02,10.0,10.0,10.0,10.0,10.0,10.0,10.0,10.0,10.0,10.0,12.0,12.0,12.0,12.0,12.0,10.0,10.0,10.0,10.0,10.0,10.0,10.0,10.0,10.0,10.0,10.0,6.0,2.0,0.0,0.0,0.0,0.0,0.0,6.0,6.0,6.0,6.0,6.0,6.0,6.0,6.0,6.0,6.0,6.0,4.0,4.0,4.0,2.0,2.0,2.0,2.0,2.0,2.0,0.0,0.0,0.0,0.0,0.0,0.0,0.0,0.0,0.0,0.0,0.0,0.0,0.0,0.0,0.0,0.0,0.0,0.0,0.0,0.0,0.0,0.0,12.0,10.0,10.0,10.0,14.0,18.0,18.0,18.0,18.0,18.0,18.0,18.0,18.0,20.0,20.0,20.0,20.0,22.0,22.0,22.0,22.0
2024-10-03,22.0,22.0,22.0,22.0,20.0,20.0,20.0,20.0,18.0,16.0,16.0,16.0,16.0,16.0,14.0,12.0,12.0,14.0,12.0,12.0,12.0,14.0,14.0,12.0,12.0,12.0,12.0,6.0,4.0,4.0,4.0,4.0,4.0,2.0,2.0,2.0,2.0,2.0,2.0,4.0,4.0,4.0,4.0,4.0,4.0,2.0,2.0,2.0,2.0,2.0,2.0,2.0,2.0,2.0,4.0,4.0,4.0,4.0,4.0,4.0,6.0,4.0,2.0,2.0,2.0,0.0,0.0,2.0,2.0,2.0,2.0,6.0,2.0,2.0,2.0,12.0,14.0,12.0,16.0,20.0,20.0,22.0,22.0,20.0,20.0,10.0,10.0,6.0,0.0,0.0,0.0,0.0,0.0,0.0,0.0,0.0
2024-10-04,0.0,0.0,0.0,0.0,0.0,0.0,0.0,0.0,0.0,0.0,0.0,0.0,0.0,0.0,0.0,0.0,0.0,0.0,0.0,0.0,0.0,6.0,12.0,10.0,10.0,8.0,10.0,8.0,4.0,0.0,0.0,0.0,0.0,0.0,0.0,0.0,0.0,2.0,6.0,6.0,8.0,8.0,2.0,0.0,8.0,12.0,12.0,12.0,12.0,12.0,6.0,12.0,12.0,14.0,10.0,8.0,6.0,6.0,4.0,2.0,2.0,0.0,0.0,0.0,0.0,0.0,0.0,0.0,0.0,2.0,0.0,0.0,2.0,0.0,12.0,10.0,12.0,16.0,4.0,0.0,2.0,0.0,0.0,0.0,0.0,0.0,0.0,0.0,0.0,0.0,0.0,0.0,0.0,0.0,0.0,0.0
2024-10-05,0.0,0.0,0.0,0.0,0.0,0.0,0.0,0.0,0.0,0.0,0.0,0.0,0.0,0.0,0.0,0.0,0.0,0.0,0.0,0.0,0.0,0.0,0.0,0.0,0.0,0.0,0.0,0.0,4.0,2.0,4.0,2.0,2.0,0.0,0.0,2.0,2.0,2.0,2.0,2.0,2.0,2.0,2.0,0.0,0.0,0.0,0.0,0.0,0.0,0.0,0.0,0.0,0.0,0.0,0.0,0.0,0.0,0.0,0.0,0.0,0.0,0.0,0.0,0.0,0.0,0.0,0.0,0.0,0.0,0.0,0.0,0.0,0.0,0.0,0.0,0.0,0.0,0.0,0.0,0.0,0.0,0.0,0.0,0.0,0.0,0.0,0.0,0.0,0.0,0.0,0.0,0.0,0.0,0.0,0.0,0.0
2024-10-06,0.0,0.0,0.0,0.0,0.0,0.0,0.0,0.0,0.0,0.0,0.0,0.0,0.0,0.0,0.0,0.0,0.0,0.0,0.0,0.0,0.0,0.0,0.0,0.0,0.0,0.0,0.0,0.0,0.0,0.0,0.0,0.0,0.0,0.0,0.0,0.0,0.0,0.0,2.0,4.0,6.0,2.0,0.0,0.0,0.0,0.0,0.0,14.0,18.0,18.0,18.0,18.0,18.0,18.0,16.0,14.0,14.0,14.0,12.0,12.0,12.0,10.0,8.0,12.0,10.0,8.0,10.0,8.0,6.0,4.0,4.0,0.0,0.0,0.0,2.0,0.0,0.0,8.0,14.0,12.0,12.0,12.0,12.0,12.0,12.0,12.0,12.0,12.0,12.0,12.0,12.0,12.0,12.0,12.0,12.0,14.0
2024-10-07,12.0,12.0,12.0,10.0,10.0,10.0,10.0,10.0,10.0,10.0,10.0,10.0,10.0,10.0,10.0,10.0,10.0,10.0,10.0,10.0,10.0,10.0,10.0,10.0,10.0,10.0,8.0,4.0,0.0,0.0,0.0,0.0,0.0,0.0,0.0,0.0,0.0,0.0,0.0,0.0,0.0,0.0,0.0,0.0,0.0,0.0,0.0,0.0,0.0,0.0,0.0,0.0,0.0,10.0,10.0,12.0,12.0,12.0,12.0,14.0,12.0,10.0,8.0,10.0,10.0,10.0,8.0,8.0,6.0,2.0,0.0,0.0,0.0,0.0,12.0,10.0,10.0,10.0,10.0,10.0,10.0,10.0,10.0,10.0,10.0,16.0,20.0,28.0,28.0,24.0,18.0,18.0,12.0,8.0,6.0,4.0
2024-10-08,4.0,4.0,4.0,4.0,4.0,4.0,2.0,2.0,2.0,2.0,2.0,2.0,2.0,2.0,2.0,2.0,2.0,2.0,2.0,0.0,0.0,0.0,0.0,0.0,0.0,0.0,0.0,6.0,6.0,4.0,4.0,2.0,2.0,2.0,2.0,2.0,2.0,2.0,2.0,2.0,2.0,2.0,2.0,0.0,8.0,12.0,14.0,14.0,14.0,14.0,10.0,9.0,8.0,4.0,2.0,2.0,2.0,3.0,4.0,6.0,12.0,18.0,18.0,14.0,6.0,18.0,14.0,4.0,4.0,2.0,2.0,0.0,2.0,0.0,0.0,10.0,12.0,12.0,10.0,0.0,0.0,0.0,0.0,0.0,0.0,0.0,0.0,0.0,0.0,0.0,0.0,0.0,0.0,0.0,0.0,0.0
2024-10-09,0.0,0.0,0.0,0.0,0.0,0.0,0.0,0.0,0.0,0.0,0.0,0.0,0.0,0.0,0.0,0.0,0.0,0.0,0.0,0.0,0.0,0.0,0.0,0.0,0.0,0.0,0.0,0.0,0.0,0.0,0.0,0.0,0.0,0.0,0.0,0.0,0.0,0.0,0.0,0.0,0.0,0.0,0.0,0.0,0.0,4.0,14.0,20.0,26.0,26.0,24.0,22.0,20.0,20.0,20.0,18.0,16.0,14.0,14.0,12.0,12.0,14.0,14.0,12.0,10.0,8.0,6.0,6.0,6.0,6.0,4.0,4.0,4.0,4.0,18.0,16.0,14.0,14.0,14.0,12.0,10.0,10.0,10.0,10.0,10.0,10.0,10.0,10.0,10.0,12.0,14.0,14.0,14.0,14.0,14.0,14.0
2024-10-10,14.0,14.0,14.0,14.0,14.0,14.0,14.0,14.0,14.0,12.0,12.0,12.0,12.0,12.0,12.0,12.0,12.0,12.0,12.0,12.0,12.0,12.0,12.0,12.0,12.0,12.0,4.0,0.0,0.0,0.0,0.0,0.0,0.0,0.0,0.0,0.0,0.0,0.0,0.0,0.0,2.0,12.0,12.0,10.0,8.0,6.0,6.0,6.0,10.0,10.0,10.0,10.0,20.0,30.0,30.0,26.0,26.0,24.0,16.0,6.0,4.0,2.0,2.0,2.0,2.0,4.0,4.0,2.0,0.0,0.0,0.0,0.0,0.0,4.0,10.0,14.0,12.0,10.0,10.0,10.0,12.0,12.0,12.0,12.0,12.0,12.0,12.0,12.0,12.0,12.0,12.0,12.0,12.0,12.0,12.0,12.0
2024-10-11,10.0,10.0,10.0,10.0,10.0,10.0,10.0,10.0,10.0,10.0,10.0,10.0,10.0,10.0,10.0,10.0,10.0,10.0,10.0,10.0,10.0,10.0,10.0,10.0,10.0,10.0,0.0,0.0,0.0,0.0,2.0,2.0,2.0,4.0,6.0,6.0,6.0,4.0,6.0,6.0,6.0,6.0,6.0,6.0,6.0,2.0,2.0,0.0,2.0,0.0,0.0,0.0,0.0,0.0,0.0,0.0,2.0,6.0,6.0,10.0,14.0,14.0,14.0,20.0,22.0,22.0,18.0,18.0,18.0,16.0,14.0,12.0,12.0,12.0,10.0,22.0,18.0,12.0,10.0,10.0,10.0,10.0,10.0,10.0,14.0,16.0,16.0,14.0,14.0,14.0,12.0,12.0,12.0,12.0,12.0,12.0
2024-10-12,12.0,12.0,12.0,12.0,12.0,12.0,10.0,10.0,10.0,10.0,10.0,10.0,10.0,10.0,10.0,10.0,10.0,10.0,10.0,10.0,10.0,10.0,10.0,10.0,10.0,10.0,10.0,10.0,10.0,6.0,0.0,0.0,0.0,2.0,4.0,4.0,4.0,2.0,0.0,0.0,0.0,0.0,0.0,0.0,0.0,0.0,0.0,0.0,0.0,0.0,0.0,0.0,2.0,2.0,2.0,2.0,2.0,2.0,2.0,2.0,2.0,2.0,2.0,2.0,2.0,2.0,2.0,0.0,0.0,0.0,0.0,2.0,2.0,2.0,10.0,12.0,10.0,10.0,10.0,10.0,10.0,10.0,10.0,10.0,10.0,10.0,10.0,10.0,10.0,10.0,10.0,10.0,10.0,10.0,10.0,10.0
2024-10-13,10.0,10.0,10.0,10.0,10.0,10.0,10.0,10.0,10.0,10.0,10.0,10.0,10.0,10.0,10.0,10.0,10.0,10.0,10.0,10.0,10.0,10.0,10.0,10.0,10.0,10.0,8.0,6.0,6.0,0.0,0.0,0.0,0.0,0.0,0.0,0.0,0.0,0.0,0.0,0.0,0.0,2.0,0.0,0.0,0.0,0.0,2.0,12.0,24.0,24.0,22.0,22.0,24.0,16.0,8.0,2.0,0.0,2.0,0.0,0.0,0.0,0.0,0.0,0.0,0.0,0.0,0.0,2.0,0.0,0.0,0.0,0.0,0.0,4.0,12.0,10.0,14.0,16.0,16.0,14.0,12.0,12.0,14.0,12.0,12.0,12.0,12.0,12.0,13.0,14.0,14.0,14.0,14.0,14.0,14.0,14.0
2024-10-14,14.0,12.0,12.0,12.0,10.0,10.0,10.0,10.0,10.0,10.0,10.0,10.0,10.0,10.0,10.0,12.0,14.0,16.0,16.0,16.0,13.0,10.0,10.0,10.0,10.0,10.0,10.0,2.0,0.0,6.0,2.0,0.0,0.0,0.0,0.0,0.0,0.0,0.0,0.0,0.0,0.0,0.0,0.0,0.0,0.0,0.0,0.0,0.0,0.0,0.0,0.0,0.0,4.0,6.0,6.0,6.0,6.0,6.0,6.0,6.0,6.0,6.0,6.0,6.0,6.0,4.0,4.0,4.0,4.0,4.0,2.0,0.0,0.0,2.0,14.0,14.0,12.0,12.0,12.0,12.0,12.0,12.0,12.0,12.0,24.0,30.0,30.0,30.0,30.0,28.0,24.0,24.0,22.0,20.0,20.0,20.0
2024-10-15,20.0,20.0,20.0,20.0,20.0,20.0,20.0,20.0,20.0,20.0,20.0,20.0,20.0,20.0,20.0,18.0,18.0,16.0,16.0,14.0,14.0,12.0,10.0,10.0,12.0,12.0,6.0,2.0,2.0,2.0,2.0,2.0,2.0,2.0,2.0,2.0,2.0,0.0,2.0,2.0,2.0,2.0,0.0,0.0,0.0,0.0,0.0,0.0,0.0,0.0,0.0,0.0,0.0,0.0,0.0,0.0,0.0,0.0,0.0,4.0,6.0,6.0,8.0,8.0,8.0,8.0,6.0,6.0,8.0,8.0,8.0,8.0,8.0,10.0,15.0,20.0,20.0,22.0,22.0,22.0,20.0,20.0,20.0,26.0,26.0,24.0,22.0,24.0,24.0,24.0,24.0,18.0,14.0,20.0,26.0,30.0
2024-10-16,28.0,26.0,24.0,24.0,18.0,16.0,16.0,18.0,16.0,16.0,16.0,14.0,14.0,14.0,14.0,14.0,14.0,14.0,14.0,14.0,10.0,10.0,10.0,10.0,10.0,10.0,2.0,0.0,0.0,0.0,0.0,8.0,24.0,22.0,22.0,22.0,22.0,14.0,4.0,0.0,0.0,0.0,0.0,0.0,0.0,0.0,0.0,0.0,0.0,0.0,0.0,0.0,0.0,0.0,0.0,0.0,0.0,0.0,12.0,14.0,14.0,14.0,14.0,12.0,12.0,8.0,8.0,8.0,8.0,8.0,8.0,8.0,8.0,8.0,10.0,10.0,10.0,10.0,10.0,10.0,10.0,10.0,10.0,10.0,10.0,12.0,12.0,12.0,12.0,12.0,12.0,12.0,12.0,16.0,16.0,16.0
2024-10-17,16.0,16.0,16.0,18.0,16.0,16.0,16.0,16.0,14.0,12.0,10.0,10.0,10.0,10.0,10.0,10.0,10.0,10.0,10.0,10.0,10.0,10.0,10.0,10.0,10.0,10.0,8.0,0.0,0.0,0.0,0.0,0.0,0.0,0.0,0.0,0.0,0.0,0.0,0.0,0.0,2.0,2.0,2.0,2.0,0.0,2.0,4.0,4.0,4.0,4.0,4.0,4.0,4.0,4.0,4.0,6.0,10.0,10.0,10.0,10.0,16.0,16.0,16.0,16.0,14.0,10.0,8.0,8.0,14.0,12.0,10.0,10.0,10.0,12.0,22.0,22.0,14.0,17.0,20.0,14.0,14.0,14.0,14.0,14.0,14.0,14.0,14.0,14.0,12.0,12.0,12.0,12.0,12.0,10.0,10.0,10.0
2024-10-18,10.0,10.0,10.0,10.0,10.0,10.0,10.0,10.0,10.0,10.0,10.0,10.0,10.0,10.0,10.0,10.0,10.0,10.0,10.0,10.0,10.0,10.0,10.0,10.0,10.0,10.0,8.0,0.0,4.0,4.0,10.0,16.0,22.0,28.0,34.0,30.0,28.0,28.0,20.0,10.0,8.0,8.0,6.0,2.0,2.0,2.0,2.0,0.0,0.0,0.0,0.0,0.0,0.0,0.0,0.0,0.0,0.0,4.0,8.0,8.0,10.0,8.0,10.0,14.0,14.0,14.0,12.0,10.0,10.0,18.0,12.0,12.0,10.0,12.0,14.0,16.0,14.0,14.0,12.0,12.0,12.0,12.0,16.0,20.0,18.0,24.0,24.0,22.0,22.0,24.0,22.0,22.0,22.0,22.0,22.0,22.0
2024-10-19,22.0,22.0,22.0,22.0,22.0,20.0,18.0,18.0,16.0,16.0,16.0,16.0,16.0,16.0,16.0,16.0,14.0,12.0,12.0,12.0,12.0,18.0,18.0,18.0,18.0,18.0,16.0,6.0,6.0,6.0,6.0,4.0,4.0,4.0,4.0,4.0,4.0,4.0,4.0,4.0,4.0,4.0,2.0,0.0,0.0,0.0,0.0,0.0,2.0,2.0,2.0,2.0,2.0,2.0,2.0,2.0,8.0,8.0,14.0,16.0,16.0,16.0,14.0,12.0,12.0,12.0,12.0,12.0,12.0,12.0,14.0,18.0,20.0,22.0,28.0,22.0,16.0,14.0,12.0,10.0,12.0,12.0,12.0,16.0,16.0,16.0,16.0,16.0,10.0,10.0,10.0,10.0,10.0,10.0,10.0,10.0
2024-10-20,12.0,12.0,12.0,12.0,10.0,10.0,10.0,10.0,10.0,10.0,10.0,10.0,10.0,10.0,10.0,10.0,10.0,10.0,10.0,10.0,10.0,10.0,10.0,10.0,18.0,12.0,8.0,8.0,8.0,8.0,8.0,2.0,0.0,0.0,0.0,0.0,0.0,0.0,4.0,8.0,4.0,2.0,0.0,0.0,0.0,0.0,0.0,0.0,0.0,0.0,0.0,0.0,0.0,0.0,4.0,6.0,6.0,6.0,4.0,4.0,6.0,6.0,0.0,14.0,22.0,26.0,26.0,26.0,26.0,18.0,8.0,6.0,4.0,4.0,0.0,6.0,12.0,12.0,12.0,12.0,18.0,18.0,18.0,18.0,18.0,12.0,10.0,10.0,10.0,10.0,10.0,10.0,10.0,10.0,10.0,10.0
2024-10-21,10.0,10.0,10.0,10.0,10.0,10.0,10.0,10.0,0.0,0.0,0.0,0.0,0.0,0.0,0.0,0.0,0.0,0.0,0.0,0.0,0.0,0.0,0.0,0.0,0.0,0.0,0.0,0.0,0.0,0.0,0.0,0.0,0.0,0.0,0.0,0.0,0.0,0.0,0.0,0.0,0.0,0.0,0.0,0.0,0.0,0.0,0.0,0.0,0.0,0.0,0.0,0.0,0.0,0.0,0.0,0.0,0.0,0.0,0.0,0.0,0.0,0.0,0.0,0.0,0.0,0.0,0.0,2.0,2.0,2.0,8.0,2.0,2.0,2.0,4.0,14.0,12.0,12.0,12.0,14.0,14.0,14.0,13.0,12.0,12.0,12.0,12.0,12.0,12.0,12.0,12.0,12.0,12.0,12.0,12.0,12.0
2024-10-22,12.0,12.0,12.0,12.0,12.0,12.0,12.0,12.0,12.0,12.0,10.0,10.0,10.0,10.0,10.0,10.0,10.0,10.0,10.0,10.0,10.0,10.0,10.0,12.0,10.0,10.0,10.0,0.0,0.0,0.0,0.0,2.0,24.0,24.0,24.0,20.0,18.0,18.0,18.0,18.0,16.0,14.0,24.0,24.0,24.0,18.0,16.0,16.0,14.0,8.0,8.0,8.0,10.0,10.0,12.0,16.0,12.0,12.0,12.0,12.0,12.0,14.0,12.0,10.0,10.0,10.0,8.0,8.0,10.0,10.0,10.0,10.0,8.0,12.0,18.0,20.0,16.0,16.0,14.0,12.0,12.0,14.0,14.0,14.0,14.0,12.0,12.0,12.0,10.0,10.0,12.0,12.0,12.0,10.0,10.0,10.0
2024-10-23,10.0,10.0,10.0,10.0,10.0,10.0,10.0,10.0,10.0,10.0,10.0,10.0,10.0,10.0,10.0,10.0,10.0,10.0,10.0,10.0,10.0,10.0,10.0,10.0,10.0,12.0,12.0,4.0,4.0,0.0,0.0,0.0,0.0,0.0,6.0,6.0,8.0,10.0,10.0,10.0,8.0,6.0,4.0,4.0,16.0,16.0,16.0,14.0,14.0,14.0,14.0,8.0,6.0,4.0,6.0,6.0,6.0,6.0,6.0,8.0,6.0,4.0,4.0,4.0,4.0,4.0,2.0,2.0,2.0,2.0,2.0,2.0,2.0,2.0,10.0,14.0,12.0,14.0,18.0,18.0,18.0,18.0,18.0,22.0,22.0,16.0,20.0,20.0,20.0,18.0,18.0,18.0,18.0,18.0,18.0,18.0
2024-10-24,16.0,14.0,14.0,14.0,12.0,12.0,12.0,12.0,12.0,12.0,10.0,10.0,10.0,10.0,10.0,10.0,10.0,10.0,10.0,10.0,10.0,10.0,10.0,10.0,8.0,6.0,0.0,0.0,0.0,0.0,0.0,0.0,0.0,0.0,0.0,0.0,0.0,0.0,0.0,0.0,0.0,0.0,0.0,0.0,0.0,0.0,0.0,0.0,0.0,0.0,0.0,0.0,0.0,0.0,0.0,0.0,0.0,0.0,0.0,0.0,0.0,0.0,0.0,0.0,0.0,0.0,2.0,2.0,0.0,0.0,0.0,0.0,0.0,0.0,6.0,10.0,10.0,10.0,10.0,10.0,10.0,10.0,10.0,10.0,10.0,10.0,10.0,10.0,12.0,14.0,14.0,14.0,14.0,14.0,14.0,16.0
2024-10-25,17.0,18.0,18.0,18.0,18.0,18.0,14.0,12.0,12.0,12.0,12.0,12.0,12.0,12.0,14.0,14.0,14.0,14.0,14.0,12.0,12.0,12.0,10.0,10.0,12.0,14.0,8.0,4.0,4.0,2.0,0.0,0.0,0.0,0.0,0.0,0.0,0.0,0.0,0.0,0.0,0.0,0.0,0.0,0.0,0.0,0.0,2.0,4.0,4.0,4.0,4.0,2.0,2.0,2.0,2.0,0.0,0.0,0.0,0.0,2.0,8.0,8.0,6.0,4.0,2.0,2.0,0.0,0.0,0.0,0.0,2.0,0.0,12.0,10.0,10.0,10.0,12.0,18.0,16.0,16.0,16.0,16.0,16.0,16.0,16.0,16.0,16.0,12.0,12.0,12.0,12.0,12.0,12.0,12.0,12.0,12.0
2024-10-26,12.0,12.0,12.0,12.0,12.0,12.0,12.0,12.0,10.0,10.0,10.0,10.0,10.0,10.0,10.0,10.0,10.0,10.0,10.0,10.0,10.0,10.0,10.0,10.0,10.0,10.0,2.0,0.0,0.0,2.0,4.0,4.0,4.0,4.0,4.0,4.0,2.0,0.0,0.0,0.0,0.0,0.0,0.0,0.0,0.0,0.0,0.0,0.0,0.0,0.0,0.0,0.0,4.0,6.0,6.0,6.0,6.0,6.0,8.0,4.0,4.0,18.0,32.0,30.0,26.0,24.0,22.0,18.0,8.0,8.0,10.0,10.0,8.0,10.0,14.0,12.0,10.0,14.0,16.0,16.0,12.0,10.0,10.0,10.0,10.0,10.0,10.0,10.0,10.0,10.0,10.0,10.0,10.0,10.0,10.0,10.0
2024-10-27,10.0,10.0,10.0,10.0,10.0,10.0,10.0,10.0,10.0,10.0,10.0,10.0,10.0,10.0,10.0,10.0,10.0,10.0,10.0,10.0,10.0,10.0,10.0,10.0,10.0,10.0,8.0,0.0,0.0,0.0,0.0,0.0,0.0,0.0,0.0,0.0,2.0,6.0,6.0,6.0,2.0,2.0,2.0,2.0,0.0,0.0,0.0,0.0,0.0,0.0,0.0,0.0,0.0,0.0,0.0,4.0,6.0,6.0,6.0,6.0,4.0,4.0,6.0,6.0,6.0,6.0,4.0,2.0,2.0,0.0,2.0,4.0,4.0,10.0,18.0,14.0,14.0,14.0,14.0,16.0,18.0,18.0,16.0,12.0,12.0,16.0,16.0,16.0,14.0,14.0,14.0,12.0,12.0,12.0,12.0,12.0
2024-10-28,12.0,12.0,12.0,12.0,12.0,12.0,12.0,12.0,12.0,12.0,12.0,12.0,12.0,12.0,12.0,10.0,10.0,10.0,10.0,20.0,20.0,20.0,20.0,18.0,18.0,18.0,16.0,14.0,8.0,6.0,2.0,0.0,0.0,0.0,0.0,0.0,4.0,12.0,18.0,18.0,14.0,14.0,12.0,12.0,12.0,12.0,6.0,10.0,8.0,6.0,6.0,6.0,6.0,6.0,4.0,4.0,6.0,12.0,10.0,10.0,8.0,8.0,6.0,2.0,2.0,2.0,2.0,4.0,4.0,4.0,4.0,4.0,0.0,0.0,4.0,12.0,14.0,14.0,14.0,12.0,18.0,20.0,20.0,20.0,20.0,20.0,18.0,18.0,16.0,12.0,10.0,10.0,10.0,10.0,10.0,10.0
2024-10-29,10.0,10.0,10.0,10.0,10.0,10.0,10.0,10.0,10.0,10.0,10.0,10.0,10.0,10.0,10.0,10.0,10.0,10.0,10.0,10.0,10.0,10.0,10.0,10.0,10.0,14.0,6.0,2.0,0.0,2.0,0.0,0.0,0.0,2.0,6.0,6.0,4.0,4.0,4.0,4.0,4.0,2.0,2.0,2.0,2.0,2.0,0.0,4.0,4.0,4.0,4.0,4.0,6.0,8.0,16.0,14.0,12.0,8.0,4.0,4.0,10.0,10.0,10.0,10.0,8.0,8.0,6.0,30.0,28.0,28.0,28.0,22.0,14.0,6.0,2.0,16.0,14.0,12.0,14.0,26.0,26.0,26.0,28.0,30.0,26.0,20.0,8.0,8.0,6.0,6.0,6.0,8.0,8.0,8.0,8.0,8.0
2024-10-30,8.0,8.0,8.0,6.0,6.0,4.0,4.0,4.0,4.0,4.0,4.0,4.0,4.0,2.0,2.0,2.0,2.0,0.0,0.0,0.0,0.0,0.0,0.0,0.0,0.0,0.0,6.0,8.0,4.0,4.0,2.0,2.0,0.0,0.0,0.0,0.0,6.0,6.0,6.0,4.0,2.0,2.0,2.0,2.0,2.0,0.0,0.0,0.0,6.0,8.0,8.0,8.0,8.0,8.0,8.0,8.0,8.0,8.0,10.0,12.0,12.0,12.0,10.0,6.0,0.0,0.0,0.0,0.0,0.0,0.0,0.0,0.0,0.0,0.0,2.0,12.0,10.0,10.0,10.0,10.0,10.0,10.0,10.0,10.0,10.0,10.0,10.0,10.0,10.0,12.0,12.0,12.0,16.0,18.0,18.0,18.0
2024-10-31,18.0,18.0,16.0,16.0,16.0,10.0,10.0,10.0,10.0,10.0,10.0,10.0,10.0,10.0,10.0,10.0,10.0,10.0,10.0,10.0,10.0,10.0,10.0,10.0,10.0,10.0,8.0,0.0,0.0,0.0,0.0,0.0,0.0,0.0,0.0,0.0,0.0,0.0,0.0,0.0,0.0,10.0,18.0,24.0,26.0,30.0,30.0,24.0,16.0,12.0,12.0,12.0,12.0,12.0,8.0,10.0,6.0,0.0,0.0,2.0,4.0,4.0,4.0,4.0,4.0,4.0,2.0,0.0,0.0,0.0,0.0,0.0,0.0,8.0,18.0,14.0,14.0,12.0,12.0,10.0,10.0,16.0,20.0,20.0,20.0,20.0,20.0,20.0,20.0,20.0,20.0,28.0,28.0,26.0,24.0,24.0
2024-11-01,26.0,20.0,20.0,20.0,16.0,14.0,14.0,14.0,14.0,14.0,12.0,12.0,10.0,10.0,12.0,10.0,10.0,10.0,12.0,10.0,10.0,12.0,10.0,10.0,10.0,10.0,14.0,12.0,4.0,4.0,4.0,4.0,4.0,4.0,4.0,2.0,2.0,6.0,8.0,8.0,4.0,2.0,2.0,2.0,2.0,0.0,0.0,2.0,4.0,4.0,4.0,4.0,4.0,4.0,4.0,4.0,4.0,4.0,4.0,2.0,2.0,2.0,0.0,0.0,4.0,8.0,8.0,8.0,8.0,8.0,8.0,8.0,8.0,8.0,12.0,22.0,20.0,12.0,10.0,10.0,10.0,10.0,10.0,10.0,10.0,10.0,10.0,10.0,10.0,10.0,10.0,10.0,10.0,10.0,10.0,10.0
2024-11-02,10.0,10.0,10.0,10.0,10.0,10.0,10.0,10.0,10.0,10.0,10.0,10.0,10.0,10.0,10.0,10.0,10.0,10.0,10.0,10.0,10.0,10.0,10.0,10.0,10.0,10.0,10.0,6.0,4.0,4.0,4.0,4.0,10.0,12.0,12.0,12.0,14.0,22.0,26.0,22.0,24.0,36.0,32.0,30.0,30.0,30.0,28.0,22.0,8.0,2.0,4.0,2.0,4.0,4.0,0.0,2.0,2.0,2.0,2.0,2.0,0.0,2.0,2.0,0.0,0.0,0.0,0.0,0.0,0.0,0.0,8.0,4.0,4.0,4.0,12.0,16.0,14.0,14.0,14.0,14.0,14.0,14.0,14.0,14.0,16.0,18.0,18.0,18.0,16.0,16.0,12.0,0.0,0.0,0.0,0.0,0.0
2024-11-04,0.0,0.0,0.0,0.0,0.0,0.0,0.0,0.0,0.0,0.0,0.0,0.0,0.0,0.0,0.0,0.0,0.0,0.0,0.0,0.0,0.0,0.0,0.0,0.0,0.0,0.0,0.0,0.0,0.0,0.0,0.0,0.0,0.0,0.0,0.0,0.0,0.0,0.0,0.0,2.0,6.0,4.0,2.0,0.0,0.0,2.0,0.0,0.0,0.0,0.0,0.0,0.0,0.0,2.0,6.0,6.0,8.0,10.0,10.0,10.0,10.0,10.0,10.0,10.0,10.0,8.0,8.0,8.0,8.0,8.0,8.0,8.0,8.0,6.0,8.0,18.0,12.0,10.0,10.0,10.0,10.0,10.0,10.0,10.0,12.0,10.0,10.0,10.0,10.0,16.0,20.0,20.0,22.0,22.0,22.0,22.0
2024-11-05,22.0,22.0,22.0,22.0,20.0,20.0,20.0,18.0,18.0,18.0,18.0,18.0,18.0,18.0,18.0,18.0,18.0,16.0,16.0,14.0,12.0,12.0,14.0,12.0,12.0,6.0,0.0,0.0,0.0,0.0,0.0,0.0,0.0,0.0,0.0,0.0,0.0,0.0,0.0,16.0,16.0,16.0,16.0,18.0,20.0,16.0,12.0,16.0,16.0,16.0,16.0,16.0,16.0,16.0,12.0,12.0,6.0,6.0,6.0,10.0,12.0,10.0,8.0,6.0,6.0,4.0,6.0,0.0,0.0,2.0,6.0,6.0,6.0,20.0,22.0,18.0,14.0,12.0,10.0,10.0,10.0,10.0,10.0,10.0,10.0,10.0,10.0,10.0,10.0,10.0,10.0,12.0,16.0,16.0,16.0,16.0
2024-11-06,16.0,16.0,16.0,16.0,14.0,14.0,14.0,14.0,14.0,14.0,12.0,12.0,14.0,16.0,16.0,16.0,14.0,12.0,10.0,10.0,10.0,10.0,10.0,10.0,10.0,10.0,8.0,0.0,0.0,0.0,0.0,0.0,0.0,0.0,0.0,0.0,0.0,2.0,2.0,4.0,4.0,4.0,4.0,4.0,4.0,4.0,4.0,4.0,4.0,4.0,8.0,10.0,10.0,10.0,10.0,10.0,10.0,10.0,10.0,8.0,8.0,8.0,8.0,6.0,4.0,2.0,0.0,0.0,0.0,6.0,6.0,8.0,8.0,8.0,18.0,38.0,32.0,28.0,14.0,14.0,14.0,14.0,14.0,14.0,14.0,14.0,14.0,14.0,14.0,12.0,12.0,12.0,12.0,14.0,14.0,14.0
2024-11-07,14.0,14.0,14.0,14.0,14.0,14.0,14.0,14.0,14.0,14.0,12.0,12.0,12.0,10.0,10.0,12.0,10.0,10.0,12.0,10.0,10.0,10.0,10.0,12.0,12.0,12.0,8.0,4.0,4.0,0.0,0.0,8.0,8.0,20.0,22.0,20.0,18.0,8.0,4.0,10.0,0.0,2.0,8.0,6.0,6.0,6.0,6.0,4.0,4.0,4.0,2.0,0.0,0.0,2.0,0.0,0.0,0.0,0.0,0.0,4.0,6.0,2.0,0.0,0.0,0.0,0.0,0.0,0.0,0.0,0.0,0.0,0.0,0.0,0.0,6.0,12.0,10.0,10.0,10.0,10.0,10.0,10.0,10.0,10.0,12.0,12.0,12.0,12.0,12.0,0.0,0.0,0.0,0.0,0.0,0.0,0.0
2024-11-08,0.0,0.0,0.0,0.0,0.0,0.0,0.0,0.0,0.0,0.0,0.0,0.0,0.0,0.0,0.0,0.0,0.0,0.0,0.0,0.0,0.0,0.0,0.0,0.0,0.0,0.0,0.0,0.0,0.0,2.0,8.0,8.0,8.0,8.0,8.0,10.0,10.0,10.0,10.0,14.0,16.0,16.0,12.0,10.0,10.0,10.0,8.0,8.0,8.0,8.0,10.0,10.0,10.0,10.0,8.0,8.0,8.0,8.0,6.0,6.0,4.0,4.0,2.0,2.0,2.0,2.0,2.0,2.0,2.0,4.0,2.0,2.0,0.0,0.0,10.0,28.0,28.0,28.0,24.0,16.0,10.0,10.0,10.0,10.0,10.0,11.0,12.0,12.0,12.0,12.0,10.0,10.0,10.0,10.0,10.0,10.0
2024-11-09,10.0,10.0,10.0,10.0,10.0,10.0,10.0,10.0,10.0,10.0,10.0,10.0,10.0,10.0,10.0,10.0,10.0,10.0,10.0,10.0,10.0,10.0,10.0,10.0,10.0,10.0,10.0,4.0,0.0,0.0,0.0,0.0,0.0,0.0,0.0,0.0,0.0,0.0,0.0,0.0,0.0,0.0,0.0,4.0,4.0,4.0,4.0,4.0,4.0,4.0,4.0,0.0,0.0,0.0,2.0,2.0,2.0,0.0,0.0,0.0,2.0,6.0,8.0,4.0,2.0,2.0,2.0,2.0,2.0,0.0,0.0,0.0,0.0,0.0,0.0,0.0,0.0,0.0,6.0,10.0,10.0,10.0,10.0,10.0,10.0,10.0,10.0,10.0,10.0,10.0,10.0,10.0,10.0,16.0,18.0,14.0
2024-11-10,12.0,10.0,10.0,10.0,10.0,10.0,10.0,10.0,10.0,10.0,10.0,10.0,10.0,10.0,10.0,10.0,10.0,10.0,10.0,10.0,10.0,10.0,10.0,10.0,10.0,10.0,10.0,10.0,10.0,10.0,10.0,2.0,0.0,0.0,0.0,0.0,0.0,0.0,0.0,0.0,0.0,0.0,0.0,0.0,0.0,0.0,0.0,0.0,0.0,2.0,2.0,2.0,2.0,2.0,2.0,2.0,2.0,0.0,0.0,2.0,2.0,2.0,0.0,0.0,0.0,0.0,0.0,0.0,0.0,0.0,2.0,0.0,4.0,8.0,14.0,12.0,12.0,26.0,32.0,30.0,16.0,12.0,12.0,12.0,12.0,12.0,12.0,13.0,14.0,14.0,14.0,14.0,14.0,14.0,16.0,14.0
2024-11-11,14.0,14.0,14.0,14.0,14.0,14.0,14.0,16.0,14.0,14.0,14.0,14.0,14.0,14.0,12.0,12.0,14.0,14.0,14.0,12.0,12.0,12.0,12.0,10.0,12.0,12.0,6.0,4.0,4.0,4.0,4.0,4.0,6.0,8.0,8.0,8.0,8.0,6.0,2.0,2.0,2.0,6.0,6.0,6.0,6.0,6.0,6.0,6.0,6.0,6.0,6.0,24.0,26.0,24.0,24.0,26.0,24.0,14.0,12.0,12.0,10.0,10.0,6.0,8.0,8.0,8.0,4.0,4.0,2.0,2.0,4.0,0.0,0.0,0.0,2.0,14.0,10.0,10.0,10.0,12.0,14.0,16.0,14.0,10.0,10.0,10.0,10.0,10.0,10.0,10.0,10.0,10.0,10.0,10.0,10.0,10.0
2024-11-12,10.0,10.0,10.0,10.0,10.0,10.0,10.0,10.0,10.0,10.0,10.0,10.0,10.0,10.0,10.0,10.0,10.0,10.0,10.0,10.0,10.0,10.0,10.0,10.0,10.0,10.0,6.0,6.0,14.0,2.0,0.0,0.0,0.0,0.0,0.0,0.0,0.0,0.0,0.0,0.0,0.0,0.0,0.0,0.0,0.0,0.0,0.0,0.0,0.0,0.0,0.0,0.0,0.0,0.0,0.0,0.0,0.0,0.0,0.0,0.0,0.0,0.0,0.0,0.0,0.0,0.0,0.0,0.0,0.0,0.0,0.0,0.0,0.0,0.0,0.0,6.0,10.0,10.0,10.0,10.0,10.0,10.0,12.0,12.0,12.0,12.0,14.0,16.0,16.0,16.0,16.0,16.0,16.0,16.0,16.0,16.0
2024-11-13,14.0,14.0,14.0,14.0,14.0,14.0,14.0,14.0,14.0,14.0,14.0,14.0,14.0,14.0,14.0,14.0,14.0,14.0,14.0,14.0,14.0,14.0,14.0,14.0,14.0,12.0,2.0,0.0,0.0,0.0,0.0,0.0,0.0,0.0,2.0,4.0,4.0,4.0,4.0,4.0,4.0,4.0,4.0,4.0,6.0,2.0,0.0,0.0,2.0,4.0,2.0,2.0,2.0,2.0,2.0,2.0,10.0,14.0,14.0,14.0,14.0,14.0,14.0,10.0,8.0,8.0,8.0,4.0,2.0,6.0,6.0,4.0,4.0,6.0,6.0,16.0,12.0,28.0,28.0,28.0,28.0,28.0,10.0,10.0,10.0,10.0,10.0,10.0,10.0,10.0,10.0,10.0,14.0,14.0,16.0,16.0
2024-11-14,16.0,16.0,16.0,12.0,10.0,10.0,10.0,10.0,10.0,10.0,10.0,10.0,10.0,10.0,10.0,10.0,10.0,10.0,10.0,10.0,10.0,10.0,10.0,10.0,10.0,10.0,2.0,0.0,0.0,0.0,0.0,0.0,0.0,0.0,0.0,0.0,0.0,0.0,2.0,2.0,2.0,2.0,2.0,2.0,2.0,2.0,4.0,8.0,8.0,8.0,8.0,8.0,8.0,8.0,14.0,14.0,14.0,12.0,10.0,10.0,8.0,8.0,8.0,6.0,6.0,0.0,0.0,0.0,0.0,2.0,2.0,2.0,2.0,8.0,14.0,4.0,16.0,14.0,12.0,12.0,12.0,12.0,10.0,10.0,10.0,10.0,12.0,12.0,12.0,12.0,12.0,12.0,10.0,10.0,12.0,10.0
2024-11-15,10.0,10.0,10.0,10.0,10.0,10.0,10.0,10.0,10.0,10.0,10.0,10.0,10.0,10.0,10.0,10.0,10.0,10.0,10.0,10.0,10.0,10.0,10.0,10.0,10.0,10.0,6.0,8.0,0.0,0.0,0.0,0.0,0.0,0.0,0.0,0.0,0.0,0.0,0.0,0.0,0.0,2.0,6.0,6.0,2.0,2.0,2.0,0.0,0.0,0.0,0.0,0.0,0.0,0.0,2.0,4.0,2.0,2.0,2.0,8.0,10.0,4.0,4.0,4.0,0.0,0.0,0.0,0.0,4.0,4.0,4.0,4.0,4.0,15.0,26.0,34.0,32.0,34.0,30.0,24.0,16.0,18.0,18.0,20.0,20.0,20.0,22.0,14.0,14.0,14.0,14.0,16.0,16.0,16.0,16.0,16.0
2024-11-16,16.0,16.0,16.0,16.0,16.0,16.0,16.0,16.0,16.0,16.0,16.0,14.0,14.0,12.0,12.0,12.0,12.0,12.0,12.0,10.0,12.0,10.0,10.0,10.0,10.0,12.0,12.0,0.0,0.0,0.0,2.0,2.0,4.0,4.0,4.0,4.0,4.0,4.0,4.0,0.0,0.0,0.0,0.0,0.0,0.0,0.0,0.0,0.0,0.0,0.0,0.0,0.0,2.0,6.0,6.0,6.0,6.0,6.0,6.0,6.0,6.0,6.0,6.0,6.0,4.0,2.0,2.0,0.0,0.0,0.0,0.0,2.0,2.0,2.0,6.0,14.0,12.0,12.0,12.0,12.0,10.0,14.0,16.0,14.0,12.0,10.0,10.0,10.0,10.0,10.0,10.0,10.0,10.0,10.0,10.0,10.0
2024-11-17,10.0,10.0,10.0,10.0,10.0,10.0,10.0,10.0,10.0,10.0,10.0,10.0,10.0,10.0,10.0,10.0,10.0,10.0,10.0,10.0,10.0,10.0,10.0,10.0,10.0,10.0,10.0,4.0,0.0,0.0,0.0,4.0,4.0,6.0,4.0,2.0,2.0,2.0,2.0,2.0,2.0,2.0,2.0,2.0,2.0,2.0,2.0,2.0,4.0,4.0,4.0,2.0,2.0,2.0,2.0,0.0,2.0,2.0,2.0,2.0,0.0,0.0,2.0,2.0,2.0,0.0,0.0,0.0,0.0,0.0,0.0,4.0,0.0,6.0,4.0,10.0,10.0,10.0,10.0,10.0,10.0,10.0,10.0,12.0,14.0,14.0,12.0,12.0,10.0,10.0,14.0,14.0,14.0,14.0,14.0,14.0
2024-11-18,14.0,14.0,14.0,14.0,14.0,14.0,14.0,14.0,14.0,14.0,14.0,14.0,14.0,14.0,14.0,0.0,0.0,0.0,0.0,0.0,0.0,0.0,0.0,0.0,0.0,0.0,0.0,0.0,0.0,0.0,0.0,0.0,0.0,0.0,0.0,0.0,0.0,0.0,0.0,0.0,0.0,0.0,0.0,0.0,0.0,0.0,0.0,0.0,0.0,0.0,0.0,0.0,0.0,0.0,0.0,2.0,2.0,2.0,2.0,2.0,2.0,0.0,20.0,22.0,20.0,22.0,20.0,22.0,16.0,8.0,4.0,4.0,4.0,4.0,10.0,16.0,14.0,12.0,10.0,10.0,10.0,12.0,10.0,16.0,16.0,16.0,12.0,12.0,14.0,14.0,12.0,12.0,12.0,12.0,18.0,24.0
2024-11-19,24.0,24.0,24.0,24.0,24.0,20.0,18.0,14.0,12.0,12.0,12.0,12.0,10.0,10.0,10.0,10.0,10.0,10.0,10.0,10.0,10.0,10.0,10.0,10.0,10.0,10.0,0.0,0.0,0.0,0.0,0.0,0.0,0.0,0.0,0.0,0.0,0.0,0.0,0.0,0.0,4.0,4.0,4.0,16.0,18.0,20.0,22.0,22.0,22.0,22.0,14.0,10.0,12.0,20.0,20.0,20.0,20.0,18.0,19.0,20.0,18.0,8.0,6.0,6.0,6.0,4.0,4.0,4.0,4.0,2.0,2.0,0.0,0.0,0.0,0.0,10.0,10.0,10.0,10.0,10.0,10.0,10.0,10.0,10.0,10.0,10.0,10.0,10.0,10.0,10.0,10.0,10.0,10.0,10.0,10.0,10.0
2024-11-20,10.0,10.0,10.0,10.0,10.0,10.0,10.0,10.0,10.0,10.0,10.0,10.0,10.0,10.0,10.0,10.0,10.0,10.0,10.0,10.0,10.0,10.0,10.0,10.0,10.0,10.0,10.0,6.0,0.0,0.0,0.0,0.0,0.0,4.0,4.0,2.0,0.0,0.0,0.0,0.0,0.0,0.0,0.0,0.0,0.0,0.0,0.0,0.0,0.0,0.0,0.0,0.0,0.0,0.0,0.0,0.0,0.0,2.0,2.0,2.0,2.0,2.0,0.0,0.0,0.0,2.0,2.0,6.0,6.0,8.0,8.0,8.0,12.0,18.0,6.0,14.0,14.0,16.0,18.0,16.0,14.0,14.0,14.0,14.0,14.0,14.0,14.0,14.0,14.0,14.0,16.0,18.0,16.0,16.0,16.0,18.0
2024-11-21,14.0,10.0,10.0,10.0,10.0,10.0,10.0,10.0,10.0,10.0,10.0,10.0,10.0,10.0,10.0,10.0,10.0,10.0,10.0,10.0,10.0,10.0,10.0,10.0,10.0,8.0,6.0,2.0,0.0,2.0,10.0,8.0,6.0,6.0,10.0,10.0,10.0,10.0,8.0,8.0,8.0,8.0,8.0,8.0,8.0,6.0,4.0,2.0,2.0,0.0,0.0,0.0,0.0,0.0,0.0,0.0,0.0,0.0,0.0,0.0,0.0,0.0,0.0,0.0,0.0,0.0,10.0,16.0,16.0,16.0,16.0,16.0,16.0,8.0,2.0,10.0,10.0,12.0,12.0,12.0,12.0,14.0,18.0,18.0,18.0,24.0,22.0,22.0,20.0,20.0,22.0,16.0,14.0,14.0,14.0,12.0
2024-11-22,12.0,12.0,12.0,12.0,10.0,10.0,10.0,12.0,12.0,10.0,10.0,10.0,10.0,10.0,10.0,10.0,10.0,10.0,10.0,10.0,10.0,10.0,10.0,10.0,10.0,10.0,8.0,4.0,4.0,4.0,0.0,0.0,0.0,6.0,6.0,6.0,6.0,6.0,6.0,6.0,6.0,6.0,4.0,4.0,2.0,2.0,2.0,0.0,0.0,0.0,0.0,0.0,0.0,4.0,4.0,4.0,4.0,4.0,4.0,4.0,0.0,0.0,0.0,0.0,0.0,0.0,0.0,0.0,0.0,0.0,0.0,0.0,0.0,2.0,2.0,16.0,14.0,14.0,14.0,12.0,12.0,12.0,12.0,12.0,12.0,12.0,10.0,10.0,10.0,10.0,20.0,26.0,28.0,24.0,22.0,22.0
2024-11-23,22.0,22.0,22.0,22.0,22.0,20.0,16.0,16.0,16.0,16.0,16.0,16.0,16.0,16.0,16.0,16.0,16.0,16.0,16.0,16.0,14.0,14.0,14.0,14.0,14.0,12.0,12.0,8.0,8.0,8.0,4.0,0.0,0.0,0.0,0.0,2.0,2.0,0.0,2.0,6.0,6.0,8.0,6.0,8.0,6.0,4.0,4.0,4.0,6.0,12.0,12.0,12.0,12.0,12.0,12.0,12.0,10.0,10.0,10.0,10.0,24.0,24.0,20.0,18.0,16.0,14.0,20.0,20.0,14.0,4.0,0.0,0.0,0.0,0.0,10.0,14.0,12.0,12.0,12.0,12.0,12.0,12.0,12.0,12.0,10.0,10.0,10.0,10.0,12.0,18.0,18.0,18.0,18.0,18.0,18.0,18.0
2024-11-24,18.0,18.0,20.0,18.0,20.0,22.0,22.0,24.0,24.0,24.0,24.0,20.0,18.0,18.0,18.0,16.0,16.0,14.0,14.0,14.0,14.0,14.0,14.0,12.0,12.0,4.0,0.0,0.0,4.0,6.0,8.0,8.0,8.0,4.0,0.0,0.0,4.0,4.0,4.0,4.0,0.0,0.0,0.0,0.0,0.0,0.0,0.0,4.0,4.0,4.0,4.0,4.0,4.0,4.0,4.0,4.0,6.0,6.0,5.0,4.0,4.0,4.0,2.0,2.0,2.0,0.0,0.0,0.0,0.0,0.0,0.0,0.0,0.0,0.0,10.0,12.0,10.0,10.0,10.0,10.0,10.0,10.0,10.0,10.0,10.0,10.0,10.0,10.0,10.0,10.0,12.0,12.0,14.0,14.0,14.0,13.0
2024-11-25,12.0,12.0,12.0,12.0,12.0,12.0,14.0,14.0,14.0,16.0,14.0,14.0,14.0,14.0,14.0,14.0,14.0,14.0,14.0,14.0,14.0,14.0,14.0,14.0,14.0,14.0,8.0,2.0,2.0,0.0,2.0,2.0,8.0,8.0,6.0,4.0,2.0,14.0,14.0,12.0,4.0,2.0,2.0,2.0,2.0,2.0,2.0,0.0,0.0,0.0,2.0,8.0,10.0,6.0,6.0,10.0,28.0,30.0,28.0,28.0,26.0,14.0,20.0,16.0,12.0,4.0,2.0,2.0,2.0,2.0,0.0,0.0,0.0,2.0,8.0,12.0,10.0,10.0,10.0,14.0,14.0,14.0,12.0,14.0,18.0,20.0,20.0,20.0,20.0,14.0,18.0,20.0,24.0,24.0,22.0,20.0
2024-11-26,14.0,12.0,12.0,12.0,12.0,12.0,10.0,10.0,10.0,10.0,10.0,10.0,10.0,10.0,10.0,10.0,10.0,12.0,10.0,10.0,10.0,10.0,10.0,10.0,10.0,10.0,6.0,2.0,0.0,0.0,0.0,0.0,0.0,0.0,0.0,0.0,0.0,0.0,2.0,4.0,4.0,4.0,4.0,4.0,4.0,2.0,0.0,0.0,0.0,0.0,0.0,0.0,0.0,0.0,0.0,0.0,0.0,0.0,0.0,0.0,0.0,0.0,0.0,0.0,0.0,0.0,0.0,0.0,0.0,0.0,0.0,0.0,0.0,0.0,4.0,0.0,10.0,12.0,16.0,16.0,14.0,12.0,10.0,10.0,10.0,10.0,10.0,10.0,10.0,10.0,10.0,10.0,10.0,10.0,10.0,10.0
2024-11-27,10.0,10.0,10.0,10.0,10.0,10.0,10.0,10.0,10.0,10.0,10.0,10.0,10.0,10.0,10.0,10.0,10.0,10.0,10.0,10.0,10.0,10.0,10.0,10.0,10.0,10.0,8.0,0.0,0.0,0.0,0.0,8.0,12.0,12.0,12.0,6.0,6.0,6.0,0.0,0.0,0.0,0.0,0.0,0.0,0.0,0.0,2.0,12.0,12.0,12.0,10.0,0.0,0.0,0.0,0.0,0.0,0.0,0.0,0.0,0.0,0.0,0.0,0.0,0.0,0.0,0.0,0.0,0.0,0.0,0.0,0.0,0.0,0.0,0.0,2.0,12.0,10.0,12.0,12.0,12.0,12.0,14.0,14.0,14.0,14.0,14.0,14.0,14.0,14.0,14.0,14.0,14.0,20.0,20.0,20.0,20.0
2024-11-28,20.0,20.0,20.0,20.0,20.0,20.0,20.0,20.0,20.0,20.0,20.0,18.0,16.0,16.0,16.0,14.0,14.0,14.0,14.0,14.0,14.0,14.0,12.0,12.0,12.0,10.0,10.0,2.0,0.0,0.0,0.0,0.0,0.0,4.0,6.0,8.0,24.0,26.0,24.0,24.0,24.0,24.0,24.0,16.0,10.0,4.0,4.0,4.0,2.0,2.0,2.0,2.0,0.0,0.0,0.0,0.0,0.0,0.0,0.0,4.0,10.0,8.0,8.0,2.0,2.0,2.0,2.0,2.0,2.0,2.0,2.0,4.0,4.0,4.0,8.0,18.0,16.0,14.0,14.0,14.0,14.0,14.0,14.0,12.0,10.0,10.0,10.0,10.0,10.0,16.0,16.0,18.0,18.0,20.0,20.0,20.0
2024-11-29,20.0,20.0,20.0,20.0,20.0,20.0,20.0,20.0,16.0,16.0,14.0,14.0,12.0,12.0,12.0,12.0,12.0,12.0,12.0,12.0,12.0,10.0,10.0,10.0,10.0,10.0,10.0,0.0,0.0,0.0,4.0,6.0,6.0,6.0,6.0,6.0,6.0,4.0,4.0,4.0,4.0,4.0,4.0,4.0,2.0,2.0,2.0,4.0,14.0,16.0,16.0,16.0,14.0,10.0,10.0,10.0,4.0,2.0,0.0,0.0,2.0,4.0,4.0,4.0,4.0,2.0,0.0,0.0,0.0,0.0,0.0,0.0,0.0,4.0,8.0,14.0,12.0,12.0,10.0,12.0,12.0,10.0,10.0,10.0,10.0,10.0,10.0,10.0,10.0,10.0,10.0,10.0,12.0,12.0,12.0,12.0
2024-11-30,12.0,12.0,12.0,12.0,12.0,12.0,12.0,10.0,10.0,10.0,10.0,10.0,10.0,10.0,10.0,10.0,10.0,10.0,10.0,10.0,10.0,10.0,10.0,10.0,10.0,10.0,10.0,4.0,0.0,2.0,0.0,0.0,0.0,0.0,0.0,0.0,0.0,0.0,0.0,0.0,0.0,0.0,0.0,0.0,0.0,0.0,0.0,0.0,0.0,0.0,8.0,10.0,10.0,12.0,12.0,12.0,12.0,10.0,10.0,10.0,2.0,0.0,0.0,0.0,0.0,0.0,0.0,0.0,0.0,0.0,0.0,0.0,0.0,0.0,0.0,6.0,10.0,10.0,10.0,10.0,10.0,10.0,10.0,10.0,10.0,10.0,10.0,10.0,10.0,10.0,10.0,10.0,10.0,10.0,10.0,10.0
2024-12-01,10.0,10.0,10.0,10.0,10.0,10.0,10.0,10.0,10.0,10.0,10.0,10.0,10.0,10.0,10.0,10.0,10.0,10.0,10.0,10.0,10.0,10.0,10.0,10.0,10.0,10.0,10.0,0.0,8.0,10.0,10.0,12.0,12.0,12.0,10.0,10.0,10.0,8.0,4.0,8.0,6.0,6.0,4.0,4.0,4.0,4.0,2.0,2.0,2.0,4.0,8.0,8.0,10.0,12.0,18.0,24.0,24.0,20.0,16.0,0.0,0.0,0.0,0.0,0.0,0.0,0.0,0.0,0.0,0.0,0.0,0.0,0.0,0.0,0.0,0.0,0.0,0.0,0.0,0.0,0.0,0.0,0.0,0.0,0.0,0.0,0.0,0.0,0.0,0.0,0.0,0.0,0.0,0.0,0.0,0.0,0.0
2024-12-02,0.0,0.0,0.0,0.0,0.0,0.0,0.0,0.0,0.0,0.0,0.0,0.0,0.0,0.0,0.0,0.0,0.0,0.0,0.0,0.0,0.0,0.0,0.0,0.0,0.0,0.0,0.0,0.0,0.0,0.0,0.0,0.0,0.0,0.0,0.0,0.0,0.0,0.0,4.0,10.0,14.0,14.0,12.0,10.0,8.0,8.0,8.0,6.0,6.0,4.0,4.0,4.0,4.0,4.0,4.0,6.0,4.0,4.0,4.0,4.0,10.0,8.0,10.0,10.0,12.0,12.0,10.0,8.0,10.0,10.0,10.0,12.0,10.0,6.0,6.0,12.0,16.0,12.0,12.0,12.0,10.0,10.0,10.0,10.0,10.0,12.0,14.0,16.0,18.0,18.0,16.0,16.0,18.0,18.0,18.0,18.0
2024-12-03,18.0,18.0,18.0,18.0,18.0,18.0,18.0,16.0,16.0,16.0,16.0,16.0,16.0,16.0,16.0,16.0,14.0,14.0,14.0,14.0,14.0,12.0,14.0,14.0,14.0,14.0,10.0,2.0,8.0,8.0,10.0,10.0,10.0,12.0,14.0,14.0,10.0,8.0,8.0,4.0,2.0,2.0,4.0,12.0,14.0,12.0,10.0,10.0,8.0,8.0,6.0,4.0,4.0,4.0,12.0,12.0,12.0,12.0,12.0,12.0,10.0,10.0,10.0,8.0,6.0,4.0,4.0,2.0,0.0,0.0,0.0,2.0,0.0,0.0,0.0,6.0,14.0,12.0,12.0,12.0,12.0,12.0,12.0,10.0,10.0,10.0,10.0,10.0,12.0,14.0,14.0,14.0,14.0,14.0,12.0,14.0
2024-12-04,14.0,12.0,12.0,12.0,10.0,10.0,10.0,10.0,10.0,10.0,10.0,10.0,10.0,10.0,10.0,10.0,10.0,10.0,10.0,10.0,10.0,10.0,10.0,10.0,10.0,10.0,10.0,2.0,0.0,0.0,0.0,0.0,0.0,0.0,0.0,0.0,0.0,0.0,0.0,0.0,0.0,0.0,0.0,0.0,0.0,0.0,0.0,0.0,0.0,0.0,0.0,0.0,0.0,0.0,0.0,0.0,0.0,0.0,0.0,0.0,0.0,0.0,0.0,0.0,0.0,0.0,0.0,0.0,0.0,0.0,0.0,0.0,0.0,0.0,4.0,18.0,16.0,16.0,14.0,12.0,10.0,10.0,10.0,10.0,10.0,10.0,10.0,10.0,10.0,10.0,10.0,10.0,10.0,10.0,10.0,10.0
2024-12-05,10.0,10.0,10.0,10.0,10.0,10.0,10.0,10.0,10.0,10.0,10.0,10.0,10.0,10.0,10.0,10.0,10.0,10.0,10.0,10.0,10.0,10.0,10.0,10.0,10.0,10.0,4.0,0.0,0.0,0.0,0.0,2.0,2.0,2.0,2.0,4.0,4.0,4.0,4.0,4.0,6.0,10.0,10.0,10.0,10.0,8.0,8.0,8.0,10.0,14.0,14.0,14.0,14.0,14.0,14.0,12.0,10.0,10.0,10.0,10.0,8.0,4.0,2.0,2.0,0.0,0.0,0.0,0.0,0.0,0.0,0.0,0.0,0.0,0.0,0.0,12.0,12.0,12.0,12.0,12.0,12.0,12.0,12.0,12.0,12.0,12.0,14.0,14.0,14.0,14.0,14.0,12.0,12.0,12.0,12.0,12.0
2024-12-06,10.0,10.0,10.0,10.0,10.0,10.0,10.0,10.0,10.0,10.0,10.0,10.0,10.0,10.0,10.0,10.0,10.0,10.0,10.0,10.0,10.0,10.0,10.0,10.0,10.0,10.0,10.0,6.0,2.0,0.0,0.0,4.0,2.0,2.0,2.0,6.0,8.0,8.0,8.0,8.0,6.0,6.0,5.0,4.0,4.0,4.0,4.0,4.0,4.0,4.0,4.0,4.0,4.0,4.0,2.0,2.0,2.0,2.0,2.0,2.0,0.0,6.0,6.0,6.0,6.0,6.0,6.0,8.0,6.0,6.0,6.0,6.0,6.0,2.0,8.0,12.0,10.0,10.0,10.0,10.0,12.0,10.0,10.0,10.0,12.0,12.0,10.0,10.0,10.0,10.0,10.0,10.0,10.0,10.0,10.0,10.0
2024-12-07,12.0,12.0,10.0,10.0,10.0,10.0,10.0,10.0,10.0,10.0,10.0,10.0,10.0,10.0,10.0,10.0,10.0,10.0,10.0,10.0,10.0,10.0,10.0,10.0,10.0,10.0,10.0,2.0,0.0,0.0,0.0,0.0,0.0,4.0,8.0,8.0,8.0,6.0,4.0,6.0,4.0,4.0,4.0,4.0,6.0,4.0,4.0,4.0,4.0,4.0,4.0,6.0,4.0,4.0,4.0,2.0,2.0,2.0,2.0,2.0,2.0,2.0,2.0,2.0,2.0,4.0,6.0,6.0,16.0,12.0,10.0,10.0,10.0,10.0,16.0,14.0,14.0,12.0,14.0,12.0,12.0,14.0,14.0,14.0,14.0,14.0,14.0,14.0,16.0,18.0,18.0,18.0,18.0,18.0,18.0,18.0
2024-12-08,18.0,18.0,18.0,16.0,16.0,14.0,12.0,14.0,12.0,14.0,12.0,12.0,12.0,12.0,14.0,12.0,12.0,12.0,10.0,10.0,10.0,10.0,10.0,10.0,12.0,10.0,7.0,4.0,0.0,0.0,0.0,0.0,0.0,0.0,2.0,4.0,4.0,4.0,4.0,4.0,4.0,0.0,0.0,0.0,0.0,0.0,0.0,0.0,0.0,0.0,0.0,0.0,0.0,0.0,0.0,0.0,0.0,0.0,0.0,0.0,0.0,0.0,0.0,0.0,2.0,0.0,2.0,4.0,4.0,4.0,4.0,4.0,4.0,4.0,10.0,14.0,12.0,12.0,12.0,12.0,12.0,12.0,12.0,12.0,12.0,14.0,16.0,16.0,18.0,22.0,22.0,22.0,22.0,22.0,20.0,16.0
2024-12-09,16.0,16.0,16.0,16.0,16.0,16.0,16.0,14.0,14.0,14.0,12.0,14.0,12.0,14.0,12.0,14.0,12.0,12.0,14.0,14.0,14.0,14.0,14.0,12.0,12.0,12.0,12.0,10.0,0.0,2.0,4.0,4.0,4.0,4.0,4.0,4.0,4.0,2.0,2.0,2.0,0.0,0.0,2.0,0.0,0.0,0.0,0.0,0.0,0.0,0.0,0.0,0.0,0.0,0.0,0.0,0.0,4.0,4.0,4.0,4.0,4.0,0.0,0.0,0.0,0.0,0.0,0.0,0.0,0.0,0.0,0.0,0.0,0.0,0.0,0.0,8.0,10.0,10.0,13.0,16.0,16.0,16.0,16.0,16.0,14.0,10.0,10.0,10.0,10.0,10.0,10.0,10.0,10.0,10.0,10.0,10.0
2024-12-10,10.0,10.0,10.0,10.0,10.0,10.0,10.0,10.0,10.0,10.0,10.0,10.0,10.0,10.0,10.0,10.0,10.0,10.0,10.0,10.0,10.0,10.0,10.0,10.0,10.0,10.0,10.0,8.0,5.333333333333334,2.666666666666667,0.0,0.0,0.0,2.0,4.0,4.0,2.0,0.0,0.0,0.0,0.0,0.0,0.0,0.0,0.0,0.0,0.0,0.0,0.0,2.0,2.0,2.0,2.0,2.0,2.0,2.0,2.0,2.0,2.0,2.0,2.0,14.0,12.0,10.0,10.0,10.0,10.0,10.0,12.0,12.0,10.0,6.0,4.0,4.0,6.0,8.0,16.0,14.0,12.0,12.0,12.0,12.0,10.0,12.0,14.0,14.0,14.0,14.0,14.0,14.0,14.0,14.0,14.0,14.0,14.0,14.0
2024-12-11,14.0,14.0,14.0,14.0,14.0,14.0,14.0,12.0,12.0,12.0,12.0,12.0,12.0,12.0,12.0,10.0,10.0,10.0,10.0,10.0,10.0,10.0,10.0,10.0,10.0,10.0,10.0,10.0,2.0,0.0,0.0,2.0,2.0,2.0,2.0,4.0,2.0,0.0,0.0,2.0,4.0,4.0,4.0,4.0,2.0,2.0,0.0,0.0,0.0,2.0,2.0,2.0,4.0,4.0,4.0,4.0,2.0,6.0,12.0,8.0,6.0,6.0,6.0,6.0,6.0,6.0,8.0,6.0,2.0,0.0,0.0,0.0,0.0,2.0,12.0,12.0,12.0,14.0,14.0,14.0,14.0,0.0,0.0,0.0,0.0,0.0,2.0,16.0,14.0,14.0,14.0,14.0,14.0,14.0,14.0,14.0
2024-12-12,14.0,14.0,14.0,14.0,16.0,14.0,14.0,14.0,12.0,12.0,12.0,12.0,12.0,12.0,12.0,12.0,12.0,12.0,12.0,12.0,12.0,12.0,12.0,12.0,12.0,10.0,10.0,6.0,0.0,5.0,10.0,6.0,6.0,6.0,14.0,10.0,8.0,8.0,8.0,22.0,30.0,28.0,26.0,24.0,24.0,16.0,10.0,10.0,12.0,14.0,14.0,20.0,20.0,20.0,18.0,18.0,18.0,18.0,18.0,18.0,14.0,10.0,8.0,8.0,28.0,28.0,26.0,26.0,26.0,22.0,14.0,8.0,4.0,4.0,8.0,14.0,14.0,14.0,14.0,14.0,14.0,14.0,14.0,12.0,10.0,10.0,10.0,10.0,10.0,10.0,10.0,10.0,10.0,10.0,10.0,12.0
2024-12-13,12.0,10.0,10.0,10.0,10.0,10.0,10.0,10.0,10.0,10.0,10.0,10.0,10.0,10.0,10.0,10.0,10.0,10.0,10.0,10.0,10.0,10.0,10.0,10.0,10.0,10.0,6.0,0.0,0.0,6.0,8.0,8.0,10.0,10.0,6.0,6.0,4.0,4.0,4.0,6.0,6.0,6.0,6.0,6.0,6.0,5.0,4.0,4.0,2.0,2.0,2.0,2.0,2.0,2.0,6.0,6.0,6.0,6.0,4.0,4.0,4.0,4.0,2.0,2.0,2.0,2.0,2.0,0.0,0.0,0.0,0.0,2.0,4.0,4.0,2.0,12.0,14.0,16.0,14.0,14.0,14.0,14.0,14.0,14.0,12.0,10.0,10.0,10.0,10.0,12.0,12.0,12.0,12.0,12.0,12.0,12.0
2024-12-14,12.0,12.0,12.0,12.0,12.0,12.0,12.0,12.0,12.0,12.0,12.0,12.0,12.0,12.0,12.0,12.0,12.0,12.0,12.0,12.0,12.0,10.0,10.0,10.0,10.0,12.0,14.0,8.0,8.0,4.0,4.0,4.0,8.0,10.0,10.0,10.0,10.0,10.0,10.0,10.0,10.0,10.0,10.0,10.0,10.0,8.0,4.0,2.0,4.0,6.0,6.0,6.0,6.0,6.0,6.0,0.0,2.0,4.0,6.0,6.0,6.0,6.0,14.0,12.0,18.0,18.0,20.0,24.0,22.0,16.0,8.0,6.0,6.0,10.0,12.0,16.0,14.0,12.0,12.0,12.0,14.0,14.0,14.0,14.0,14.0,12.0,10.0,10.0,10.0,10.0,10.0,10.0,10.0,10.0,10.0,10.0
2024-12-15,10.0,10.0,10.0,10.0,14.0,14.0,14.0,14.0,12.0,10.0,10.0,10.0,10.0,10.0,10.0,10.0,10.0,10.0,10.0,10.0,10.0,10.0,10.0,10.0,10.0,10.0,10.0,8.0,0.0,0.0,0.0,0.0,0.0,2.0,4.0,4.0,4.0,4.0,4.0,4.0,4.0,2.0,2.0,2.0,2.0,2.0,2.0,2.0,2.0,2.0,2.0,2.0,2.0,0.0,0.0,0.0,0.0,0.0,0.0,0.0,0.0,0.0,0.0,0.0,0.0,0.0,0.0,0.0,0.0,0.0,0.0,0.0,4.0,6.0,6.0,16.0,16.0,16.0,16.0,16.0,14.0,14.0,14.0,14.0,14.0,14.0,16.0,16.0,16.0,18.0,20.0,20.0,20.0,16.0,16.0,18.0
2024-12-16,20.0,20.0,20.0,20.0,20.0,20.0,20.0,20.0,20.0,18.0,18.0,16.0,16.0,14.0,14.0,12.0,14.0,14.0,14.0,14.0,14.0,14.0,16.0,14.0,12.0,14.0,16.0,20.0,8.0,8.0,8.0,8.0,6.0,4.0,6.0,8.0,8.0,12.0,30.0,30.0,34.0,32.0,30.0,34.0,34.0,22.0,20.0,18.0,18.0,28.0,24.0,24.0,24.0,24.0,24.0,22.0,12.0,10.0,8.0,12.0,18.0,20.0,26.0,24.0,24.0,26.0,24.0,14.0,8.0,4.0,4.0,4.0,2.0,2.0,6.0,20.0,20.0,20.0,20.0,22.0,22.0,22.0,18.0,18.0,16.0,14.0,14.0,14.0,14.0,14.0,12.0,12.0,16.0,14.0,14.0,14.0
2024-12-17,18.0,18.0,18.0,18.0,18.0,18.0,18.0,18.0,18.0,18.0,18.0,18.0,18.0,16.0,16.0,16.0,16.0,16.0,14.0,14.0,14.0,14.0,14.0,14.0,14.0,14.0,14.0,10.0,0.0,0.0,0.0,0.0,0.0,2.0,2.0,6.0,8.0,12.0,10.0,14.0,14.0,14.0,12.0,10.0,8.0,24.0,22.0,22.0,22.0,22.0,22.0,22.0,18.0,12.0,4.0,4.0,6.0,6.0,6.0,4.0,4.0,2.0,4.0,8.0,8.0,8.0,8.0,6.0,4.0,2.0,2.0,0.0,0.0,10.0,4.0,8.0,10.0,10.0,10.0,12.0,12.0,12.0,22.0,24.0,24.0,26.0,22.0,22.0,20.0,16.0,14.0,14.0,14.0,14.0,16.0,14.0
2024-12-18,16.0,18.0,18.0,18.0,18.0,18.0,22.0,20.0,18.0,20.0,22.0,14.0,14.0,14.0,14.0,14.0,14.0,14.0,12.0,12.0,12.0,10.0,10.0,10.0,16.0,20.0,20.0,19.333333333333332,18.666666666666668,18.0,20.0,16.0,16.0,14.0,14.0,12.0,10.0,8.0,6.0,4.0,2.0,2.0,2.0,0.0,0.0,0.0,0.0,0.0,0.0,0.0,0.0,0.0,0.0,0.0,0.0,0.0,0.0,0.0,0.0,0.0,0.0,0.0,0.0,0.0,4.0,8.0,8.0,8.0,8.0,8.0,6.0,2.0,2.0,4.0,2.0,14.0,14.0,12.0,12.0,10.0,12.0,10.0,10.0,10.0,12.0,12.0,12.0,12.0,10.0,11.0,12.0,12.0,12.0,12.0,12.0,12.0
2024-12-19,12.0,12.0,12.0,12.0,12.0,12.0,12.0,12.0,12.0,12.0,11.0,10.0,10.0,10.0,10.0,10.0,10.0,10.0,10.0,10.0,10.0,10.0,16.0,16.0,16.0,16.0,12.0,8.0,0.0,0.0,0.0,8.0,10.0,10.0,8.0,6.0,6.0,4.0,4.0,4.0,10.0,10.0,10.0,10.0,10.0,6.0,4.0,6.0,12.0,12.0,8.0,6.0,4.0,4.0,6.0,2.0,2.0,2.0,2.0,2.0,2.0,2.0,2.0,4.0,8.0,8.0,8.0,6.0,8.0,8.0,8.0,16.0,16.0,16.0,30.0,26.0,24.0,22.0,20.0,18.0,16.0,14.0,14.0,14.0,14.0,16.0,18.0,18.0,20.0,18.0,18.0,18.0,18.0,18.0,16.0,16.0
2024-12-20,16.0,14.0,12.0,14.0,12.0,12.0,12.0,12.0,10.0,10.0,12.0,12.0,12.0,12.0,12.0,12.0,12.0,12.0,12.0,12.0,12.0,12.0,12.0,12.0,12.0,12.0,10.0,10.0,0.0,6.0,6.0,6.0,2.0,0.0,0.0,0.0,10.0,10.0,10.0,10.0,10.0,10.0,12.0,12.0,12.0,16.0,18.0,24.0,24.0,20.0,16.0,14.0,14.0,14.0,14.0,14.0,14.0,14.0,14.0,10.0,10.0,10.0,10.0,20.0,30.0,30.0,30.0,30.0,24.0,16.0,15.0,14.0,8.0,8.0,16.0,20.0,18.0,18.0,12.0,12.0,14.0,14.0,12.0,12.0,12.0,12.0,14.0,14.0,22.0,20.0,18.0,18.0,30.0,32.0,32.0,32.0
2024-12-21,32.0,32.0,28.0,20.0,20.0,18.0,16.0,14.0,12.0,12.0,12.0,12.0,10.0,10.0,10.0,10.0,10.0,10.0,10.0,10.0,10.0,10.0,10.0,10.0,10.0,10.0,10.0,10.0,8.0,0.0,0.0,0.0,0.0,0.0,0.0,0.0,0.0,2.0,2.0,2.0,2.0,2.0,2.0,2.0,4.0,8.0,8.0,2.0,6.0,6.0,6.0,6.0,4.0,4.0,4.0,4.0,4.0,6.0,8.0,8.0,6.0,6.0,6.0,4.0,4.0,4.0,4.0,4.0,4.0,4.0,6.0,6.0,20.0,24.0,30.0,36.0,36.0,36.0,36.0,36.0,36.0,32.0,30.0,32.0,32.0,32.0,32.0,32.0,32.0,32.0,34.0,34.0,34.0,34.0,34.0,34.0
2024-12-22,34.0,34.0,34.0,34.0,34.0,32.0,18.0,18.0,16.0,16.0,16.0,16.0,16.0,16.0,16.0,16.0,14.0,12.0,14.0,14.0,14.0,14.0,14.0,12.0,12.0,12.0,12.0,12.0,6.0,0.0,2.0,2.0,2.0,2.0,0.0,2.0,4.0,6.0,4.0,4.0,6.0,20.0,20.0,20.0,20.0,18.0,14.0,14.0,14.0,14.0,12.0,12.0,12.0,10.0,12.0,18.0,14.0,12.0,10.0,10.0,16.0,16.0,12.0,10.0,10.0,10.0,10.0,10.0,8.0,6.0,6.0,8.0,6.0,16.0,22.0,24.0,22.0,24.0,22.0,24.0,24.0,22.0,22.0,18.0,16.0,16.0,16.0,16.0,14.0,14.0,14.0,14.0,22.0,22.0,22.0,22.0
2024-12-23,20.0,20.0,20.0,18.0,18.0,18.0,18.0,14.0,14.0,12.0,12.0,12.0,12.0,12.0,12.0,10.0,10.0,10.0,10.0,10.0,10.0,10.0,10.0,10.0,10.0,14.0,14.0,14.0,2.0,0.0,0.0,0.0,0.0,2.0,2.0,4.0,8.0,8.0,6.0,4.0,2.0,4.0,18.0,26.0,26.0,26.0,26.0,16.0,14.0,14.0,14.0,14.0,12.0,12.0,12.0,18.0,18.0,16.0,14.0,14.0,12.0,14.0,26.0,24.0,6.0,4.0,8.0,12.0,12.0,12.0,12.0,12.0,12.0,13.0,14.0,18.0,14.0,12.0,12.0,10.0,10.0,10.0,10.0,10.0,10.0,10.0,10.0,10.0,10.0,10.0,10.0,10.0,10.0,10.0,10.0,10.0
2024-12-24,10.0,10.0,10.0,10.0,10.0,10.0,10.0,10.0,10.0,10.0,10.0,10.0,10.0,10.0,10.0,10.0,10.0,10.0,10.0,10.0,10.0,12.0,16.0,16.0,16.0,16.0,16.0,16.0,8.0,6.0,4.0,2.0,0.0,0.0,4.0,2.0,4.0,6.0,4.0,4.0,4.0,4.0,4.0,6.0,8.0,8.0,6.0,10.0,12.0,12.0,12.0,18.0,20.0,20.0,20.0,20.0,20.0,28.0,28.0,30.0,32.0,36.0,38.0,35.0,32.0,32.0,29.0,26.0,28.0,30.0,30.0,26.0,24.0,22.0,22.0,30.0,0.0,0.0,0.0,0.0,22.0,28.0,16.0,14.0,18.0,18.0,16.0,16.0,16.0,17.0,18.0,18.0,16.0,14.0,18.0,30.0
2024-12-25,28.0,26.0,26.0,26.0,24.0,24.0,20.0,18.0,18.0,20.0,20.0,18.0,18.0,16.0,16.0,14.0,12.0,12.0,14.0,18.0,18.0,18.0,18.0,18.0,18.0,18.0,18.0,18.0,8.0,6.0,6.0,2.0,4.0,4.0,4.0,4.0,2.0,2.0,4.0,8.0,12.0,12.0,12.0,18.0,22.0,22.0,22.0,20.0,30.0,40.0,40.0,40.0,38.0,34.0,30.0,12.0,8.0,8.0,10.0,8.0,16.0,18.0,16.0,16.0,14.0,12.0,10.0,10.0,12.0,12.0,8.0,14.0,12.0,8.0,4.0,30.0,34.0,34.0,34.0,32.0,32.0,34.0,34.0,26.0,16.0,22.0,22.0,20.0,14.0,14.0,16.0,16.0,16.0,16.0,16.0,14.0
2024-12-26,14.0,14.0,14.0,14.0,14.0,14.0,14.0,14.0,14.0,14.0,12.0,12.0,12.0,12.0,12.0,12.0,12.0,12.0,12.0,12.0,12.0,12.0,12.0,12.0,12.0,12.0,20.0,22.0,24.0,24.0,22.0,22.0,20.0,18.0,14.0,10.0,12.0,12.0,12.0,10.0,14.0,14.0,12.0,12.0,10.0,8.0,8.0,8.0,8.0,8.0,10.0,10.0,28.0,26.0,28.0,26.0,24.0,20.0,28.0,24.0,16.0,8.0,10.0,20.0,18.0,20.0,20.0,20.0,18.0,24.0,22.0,20.0,20.0,16.0,16.0,16.0,24.0,24.0,16.0,26.0,28.0,30.0,30.0,28.0,26.0,22.0,20.0,22.0,22.0,24.0,26.0,26.0,26.0,28.0,30.0,30.0
2024-12-27,30.0,30.0,28.0,30.0,30.0,26.0,26.0,24.0,22.0,22.0,22.0,22.0,22.0,22.0,22.0,20.0,20.0,20.0,20.0,20.0,20.0,18.0,18.0,16.0,16.0,16.0,16.0,16.0,16.0,2.0,0.0,2.0,2.0,2.0,2.0,2.0,10.0,12.0,24.0,26.0,26.0,24.0,24.0,24.0,24.0,24.0,22.0,22.0,28.0,28.0,26.0,26.0,26.0,24.0,22.0,22.0,20.0,20.0,18.0,16.0,20.0,20.0,28.0,30.0,36.0,36.0,34.0,32.0,32.0,20.0,18.0,20.0,18.0,18.0,14.0,22.0,16.0,14.0,14.0,12.0,12.0,12.0,12.0,12.0,12.0,14.0,20.0,20.0,20.0,20.0,20.0,20.0,20.0,18.0,18.0,18.0
2024-12-28,18.0,18.0,18.0,18.0,18.0,18.0,18.0,18.0,18.0,18.0,18.0,18.0,18.0,18.0,18.0,18.0,18.0,16.0,16.0,16.0,14.0,14.0,14.0,14.0,14.0,14.0,14.0,14.0,8.0,2.0,10.0,4.0,4.0,4.0,4.0,2.0,0.0,0.0,0.0,0.0,0.0,2.0,4.0,4.0,4.0,2.0,2.0,2.0,2.0,2.0,6.0,12.0,8.0,10.0,12.0,16.0,16.0,14.0,14.0,12.0,12.0,10.0,10.0,10.0,8.0,12.0,12.0,16.0,28.0,36.0,36.0,38.0,38.0,28.0,18.0,16.0,22.0,20.0,24.0,24.0,22.0,22.0,20.0,20.0,22.0,22.0,20.0,16.0,14.0,14.0,14.0,14.0,14.0,14.0,14.0,14.0
2024-12-29,18.0,22.0,22.0,18.0,16.0,16.0,16.0,16.0,16.0,16.0,16.0,14.0,14.0,12.0,10.0,10.0,10.0,10.0,10.0,10.0,10.0,10.0,10.0,10.0,10.0,10.0,10.0,6.0,8.0,4.0,0.0,0.0,0.0,0.0,0.0,14.0,20.0,20.0,30.0,30.0,30.0,30.0,24.0,20.0,16.0,16.0,14.0,10.0,4.0,2.0,2.0,0.0,4.0,4.0,8.0,10.0,10.0,10.0,10.0,10.0,10.0,10.0,12.0,12.0,11.0,10.0,10.0,10.0,10.0,10.0,10.0,8.0,8.0,10.0,10.0,16.0,20.0,14.0,10.0,10.0,10.0,14.0,16.0,18.0,18.0,20.0,20.0,20.0,20.0,20.0,20.0,20.0,20.0,20.0,18.0,20.0
2024-12-30,20.0,20.0,18.0,16.0,16.0,14.0,14.0,12.0,12.0,12.0,12.0,12.0,12.0,12.0,12.0,12.0,10.0,12.0,12.0,12.0,10.0,10.0,10.0,10.0,10.0,10.0,10.0,14.0,24.0,14.0,12.0,12.0,12.0,10.0,14.0,14.0,14.0,12.0,8.0,6.0,2.0,2.0,4.0,4.0,4.0,4.0,4.0,4.0,4.0,4.0,4.0,4.0,6.0,6.0,6.0,6.0,6.0,6.0,6.0,6.0,6.0,6.0,6.0,6.0,4.0,4.0,4.0,4.0,4.0,4.0,6.0,6.0,8.0,9.0,10.0,18.0,22.0,20.0,20.0,16.0,16.0,16.0,26.0,32.0,32.0,30.0,32.0,32.0,28.0,32.0,38.0,36.0,36.0,34.0,34.0,34.0
2024-12-31,32.0,30.0,30.0,30.0,28.0,28.0,28.0,28.0,30.0,28.0,28.0,28.0,28.0,26.0,26.0,28.0,28.0,28.0,28.0,26.0,26.0,28.0,28.0,28.0,26.0,24.0,22.0,18.0,14.0,14.0,10.0,4.0,0.0,0.0,4.0,16.0,16.0,16.0,16.0,16.0,16.0,16.0,18.0,20.0,24.0,24.0,22.0,22.0,22.0,20.0,20.0,20.0,18.0,16.0,14.0,10.0,8.666666666666666,7.333333333333334,6.0,6.0,4.0,10.0,24.0,28.0,29.0,30.0,38.0,38.0,32.0,26.0,20.0,18.0,14.0,24.0,18.0,20.0,26.0,26.0,24.0,26.0,24.0,22.0,20.0,22.0,22.0,22.0,20.0,16.0,20.0,20.0,18.0,18.0,18.0,14.0,12.0,10.0
2025-01-01,10.0,10.0,10.0,10.0,10.0,10.0,10.0,10.0,10.0,10.0,10.0,10.0,10.0,10.0,10.0,12.0,12.0,12.0,12.0,12.0,12.0,12.0,12.0,12.0,10.0,10.0,10.0,8.0,6.0,0.0,0.0,0.0,0.0,0.0,0.0,0.0,8.0,4.0,6.0,8.0,8.0,6.0,6.0,6.0,4.0,6.0,2.0,6.0,8.0,10.0,10.0,8.0,8.0,8.0,8.0,20.0,22.0,20.0,20.0,16.0,16.0,14.0,12.0,12.0,12.0,10.0,8.0,6.0,6.0,6.0,8.0,8.0,8.0,8.0,12.0,22.0,20.0,20.0,18.0,16.0,16.0,14.0,14.0,12.0,12.0,12.0,16.0,16.0,16.0,16.0,16.0,16.0,16.0,12.0,12.0,12.0
2025-01-03,22.0,22.0,22.0,20.0,18.0,18.0,18.0,16.0,16.0,18.0,18.0,18.0,16.0,16.0,16.0,14.0,14.0,14.0,12.0,12.0,12.0,12.0,12.0,14.0,12.0,10.0,11.166666666666666,12.333333333333334,13.5,14.666666666666668,15.833333333333336,17.0,18.166666666666668,19.333333333333336,20.5,21.666666666666668,22.833333333333336,24.0,24.0,24.0,26.0,26.0,24.0,14.0,14.0,14.0,14.0,14.0,20.0,30.0,26.0,28.0,28.0,32.0,32.0,34.0,28.0,38.0,42.0,40.0,38.0,36.0,38.0,38.0,36.0,34.0,30.0,20.0,18.0,18.0,28.0,32.0,30.0,30.0,28.0,34.0,38.0,38.0,0.0,42.0,50.0,44.0,46.0,50.0,44.0,40.0,38.0,36.0,30.0,26.0,24.0,22.0,16.0,16.0,16.0,12.0
2025-01-04,16.0,18.0,18.0,18.0,18.0,18.0,18.0,18.0,18.0,16.0,16.0,14.0,12.0,12.0,12.0,12.0,12.0,10.0,10.0,10.0,10.0,10.0,10.0,10.0,10.0,10.0,10.0,10.0,4.0,0.0,1.0,2.0,3.333333333333333,4.666666666666666,6.0,7.333333333333333,8.666666666666666,10.0,10.0,10.0,10.0,12.0,12.0,12.0,12.0,12.0,14.2,16.4,18.6,20.8,23.0,25.200000000000003,27.400000000000002,29.6,31.8,34.0,34.0,33.0,32.0,30.0,34.0,38.0,42.0,40.0,38.0,22.0,12.0,12.0,14.0,16.0,16.0,14.0,20.0,40.0,36.0,36.0,36.0,36.0,36.0,34.0,32.0,34.0,32.0,32.0,32.0,32.0,32.0,32.0,30.0,36.0,40.0,40.0,40.0,44.0,48.0,48.0
2025-01-05,48.0,48.0,48.0,48.0,48.0,46.0,44.0,42.0,38.0,36.0,34.0,32.0,28.0,28.0,26.0,24.0,24.0,24.0,24.0,26.0,36.0,36.0,36.0,36.0,36.0,36.0,34.0,30.0,22.0,12.0,11.0,10.0,8.0,8.0,4.0,2.0,2.0,4.0,6.0,10.0,18.0,18.0,18.0,18.0,18.0,18.0,18.0,18.0,16.0,16.0,16.0,14.0,12.0,10.0,18.0,22.0,22.0,24.0,46.0,50.0,56.0,50.0,48.0,48.0,52.0,44.0,26.0,16.0,12.0,8.0,12.0,8.0,4.0,6.0,12.0,10.0,18.0,28.0,32.0,26.0,26.0,26.0,32.0,32.0,30.0,28.0,28.0,36.0,34.0,32.0,32.0,32.0,30.0,30.0,30.0,28.0
2025-01-06,28.0,28.0,28.0,26.0,26.0,26.0,26.0,24.0,24.0,24.0,22.0,20.0,20.0,18.0,16.0,16.0,16.0,14.0,14.0,12.0,12.0,12.0,12.0,14.0,14.0,14.0,12.0,12.0,8.0,0.0,0.0,0.0,2.0,14.0,14.0,18.0,20.0,22.0,22.0,42.0,46.0,52.0,46.0,42.0,36.0,36.0,34.0,38.0,40.0,38.0,38.0,38.0,44.0,42.0,40.0,46.0,40.0,58.0,48.0,42.0,42.0,40.0,32.0,28.0,26.0,24.0,24.0,18.0,14.0,14.0,12.0,8.0,6.0,6.0,6.0,6.0,14.0,12.0,16.0,20.0,20.0,20.0,14.0,16.0,16.0,14.0,14.0,14.0,14.0,16.0,20.0,20.0,20.0,20.0,18.0,18.0
2025-01-07,18.0,18.0,18.0,18.0,18.0,18.0,18.0,18.0,16.0,14.0,14.0,12.0,10.0,10.0,10.0,10.0,10.0,10.0,10.0,10.0,10.0,10.0,10.0,10.0,10.0,12.0,10.0,10.0,2.0,2.0,18.0,18.0,18.0,16.0,14.0,14.0,20.0,20.0,18.0,16.0,16.0,16.0,14.0,12.0,14.0,16.0,26.0,16.0,16.0,18.0,16.0,22.0,10.0,12.0,12.0,14.0,22.0,20.0,12.0,10.0,12.0,12.0,10.0,8.0,8.0,8.0,8.0,6.0,6.0,6.0,6.0,4.0,12.0,20.0,8.0,12.0,22.0,26.0,36.0,36.0,37.0,38.0,42.0,42.0,42.0,42.0,44.0,44.0,44.0,40.0,36.0,36.0,38.0,40.0,40.0,36.0
2025-01-08,36.0,36.0,36.0,34.0,34.0,34.0,34.0,34.0,32.0,32.0,32.0,32.0,34.0,32.0,32.0,30.0,30.0,28.0,28.0,26.0,26.0,24.0,24.0,24.0,24.0,24.0,22.0,22.0,18.0,18.0,30.0,44.0,44.0,42.0,40.0,36.0,36.0,38.0,38.0,36.0,32.0,32.0,30.0,34.0,40.0,48.0,46.0,42.0,40.0,38.0,38.0,34.0,30.0,28.0,26.0,18.0,14.0,12.0,12.0,18.0,20.0,36.0,38.0,36.0,30.0,30.0,30.0,36.0,36.0,34.0,30.0,26.0,22.0,22.0,20.0,24.0,36.0,36.0,36.0,34.0,34.0,32.0,32.0,32.0,36.0,36.0,34.0,32.0,30.0,42.0,40.0,34.0,34.0,40.0,36.0,30.0
2025-01-09,26.0,24.0,22.0,20.0,20.0,18.0,16.0,14.0,14.0,12.0,12.0,12.0,12.0,10.0,12.0,12.0,10.0,10.0,10.0,12.0,12.0,12.0,12.0,12.0,12.0,12.0,12.0,10.0,2.0,0.0,0.0,0.0,0.0,0.0,0.0,0.0,0.0,0.0,0.0,0.0,0.0,0.0,0.0,0.0,0.0,1.0,2.0,3.0,4.0,16.0,16.0,16.0,16.0,16.0,16.0,14.0,16.0,18.0,18.0,18.0,18.0,24.0,32.0,44.0,42.0,36.0,22.0,18.0,6.0,2.0,2.0,2.0,2.0,2.0,2.0,4.0,14.0,12.0,12.0,12.0,12.0,12.0,10.0,10.0,14.0,12.0,12.0,10.0,10.0,10.0,12.0,14.0,14.0,14.0,22.0,28.0
2025-01-10,26.0,26.0,24.0,20.0,20.0,20.0,20.0,20.0,20.0,18.0,18.0,20.0,20.0,20.0,20.0,18.0,16.0,14.0,14.0,14.0,14.0,14.0,14.0,14.0,14.0,14.0,14.0,14.0,10.0,4.0,2.666666666666667,1.3333333333333335,0.0,0.0,0.0,0.0,0.0,0.0,0.0,8.0,14.0,12.0,12.0,8.0,6.0,4.0,4.0,8.0,10.0,8.0,6.0,6.0,6.0,6.0,6.0,6.0,10.0,30.0,30.0,28.0,28.0,28.0,28.0,28.0,28.0,28.0,28.0,28.0,28.0,28.0,30.0,32.0,32.0,34.0,38.0,38.0,44.0,40.0,40.0,40.0,38.0,36.0,36.0,32.0,30.0,28.0,26.0,24.0,24.0,24.0,22.0,22.0,24.0,22.0,22.0,22.0
2025-01-11,20.0,20.0,20.0,20.0,20.0,22.0,20.0,20.0,20.0,24.0,24.0,24.0,22.0,22.0,20.0,20.0,20.0,20.0,20.0,20.0,19.0,18.0,14.0,14.0,14.0,14.0,22.0,28.0,24.0,24.0,20.0,14.0,16.0,18.0,38.0,36.0,34.0,28.0,32.0,28.0,14.0,12.0,12.0,14.0,22.0,22.0,22.0,22.0,20.0,18.0,9.0,0.0,0.0,0.0,0.0,0.0,0.0,0.0,0.0,2.0,2.0,2.0,0.0,0.0,2.0,20.0,18.0,10.0,16.0,12.0,6.0,4.0,4.0,2.0,2.0,14.0,14.0,16.0,34.0,36.0,36.0,36.0,36.0,36.0,34.0,30.0,24.0,20.0,18.0,16.0,16.0,16.0,14.0,14.0,12.0,12.0
2025-01-12,12.0,12.0,12.0,12.0,12.0,12.0,12.0,12.0,12.0,12.0,12.0,12.0,12.0,12.0,12.0,12.0,12.0,12.0,14.0,14.0,12.0,12.0,12.0,12.0,14.0,14.0,12.0,12.0,12.0,0.0,0.0,2.0,4.0,4.0,4.0,4.0,10.0,10.0,12.0,10.0,10.0,12.0,10.0,10.0,10.0,8.0,8.0,8.0,8.0,6.0,6.0,4.0,2.0,2.0,2.0,4.0,6.0,20.0,20.0,18.0,20.0,22.0,22.0,71.0,120.0,154.0,168.0,0.0,0.0,16.0,0.0,0.0,6.0,0.0,0.0,10.0,10.0,10.0,10.0,10.0,10.0,10.0,10.0,10.0,10.0,10.0,16.0,30.0,30.0,30.0,30.0,30.0,50.0,54.0,52.0,52.0
2025-01-13,48.0,44.0,44.0,44.0,44.0,46.0,44.0,42.0,42.0,40.0,38.0,36.0,32.0,28.0,26.0,24.0,22.0,18.0,16.0,14.0,12.0,12.0,12.0,10.0,10.0,10.0,10.0,10.0,10.0,8.0,0.0,0.0,0.0,0.0,0.0,0.0,0.0,0.0,2.0,2.0,2.0,2.0,2.0,2.0,2.0,2.0,2.0,2.0,2.0,2.0,2.0,2.0,0.0,2.0,2.0,2.0,2.0,2.0,2.0,2.0,4.0,2.0,2.0,2.0,2.0,0.0,0.0,2.0,0.0,2.0,2.0,2.0,2.0,2.0,2.0,12.0,12.0,12.0,10.0,10.0,14.0,12.0,12.0,12.0,12.0,10.0,10.0,10.0,10.0,10.0,12.0,12.0,12.0,12.0,12.0,12.0
2025-01-14,12.0,12.0,12.0,12.0,12.0,12.0,12.0,12.0,12.0,12.0,11.0,10.0,10.0,10.0,10.0,10.0,10.0,10.0,10.0,10.0,10.0,10.0,10.0,10.0,10.0,12.0,12.0,10.0,8.0,8.0,0.0,0.0,0.0,0.0,0.0,0.0,0.0,0.0,0.0,0.0,0.0,0.0,0.0,0.0,0.0,0.0,0.0,0.0,0.0,0.0,0.0,0.0,0.0,0.0,0.0,0.0,2.0,6.0,10.0,12.0,12.0,12.0,8.0,6.0,4.0,20.0,20.0,16.0,12.0,12.0,16.0,6.0,12.0,8.0,10.0,14.0,16.0,12.0,10.0,12.0,12.0,12.0,12.0,14.0,14.0,14.0,12.0,16.0,24.0,30.0,36.0,36.0,36.0,36.0,34.0,26.0
2025-01-15,22.0,20.0,18.0,18.0,16.0,16.0,16.0,16.0,16.0,16.0,16.0,16.0,16.0,16.0,14.0,14.0,12.0,12.0,10.0,10.0,10.0,10.0,10.0,10.0,10.0,10.0,10.0,10.0,8.0,0.0,0.0,0.0,2.0,0.0,4.0,6.0,6.0,16.0,16.0,18.0,18.0,22.0,30.0,30.0,30.0,30.0,28.0,28.0,24.0,22.0,16.0,12.0,10.0,12.0,22.0,22.0,22.0,22.0,22.0,22.0,20.0,12.0,10.0,10.0,10.0,8.0,6.0,8.0,6.0,6.0,4.0,4.0,4.0,2.0,4.0,2.0,10.0,16.0,14.0,18.0,20.0,20.0,20.0,20.0,20.0,20.0,20.0,18.0,22.0,24.0,26.0,28.0,28.0,26.0,28.0,28.0
2025-01-21,24.0,26.0,28.0,28.0,26.0,24.0,18.0,16.0,18.0,16.0,16.0,18.0,16.0,16.0,16.0,16.0,14.0,14.0,14.0,14.0,14.0,14.0,12.0,12.0,12.0,12.0,12.0,10.0,6.0,0.0,0.0,0.0,0.0,0.0,0.0,0.0,0.0,0.0,0.0,0.0,0.0,0.0,0.0,0.0,0.0,2.0,8.0,5.333333333333334,2.666666666666667,0.0,10.0,10.0,10.0,12.0,12.0,8.0,4.0,10.0,6.0,4.0,0.0,0.0,2.0,0.0,0.0,0.0,0.0,0.0,0.0,0.0,0.0,0.0,6.0,0.0,8.0,2.0,6.0,10.0,20.0,22.0,22.0,23.0,24.0,26.0,26.0,26.0,24.0,24.0,24.0,22.0,20.0,18.0,10.0,10.0,10.0,10.0
2025-01-22,10.0,10.0,10.0,10.0,10.0,10.0,10.0,10.0,10.0,10.0,10.0,10.0,10.0,10.0,14.0,14.0,14.0,16.0,16.0,16.0,14.0,10.0,10.0,10.0,10.0,10.0,10.0,10.0,4.0,0.0,0.0,0.0,24.0,20.0,8.0,0.0,0.0,0.0,0.0,0.0,0.0,6.0,120.0,184.0,190.0,186.0,192.0,190.0,52.0,8.0,0.0,0.0,0.0,0.0,0.0,2.0,2.0,2.2857142857142856,2.571428571428571,2.857142857142857,3.142857142857143,3.4285714285714284,3.7142857142857144,4.0,4.0,2.0,2.0,2.0,4.0,4.0,4.0,10.0,14.0,14.0,16.0,22.0,16.0,28.0,20.0,12.0,12.0,12.0,12.0,16.0,16.0,16.0,16.0,16.0,16.0,18.0,18.0,16.0,18.0,18.0,18.0,0.0
2025-01-23,0.0,0.0,0.0,0.0,0.0,0.0,0.0,0.0,0.0,0.0,0.0,0.0,0.0,0.0,0.0,0.0,0.0,0.0,0.0,0.0,0.0,0.0,0.0,0.0,0.0,0.0,0.0,0.0,0.0,0.0,0.0,0.0,0.0,0.0,0.0,0.0,0.0,0.0,0.0,0.0,0.0,0.0,0.0,0.0,0.0,0.0,0.0,0.0,0.0,0.0,0.0,0.0,0.0,0.0,0.0,0.0,0.0,0.0,0.0,0.0,0.0,0.0,0.0,0.0,6.0,12.0,12.0,8.0,14.0,26.0,24.0,24.0,24.0,24.0,20.0,20.0,20.0,18.0,18.0,16.0,18.0,16.0,16.0,16.0,24.0,28.0,28.0,18.0,32.0,34.0,34.0,36.0,36.0,38.0,40.0,40.0
2025-01-24,40.0,40.0,40.0,40.0,38.0,34.0,34.0,30.0,26.0,24.0,24.0,22.0,22.0,22.0,22.0,20.0,20.0,20.0,18.0,18.0,18.0,16.0,16.0,16.0,14.0,14.0,14.0,12.0,8.0,0.0,0.0,0.0,0.0,0.0,0.0,0.0,16.0,20.0,24.0,24.0,24.0,22.0,12.0,12.0,12.0,14.0,14.0,14.0,14.0,14.0,12.0,10.0,8.0,8.0,6.0,6.0,4.0,6.0,10.0,22.0,20.0,18.0,18.0,18.0,18.0,18.0,18.0,14.0,12.0,10.0,18.0,30.0,32.0,32.0,32.0,34.0,36.0,40.0,38.0,36.0,28.0,22.0,18.0,20.0,16.0,14.0,14.0,22.0,18.0,14.0,12.0,12.0,22.0,24.0,24.0,24.0
2025-01-25,24.0,24.0,20.0,20.0,20.0,20.0,22.0,16.0,14.0,12.0,12.0,12.0,12.0,12.0,12.0,12.0,12.0,12.0,12.0,12.0,12.0,10.0,10.0,10.0,10.0,10.0,10.0,8.0,2.0,0.0,4.0,0.0,0.0,0.0,0.0,0.0,0.0,0.0,0.0,0.0,0.0,0.0,0.0,0.0,0.0,0.0,0.0,0.0,0.0,0.0,0.0,0.0,0.0,0.0,0.0,0.0,0.0,2.0,6.0,6.0,4.0,4.0,3.0,2.0,2.0,0.0,0.0,0.0,0.0,0.0,30.0,28.0,28.0,28.0,26.0,14.0,20.0,26.0,18.0,18.0,18.0,16.0,16.0,12.0,10.0,12.0,12.0,12.0,12.0,10.0,10.0,10.0,10.0,10.0,10.0,10.0
2025-01-26,10.0,10.0,10.0,10.0,10.0,10.0,10.0,10.0,10.0,10.0,10.0,10.0,10.0,10.0,10.0,10.0,10.0,10.0,10.0,10.0,10.0,10.0,10.0,10.0,10.0,10.0,12.0,12.0,4.0,2.0,0.0,0.0,0.0,0.0,0.0,0.0,0.0,0.0,0.0,0.0,0.0,0.0,0.0,0.0,0.0,0.0,0.0,0.0,0.0,0.0,0.0,0.0,34.0,34.0,158.0,172.0,178.0,180.0,182.0,58.0,2.0,0.0,18.0,14.0,14.0,12.0,14.0,14.0,14.0,12.0,18.0,16.0,14.0,10.0,14.0,24.0,28.0,28.0,26.0,26.0,26.0,26.0,24.0,24.0,22.0,22.0,22.0,22.0,18.0,16.0,22.0,22.0,22.0,22.0,22.0,20.0
2025-01-27,18.0,18.0,18.0,14.0,14.0,14.0,14.0,14.0,14.0,14.0,14.0,14.0,14.0,14.0,14.0,14.0,12.0,12.0,12.0,12.0,12.0,12.0,12.0,12.0,12.0,12.0,12.0,10.0,2.0,0.0,0.0,0.0,0.0,0.0,0.0,2.0,2.0,2.0,14.0,148.0,164.0,172.0,176.0,102.0,53.0,4.0,4.0,4.0,4.0,4.0,4.0,4.0,6.0,10.0,10.0,8.0,6.0,6.0,8.0,8.0,8.0,8.0,0.0,0.0,2.0,4.0,4.0,18.0,20.0,20.0,18.0,18.0,18.0,16.0,10.0,4.0,2.0,10.0,10.0,10.0,10.0,10.0,10.0,14.0,12.0,10.0,10.0,10.0,10.0,10.0,10.0,10.0,10.0,10.0,10.0,10.0
2025-01-28,10.0,10.0,10.0,10.0,10.0,10.0,10.0,10.0,10.0,10.0,10.0,10.0,10.0,10.0,10.0,10.0,10.0,10.0,10.0,10.0,10.0,10.0,10.0,10.0,10.0,10.0,10.0,10.0,10.0,4.0,6.0,2.0,6.0,12.0,12.0,12.0,12.0,12.0,12.0,20.0,24.0,24.0,22.0,16.0,12.0,10.0,8.0,7.0,6.0,6.0,6.0,8.0,8.0,8.0,8.0,8.0,0.0,4.0,140.0,172.0,94.0,4.0,2.0,0.0,0.0,0.0,0.0,0.0,0.0,0.0,0.0,0.0,0.0,0.0,2.0,0.0,2.0,12.0,10.0,10.0,10.0,10.0,10.0,10.0,10.0,10.0,10.0,10.0,10.0,12.0,12.0,12.0,12.0,12.0,12.0,12.0
2025-01-29,12.0,12.0,12.0,12.0,12.0,12.0,12.0,12.0,12.0,12.0,12.0,12.0,12.0,12.0,12.0,12.0,12.0,12.0,12.0,12.0,12.0,12.0,12.0,12.0,12.0,12.0,12.0,7.0,2.0,2.0,2.0,2.0,2.0,2.0,2.0,0.0,0.0,0.0,0.0,0.0,0.0,0.0,0.0,0.0,0.0,2.0,2.0,2.0,2.0,2.0,2.0,2.0,2.0,2.0,2.0,2.0,2.0,40.0,162.0,178.0,184.0,188.0,184.0,8.0,8.0,8.0,8.0,8.0,8.0,8.0,6.0,4.0,4.0,2.0,2.0,10.0,16.0,14.0,14.0,12.0,12.0,12.0,12.0,10.0,12.0,10.0,10.0,10.0,10.0,10.0,11.0,12.0,12.0,12.0,12.0,12.0
2025-01-30,12.0,12.0,12.0,12.0,12.0,12.0,10.0,10.0,10.0,10.0,12.0,12.0,12.0,12.0,12.0,12.0,12.0,12.0,12.0,12.0,12.0,12.0,12.0,12.0,12.0,12.0,12.0,12.0,2.0,2.0,0.0,0.0,0.0,0.0,0.0,0.0,0.0,0.0,0.0,0.0,2.0,4.0,4.0,2.0,0.0,0.0,0.0,0.0,0.0,0.0,2.0,0.0,0.0,0.0,0.0,0.0,0.0,0.0,0.0,0.0,0.0,0.0,0.0,0.0,0.0,0.0,0.0,0.0,0.0,0.0,0.0,0.0,0.0,0.0,0.0,0.0,6.0,30.0,26.0,26.0,18.0,24.0,24.0,20.0,24.0,22.0,12.0,11.0,10.0,10.0,10.0,10.0,10.0,10.0,10.0,10.0
2025-01-31,10.0,10.0,10.0,10.0,10.0,10.0,10.0,10.0,10.0,10.0,10.0,10.0,10.0,10.0,10.0,10.0,10.0,10.0,10.0,10.0,10.0,10.0,10.0,10.0,10.0,10.0,10.0,10.0,8.0,0.0,0.0,0.0,10.0,10.0,10.0,10.0,10.0,10.0,10.0,8.0,4.0,2.0,2.0,0.0,0.0,0.0,0.0,0.0,0.0,0.0,0.0,2.0,4.0,4.0,4.0,4.0,4.0,4.0,4.0,4.0,4.0,2.0,0.0,0.0,3.0,6.0,6.0,6.0,6.0,6.0,6.0,6.0,4.0,0.0,0.0,0.0,8.0,10.0,10.0,10.0,10.0,12.0,12.0,12.0,14.0,18.0,18.0,32.0,32.0,30.0,28.0,26.0,26.0,26.0,26.0,24.0
2025-02-01,20.0,16.0,16.0,16.0,14.0,14.0,13.0,12.0,12.0,12.0,16.0,16.0,14.0,14.0,14.0,14.0,14.0,14.0,14.0,12.0,10.0,10.0,10.0,10.0,10.0,10.0,10.0,10.0,10.0,10.0,8.0,10.0,10.0,10.0,10.0,8.0,2.0,0.0,0.0,0.0,0.0,0.0,0.0,2.0,4.0,4.0,4.0,4.0,4.0,4.0,6.0,8.0,8.0,8.0,8.0,6.0,6.0,12.0,12.0,10.0,10.0,12.0,10.0,10.0,8.0,6.0,4.0,4.0,4.0,4.0,4.0,2.0,6.0,10.0,8.0,8.0,18.0,14.0,12.0,12.0,12.0,10.0,10.0,10.0,10.0,10.0,16.0,20.0,20.0,20.0,20.0,20.0,20.0,20.0,18.0,18.0
2025-02-02,16.0,14.0,12.0,12.0,10.0,10.0,10.0,10.0,10.0,10.0,10.0,10.0,10.0,10.0,10.0,10.0,10.0,10.0,10.0,10.0,10.0,10.0,10.0,8.0,10.0,10.0,10.0,10.0,8.0,0.0,0.0,0.0,0.0,0.0,0.0,0.0,0.0,0.0,0.0,0.0,0.0,0.0,0.0,0.0,0.0,0.0,0.0,0.0,0.0,0.0,0.0,0.0,0.0,0.0,0.0,0.0,0.0,0.0,0.0,0.0,0.0,0.0,0.0,0.0,0.0,0.0,0.0,0.0,0.0,0.0,0.0,0.0,0.0,0.0,0.0,4.0,2.0,10.0,10.0,10.0,10.0,10.0,10.0,10.0,10.0,10.0,10.0,10.0,12.0,10.0,10.0,10.0,10.0,10.0,10.0,10.0
2025-02-03,10.0,10.0,10.0,10.0,10.0,10.0,10.0,10.0,10.0,10.0,10.0,10.0,10.0,10.0,10.0,10.0,10.0,10.0,10.0,10.0,10.0,10.0,10.0,10.0,10.0,10.0,10.0,4.0,0.0,0.0,0.0,0.0,0.0,4.0,4.0,6.0,10.0,12.0,14.0,14.0,14.0,14.0,14.0,14.0,14.0,14.0,12.0,12.0,12.0,12.0,10.0,10.0,16.0,22.0,30.0,30.0,30.0,28.0,24.0,24.0,22.0,22.0,22.0,18.0,18.0,14.0,8.0,8.0,8.0,8.0,6.0,4.0,6.0,6.0,8.0,10.0,14.0,14.0,12.0,12.0,14.0,12.0,12.0,12.0,10.0,10.0,10.0,10.0,10.0,10.0,10.0,10.0,10.0,10.0,10.0,10.0
2025-02-04,10.0,10.0,10.0,10.0,10.0,10.0,10.0,10.0,10.0,10.0,10.0,10.0,10.0,10.0,10.0,10.0,10.0,10.0,10.0,10.0,10.0,10.0,10.0,10.0,10.0,10.0,10.0,10.0,8.0,0.0,0.0,0.0,0.0,0.0,0.0,0.0,0.0,0.0,0.0,0.0,0.0,0.0,0.0,0.0,0.0,0.0,0.0,0.0,0.0,0.0,0.0,0.0,0.0,0.0,4.0,9.0,14.0,32.0,32.0,28.0,46.0,58.0,54.0,50.0,28.0,30.0,32.0,32.0,26.0,16.0,18.0,18.0,12.0,4.0,4.0,6.0,14.0,13.0,12.0,12.0,12.0,12.0,12.0,12.0,14.0,12.0,12.0,12.0,12.0,10.0,10.0,12.0,12.0,12.0,20.0,24.0
2025-02-05,24.0,24.0,24.0,24.0,24.0,24.0,22.0,22.0,18.0,16.0,14.0,14.0,12.0,10.0,10.0,10.0,10.0,10.0,10.0,10.0,10.0,10.0,10.0,10.0,10.0,10.0,10.0,10.0,4.0,0.0,0.0,0.0,0.0,4.0,16.0,0.0,0.0,0.0,0.0,0.0,0.0,0.0,0.0,0.0,0.0,14.0,22.0,22.0,22.0,16.0,14.0,10.0,38.0,160.0,174.0,182.0,188.0,96.0,10.0,10.0,10.0,10.0,10.0,10.0,8.0,4.0,4.0,0.0,0.0,0.0,0.0,0.0,6.0,6.0,6.0,6.0,8.0,16.0,16.0,10.0,10.0,10.0,10.0,10.0,16.0,18.0,18.0,18.0,18.0,18.0,18.0,18.0,18.0,18.0,18.0,16.0
2025-02-06,20.0,26.0,26.0,24.0,24.0,20.0,20.0,20.0,18.0,18.0,18.0,12.0,12.0,12.0,12.0,12.0,12.0,12.0,12.0,12.0,12.0,12.0,12.0,12.0,12.0,12.0,10.0,10.0,8.0,4.0,0.0,0.0,0.0,0.0,0.0,0.0,0.0,0.0,0.0,0.0,0.0,0.0,0.0,0.0,0.0,0.0,0.0,0.0,0.0,0.0,0.0,0.0,0.0,2.0,6.0,4.0,4.0,4.0,4.0,4.0,4.0,16.0,28.0,24.0,16.0,14.0,18.0,16.0,4.0,0.0,4.0,6.0,4.0,4.0,4.0,6.0,8.0,16.0,14.0,14.0,18.0,18.0,18.0,16.0,14.0,16.0,16.0,16.0,15.0,14.0,14.0,12.0,12.0,12.0,12.0,12.0
2025-02-07,12.0,12.0,12.0,12.0,12.0,12.0,12.0,12.0,12.0,12.0,12.0,12.0,12.0,12.0,12.0,12.0,12.0,14.0,14.0,14.0,14.0,14.0,14.0,14.0,14.0,14.0,12.0,14.0,10.0,2.0,0.0,0.0,0.0,0.0,0.0,0.0,0.0,0.0,0.0,0.0,2.0,2.0,0.0,0.0,0.0,0.0,0.0,0.0,0.0,2.0,2.0,0.0,4.0,6.0,40.0,162.0,178.0,186.0,190.0,190.0,172.0,8.0,8.0,8.0,8.0,8.0,6.0,6.0,6.0,12.0,12.0,10.0,6.0,4.0,4.0,6.0,14.0,16.0,14.0,12.0,12.0,12.0,12.0,12.0,12.0,12.0,12.0,12.0,12.0,12.0,12.0,12.0,12.0,12.0,14.0,14.0
2025-02-08,14.0,14.0,14.0,14.0,14.0,14.0,14.0,14.0,14.0,14.0,12.0,12.0,12.0,12.0,12.0,12.0,12.0,12.0,12.0,10.0,10.0,10.0,10.0,10.0,10.0,10.0,10.0,10.0,4.0,2.0,0.0,0.0,0.0,0.0,0.0,0.0,0.0,0.0,0.0,0.0,0.0,0.0,0.0,4.0,0.0,0.0,0.0,0.0,0.0,0.0,0.0,0.0,0.0,0.0,0.0,0.0,0.0,0.0,0.0,0.0,0.0,0.0,0.0,0.0,0.0,0.0,14.0,20.0,0.0,0.0,0.0,0.0,0.0,0.0,0.0,0.0,0.0,0.0,0.0,0.0,0.0,0.0,0.0,0.0,0.0,0.0,0.0,8.0,10.0,10.0,10.0,10.0,10.0,10.0,10.0,10.0
2025-02-09,10.0,10.0,10.0,10.0,10.0,10.0,10.0,10.0,10.0,10.0,10.0,10.0,10.0,10.0,10.0,10.0,10.0,10.0,10.0,10.0,10.0,10.0,10.0,10.0,10.0,10.0,10.0,10.0,0.0,0.0,0.0,0.0,0.0,0.0,4.0,4.0,4.0,0.0,0.0,0.0,0.0,2.0,6.0,6.0,6.0,6.0,6.0,4.0,2.0,0.0,0.0,0.0,0.0,0.0,6.0,6.0,6.0,6.0,6.0,4.0,0.0,0.0,0.0,0.0,0.0,6.0,12.0,12.0,16.0,14.0,12.0,12.0,12.0,16.0,14.0,14.0,18.0,10.0,10.0,14.0,22.0,22.0,22.0,22.0,22.0,22.0,20.0,20.0,18.0,16.0,14.0,12.0,12.0,10.0,10.0,10.0
2025-02-10,12.0,12.0,12.0,12.0,12.0,12.0,12.0,12.0,12.0,12.0,12.0,12.0,12.0,12.0,12.0,12.0,12.0,10.0,10.0,10.0,10.0,10.0,10.0,10.0,10.0,10.0,10.0,10.0,2.0,0.0,0.0,0.0,0.0,0.0,2.0,0.0,0.0,6.0,6.0,6.0,6.0,6.0,6.0,6.0,6.0,6.0,4.0,2.0,0.0,0.0,0.0,0.0,0.0,0.0,0.0,0.0,6.0,6.0,6.0,6.0,6.0,6.0,6.0,6.0,6.0,6.0,6.0,4.0,20.0,24.0,22.0,22.0,22.0,20.0,16.0,14.0,20.0,30.0,26.0,22.0,16.0,16.0,14.0,10.0,10.0,10.0,16.0,16.0,16.0,16.0,16.0,18.0,18.0,16.0,14.0,12.0
2025-02-11,14.0,14.0,14.0,14.0,14.0,14.0,14.0,14.0,14.0,14.0,16.0,16.0,16.0,16.0,16.0,16.0,14.0,12.0,12.0,12.0,12.0,12.0,12.0,12.0,12.0,12.0,12.0,12.0,10.0,2.0,0.0,2.0,0.0,0.0,0.0,4.0,4.0,2.0,4.0,10.0,14.0,14.0,14.0,14.0,14.0,14.0,14.0,14.0,10.0,8.0,8.0,6.0,2.0,0.0,0.0,0.0,0.0,2.0,0.0,0.0,0.0,0.0,0.0,0.0,0.0,0.0,0.0,0.0,0.0,0.0,0.0,0.0,0.0,0.0,0.0,2.0,8.0,14.0,14.0,20.0,12.0,12.0,12.0,12.0,10.0,10.0,10.0,10.0,10.0,10.0,10.0,10.0,12.0,14.0,14.0,14.0
2025-02-12,14.0,14.0,14.0,14.0,14.0,14.0,14.0,14.0,14.0,14.0,14.0,14.0,14.0,14.0,14.0,14.0,14.0,14.0,14.0,14.0,12.0,14.0,12.0,12.0,12.0,12.0,12.0,18.0,16.0,4.0,0.0,0.0,0.0,0.0,0.0,0.0,0.0,0.0,0.0,0.0,0.0,4.0,0.0,0.0,0.0,0.0,0.0,0.0,0.0,0.0,0.0,0.0,3.0,6.0,6.0,4.0,2.0,0.0,0.0,0.0,4.0,18.0,18.0,16.0,16.0,16.0,14.0,12.0,20.0,26.0,22.0,22.0,22.0,22.0,14.0,10.0,14.0,16.0,14.0,18.0,22.0,20.0,22.0,20.0,16.0,16.0,14.0,14.0,14.0,14.0,12.0,12.0,12.0,12.0,12.0,12.0
2025-02-13,12.0,12.0,10.0,10.0,10.0,10.0,10.0,10.0,10.0,10.0,10.0,10.0,10.0,10.0,10.0,10.0,10.0,10.0,10.0,10.0,10.0,10.0,10.0,10.0,10.0,10.0,10.0,10.0,2.0,0.0,0.0,0.0,0.0,0.0,0.0,0.0,0.0,2.0,2.0,4.0,4.0,4.0,8.0,12.0,12.0,10.0,12.0,12.0,10.0,8.0,6.0,6.0,4.0,4.0,4.0,10.0,8.0,6.0,6.0,4.0,4.0,4.0,6.0,6.0,4.0,2.0,2.0,2.0,2.0,2.0,6.0,6.0,2.0,0.0,0.0,2.0,0.0,12.0,10.0,10.0,10.0,10.0,10.0,10.0,10.0,10.0,10.0,12.0,12.0,12.0,12.0,12.0,12.0,12.0,14.0,18.0
2025-02-14,18.0,18.0,16.0,12.0,10.0,10.0,10.0,10.0,10.0,10.0,10.0,10.0,10.0,10.0,10.0,10.0,10.0,10.0,10.0,10.0,10.0,10.0,10.0,10.0,10.0,10.0,10.0,4.0,2.0,0.0,0.0,0.0,0.0,0.0,0.0,0.0,0.0,0.0,0.0,0.0,8.0,12.0,10.0,8.0,4.0,2.0,2.0,2.0,2.0,2.0,0.0,4.0,6.0,6.0,6.0,6.0,6.0,4.0,4.0,2.0,2.0,2.0,2.0,2.0,4.0,6.0,2.0,10.0,10.0,0.0,0.0,0.0,0.0,0.0,0.0,0.0,0.0,0.0,0.0,0.0,0.0,0.0,0.0,0.0,0.0,0.0,0.0,0.0,0.0,0.0,0.0,0.0,0.0,0.0,0.0,0.0
2025-02-16,0.0,0.0,0.0,0.0,0.0,0.0,0.0,0.0,0.0,0.0,0.0,0.0,0.0,0.0,0.0,0.0,0.0,0.0,0.0,0.0,0.0,0.0,0.0,0.0,0.0,0.0,0.0,0.0,0.0,0.0,0.0,0.0,0.0,0.0,0.0,0.0,0.0,0.0,0.0,0.0,0.0,0.0,0.0,0.0,0.0,0.0,0.0,0.0,0.0,0.0,0.0,0.0,0.0,0.0,0.0,0.0,0.0,0.0,0.0,0.0,0.0,0.0,0.0,0.0,0.0,0.0,0.0,0.0,0.0,0.0,0.0,0.0,0.0,0.0,0.0,0.0,0.0,0.0,0.0,0.0,0.0,0.0,0.0,0.0,0.0,8.0,12.0,16.0,16.0,12.0,10.0,10.0,10.0,10.0,10.0,10.0
2025-02-17,10.0,10.0,10.0,10.0,11.0,12.0,12.0,12.0,12.0,12.0,12.0,12.0,12.0,12.0,12.0,12.0,12.0,12.0,12.0,12.0,12.0,12.0,12.0,12.0,12.0,12.0,10.0,10.0,6.0,0.0,6.0,0.0,0.0,0.0,0.0,0.0,0.0,0.0,0.0,0.0,0.0,0.0,0.0,0.0,0.0,0.0,0.0,0.0,0.0,0.0,0.0,2.0,2.0,6.0,8.0,10.0,12.0,22.0,22.0,22.0,22.0,18.0,12.0,6.0,4.0,4.0,4.0,2.0,2.0,2.0,4.0,8.0,10.0,10.0,10.0,8.0,8.0,16.0,16.0,16.0,16.0,16.0,18.0,16.0,12.0,10.0,10.0,10.0,10.0,12.0,14.0,14.0,12.0,10.0,10.0,10.0
2025-02-18,10.0,10.0,10.0,10.0,10.0,14.0,14.0,14.0,14.0,14.0,14.0,14.0,14.0,14.0,14.0,12.0,12.0,12.0,12.0,12.0,12.0,12.0,12.0,12.0,12.0,10.0,10.0,10.0,10.0,0.0,0.0,0.0,0.0,0.0,0.0,0.0,0.0,0.0,0.0,0.0,0.0,12.0,12.0,12.0,12.0,12.0,4.0,2.0,2.0,2.0,0.0,0.0,0.0,0.0,12.0,14.0,10.0,12.0,20.0,14.0,14.0,14.0,18.0,16.0,18.0,14.0,8.0,6.0,6.0,8.0,4.0,2.0,4.0,2.0,4.0,6.0,14.0,16.0,18.0,20.0,22.0,20.0,20.0,20.0,18.0,18.0,18.0,18.0,22.0,22.0,22.0,22.0,24.0,26.0,26.0,26.0
2025-02-19,26.0,22.0,18.0,16.0,14.0,14.0,12.0,12.0,12.0,10.0,10.0,10.0,10.0,10.0,10.0,10.0,10.0,10.0,10.0,10.0,10.0,10.0,10.0,10.0,10.0,10.0,10.0,10.0,6.0,0.0,0.0,0.0,0.0,0.0,0.0,0.0,0.0,0.0,0.0,0.0,0.0,0.0,0.0,0.0,0.0,0.0,0.0,0.0,0.0,0.0,0.0,0.0,0.0,0.0,0.0,0.0,0.0,0.0,0.0,0.0,0.0,0.0,0.0,0.0,6.0,6.0,6.0,6.0,6.0,4.0,6.0,6.0,6.0,6.0,4.0,2.0,2.0,0.0,10.0,10.0,10.0,10.0,10.0,10.0,10.0,10.0,10.0,10.0,10.0,14.0,14.0,14.0,14.0,14.0,14.0,14.0
2025-02-20,14.0,14.0,14.0,14.0,14.0,12.0,12.0,10.0,10.0,10.0,10.0,10.0,10.0,10.0,10.0,10.0,10.0,10.0,10.0,10.0,10.0,16.0,16.0,16.0,16.0,16.0,12.0,6.0,0.0,0.0,0.0,0.0,18.0,24.0,24.0,24.0,24.0,22.0,14.0,6.0,0.0,0.0,0.0,0.0,0.0,0.0,0.0,0.0,0.0,0.0,0.0,0.0,0.0,0.0,0.0,0.0,0.0,0.0,0.0,0.0,4.0,4.0,4.0,4.0,4.0,4.0,4.0,2.0,0.0,0.0,0.0,0.0,2.0,4.0,3.0,2.0,12.0,14.0,12.0,12.0,12.0,12.0,12.0,14.0,14.0,12.0,12.0,14.0,14.0,14.0,14.0,14.0,12.0,12.0,10.0,10.0
2025-02-21,10.0,10.0,10.0,10.0,10.0,10.0,10.0,10.0,10.0,10.0,10.0,10.0,10.0,10.0,10.0,10.0,10.0,10.0,10.0,10.0,10.0,10.0,10.0,10.0,10.0,10.0,10.0,10.0,2.0,0.0,0.0,0.0,0.0,0.0,0.0,0.0,0.0,0.0,0.0,4.0,6.0,4.0,0.0,0.0,0.0,0.0,0.0,0.0,0.0,0.0,0.0,0.0,0.0,0.0,0.0,0.0,0.0,0.0,0.0,0.0,0.0,0.0,0.0,0.0,0.0,0.0,0.0,0.0,0.0,0.0,0.0,0.0,0.0,2.0,0.0,4.0,10.0,10.0,10.0,10.0,10.0,10.0,10.0,10.0,10.0,10.0,10.0,10.0,10.0,10.0,10.0,10.0,10.0,10.0,10.0,10.0
2025-02-22,10.0,10.0,10.0,10.0,12.0,12.0,12.0,10.0,10.0,10.0,10.0,10.0,10.0,10.0,10.0,10.0,10.0,10.0,10.0,10.0,10.0,10.0,10.0,10.0,10.0,10.0,10.0,10.0,6.0,0.0,0.0,0.0,0.0,0.0,0.0,0.0,0.0,0.0,0.0,0.0,0.0,0.0,0.0,0.0,0.0,0.0,0.0,0.0,0.0,0.0,0.0,0.0,2.0,6.0,6.0,2.0,0.0,0.0,0.0,8.0,16.0,12.0,8.0,6.0,10.0,10.0,10.0,14.0,24.0,14.0,8.0,10.0,8.0,16.0,6.0,6.0,10.0,10.0,10.0,10.0,10.0,10.0,10.0,10.0,10.0,10.0,10.0,10.0,10.0,10.0,10.0,10.0,10.0,10.0,10.0,10.0
2025-02-23,10.0,10.0,10.0,10.0,10.0,10.0,10.0,10.0,10.0,10.0,10.0,10.0,10.0,10.0,10.0,10.0,10.0,10.0,10.0,10.0,10.0,10.0,10.0,10.0,10.0,10.0,10.0,12.0,6.0,0.0,0.0,0.0,0.0,2.0,2.0,0.0,0.0,0.0,0.0,0.0,0.0,0.0,0.0,0.0,0.0,0.0,0.0,0.0,0.0,0.0,0.0,0.0,0.0,0.0,0.0,0.0,2.0,2.0,0.0,0.0,0.0,0.0,0.0,0.0,0.0,0.0,0.0,0.0,0.0,0.0,0.0,0.0,0.0,0.0,2.0,2.0,12.0,16.0,16.0,16.0,16.0,16.0,16.0,14.0,12.0,10.0,10.0,10.0,10.0,10.0,14.0,22.0,18.0,14.0,14.0,14.0
2025-02-24,14.0,14.0,14.0,14.0,14.0,14.0,14.0,14.0,14.0,14.0,14.0,14.0,14.0,12.0,12.0,12.0,12.0,10.0,10.0,10.0,10.0,10.0,10.0,10.0,10.0,10.0,10.0,20.0,18.0,0.0,0.0,0.0,0.0,0.0,0.0,0.0,0.0,0.0,0.0,0.0,0.0,0.0,0.0,0.0,0.0,0.0,0.0,0.0,0.0,0.0,0.0,0.0,0.0,0.0,0.0,0.0,0.0,0.0,0.0,0.0,0.0,0.0,0.0,0.0,0.0,0.0,0.0,0.0,8.0,14.0,16.0,16.0,14.0,14.0,14.0,12.0,12.0,22.0,16.0,14.0,12.0,12.0,12.0,10.0,10.0,10.0,10.0,10.0,10.0,10.0,10.0,10.0,10.0,10.0,10.0,10.0
2025-02-25,10.0,10.0,10.0,10.0,10.0,10.0,10.0,10.0,10.0,10.0,10.0,10.0,10.0,10.0,10.0,10.0,10.0,10.0,10.0,10.0,10.0,10.0,10.0,10.0,10.0,10.0,10.0,10.0,8.0,0.0,0.0,0.0,0.0,0.0,0.0,0.0,0.0,0.0,0.0,0.0,0.0,0.0,0.0,0.0,0.0,0.0,0.0,0.0,0.0,0.0,0.0,0.0,0.0,0.0,0.0,0.0,2.0,4.0,4.0,2.0,0.0,0.0,2.0,8.0,8.0,8.0,8.0,8.0,8.0,8.0,8.0,8.0,8.0,6.0,2.0,0.0,4.0,4.0,10.0,10.0,10.0,10.0,10.0,20.0,22.0,22.0,26.0,32.0,32.0,32.0,30.0,30.0,26.0,28.0,26.0,24.0
2025-02-26,18.0,15.0,12.0,10.0,10.0,10.0,10.0,12.0,12.0,12.0,12.0,12.0,12.0,12.0,12.0,12.0,12.0,12.0,12.0,12.0,12.0,10.0,10.0,10.0,10.0,10.0,12.0,12.0,0.0,0.0,0.0,0.0,0.0,0.0,0.0,0.0,0.0,0.0,0.0,0.0,0.0,0.0,2.0,0.0,0.0,0.0,4.0,10.0,10.0,10.0,6.0,4.0,4.0,4.0,4.0,4.0,4.0,4.0,4.0,4.0,4.0,4.0,10.0,10.0,8.0,6.0,6.0,6.0,6.0,6.0,6.0,6.0,6.0,8.0,10.0,8.0,10.0,14.0,12.0,12.0,12.0,12.0,12.0,12.0,12.0,12.0,10.0,10.0,10.0,10.0,10.0,12.0,12.0,12.0,12.0,12.0
2025-02-28,12.0,10.0,10.0,10.0,10.0,10.0,10.0,10.0,10.0,10.0,10.0,10.0,10.0,10.0,10.0,10.0,10.0,10.0,10.0,10.0,10.0,10.0,10.0,12.0,12.0,12.0,10.0,10.0,0.0,2.0,0.0,0.0,0.0,2.0,4.0,4.0,4.0,4.0,4.0,4.0,2.0,6.0,6.0,8.0,8.0,4.0,4.0,4.0,4.0,4.0,0.0,0.0,0.0,0.0,0.0,0.0,0.0,0.0,0.0,0.0,0.0,0.0,0.0,0.0,0.0,0.0,0.0,0.0,0.0,0.0,0.0,0.0,0.0,0.0,0.0,2.0,4.0,10.0,10.0,10.0,10.0,10.0,10.0,10.0,10.0,10.0,10.0,10.0,10.0,12.0,12.0,12.0,12.0,12.0,12.0,12.0
2025-03-01,12.0,12.0,12.0,12.0,12.0,12.0,12.0,12.0,12.0,12.0,12.0,12.0,12.0,12.0,12.0,12.0,12.0,12.0,12.0,12.0,12.0,12.0,12.0,12.0,12.0,12.0,12.0,12.0,8.0,2.0,2.0,2.0,2.0,2.0,2.0,2.0,2.0,2.0,0.0,0.0,0.0,0.0,0.0,0.0,0.0,0.0,0.0,0.0,0.0,0.0,0.0,0.0,0.0,0.0,0.0,0.0,0.0,4.0,4.0,6.0,6.0,6.0,6.0,6.0,6.0,6.0,6.0,6.0,4.0,6.0,6.0,6.0,4.0,0.0,4.0,10.0,18.0,24.0,24.0,18.0,16.0,16.0,14.0,16.0,16.0,18.0,20.0,20.0,20.0,20.0,18.0,16.0,14.0,18.0,22.0,22.0
2025-03-02,22.0,20.0,20.0,20.0,14.0,14.0,14.0,14.0,14.0,13.0,12.0,12.0,12.0,12.0,12.0,12.0,12.0,12.0,12.0,12.0,10.0,10.0,10.0,12.0,12.0,12.0,10.0,10.0,4.0,0.0,2.0,4.0,4.0,4.0,4.0,4.0,4.0,4.0,2.0,14.0,28.0,24.0,24.0,24.0,20.0,16.0,8.0,2.0,2.0,2.0,14.0,18.0,28.0,28.0,28.0,20.0,20.0,20.0,20.0,20.0,16.0,12.0,16.0,16.0,14.0,10.0,8.0,8.0,6.0,6.0,6.0,8.0,8.0,8.0,2.0,2.0,14.0,14.0,14.0,14.0,14.0,12.0,14.0,14.0,12.0,12.0,12.0,14.0,22.0,22.0,24.0,22.0,24.0,20.0,18.0,16.0
2025-03-03,16.0,16.0,16.0,14.0,10.0,10.0,10.0,10.0,10.0,10.0,10.0,10.0,10.0,10.0,10.0,10.0,10.0,10.0,10.0,10.0,10.0,10.0,10.0,10.0,10.0,10.0,10.0,14.0,12.0,6.0,2.0,0.0,0.0,0.0,0.0,0.0,0.0,0.0,2.0,2.0,4.0,4.0,4.0,4.0,4.0,4.0,4.0,4.0,4.0,6.0,12.0,12.0,12.0,12.0,10.0,10.0,12.0,10.0,10.0,10.0,10.0,10.0,10.0,8.0,6.0,6.0,2.0,6.0,8.0,8.0,8.0,8.0,8.0,8.0,8.0,2.0,10.0,12.0,12.0,12.0,12.0,12.0,12.0,10.0,12.0,12.0,12.0,12.0,10.0,10.0,10.0,10.0,10.0,10.0,10.0,10.0
2025-03-04,10.0,10.0,10.0,10.0,10.0,10.0,10.0,10.0,10.0,10.0,10.0,10.0,10.0,10.0,10.0,10.0,10.0,10.0,10.0,10.0,10.0,10.0,10.0,10.0,10.0,10.0,10.0,10.0,0.0,0.0,0.0,0.0,4.0,6.0,6.0,6.0,6.0,6.0,4.0,2.0,0.0,0.0,0.0,0.0,0.0,0.0,0.0,0.0,0.0,0.0,0.0,0.0,0.0,0.0,0.0,0.0,4.0,6.0,6.0,6.0,6.0,4.0,4.0,20.0,8.0,6.0,8.0,8.0,8.0,6.0,6.0,6.0,12.0,0.0,0.0,0.0,2.0,10.0,10.0,10.0,10.0,10.0,10.0,10.0,10.0,10.0,10.0,10.0,10.0,10.0,10.0,10.0,10.0,10.0,10.0,10.0
2025-03-05,10.0,10.0,12.0,10.0,10.0,10.0,10.0,10.0,10.0,10.0,12.0,10.0,10.0,10.0,10.0,10.0,10.0,10.0,10.0,10.0,10.0,10.0,10.0,10.0,10.0,10.0,10.0,10.0,2.0,0.0,0.0,0.0,0.0,0.0,0.0,0.0,0.0,2.0,6.0,6.0,6.0,2.0,2.0,0.0,0.0,0.0,0.0,0.0,4.0,6.0,6.0,6.0,2.0,0.0,0.0,6.0,16.0,12.0,8.0,12.0,8.0,16.0,12.0,8.0,0.0,0.0,0.0,0.0,2.0,2.0,6.0,4.0,4.0,4.0,4.0,4.0,8.0,12.0,12.0,12.0,12.0,10.0,10.0,12.0,20.0,18.0,18.0,18.0,18.0,18.0,18.0,18.0,20.0,18.0,16.0,14.0
2025-03-06,12.0,12.0,12.0,10.0,10.0,10.0,10.0,10.0,10.0,10.0,10.0,10.0,10.0,10.0,10.0,10.0,10.0,10.0,10.0,10.0,10.0,10.0,10.0,10.0,10.0,10.0,10.0,2.0,0.0,0.0,0.0,20.0,20.0,18.0,18.0,18.0,18.0,12.0,0.0,0.0,0.0,0.0,0.0,0.0,0.0,0.0,0.0,0.0,0.0,0.0,0.0,0.0,0.0,0.0,0.0,0.0,2.0,2.0,4.0,4.0,8.0,8.0,8.0,8.0,8.0,8.0,4.0,2.0,2.0,2.0,2.0,0.0,0.0,0.0,0.0,0.0,12.0,10.0,10.0,10.0,10.0,10.0,10.0,10.0,10.0,10.0,10.0,10.0,10.0,10.0,10.0,10.0,10.0,10.0,10.0,10.0
2025-03-07,10.0,10.0,10.0,10.0,10.0,10.0,10.0,10.0,10.0,10.0,10.0,10.0,10.0,10.0,10.0,10.0,10.0,10.0,10.0,10.0,10.0,10.0,10.0,10.0,10.0,10.0,10.0,10.0,2.0,0.0,0.0,0.0,0.0,2.0,10.0,12.0,12.0,6.0,2.0,0.0,0.0,0.0,0.0,0.0,0.0,4.0,6.0,6.0,6.0,6.0,2.0,0.0,0.0,10.0,10.0,6.0,6.0,8.0,8.0,8.0,8.0,8.0,8.0,8.0,6.0,6.0,4.0,6.0,4.0,0.0,2.0,2.0,0.0,0.0,0.0,4.0,10.0,10.0,10.0,10.0,12.0,12.0,12.0,12.0,12.0,12.0,12.0,12.0,12.0,12.0,12.0,12.0,12.0,12.0,12.0,12.0
2025-03-08,12.0,12.0,12.0,12.0,12.0,12.0,12.0,12.0,12.0,12.0,12.0,12.0,12.0,12.0,10.0,10.0,10.0,10.0,10.0,10.0,10.0,10.0,10.0,10.0,10.0,10.0,10.0,2.0,0.0,0.0,0.0,0.0,0.0,0.0,0.0,0.0,0.0,0.0,0.0,0.0,0.0,0.0,0.0,0.0,0.0,0.0,0.0,0.0,0.0,0.0,0.0,0.0,0.0,0.0,0.0,0.0,0.0,0.0,0.0,0.0,0.0,0.0,0.0,0.0,0.0,0.0,0.0,0.0,0.0,0.0,0.0,0.0,0.0,2.0,0.0,0.0,0.0,10.0,12.0,16.0,16.0,16.0,14.0,12.0,12.0,12.0,12.0,10.0,10.0,10.0,10.0,10.0,10.0,10.0,10.0,10.0
2025-03-09,10.0,10.0,10.0,10.0,10.0,10.0,10.0,10.0,12.0,12.0,12.0,10.0,10.0,10.0,10.0,10.0,10.0,10.0,10.0,10.0,10.0,10.0,10.0,10.0,10.0,10.0,10.0,10.0,4.0,0.0,0.0,0.0,0.0,0.0,0.0,0.0,0.0,0.0,0.0,0.0,0.0,0.0,0.0,0.0,0.0,2.0,2.0,0.0,4.0,6.0,6.0,8.0,12.0,10.0,6.0,6.0,6.0,6.0,10.0,12.0,12.0,14.0,10.0,6.0,6.0,6.0,6.0,6.0,8.0,14.0,14.0,14.0,14.0,14.0,10.0,10.0,14.0,24.0,22.0,20.0,16.0,14.0,14.0,18.0,18.0,18.0,18.0,16.0,10.0,10.0,10.0,10.0,10.0,10.0,10.0,10.0
2025-03-10,10.0,10.0,10.0,10.0,10.0,10.0,10.0,10.0,10.0,10.0,10.0,10.0,10.0,10.0,10.0,10.0,10.0,10.0,10.0,10.0,10.0,10.0,10.0,10.0,10.0,10.0,8.0,0.0,2.0,2.0,0.0,0.0,0.0,0.0,0.0,0.0,0.0,0.0,0.0,0.0,0.0,0.0,0.0,0.0,0.0,2.0,4.0,6.0,6.0,6.0,6.0,6.0,4.0,4.0,4.0,4.0,4.0,4.0,4.0,4.0,4.0,4.0,4.0,4.0,8.0,4.0,4.0,4.0,2.0,0.0,0.0,2.0,2.0,4.0,8.0,2.0,12.0,12.0,16.0,18.0,22.0,20.0,18.0,18.0,16.0,14.0,12.0,12.0,10.0,10.0,12.0,14.0,14.0,14.0,14.0,14.0
2025-03-11,14.0,14.0,14.0,12.0,12.0,12.0,14.0,14.0,12.0,14.0,12.0,14.0,14.0,12.0,12.0,14.0,14.0,12.0,12.0,12.0,12.0,12.0,12.0,12.0,10.0,10.0,10.0,4.0,0.0,0.0,0.0,0.0,0.0,4.0,6.0,6.0,6.0,6.0,4.0,0.0,0.0,0.0,0.0,0.0,0.0,0.0,0.0,0.0,0.0,0.0,0.0,0.0,0.0,0.0,0.0,18.0,18.0,12.0,14.0,8.0,6.0,10.0,18.0,6.0,8.0,4.0,2.0,0.0,0.0,0.0,7.0,14.0,10.0,10.0,14.0,18.0,14.0,24.0,22.0,20.0,16.0,16.0,16.0,16.0,14.0,12.0,12.0,12.0,12.0,12.0,12.0,12.0,12.0,12.0,12.0,12.0
2025-03-12,12.0,12.0,10.0,10.0,10.0,10.0,10.0,10.0,10.0,10.0,10.0,10.0,10.0,10.0,10.0,10.0,10.0,10.0,10.0,10.0,10.0,10.0,10.0,10.0,10.0,10.0,10.0,10.0,2.0,0.0,0.0,0.0,0.0,0.0,0.0,0.0,0.0,0.0,0.0,0.0,0.0,0.0,0.0,0.0,0.0,0.0,0.0,0.0,0.0,0.0,0.0,0.0,0.0,0.0,0.0,0.0,0.0,0.0,0.0,4.0,4.0,4.0,2.0,0.0,0.0,0.0,0.0,0.0,0.0,0.0,0.0,0.0,0.0,0.0,0.0,0.0,0.0,12.0,12.0,10.0,10.0,10.0,10.0,10.0,10.0,10.0,10.0,10.0,10.0,10.0,10.0,10.0,10.0,10.0,10.0,10.0
2025-03-13,10.0,10.0,10.0,10.0,10.0,10.0,10.0,10.0,10.0,10.0,10.0,10.0,10.0,10.0,10.0,10.0,10.0,10.0,10.0,10.0,10.0,10.0,10.0,10.0,10.0,10.0,10.0,6.0,0.0,0.0,0.0,0.0,0.0,0.0,0.0,0.0,0.0,0.0,0.0,0.0,0.0,0.0,0.0,0.0,0.0,0.0,0.0,0.0,0.0,0.0,0.0,0.0,0.0,0.0,0.0,0.0,0.0,8.0,14.0,14.0,12.0,10.0,10.0,18.0,20.0,17.0,14.0,16.0,14.0,12.0,18.0,18.0,16.0,16.0,12.0,12.0,16.0,22.0,18.0,16.0,16.0,14.0,16.0,14.0,14.0,10.0,10.0,10.0,10.0,10.0,10.0,10.0,10.0,10.0,10.0,10.0
2025-03-14,10.0,10.0,10.0,10.0,10.0,10.0,10.0,10.0,10.0,10.0,10.0,10.0,10.0,10.0,10.0,10.0,10.0,10.0,10.0,10.0,10.0,10.0,10.0,10.0,10.0,10.0,10.0,10.0,2.0,0.0,0.0,0.0,0.0,0.0,0.0,0.0,0.0,0.0,0.0,0.0,0.0,0.0,0.0,0.0,2.0,0.0,0.0,0.0,2.0,14.0,10.0,12.0,10.0,10.0,10.0,12.0,12.0,12.0,6.0,4.0,2.0,2.0,0.0,0.0,0.0,0.0,0.0,0.0,2.0,2.0,0.0,0.0,1.0,2.0,2.0,0.0,2.0,10.0,12.0,10.0,14.0,18.0,10.0,16.0,12.0,10.0,10.0,10.0,10.0,10.0,10.0,10.0,14.0,16.0,16.0,16.0
2025-03-15,16.0,16.0,16.0,16.0,16.0,16.0,15.333333333333334,14.666666666666666,14.0,13.333333333333334,12.666666666666668,12.0,10.0,10.0,10.0,10.0,10.0,10.0,10.0,10.0,10.0,10.0,10.0,10.0,10.0,10.0,10.0,2.0,0.0,0.0,0.0,0.0,0.0,0.0,0.0,0.0,0.0,0.0,0.0,0.0,0.0,0.0,2.0,2.0,2.0,2.0,0.0,0.0,0.0,0.0,0.0,0.0,0.0,0.0,0.0,0.0,0.0,0.0,0.0,6.0,2.0,0.0,0.0,0.0,0.0,0.0,0.0,0.0,0.0,0.0,14.0,12.0,10.0,10.0,10.0,10.0,6.0,14.0,14.0,14.0,12.0,10.0,10.0,10.0,10.0,10.0,10.0,10.0,10.0,10.0,10.0,20.0,24.0,20.0,18.0,16.0
2025-03-16,14.0,12.0,10.0,10.0,10.0,10.0,10.0,10.0,0.0,0.0,0.0,0.0,0.0,0.0,0.0,0.0,0.0,0.0,0.0,0.0,0.0,0.0,0.0,0.0,0.0,0.0,0.0,0.0,0.0,0.0,0.0,0.0,0.0,0.0,0.0,0.0,0.0,0.0,0.0,0.0,0.0,0.0,0.0,0.0,0.0,0.0,0.0,0.0,0.0,0.0,0.0,0.0,0.0,0.0,0.0,0.0,0.0,0.0,0.0,0.0,0.0,0.0,0.0,0.0,0.0,0.0,0.0,0.0,0.0,0.0,0.0,6.0,6.0,0.0,0.0,0.0,2.0,18.0,18.0,18.0,14.0,14.0,12.0,12.0,12.0,10.0,10.0,10.0,12.0,14.0,14.0,14.0,14.0,14.0,14.0,14.0
2025-03-17,14.0,14.0,14.0,14.0,14.0,14.0,14.0,14.0,14.0,14.0,14.0,14.0,14.0,14.0,14.0,14.0,14.0,12.0,12.0,12.0,12.0,12.0,10.0,10.0,10.0,10.0,10.0,0.0,2.0,0.0,0.0,0.0,0.0,0.0,0.0,2.0,2.0,2.0,2.0,4.0,6.0,8.0,10.0,10.0,8.0,10.0,8.0,10.0,10.0,6.0,2.0,4.0,4.0,4.0,6.0,4.0,4.0,4.0,2.0,12.0,10.0,8.0,8.0,8.0,8.0,8.0,6.0,12.0,22.0,22.0,24.0,16.0,22.0,14.0,6.0,12.0,14.0,12.0,12.0,12.0,12.0,12.0,12.0,12.0,12.0,12.0,12.0,12.0,12.0,12.0,11.0,10.0,10.0,10.0,10.0,10.0
2025-03-18,10.0,10.0,10.0,10.0,10.0,10.0,10.0,10.0,10.0,10.0,10.0,10.0,10.0,10.0,10.0,10.0,10.0,10.0,10.0,10.0,10.0,10.0,10.0,10.0,10.0,10.0,10.0,6.0,0.0,0.0,2.0,2.0,0.0,8.0,4.0,10.0,8.0,20.0,36.0,32.0,28.0,28.0,28.0,24.0,20.0,16.0,14.0,14.0,12.0,6.0,8.0,8.0,8.0,8.0,8.0,8.0,6.0,6.0,6.0,4.0,4.0,8.0,8.0,8.0,8.0,8.0,8.0,8.0,6.0,4.0,2.0,2.0,0.0,0.0,6.0,14.0,14.0,14.0,18.0,20.0,20.0,26.0,26.0,30.0,32.0,32.0,32.0,28.0,26.0,24.0,23.0,22.0,22.0,22.0,22.0,22.0
2025-03-19,20.0,18.0,18.0,16.0,16.0,16.0,14.0,14.0,14.0,14.0,14.0,14.0,14.0,14.0,14.0,14.0,14.0,14.0,14.0,14.0,14.0,14.0,12.0,12.0,12.0,12.0,12.0,8.0,0.0,0.0,0.0,0.0,0.0,0.0,0.0,0.0,0.0,0.0,0.0,0.0,0.0,0.0,0.0,0.0,0.0,0.0,0.0,0.0,0.0,0.0,0.0,0.0,0.0,0.0,0.0,0.0,0.0,0.0,0.0,0.0,0.0,0.0,0.0,0.0,0.0,0.0,0.0,0.0,0.0,0.0,0.0,0.0,0.0,0.0,4.0,6.0,10.0,10.0,10.0,10.0,16.0,16.0,16.0,16.0,16.0,14.0,10.0,10.0,10.0,10.0,14.0,16.0,16.0,18.0,18.0,18.0
2025-03-20,18.0,18.0,18.0,16.0,16.0,16.0,14.0,14.0,12.0,12.0,12.0,12.0,10.0,10.0,10.0,10.0,10.0,10.0,10.0,10.0,10.0,10.0,10.0,10.0,10.0,10.0,10.0,0.0,2.0,14.0,14.0,14.0,12.0,10.0,6.0,4.0,4.0,6.0,6.0,4.0,2.0,2.0,0.0,0.0,0.0,0.0,0.0,0.0,0.0,0.0,0.0,0.0,0.0,0.0,0.0,0.0,0.0,0.0,20.0,16.0,24.0,26.0,18.0,14.0,10.0,14.0,16.0,14.0,6.0,2.0,4.0,4.0,4.0,2.0,2.0,2.0,6.0,12.0,10.0,12.0,16.0,16.0,16.0,24.0,24.0,26.0,22.0,20.0,18.0,24.0,22.0,26.0,22.0,20.0,20.0,16.0
2025-03-21,14.0,14.0,12.0,12.0,10.0,10.0,10.0,10.0,10.0,10.0,10.0,10.0,10.0,10.0,10.0,10.0,10.0,10.0,10.0,10.0,10.0,10.0,10.0,10.0,10.0,10.0,10.0,10.0,12.0,10.0,10.0,10.0,12.0,10.0,4.0,0.0,0.0,0.0,0.0,0.0,0.0,0.0,0.0,0.0,0.0,0.0,0.0,0.0,0.0,0.0,0.0,0.0,0.0,0.0,0.0,0.0,0.0,0.0,0.0,0.0,0.0,0.0,0.0,0.0,0.0,0.0,0.0,0.0,0.0,0.0,0.0,0.0,0.0,0.0,0.0,4.666666666666667,9.333333333333334,14.0,12.0,12.0,12.0,12.0,12.0,12.0,12.0,10.0,10.0,10.0,10.0,12.0,12.0,12.0,12.0,12.0,12.0,12.0
2025-03-22,12.0,12.0,12.0,12.0,12.0,12.0,12.0,10.0,10.0,10.0,10.0,10.0,10.0,10.0,10.0,10.0,10.0,10.0,10.0,10.0,10.0,10.0,10.0,10.0,10.0,10.0,10.0,8.0,6.0,0.0,0.0,2.0,0.0,0.0,0.0,0.0,0.0,0.0,0.0,0.0,0.0,0.0,0.0,0.0,0.0,0.0,0.0,0.0,0.0,0.0,0.0,0.0,0.0,0.0,0.0,0.0,0.0,0.0,0.0,6.0,14.0,20.0,16.0,12.0,12.0,12.0,16.0,14.0,10.0,14.0,10.0,2.0,0.0,0.0,0.0,0.0,0.0,8.0,10.0,10.0,10.0,10.0,10.0,12.0,10.0,10.0,10.0,10.0,10.0,10.0,10.0,12.0,10.0,10.0,10.0,10.0
2025-03-23,10.0,10.0,10.0,10.0,10.0,10.0,10.0,10.0,10.0,10.0,10.0,10.0,10.0,10.0,10.0,10.0,10.0,10.0,10.0,10.0,10.0,10.0,10.0,10.0,10.0,18.0,16.0,12.0,2.0,2.0,2.0,0.0,0.0,0.0,0.0,0.0,0.0,0.0,0.0,0.0,0.0,0.0,0.0,0.0,0.0,0.0,2.0,2.0,0.0,0.0,0.0,0.0,0.0,0.0,0.0,0.0,0.0,0.0,0.0,0.0,0.0,0.0,0.0,0.0,0.0,0.0,0.0,0.0,0.0,0.0,0.0,0.0,0.0,0.0,0.0,2.0,4.0,10.0,8.0,2.0,10.0,10.0,10.0,11.0,12.0,12.0,12.0,12.0,12.0,12.0,12.0,12.0,12.0,12.0,10.0,10.0
2025-03-24,10.0,10.0,10.0,10.0,10.0,10.0,10.0,10.0,10.0,10.0,10.0,10.0,10.0,10.0,10.0,10.0,10.0,10.0,10.0,10.0,10.0,10.0,10.0,10.0,10.0,10.0,8.0,2.0,0.0,0.0,0.0,0.0,0.0,0.0,0.0,0.0,0.0,0.0,0.0,0.0,0.0,0.0,0.0,0.0,0.0,0.0,0.0,0.0,0.0,0.0,0.0,0.0,0.0,0.0,0.0,0.0,0.0,0.0,2.0,6.0,6.0,6.0,4.0,2.0,0.0,6.0,6.0,0.0,8.0,8.0,8.0,8.0,10.0,14.0,12.0,18.0,16.0,14.0,12.0,10.0,10.0,10.0,10.0,10.0,10.0,10.0,10.0,10.0,10.0,10.0,10.0,10.0,10.0,10.0,10.0,10.0
2025-03-25,10.0,10.0,10.0,10.0,10.0,10.0,10.0,10.0,10.0,10.0,10.0,10.0,10.0,10.0,10.0,10.0,10.0,10.0,10.0,10.0,10.0,10.0,10.0,10.0,10.0,10.0,10.0,10.0,0.0,0.0,0.0,0.0,0.0,0.0,0.0,0.0,0.0,0.0,0.0,0.0,0.0,0.0,0.0,0.0,0.0,0.0,0.0,0.0,0.0,0.0,0.0,0.0,0.0,0.0,0.0,2.0,6.0,6.0,4.0,2.0,0.0,0.0,0.0,0.0,0.0,0.0,0.0,0.0,4.0,4.0,24.0,24.0,24.0,24.0,24.0,20.0,20.0,10.0,10.0,10.0,10.0,10.0,10.0,10.0,10.0,10.0,10.0,10.0,10.0,10.0,12.0,16.0,16.0,16.0,16.0,16.0
2025-03-26,16.0,16.0,16.0,16.0,16.0,16.0,14.0,12.0,12.0,12.0,12.0,12.0,10.0,10.0,10.0,10.0,10.0,10.0,10.0,10.0,10.0,10.0,10.0,10.0,10.0,10.0,10.0,4.0,4.0,0.0,0.0,0.0,0.0,0.0,0.0,0.0,0.0,0.0,0.0,0.0,0.0,0.0,0.0,0.0,0.0,0.0,0.0,0.0,0.0,0.0,0.0,0.0,0.0,0.0,0.0,0.0,0.0,4.0,6.0,6.0,6.0,4.0,2.0,0.0,0.0,0.0,0.0,0.0,0.0,0.0,0.0,2.0,4.0,6.0,10.0,10.0,10.0,10.0,10.0,10.0,10.0,12.0,12.0,12.0,12.0,12.0,12.0,12.0,12.0,14.0,18.0,26.0,24.0,22.0,16.0,12.0
2025-03-27,12.0,12.0,12.0,12.0,12.0,12.0,12.0,12.0,12.0,12.0,12.0,12.0,12.0,10.0,12.0,10.0,12.0,10.0,10.0,10.0,10.0,10.0,10.0,10.0,10.0,10.0,10.0,10.0,0.0,0.0,0.0,0.0,0.0,0.0,0.0,0.0,0.0,0.0,0.0,0.0,0.0,0.0,0.0,0.0,0.0,0.0,0.0,0.0,0.0,0.0,0.0,0.0,0.0,0.0,0.0,6.0,8.0,6.0,4.0,0.0,0.0,0.0,0.0,0.0,0.0,0.0,0.0,0.0,0.0,0.0,0.0,0.0,0.0,0.0,0.0,0.0,4.0,14.0,12.0,14.0,18.0,16.0,14.0,10.0,10.0,10.0,12.0,12.0,12.0,12.0,12.0,12.0,12.0,12.0,10.0,12.0
2025-03-28,12.0,12.0,10.0,10.0,10.0,10.0,10.0,10.0,10.0,10.0,10.0,10.0,10.0,10.0,10.0,10.0,10.0,10.0,10.0,10.0,10.0,12.0,12.0,12.0,12.0,12.0,12.0,8.0,0.0,0.0,0.0,0.0,0.0,0.0,0.0,0.0,0.0,0.0,4.0,4.0,4.0,4.0,4.0,4.0,4.0,2.0,2.0,2.0,0.0,8.0,14.0,12.0,12.0,12.0,12.0,12.0,12.0,12.0,12.0,10.0,8.0,4.0,4.0,4.0,6.0,24.0,20.0,22.0,16.0,4.0,2.0,2.0,2.0,2.0,2.0,2.0,14.0,10.0,10.0,12.0,16.0,16.0,12.0,10.0,10.0,10.0,10.0,10.0,12.0,12.0,12.0,12.0,20.0,26.0,26.0,26.0
2025-03-29,26.0,26.0,22.0,22.0,22.0,22.0,20.0,18.0,16.0,14.0,14.0,12.0,12.0,12.0,12.0,12.0,12.0,12.0,12.0,12.0,10.0,10.0,10.0,10.0,10.0,10.0,10.0,2.0,0.0,0.0,0.0,0.0,0.0,0.0,0.0,0.0,0.0,0.0,0.0,0.0,0.0,0.0,0.0,0.0,0.0,0.0,0.0,0.0,0.0,0.0,0.0,0.0,8.0,8.0,4.0,4.0,4.0,4.0,6.0,6.0,4.0,2.0,2.0,2.0,2.0,2.0,2.0,2.0,2.0,2.0,0.0,0.0,0.0,0.0,0.0,0.0,8.0,16.0,18.0,18.0,16.0,14.0,12.0,12.0,12.0,12.0,12.0,12.0,12.0,12.0,12.0,12.0,10.0,10.0,10.0,10.0
2025-03-30,10.0,10.0,10.0,10.0,10.0,10.0,10.0,10.0,10.0,10.0,10.0,10.0,10.0,10.0,10.0,10.0,10.0,10.0,10.0,10.0,10.0,10.0,10.0,10.0,10.0,10.0,6.0,0.0,0.0,0.0,0.0,0.0,0.0,0.0,0.0,0.0,2.0,4.0,4.0,4.0,4.0,2.0,2.0,2.0,0.0,0.0,0.0,2.0,20.0,20.0,20.0,22.0,28.0,26.0,20.0,14.0,10.0,16.0,18.0,12.0,12.0,14.0,18.0,24.0,24.0,22.0,22.0,24.0,19.0,14.0,14.0,12.0,12.0,10.0,6.0,8.0,8.0,12.0,14.0,16.0,18.0,18.0,18.0,18.0,18.0,18.0,18.0,18.0,16.0,16.0,26.0,26.0,26.0,26.0,26.0,24.0
2025-03-31,24.0,24.0,22.0,20.0,18.0,16.0,14.0,14.0,12.0,12.0,12.0,12.0,10.0,12.0,12.0,10.0,10.0,10.0,10.0,10.0,10.0,10.0,10.0,10.0,10.0,10.0,10.0,4.0,0.0,0.0,0.0,0.0,0.0,0.0,0.0,2.0,4.0,4.0,4.0,4.0,4.0,4.0,6.0,8.0,8.0,10.0,12.0,14.0,10.0,8.0,6.0,6.0,6.0,4.0,2.0,0.0,0.0,0.0,0.0,0.0,0.0,0.0,0.0,0.0,0.0,0.0,0.0,0.0,0.0,0.0,0.0,0.0,0.0,0.0,0.0,2.0,4.0,12.0,10.0,14.0,16.0,16.0,16.0,16.0,16.0,18.0,18.0,16.0,12.0,10.0,10.0,10.0,10.0,10.0,10.0,10.0
2025-04-01,10.0,10.0,10.0,10.0,10.0,10.0,10.0,10.0,10.0,10.0,10.0,10.0,10.0,10.0,10.0,10.0,10.0,10.0,10.0,10.0,10.0,10.0,10.0,10.0,10.0,10.0,10.0,0.0,0.0,0.0,0.0,0.0,0.0,0.0,0.0,0.0,32.0,30.0,32.0,34.0,32.0,30.0,26.0,18.0,10.0,10.0,6.0,4.0,4.0,2.0,4.0,4.0,4.0,4.0,4.0,4.0,4.0,4.0,2.0,4.0,4.0,4.0,4.0,4.0,2.0,2.0,2.0,2.0,2.0,0.0,0.0,0.0,4.0,4.0,10.0,6.0,16.0,16.0,16.0,10.0,10.0,10.0,16.0,18.0,14.0,12.0,10.0,10.0,10.0,12.0,10.0,10.0,10.0,10.0,10.0,10.0
2025-04-02,10.0,10.0,10.0,10.0,10.0,10.0,10.0,10.0,10.0,10.0,10.0,10.0,10.0,10.0,10.0,10.0,10.0,10.0,10.0,10.0,10.0,10.0,10.0,10.0,10.0,10.0,6.0,0.0,0.0,0.0,0.0,0.0,0.0,0.0,0.0,0.0,0.0,0.0,0.0,2.0,2.0,2.0,2.0,0.0,0.0,0.0,0.0,0.0,0.0,0.0,0.0,0.0,2.0,4.0,4.0,4.0,4.0,4.0,4.0,4.0,0.0,0.0,0.0,0.0,0.0,0.0,0.0,0.0,0.0,0.0,0.0,0.0,0.0,0.0,2.0,10.0,4.0,10.0,10.0,12.0,10.0,10.0,10.0,10.0,10.0,10.0,10.0,10.0,10.0,10.0,10.0,10.0,10.0,10.0,10.0,10.0
2025-04-03,10.0,10.0,10.0,10.0,10.0,10.0,10.0,10.0,10.0,10.0,10.0,10.0,10.0,10.0,10.0,10.0,10.0,10.0,10.0,10.0,10.0,10.0,10.0,10.0,10.0,10.0,10.0,10.0,0.0,0.0,0.0,0.0,0.0,0.0,0.0,0.0,2.0,0.0,0.0,0.0,0.0,0.0,0.0,0.0,0.0,0.0,0.0,0.0,0.0,0.0,0.0,0.0,0.0,0.0,0.0,0.0,6.0,10.0,8.0,8.0,10.0,28.0,28.0,30.0,28.0,22.0,12.0,6.0,4.0,4.0,4.0,6.0,8.0,6.0,2.0,0.0,0.0,12.0,10.0,14.0,16.0,16.0,16.0,16.0,16.0,16.0,16.0,15.0,14.0,16.0,16.0,14.0,16.0,16.0,12.0,10.0
2025-04-04,10.0,10.0,10.0,10.0,10.0,10.0,10.0,10.0,10.0,10.0,10.0,10.0,10.0,10.0,10.0,10.0,10.0,10.0,10.0,10.0,10.0,10.0,10.0,10.0,10.0,10.0,6.0,0.0,0.0,0.0,0.0,0.0,0.0,0.0,0.0,0.0,0.0,0.0,0.0,0.0,0.0,4.0,6.0,6.0,6.0,4.0,0.0,0.0,2.0,10.0,10.0,10.0,10.0,10.0,8.0,6.0,8.0,12.0,16.0,14.0,8.0,6.0,6.0,4.0,4.0,4.0,4.0,6.0,6.0,4.0,4.0,6.0,6.0,6.0,4.0,14.0,14.0,12.0,12.0,10.0,10.0,10.0,10.0,10.0,10.0,10.0,5.0,0.0,0.0,0.0,0.0,0.0,0.0,0.0,0.0,0.0
2025-04-05,0.0,0.0,0.0,0.0,0.0,0.0,0.0,0.0,0.0,0.0,0.0,0.0,0.0,0.0,0.0,0.0,0.0,0.0,0.0,0.0,0.0,0.0,0.0,0.0,0.0,0.0,0.0,0.0,0.0,0.0,0.0,0.0,0.0,0.0,0.0,0.0,0.0,0.0,0.0,0.0,0.0,0.0,0.0,0.0,0.0,0.0,0.0,0.0,0.0,0.0,0.0,0.0,0.0,0.0,0.0,0.0,0.0,0.0,0.0,0.0,0.0,0.0,0.0,0.0,0.0,0.0,0.0,0.0,0.0,0.0,0.0,0.0,0.0,0.0,0.0,0.0,0.0,0.0,0.0,0.0,0.0,0.0,8.0,12.0,12.0,12.0,12.0,12.0,12.0,12.0,12.0,12.0,10.0,10.0,10.0,12.0
2025-04-07,10.210526315789474,10.140350877192983,10.070175438596491,10.0,10.0,10.0,10.0,10.0,10.0,10.0,10.0,10.0,10.0,10.0,10.0,10.0,10.0,10.0,10.0,10.0,10.0,10.0,10.0,10.0,10.0,10.0,10.0,8.0,0.0,0.0,0.0,2.0,2.0,2.0,2.0,2.0,12.0,12.0,12.0,12.0,12.0,12.0,12.0,12.0,10.0,6.0,4.0,2.0,2.0,0.0,0.0,0.0,0.0,0.0,0.0,0.0,0.0,0.0,0.0,0.0,0.0,0.0,0.0,0.0,0.0,0.0,0.0,0.0,0.0,0.0,0.0,2.0,4.0,4.0,4.0,4.0,4.0,12.0,10.0,10.0,10.0,10.0,10.0,10.0,10.0,10.0,10.0,10.0,10.0,10.0,10.0,10.0,10.0,10.0,10.0,10.0
2025-04-08,10.0,10.0,10.0,12.0,10.0,18.0,22.0,20.0,18.0,16.0,16.0,16.0,16.0,16.0,14.0,10.0,10.0,10.0,10.0,10.0,10.0,12.0,10.0,10.0,10.0,10.0,10.0,0.0,0.0,0.0,0.0,0.0,2.0,2.0,0.0,2.0,0.0,16.0,24.0,24.0,24.0,20.0,10.0,8.0,8.0,8.0,8.0,16.0,18.0,17.0,16.0,12.0,12.0,8.0,8.0,8.0,8.0,4.0,2.0,2.0,2.0,2.0,6.0,8.0,6.0,6.0,6.0,6.0,6.0,6.0,6.0,6.0,4.0,0.0,0.0,2.0,0.0,12.0,10.0,10.0,10.0,10.0,12.0,12.0,12.0,12.0,12.0,12.0,12.0,12.0,12.0,12.0,10.0,10.0,10.0,10.0
2025-04-09,10.0,10.0,10.0,10.0,10.0,12.0,12.0,12.0,10.0,10.0,10.0,10.0,10.0,10.0,10.0,10.0,10.0,10.0,10.0,10.0,10.0,10.0,10.0,10.0,10.0,10.0,8.0,0.0,0.0,0.0,0.0,0.0,0.0,0.0,0.0,22.0,32.0,32.0,26.0,14.0,12.0,18.0,18.0,14.0,10.0,6.0,0.0,2.0,4.0,6.0,2.0,0.0,0.0,6.0,6.0,6.0,6.0,6.0,8.0,2.0,2.0,2.0,2.0,2.0,2.0,2.0,2.0,2.0,2.0,2.0,2.0,0.0,2.0,0.0,2.0,2.0,2.0,10.0,14.0,14.0,12.0,10.0,10.0,10.0,10.0,12.0,10.0,12.0,12.0,12.0,14.0,14.0,14.0,14.0,14.0,14.0
2025-04-10,14.0,14.0,14.0,14.0,14.0,14.0,14.0,12.0,12.0,12.0,12.0,12.0,12.0,12.0,14.0,14.0,14.0,14.0,14.0,14.0,14.0,12.0,12.0,12.0,12.0,12.0,12.0,4.0,2.0,2.0,2.0,2.0,2.0,2.0,2.0,2.0,2.0,2.0,2.0,2.0,2.0,2.0,0.0,0.0,0.0,0.0,0.0,0.0,0.0,0.0,0.0,0.0,0.0,0.0,0.0,0.0,0.0,0.0,0.0,0.0,0.0,0.0,0.0,0.0,0.0,0.0,0.0,0.0,0.0,0.0,0.0,0.0,0.0,0.0,0.0,2.0,0.0,12.0,16.0,14.0,12.0,10.0,10.0,10.0,10.0,18.0,18.0,18.0,18.0,18.0,18.0,18.0,16.0,12.0,10.0,10.0
2025-04-11,10.0,10.0,10.0,10.0,10.0,10.0,10.0,10.0,10.0,10.0,10.0,10.0,10.0,10.0,10.0,10.0,10.0,10.0,10.0,10.0,10.0,10.0,10.0,10.0,10.0,10.0,10.0,2.0,0.0,0.0,0.0,0.0,0.0,0.0,0.0,0.0,0.0,0.0,0.0,0.0,0.0,0.0,0.0,0.0,0.0,0.0,0.0,0.0,0.0,0.0,0.0,0.0,0.0,0.0,0.0,0.0,0.0,0.0,0.0,6.0,6.0,6.0,4.0,2.0,0.0,0.0,0.0,0.0,0.0,0.0,0.0,4.0,4.0,18.0,22.0,24.0,20.0,24.0,16.0,16.0,14.0,12.0,10.0,10.0,10.0,10.0,10.0,10.0,10.0,10.0,10.0,10.0,10.0,10.0,10.0,10.0
2025-04-12,10.0,10.0,10.0,10.0,10.0,10.0,10.0,10.0,10.0,10.0,10.0,10.0,10.0,10.0,10.0,10.0,10.0,10.0,10.0,10.0,10.0,10.0,10.0,10.0,10.0,10.0,10.0,8.0,0.0,0.0,0.0,0.0,0.0,0.0,0.0,0.0,0.0,0.0,0.0,0.0,0.0,0.0,0.0,0.0,0.0,0.0,0.0,0.0,0.0,0.0,0.0,0.0,0.0,0.0,0.0,0.0,2.0,6.0,4.0,0.0,0.0,0.0,0.0,0.0,0.0,0.0,0.0,4.0,10.0,10.0,12.0,12.0,12.0,8.0,8.0,6.0,8.0,18.0,10.0,4.0,10.0,10.0,10.0,10.0,10.0,12.0,10.0,10.0,12.0,12.0,12.0,12.0,12.0,12.0,12.0,12.0
2025-04-13,12.0,11.0,10.0,10.0,10.0,10.0,10.0,10.0,10.0,10.0,10.0,10.0,10.0,10.0,10.0,10.0,10.0,10.0,10.0,10.0,10.0,10.0,10.0,10.0,10.0,10.0,8.0,0.0,0.0,0.0,0.0,0.0,0.0,0.0,0.0,0.0,0.0,0.0,0.0,0.0,0.0,0.0,0.0,0.0,0.0,0.0,0.0,0.0,0.0,0.0,0.0,0.0,0.0,0.0,0.0,0.0,0.0,0.0,0.0,0.0,0.0,0.0,0.0,0.0,0.0,0.0,0.0,2.0,12.0,10.0,10.0,10.0,10.0,10.0,10.0,16.0,24.0,22.0,20.0,22.0,29.0,36.0,34.0,30.0,26.0,24.0,24.0,14.0,10.0,12.0,10.0,10.0,10.0,10.0,12.0,14.0
2025-04-14,20.0,20.0,18.0,14.0,12.0,12.0,12.0,12.0,12.0,12.0,12.0,12.0,12.0,12.0,12.0,12.0,12.0,12.0,12.0,12.0,12.0,12.0,12.0,12.0,12.0,12.0,10.0,0.0,0.0,0.0,0.0,0.0,0.0,0.0,0.0,0.0,0.0,0.0,0.0,0.0,0.0,0.0,0.0,0.0,0.0,0.0,0.0,0.0,0.0,0.0,0.0,0.0,0.0,0.0,0.0,0.0,0.0,0.0,0.0,0.0,0.0,0.0,0.0,0.0,0.0,0.0,0.0,0.0,0.0,0.0,0.0,0.0,6.0,8.0,8.0,6.0,12.0,10.0,10.0,10.0,10.0,10.0,10.0,10.0,10.0,10.0,10.0,10.0,10.0,10.0,10.0,10.0,10.0,10.0,12.0,12.0
2025-04-15,12.0,12.0,12.0,12.0,12.0,12.0,12.0,12.0,12.0,12.0,12.0,12.0,12.0,10.0,10.0,10.0,10.0,10.0,10.0,10.0,10.0,10.0,10.0,10.0,10.0,10.0,10.0,6.0,6.0,6.0,4.0,0.0,0.0,0.0,0.0,0.0,0.0,0.0,0.0,0.0,0.0,0.0,0.0,0.0,0.0,0.0,0.0,0.0,0.0,0.0,0.0,0.0,0.0,0.0,0.0,0.0,0.0,0.0,0.0,0.0,0.0,0.0,0.0,0.0,0.0,0.0,0.0,0.0,4.0,8.0,8.0,12.0,16.0,12.0,16.0,16.0,18.0,26.0,26.0,36.0,38.0,38.0,34.0,28.0,24.0,22.0,0.0,0.0,0.0,0.0,0.0,0.0,0.0,0.0,0.0,0.0
2025-04-16,0.0,0.0,0.0,0.0,0.0,0.0,0.0,0.0,0.0,0.0,0.0,0.0,0.0,0.0,0.0,0.0,0.0,0.0,0.0,0.0,0.0,0.0,0.0,0.0,0.0,0.0,0.0,0.0,0.0,0.0,0.0,0.0,0.0,0.0,0.0,0.0,0.0,0.0,12.0,12.0,10.0,10.0,10.0,10.0,10.0,10.0,10.0,10.0,10.0,10.0,10.0,8.0,4.0,4.0,4.0,2.0,8.0,24.0,22.0,18.0,16.0,16.0,14.0,10.0,10.0,14.0,14.0,16.0,14.0,10.0,10.0,8.0,8.0,8.0,8.0,8.0,16.0,6.0,18.0,17.0,16.0,14.0,14.666666666666666,15.333333333333334,16.0,16.0,16.0,14.0,14.0,14.0,16.0,16.0,14.0,12.0,14.0,14.0
2025-04-17,14.0,14.0,14.0,14.0,14.0,14.0,14.0,14.0,14.0,14.0,14.0,14.0,14.0,14.0,14.0,14.0,14.0,12.0,12.0,12.0,12.0,10.0,10.0,10.0,10.0,10.0,10.0,6.0,0.0,0.0,0.0,0.0,0.0,0.0,0.0,0.0,0.0,0.0,0.0,0.0,0.0,0.0,4.0,10.0,10.0,10.0,6.0,4.0,4.0,6.0,8.0,6.0,2.0,2.0,2.0,2.0,2.0,10.0,12.0,10.0,10.0,10.0,12.0,10.0,8.0,8.0,8.0,8.0,12.0,16.0,18.0,16.0,12.0,10.0,10.0,6.0,4.0,8.0,16.0,16.0,16.0,16.0,16.0,16.0,16.0,16.0,12.0,10.0,20.0,26.0,24.0,26.0,30.0,24.0,20.0,20.0
2025-04-18,20.0,20.0,14.0,12.0,12.0,12.0,12.0,12.0,14.0,12.0,10.0,10.0,10.0,10.0,10.0,10.0,10.0,10.0,10.0,10.0,10.0,14.0,19.0,24.0,22.0,20.0,13.0,6.0,2.0,0.0,0.0,0.0,0.0,0.0,2.0,2.0,4.0,4.0,4.0,4.0,4.0,4.0,4.0,4.0,2.0,0.0,0.0,0.0,0.0,0.0,0.0,2.0,4.0,4.0,4.0,4.0,10.0,6.0,2.0,0.0,0.0,0.0,0.0,0.0,0.0,0.0,0.0,0.0,0.0,0.0,0.0,0.0,0.0,0.0,0.0,0.0,4.0,10.0,10.0,10.0,10.0,10.0,10.0,10.0,10.0,10.0,12.0,14.0,14.0,14.0,14.0,14.0,14.0,14.0,14.0,14.0
2025-04-19,14.0,14.0,14.0,14.0,14.0,14.0,14.0,12.0,12.0,12.0,12.0,12.0,10.0,10.0,10.0,10.0,10.0,10.0,10.0,10.0,10.0,10.0,10.0,10.0,10.0,10.0,10.0,0.0,0.0,0.0,0.0,0.0,0.0,4.0,4.0,2.0,0.0,0.0,0.0,0.0,0.0,4.0,6.0,0.0,0.0,0.0,0.0,4.0,4.0,4.0,4.0,4.0,4.0,4.0,4.0,2.0,0.0,0.0,0.0,0.0,4.0,4.0,0.0,6.0,6.0,2.0,0.0,0.0,4.0,6.0,6.0,6.0,6.0,6.0,8.0,8.0,4.0,0.0,14.0,12.0,12.0,15.0,18.0,18.0,24.0,22.0,20.0,18.0,18.0,18.0,18.0,18.0,14.0,12.0,10.0,10.0
2025-04-20,10.0,10.0,10.0,10.0,10.0,10.0,10.0,12.0,12.0,10.0,10.0,10.0,10.0,10.0,10.0,10.0,10.0,10.0,10.0,10.0,10.0,10.0,10.0,10.0,10.0,10.0,8.0,0.0,0.0,0.0,0.0,0.0,0.0,0.0,0.0,6.0,4.0,4.0,4.0,4.0,4.0,4.0,4.0,2.0,0.0,0.0,0.0,0.0,0.0,0.0,0.0,6.0,6.0,4.0,0.0,0.0,0.0,0.0,0.0,0.0,0.0,0.0,0.0,0.0,0.0,2.0,4.0,6.0,4.0,2.0,2.0,2.0,0.0,0.0,0.0,0.0,4.0,12.0,14.0,14.0,14.0,14.0,14.0,10.0,10.0,10.0,10.0,14.0,16.0,16.0,16.0,16.0,16.0,14.0,10.0,10.0
2025-04-21,10.0,10.0,10.0,10.0,10.0,10.0,10.0,10.0,10.0,10.0,10.0,10.0,10.0,10.0,10.0,12.0,12.0,12.0,12.0,12.0,12.0,12.0,12.0,12.0,12.0,12.0,4.0,0.0,2.0,2.0,2.0,2.0,2.0,0.0,0.0,0.0,0.0,0.0,0.0,4.0,12.0,12.0,10.0,5.0,0.0,0.0,0.0,0.0,0.0,0.0,0.0,0.0,0.0,0.0,0.0,0.0,0.0,0.0,0.0,0.0,0.0,0.0,0.0,0.0,0.0,0.0,0.0,0.0,0.0,0.0,0.0,0.0,2.0,4.0,4.0,2.0,2.0,14.0,12.0,12.0,12.0,12.0,10.0,10.0,10.0,10.0,10.0,10.0,10.0,10.0,10.0,10.0,12.0,12.0,12.0,12.0
2025-04-22,12.0,12.0,12.0,12.0,12.0,12.0,12.0,12.0,12.0,12.0,12.0,12.0,12.0,10.0,10.0,10.0,10.0,10.0,10.0,10.0,10.0,10.0,10.0,10.0,10.0,10.0,6.0,0.0,0.0,0.0,0.0,0.0,0.0,0.0,0.0,0.0,0.0,0.0,0.0,0.0,0.0,0.0,0.0,0.0,0.0,0.0,0.0,0.0,0.0,0.0,0.0,0.0,0.0,10.0,6.0,4.0,2.0,0.0,0.0,0.0,0.0,3.0,6.0,6.0,6.0,10.0,14.0,16.0,16.0,8.0,8.0,6.0,6.0,4.0,0.0,2.0,8.0,14.0,12.0,10.0,10.0,10.0,10.0,10.0,10.0,10.0,16.0,20.0,22.0,30.0,30.0,26.0,20.0,18.0,22.0,24.0
2025-04-23,22.0,22.0,22.0,22.0,22.0,22.0,22.0,22.0,14.0,12.0,12.0,12.0,12.0,12.0,12.0,12.0,12.0,12.0,12.0,12.0,12.0,12.0,10.0,10.0,10.0,10.0,10.0,6.0,0.0,0.0,0.0,0.0,0.0,0.0,0.0,0.0,0.0,0.0,0.0,0.0,0.0,0.0,0.0,0.0,0.0,0.0,0.0,0.0,0.0,2.0,0.0,0.0,0.0,8.0,8.0,8.0,6.0,8.0,8.0,8.0,8.0,6.0,8.0,4.0,2.0,2.0,6.0,6.0,0.0,2.0,2.0,0.0,6.0,14.0,14.0,16.0,12.0,24.0,18.0,16.0,16.0,14.0,12.0,14.0,14.0,16.0,18.0,18.0,18.0,18.0,18.0,18.0,18.0,18.0,18.0,18.0
2025-04-24,16.0,16.0,16.0,16.0,12.0,10.0,10.0,10.0,10.0,10.0,10.0,10.0,10.0,10.0,10.0,10.0,10.0,10.0,10.0,10.0,10.0,10.0,12.0,14.0,12.0,10.0,8.0,0.0,0.0,0.0,0.0,0.0,0.0,0.0,0.0,0.0,0.0,0.0,0.0,0.0,0.0,0.0,0.0,2.0,4.0,2.0,0.0,0.0,0.0,0.0,0.0,0.0,0.0,0.0,0.0,0.0,4.0,6.0,4.0,0.0,0.0,0.0,0.0,0.0,0.0,6.0,8.0,8.0,6.0,6.0,6.0,4.0,4.0,2.0,0.0,2.0,10.0,10.0,10.0,10.0,10.0,10.0,10.0,10.0,10.0,14.0,16.0,16.0,16.0,16.0,16.0,14.0,10.0,10.0,10.0,10.0
2025-04-25,10.0,10.0,10.0,10.0,10.0,10.0,10.0,10.0,10.0,10.0,10.0,10.0,10.0,10.0,10.0,10.0,10.0,10.0,10.0,10.0,10.0,10.0,10.0,10.0,10.0,10.0,4.0,6.0,0.0,0.0,0.0,0.0,0.0,0.0,0.0,0.0,0.0,0.0,0.0,0.0,0.0,0.0,0.0,0.0,0.0,0.0,0.0,0.0,0.0,6.0,8.0,10.0,4.0,4.0,4.0,12.0,12.0,8.0,6.0,6.0,6.0,6.0,0.0,0.0,0.0,0.0,0.0,0.0,0.0,0.0,4.0,18.0,18.0,16.0,20.0,16.0,12.0,20.0,12.0,10.0,12.0,12.0,12.0,12.0,12.0,12.0,12.0,12.0,12.0,10.0,10.0,10.0,10.0,10.0,10.0,10.0
2025-04-26,10.0,10.0,10.0,10.0,10.0,10.0,10.0,10.0,10.0,10.0,10.0,10.0,10.0,10.0,10.0,10.0,10.0,10.0,10.0,10.0,10.0,10.0,10.0,10.0,10.0,8.0,0.0,2.0,0.0,6.0,4.0,2.0,0.0,0.0,2.0,2.0,2.0,2.0,2.0,2.0,2.0,2.0,0.0,0.0,0.0,0.0,0.0,0.0,0.0,0.0,0.0,0.0,0.0,0.0,0.0,0.0,0.0,0.0,0.0,0.0,0.0,0.0,6.0,10.0,8.0,4.0,2.0,0.0,0.0,0.0,0.0,0.0,0.0,0.0,0.0,8.0,10.0,10.0,10.0,10.0,10.0,10.0,10.0,10.0,10.0,10.0,10.0,10.0,10.0,10.0,14.0,16.0,16.0,16.0,16.0,16.0
2025-04-27,16.0,16.0,16.0,16.0,16.0,16.0,16.0,16.0,16.0,14.0,12.0,12.0,12.0,10.0,10.0,10.0,10.0,10.0,10.0,10.0,10.0,10.0,10.0,10.0,10.0,10.0,4.0,0.0,0.0,0.0,0.0,0.0,0.0,4.0,6.0,6.0,6.0,6.0,6.0,6.0,4.0,0.0,0.0,4.0,6.0,6.0,2.0,0.0,0.0,0.0,0.0,0.0,2.0,2.0,2.0,2.0,2.0,2.0,2.0,2.0,6.0,12.0,12.0,12.0,12.0,12.0,10.0,8.0,8.0,8.0,6.0,8.0,10.0,6.0,2.0,2.0,12.0,14.0,12.0,12.0,14.0,14.0,12.0,12.0,12.0,24.0,26.0,32.0,30.0,22.0,22.0,22.0,22.0,18.0,18.0,18.0
2025-04-28,18.0,18.0,16.0,12.0,10.0,10.0,10.0,10.0,10.0,10.0,10.0,10.0,10.0,10.0,10.0,10.0,10.0,10.0,10.0,10.0,10.0,10.0,10.0,10.0,10.0,10.0,10.0,0.0,0.0,0.0,0.0,0.0,0.0,0.0,0.0,0.0,0.0,0.0,0.0,0.0,0.0,0.0,0.0,0.0,0.0,0.0,0.0,0.0,0.0,0.0,0.0,0.0,0.0,0.0,2.0,6.0,6.0,6.0,6.0,6.0,3.0,0.0,0.0,0.0,0.0,0.0,0.0,0.0,4.0,6.0,10.0,20.0,16.0,16.0,16.0,26.0,26.0,20.0,10.0,10.0,10.0,12.0,10.0,12.0,10.0,12.0,14.0,24.0,20.0,14.0,12.0,10.0,10.0,10.0,10.0,10.0
2025-04-29,10.0,10.0,10.0,10.0,10.0,10.0,10.0,10.0,10.0,10.0,10.0,10.0,10.0,10.0,10.0,10.0,10.0,10.0,10.0,10.0,10.0,10.0,10.0,10.0,10.0,10.0,10.0,2.0,0.0,0.0,0.0,0.0,0.0,0.0,0.0,0.0,0.0,0.0,0.0,0.0,0.0,0.0,0.0,0.0,0.0,0.0,0.0,0.0,0.0,0.0,0.0,0.0,0.0,0.0,0.0,0.0,0.0,0.0,0.0,0.0,0.0,0.0,0.0,0.0,0.0,0.0,0.0,0.0,0.0,0.0,0.0,0.0,0.0,0.0,2.0,10.0,10.0,14.0,20.0,18.0,18.0,18.0,18.0,12.0,10.0,10.0,10.0,10.0,10.0,10.0,10.0,10.0,10.0,10.0,10.0,10.0
2025-04-30,10.0,10.0,10.0,10.0,10.0,10.0,10.0,10.0,10.0,10.0,10.0,10.0,10.0,10.0,10.0,10.0,10.0,10.0,10.0,10.0,10.0,10.0,10.0,10.0,10.0,10.0,10.0,8.0,6.0,2.0,0.0,0.0,0.0,0.0,0.0,0.0,0.0,0.0,0.0,0.0,0.0,0.0,0.0,0.0,0.0,0.0,0.0,0.0,0.0,0.0,0.0,0.0,0.0,0.0,0.0,0.0,4.0,0.0,0.0,0.0,0.0,0.0,0.0,0.0,0.0,0.0,0.0,0.0,0.0,0.0,0.0,0.0,0.0,2.0,0.0,0.0,4.0,10.0,10.0,10.0,10.0,10.0,10.0,10.0,10.0,10.0,10.0,10.0,10.0,10.0,14.0,24.0,22.0,18.0,14.0,12.0
2025-05-01,10.0,10.0,10.0,10.0,10.0,10.0,10.0,10.0,10.0,10.0,10.0,10.0,10.0,10.0,10.0,10.0,10.0,10.0,10.0,10.0,10.0,10.0,10.0,10.0,10.0,10.0,8.0,0.0,0.0,0.0,0.0,0.0,0.0,0.0,0.0,0.0,6.0,22.0,26.0,30.0,30.0,30.0,24.0,16.0,12.0,12.0,6.0,4.0,2.0,2.0,2.0,2.0,2.0,2.0,2.0,8.0,12.0,10.0,12.0,12.0,12.0,12.0,12.0,8.0,6.0,6.0,6.0,4.0,0.0,0.0,0.0,2.0,0.0,0.0,6.0,2.0,18.0,12.0,12.0,12.0,12.0,10.0,10.0,10.0,10.0,10.0,10.0,10.0,10.0,12.0,14.0,14.0,10.0,10.0,10.0,10.0
2025-05-02,10.0,16.0,14.0,12.0,10.0,10.0,10.0,10.0,10.0,10.0,10.0,10.0,12.0,18.0,18.0,18.0,18.0,14.0,10.0,10.0,10.0,10.0,10.0,10.0,10.0,10.0,6.0,0.0,6.0,0.0,0.0,0.0,0.0,0.0,0.0,0.0,0.0,0.0,0.0,0.0,0.0,0.0,0.0,0.0,0.0,0.0,0.0,0.0,0.0,0.0,0.0,0.0,0.0,0.0,0.0,0.0,1.0,2.0,4.0,4.0,8.0,8.0,4.0,4.0,4.0,2.0,0.0,0.0,0.0,0.0,0.0,0.0,0.0,4.0,10.0,10.0,16.0,18.0,16.0,16.0,16.0,16.0,14.0,12.0,12.0,12.0,12.0,14.0,14.0,12.0,10.0,10.0,10.0,10.0,10.0,10.0
2025-05-03,10.0,10.0,10.0,10.0,10.0,10.0,10.0,10.0,10.0,10.0,10.0,10.0,10.0,10.0,10.0,10.0,10.0,10.0,10.0,10.0,10.0,10.0,10.0,10.0,10.0,10.0,8.0,6.0,6.0,6.0,2.0,0.0,0.0,0.0,0.0,0.0,0.0,0.0,0.0,0.0,0.0,0.0,6.0,6.0,4.0,4.0,2.0,0.0,0.0,0.0,0.0,0.0,0.0,0.0,0.0,0.0,0.0,0.0,0.0,0.0,0.0,0.0,0.0,8.0,8.0,10.0,10.0,10.0,12.0,12.0,10.0,6.0,4.0,0.0,0.0,2.0,8.0,10.0,10.0,10.0,10.0,10.0,10.0,10.0,10.0,10.0,10.0,10.0,10.0,10.0,10.0,10.0,10.0,10.0,10.0,14.0
2025-05-04,16.0,16.0,16.0,16.0,14.0,10.0,10.0,10.0,10.0,10.0,10.0,10.0,10.0,10.0,10.0,10.0,10.0,10.0,10.0,10.0,10.0,10.0,10.0,10.0,10.0,10.0,8.0,0.0,0.0,0.0,0.0,0.0,0.0,0.0,0.0,0.0,0.0,0.0,0.0,0.0,0.0,0.0,0.0,0.0,2.0,6.0,18.0,18.0,14.0,12.0,10.0,10.0,8.0,8.0,8.0,8.0,4.0,2.0,2.0,2.0,4.0,8.0,8.0,8.0,4.0,6.0,14.0,16.0,12.0,12.0,12.0,12.0,10.0,10.0,12.0,12.0,26.0,24.0,20.0,18.0,16.0,16.0,14.0,14.0,12.0,12.0,10.0,10.0,10.0,10.0,10.0,10.0,10.0,10.0,10.0,10.0
2025-05-05,10.0,10.0,10.0,10.0,10.0,10.0,10.0,10.0,10.0,10.0,10.0,10.0,10.0,10.0,10.0,10.0,10.0,10.0,10.0,10.0,10.0,10.0,10.0,10.0,10.0,10.0,10.0,6.0,0.0,0.0,0.0,0.0,0.0,0.0,0.0,0.0,0.0,0.0,0.0,0.0,0.0,0.0,0.0,0.0,0.0,0.0,0.0,0.0,0.0,0.0,0.0,0.0,0.0,0.0,0.0,0.0,0.0,0.0,0.0,0.0,0.0,0.0,2.0,2.0,2.0,2.0,2.0,2.0,2.0,2.0,2.0,2.0,2.0,2.0,2.0,8.0,14.0,12.0,10.0,10.0,10.0,10.0,10.0,10.0,12.0,16.0,16.0,12.0,14.0,16.0,16.0,16.0,16.0,16.0,14.0,10.0
2025-05-06,10.0,10.0,10.0,10.0,10.0,10.0,10.0,10.0,10.0,10.0,10.0,10.0,10.0,10.0,10.0,10.0,10.0,10.0,10.0,10.0,10.0,10.0,10.0,10.0,10.0,10.0,8.0,0.0,4.0,4.0,2.0,0.0,0.0,0.0,0.0,0.0,0.0,0.0,0.0,0.0,0.0,2.0,6.0,6.0,4.0,2.0,0.0,2.0,12.0,12.0,12.0,14.0,16.0,16.0,16.0,20.0,4.0,6.0,6.0,4.0,6.0,2.0,0.0,2.0,2.0,0.0,0.0,2.0,2.0,2.0,4.0,8.0,6.0,6.0,6.0,4.0,8.0,10.0,10.0,10.0,10.0,10.0,10.0,10.0,12.0,16.0,16.0,16.0,16.0,14.0,10.0,10.0,10.0,5.0,0.0,0.0
2025-05-07,0.0,0.0,0.0,0.0,0.0,0.0,0.0,0.0,0.0,0.0,0.0,0.0,0.0,0.0,0.0,0.0,0.0,0.0,0.0,0.0,0.0,0.0,0.0,0.0,0.0,0.0,0.0,0.0,0.0,0.0,0.0,0.0,0.0,0.0,0.0,0.0,0.0,0.0,0.0,0.0,0.0,0.0,0.0,0.0,0.0,0.0,0.0,0.0,0.0,0.0,0.0,0.0,0.0,0.0,0.0,0.0,0.0,0.0,0.0,0.0,0.0,0.0,0.0,0.0,4.0,12.0,12.0,14.0,12.0,2.0,0.0,0.0,0.0,0.0,0.0,0.0,6.0,12.0,10.0,10.0,10.0,10.0,10.0,10.0,10.0,12.0,12.0,12.0,12.0,12.0,12.0,22.0,26.0,24.0,22.0,22.0
2025-05-08,24.0,24.0,24.0,22.0,22.0,22.0,22.0,22.0,22.0,22.0,20.0,20.0,18.0,18.0,18.0,20.0,20.0,20.0,20.0,20.0,20.0,22.0,22.0,22.0,24.0,24.0,20.0,16.0,11.0,6.0,4.0,2.0,0.0,0.0,0.0,0.0,0.0,0.0,0.0,0.0,0.0,0.0,0.0,0.0,0.0,0.0,0.0,0.0,0.0,0.0,0.0,0.0,2.0,2.0,0.0,0.0,0.0,2.0,10.0,10.0,6.0,4.0,2.0,0.0,2.0,4.0,2.0,2.0,2.0,0.0,0.0,0.0,0.0,4.0,6.0,6.0,16.0,12.0,10.0,10.0,10.0,10.0,10.0,10.0,12.0,12.0,10.0,10.0,10.0,18.0,20.0,22.0,22.0,22.0,22.0,20.0
2025-05-09,16.0,16.0,12.0,10.0,10.0,10.0,10.0,10.0,10.0,10.0,10.0,10.0,10.0,16.0,20.0,16.0,16.0,16.0,16.0,16.0,16.0,16.0,16.0,16.0,16.0,10.0,6.0,6.0,0.0,0.0,0.0,0.0,0.0,0.0,0.0,0.0,0.0,0.0,0.0,0.0,0.0,0.0,0.0,0.0,0.0,0.0,0.0,0.0,0.0,0.0,0.0,0.0,0.0,0.0,0.0,0.0,0.0,0.0,0.0,0.0,4.0,6.0,6.0,6.0,6.0,6.0,4.0,0.0,0.0,0.0,0.0,0.0,0.0,0.0,0.0,0.0,0.0,12.0,10.0,10.0,10.0,10.0,14.0,14.0,10.0,10.0,10.0,10.0,10.0,10.0,10.0,10.0,10.0,16.0,16.0,16.0
2025-05-10,16.0,16.0,14.0,10.0,10.0,10.0,10.0,10.0,10.0,10.0,10.0,10.0,10.0,10.0,10.0,10.0,10.0,10.0,10.0,10.0,10.0,10.0,10.0,10.0,10.0,12.0,16.0,10.0,4.0,0.0,0.0,0.0,0.0,0.0,0.0,0.0,0.0,0.0,0.0,0.0,0.0,0.0,2.0,4.0,4.0,4.0,4.0,0.0,0.0,2.0,6.0,6.0,6.0,4.0,2.0,0.0,2.0,4.0,4.0,4.0,0.0,0.0,0.0,0.0,2.0,6.0,6.0,6.0,2.0,0.0,0.0,0.0,0.0,0.0,0.0,2.0,6.0,10.0,10.0,10.0,16.0,16.0,16.0,16.0,16.0,18.0,16.0,10.0,10.0,11.0,12.0,12.0,12.0,16.0,24.0,24.0
2025-05-11,20.0,18.0,18.0,18.0,18.0,18.0,18.0,16.0,14.0,14.0,12.0,12.0,12.0,10.0,10.0,10.0,10.0,10.0,10.0,10.0,10.0,10.0,10.0,10.0,10.0,10.0,4.0,0.0,0.0,0.0,0.0,0.0,0.0,0.0,0.0,16.0,18.0,18.0,18.0,18.0,10.0,4.0,0.0,0.0,0.0,0.0,0.0,0.0,0.0,0.0,0.0,0.0,0.0,0.0,0.0,0.0,0.0,0.0,0.0,0.0,0.0,0.0,0.0,0.0,0.0,0.0,0.0,0.0,0.0,0.0,0.0,0.0,0.0,2.0,2.0,2.0,4.0,16.0,16.0,14.0,14.0,20.0,16.0,12.0,12.0,10.0,12.0,16.0,18.0,16.0,12.0,10.0,10.0,18.0,16.0,10.0
2025-05-12,10.0,10.0,10.0,10.0,10.0,10.0,10.0,10.0,10.0,10.0,10.0,10.0,10.0,10.0,10.0,10.0,10.0,10.0,10.0,10.0,10.0,10.0,10.0,10.0,10.0,10.0,6.0,0.0,0.0,0.0,0.0,0.0,0.0,0.0,0.0,0.0,0.0,0.0,0.0,0.0,0.0,4.0,6.0,2.0,0.0,0.0,0.0,0.0,0.0,0.0,0.0,0.0,0.0,0.0,0.0,0.0,0.0,0.0,0.0,0.0,0.0,0.0,0.0,0.0,0.0,0.0,0.0,0.0,0.0,0.0,0.0,0.0,0.0,0.0,0.0,2.0,2.0,12.0,12.0,12.0,10.0,10.0,10.0,10.0,10.0,10.0,10.0,10.0,14.0,12.0,10.0,10.0,10.0,10.0,10.0,10.0
2025-05-13,10.0,10.0,10.0,10.0,10.0,10.0,10.0,10.0,10.0,10.0,10.0,10.0,10.0,10.0,10.0,10.0,10.0,10.0,10.0,10.0,10.0,10.0,10.0,10.0,10.0,10.0,10.0,10.0,2.0,4.0,10.0,0.0,0.0,0.0,0.0,0.0,0.0,0.0,0.0,0.0,0.0,16.0,0.0,2.0,0.0,0.0,0.0,0.0,2.0,2.0,2.0,2.0,2.0,2.0,2.0,0.0,0.0,0.0,0.0,0.0,0.0,0.0,0.0,0.0,0.0,0.0,0.0,0.0,0.0,0.0,0.0,0.0,0.0,0.0,2.0,0.0,0.0,20.0,34.0,46.0,46.0,24.0,24.0,22.0,18.0,18.0,16.0,16.0,16.0,16.0,14.0,14.0,14.0,14.0,14.0,12.0
2025-05-14,12.0,12.0,10.0,10.0,10.0,10.0,10.0,10.0,10.0,10.0,10.0,10.0,10.0,10.0,10.0,10.0,10.0,10.0,10.0,10.0,10.0,10.0,10.0,10.0,10.0,10.0,4.0,0.0,0.0,0.0,0.0,0.0,0.0,2.0,0.0,0.0,0.0,2.0,0.0,0.0,0.0,0.0,0.0,0.0,0.0,0.0,0.0,2.0,2.0,2.0,2.0,2.0,0.0,2.0,0.0,0.0,0.0,0.0,0.0,0.0,0.0,0.0,0.0,0.0,0.0,0.0,0.0,0.0,0.0,0.0,0.0,2.0,2.0,2.0,0.0,6.0,36.0,46.0,44.0,42.0,34.0,38.0,28.0,16.0,14.0,12.0,10.0,16.0,16.0,16.0,18.0,14.0,10.0,10.0,10.0,10.0
2025-05-15,12.0,12.0,12.0,12.0,12.0,12.0,12.0,12.0,12.0,12.0,12.0,12.0,12.0,12.0,12.0,10.0,10.0,10.0,10.0,10.0,10.0,10.0,10.0,12.0,12.0,12.0,8.0,0.0,0.0,0.0,0.0,0.0,0.0,0.0,0.0,0.0,2.0,6.0,12.0,10.0,10.0,6.0,4.0,4.0,2.0,4.0,4.0,4.0,4.0,4.0,2.0,2.0,22.0,16.0,16.0,12.0,8.0,8.0,4.0,4.0,0.0,0.0,0.0,2.0,0.0,2.0,0.0,0.0,0.0,0.0,0.0,12.0,6.0,4.0,8.0,22.0,24.0,22.0,14.0,12.0,12.0,12.0,10.0,10.0,10.0,12.0,12.0,12.0,10.0,10.0,10.0,10.0,10.0,10.0,10.0,10.0
2025-05-16,10.0,10.0,10.0,10.0,10.0,10.0,10.0,10.0,10.0,10.0,10.0,10.0,10.0,10.0,10.0,10.0,10.0,10.0,10.0,10.0,10.0,10.0,10.0,10.0,10.0,10.0,4.0,0.0,0.0,0.0,0.0,0.0,10.0,8.0,4.0,2.0,2.0,2.0,2.0,2.0,2.0,0.0,0.0,0.0,0.0,0.0,0.0,0.0,0.0,0.0,0.0,0.0,0.0,0.0,0.0,0.0,0.0,0.0,0.0,0.0,0.0,0.0,0.0,0.0,0.0,0.0,0.0,0.0,0.0,0.0,0.0,0.0,2.0,0.0,0.0,0.0,6.0,8.0,12.0,10.0,10.0,10.0,10.0,10.0,10.0,12.0,12.0,12.0,14.0,16.0,16.0,16.0,16.0,16.0,12.0,12.0
2025-05-17,12.0,12.0,12.0,10.0,10.0,10.0,10.0,10.0,10.0,10.0,10.0,10.0,10.0,10.0,10.0,10.0,10.0,10.0,10.0,10.0,10.0,10.0,10.0,10.0,10.0,10.0,0.0,0.0,0.0,0.0,0.0,0.0,0.0,0.0,0.0,24.0,22.0,20.0,20.0,20.0,18.0,12.0,4.0,0.0,0.0,0.0,0.0,0.0,0.0,0.0,0.0,0.0,2.0,2.0,2.0,0.0,0.0,0.0,0.0,0.0,0.0,0.0,0.0,0.0,0.0,0.0,0.0,0.0,0.0,2.0,0.0,0.0,0.0,0.0,0.0,6.0,14.0,18.0,14.0,12.0,10.0,10.0,10.0,10.0,10.0,16.0,16.0,16.0,16.0,10.0,10.0,10.0,10.0,10.0,10.0,10.0
2025-05-18,10.0,10.0,10.0,10.0,10.0,10.0,10.0,10.0,10.0,10.0,10.0,10.0,10.0,10.0,10.0,10.0,10.0,10.0,10.0,10.0,10.0,10.0,10.0,10.0,10.0,10.0,4.0,0.0,0.0,0.0,0.0,0.0,0.0,0.0,0.0,0.0,0.0,0.0,0.0,0.0,0.0,0.0,0.0,0.0,0.0,0.0,0.0,0.0,0.0,12.0,12.0,18.0,20.0,22.0,16.0,14.0,14.0,14.0,12.0,12.0,14.0,14.0,20.0,20.0,20.0,18.0,16.0,14.0,14.0,14.0,14.0,16.0,16.0,14.0,16.0,8.0,12.0,16.0,12.0,12.0,12.0,10.0,12.0,12.0,12.0,12.0,12.0,12.0,12.0,12.0,12.0,12.0,12.0,12.0,12.0,12.0
2025-05-19,12.0,12.0,12.0,12.0,12.0,12.0,12.0,12.0,12.0,12.0,12.0,12.0,12.0,12.0,12.0,12.0,12.0,12.0,12.0,12.0,12.0,10.0,10.0,10.0,10.0,10.0,4.0,0.0,0.0,0.0,0.0,0.0,0.0,0.0,0.0,0.0,0.0,0.0,0.0,0.0,0.0,0.0,0.0,0.0,0.0,0.0,0.0,0.0,0.0,0.0,0.0,4.0,12.0,8.0,6.0,6.0,4.0,6.0,8.0,12.0,12.0,10.0,6.0,6.0,6.0,6.0,4.0,2.0,2.0,2.0,0.0,0.0,2.0,2.0,2.0,2.0,4.0,10.0,10.0,10.0,10.0,10.0,10.0,10.0,10.0,10.0,10.0,10.0,10.0,10.0,10.0,10.0,10.0,10.0,10.0,10.0
2025-05-20,10.0,10.0,10.0,10.0,10.0,10.0,12.0,12.0,12.0,12.0,12.0,12.0,12.0,12.0,10.0,10.0,10.0,10.0,10.0,10.0,12.0,10.0,10.0,10.0,10.0,10.0,6.0,0.0,0.0,0.0,0.0,0.0,0.0,0.0,0.0,0.0,0.0,0.0,0.0,0.0,0.0,0.0,0.0,0.0,0.0,0.0,0.0,0.0,0.0,0.0,0.0,0.0,0.0,0.0,0.0,0.0,0.0,0.0,0.0,0.0,0.0,8.0,2.0,0.0,0.0,0.0,0.0,8.0,4.0,0.0,0.0,0.0,0.0,0.0,4.0,8.0,12.0,10.0,10.0,10.0,10.0,10.0,12.0,14.0,30.0,24.0,20.0,16.0,14.0,14.0,16.0,16.0,16.0,14.0,14.0,16.0
2025-05-21,16.0,14.0,14.0,12.0,12.0,12.0,10.0,10.0,10.0,10.0,10.0,10.0,10.0,10.0,10.0,10.0,10.0,10.0,10.0,10.0,10.0,10.0,10.0,10.0,10.0,10.0,2.0,0.0,0.0,0.0,0.0,0.0,0.0,0.0,0.0,0.0,0.0,0.0,0.0,0.0,0.0,0.0,0.0,0.0,0.0,0.0,0.0,0.0,4.0,16.0,14.0,12.0,12.0,10.0,10.0,6.0,6.0,6.0,6.0,6.0,6.0,6.0,6.0,12.0,12.0,12.0,10.0,8.0,4.0,2.0,2.0,2.0,0.0,0.0,6.0,10.0,10.0,14.0,16.0,18.0,16.0,14.0,10.0,10.0,10.0,10.0,10.0,10.0,10.0,10.0,18.0,18.0,18.0,18.0,12.0,12.0
2025-05-22,12.0,14.0,12.0,12.0,12.0,12.0,10.0,10.0,10.0,10.0,10.0,10.0,10.0,10.0,10.0,10.0,10.0,10.0,10.0,10.0,10.0,10.0,10.0,10.0,10.0,10.0,10.0,0.0,0.0,0.0,0.0,0.0,0.0,10.0,10.0,10.0,10.0,10.0,10.0,8.0,8.0,6.0,2.0,2.0,0.0,0.0,0.0,0.0,0.0,0.0,0.0,0.0,0.0,0.0,0.0,0.0,0.0,0.0,0.0,0.0,0.0,12.0,20.0,20.0,14.0,8.0,4.0,2.0,0.0,2.0,2.0,2.0,8.0,12.0,12.0,8.0,4.0,4.0,14.0,10.0,10.0,10.0,10.0,10.0,10.0,10.0,10.0,10.0,10.0,16.0,16.0,16.0,16.0,18.0,18.0,16.0
2025-05-23,14.0,14.0,12.0,12.0,12.0,10.0,10.0,10.0,10.0,10.0,10.0,10.0,10.0,10.0,10.0,10.0,10.0,10.0,10.0,10.0,10.0,10.0,10.0,10.0,10.0,10.0,4.0,0.0,0.0,0.0,0.0,0.0,0.0,0.0,0.0,0.0,0.0,0.0,0.0,0.0,0.0,0.0,0.0,2.0,12.0,8.0,6.0,6.0,6.0,6.0,6.0,6.0,6.0,6.0,4.0,0.0,0.0,0.0,0.0,0.0,0.0,0.0,0.0,0.0,0.0,0.0,0.0,0.0,0.0,0.0,0.0,0.0,0.0,0.0,0.0,0.0,10.0,10.0,10.0,18.0,16.0,12.0,8.0,12.0,10.0,10.0,10.0,10.0,10.0,10.0,10.0,10.0,10.0,10.0,10.0,10.0
2025-05-24,10.0,10.0,10.0,10.0,10.0,10.0,10.0,10.0,10.0,10.0,10.0,10.0,10.0,10.0,10.0,10.0,10.0,10.0,10.0,10.0,10.0,10.0,10.0,10.0,10.0,10.0,10.0,8.0,0.0,0.0,2.0,22.0,22.0,22.0,14.0,22.0,20.0,14.0,6.0,6.0,4.0,2.0,0.0,0.0,4.0,4.0,6.0,4.0,4.0,4.0,2.0,2.0,4.0,0.0,0.0,0.0,0.0,0.0,0.0,0.0,0.0,0.0,0.0,0.0,0.0,10.0,8.0,4.0,2.0,2.0,0.0,0.0,0.0,0.0,0.0,0.0,2.0,6.0,14.0,12.0,12.0,12.0,12.0,12.0,12.0,12.0,14.0,12.0,10.0,10.0,10.0,12.0,12.0,12.0,12.0,12.0
2025-05-25,12.0,12.0,12.0,12.0,12.0,12.0,12.0,12.0,12.0,12.0,12.0,12.0,12.0,12.0,12.0,12.0,12.0,12.0,12.0,12.0,12.0,12.0,12.0,12.0,12.0,12.0,10.0,0.0,0.0,0.0,0.0,0.0,0.0,0.0,0.0,0.0,0.0,0.0,0.0,0.0,0.0,0.0,0.0,0.0,8.0,6.0,4.0,2.0,0.0,0.0,0.0,0.0,2.0,0.0,0.0,0.0,0.0,0.0,0.0,0.0,0.0,0.0,0.0,0.0,0.0,0.0,0.0,0.0,0.0,0.0,0.0,0.0,0.0,0.0,0.0,0.0,0.0,6.0,10.0,10.0,10.0,10.0,10.0,12.0,12.0,12.0,12.0,12.0,14.0,28.0,26.0,26.0,22.0,20.0,16.0,16.0
2025-05-26,16.0,16.0,16.0,16.0,16.0,14.0,14.0,14.0,14.0,12.0,12.0,12.0,12.0,12.0,10.0,10.0,10.0,10.0,10.0,10.0,10.0,10.0,10.0,10.0,10.0,10.0,4.0,0.0,0.0,2.0,0.0,0.0,0.0,0.0,0.0,0.0,0.0,0.0,0.0,0.0,0.0,0.0,0.0,0.0,0.0,0.0,0.0,0.0,0.0,0.0,0.0,0.0,0.0,0.0,0.0,0.0,4.0,6.0,6.0,6.0,6.0,6.0,6.0,6.0,6.0,6.0,2.0,4.0,6.0,2.0,0.0,0.0,0.0,0.0,0.0,0.0,8.0,12.0,12.0,12.0,12.0,10.0,10.0,16.0,18.0,20.0,20.0,22.0,22.0,22.0,22.0,20.0,16.0,14.0,12.0,12.0
2025-05-27,12.0,10.0,10.0,10.0,10.0,10.0,10.0,10.0,10.0,10.0,10.0,10.0,10.0,10.0,10.0,22.0,22.0,22.0,22.0,22.0,22.0,22.0,20.0,20.0,20.0,18.0,18.0,14.0,4.0,6.0,6.0,4.0,4.0,4.0,2.0,2.0,0.0,0.0,0.0,2.0,10.0,10.0,10.0,10.0,12.0,12.0,10.0,28.0,28.0,16.0,18.0,20.0,16.0,16.0,14.0,10.0,8.0,8.0,8.0,8.0,8.0,8.0,8.0,2.0,0.0,3.0,6.0,4.0,2.0,0.0,0.0,0.0,0.0,0.0,0.0,6.0,8.0,12.0,10.0,10.0,10.0,10.0,10.0,10.0,10.0,10.0,10.0,10.0,10.0,10.0,10.0,10.0,10.0,10.0,10.0,10.0
2025-05-28,10.0,10.0,10.0,10.0,10.0,10.0,10.0,10.0,10.0,10.0,10.0,10.0,10.0,10.0,0.0,0.0,0.0,0.0,0.0,0.0,0.0,0.0,0.0,0.0,0.0,0.0,0.0,0.0,0.0,0.0,0.0,0.0,0.0,0.0,0.0,0.0,0.0,0.0,0.0,6.0,10.0,10.0,10.0,12.0,12.0,8.0,6.0,6.0,6.0,6.0,4.0,2.0,0.0,0.0,0.0,0.0,0.0,0.0,0.0,0.0,0.0,0.0,0.0,0.0,0.0,2.0,2.0,4.0,4.0,4.0,4.0,4.0,4.0,4.0,4.0,4.0,2.0,14.0,14.0,14.0,14.0,14.0,22.0,22.0,18.0,14.0,14.0,14.0,14.0,14.0,14.0,12.0,12.0,14.0,14.0,14.0
2025-05-29,12.0,12.0,12.0,10.0,10.0,10.0,10.0,10.0,10.0,10.0,10.0,10.0,10.0,10.0,10.0,10.0,10.0,10.0,10.0,10.0,10.0,10.0,10.0,10.0,10.0,10.0,10.0,2.0,0.0,0.0,2.0,2.0,2.0,4.0,2.0,0.0,0.0,0.0,0.0,0.0,0.0,2.0,0.0,0.0,0.0,0.0,2.0,6.0,4.0,2.0,0.0,0.0,0.0,0.0,0.0,0.0,0.0,0.0,0.0,0.0,0.0,0.0,0.0,0.0,0.0,0.0,0.0,0.0,6.0,18.0,26.0,16.0,12.0,12.0,12.0,14.0,26.0,24.0,24.0,22.0,12.0,10.0,10.0,10.0,16.0,22.0,24.0,28.0,28.0,28.0,28.0,28.0,28.0,20.0,20.0,18.0
2025-05-30,18.0,16.0,16.0,14.0,14.0,14.0,12.0,12.0,10.0,10.0,10.0,10.0,10.0,10.0,10.0,10.0,10.0,10.0,10.0,10.0,10.0,10.0,10.0,10.0,10.0,10.0,4.0,0.0,0.0,0.0,0.0,0.0,0.0,0.0,0.0,0.0,0.0,0.0,0.0,0.0,0.0,0.0,0.0,0.0,0.0,0.0,0.0,0.0,0.0,0.0,0.0,0.0,0.0,0.0,0.0,0.0,0.0,0.0,0.0,0.0,0.0,0.0,0.0,0.0,0.0,0.0,0.0,0.0,0.0,0.0,0.0,0.0,0.0,0.0,0.0,0.0,0.0,2.0,10.0,10.0,10.0,12.0,12.0,12.0,12.0,12.0,12.0,12.0,12.0,12.0,12.0,12.0,12.0,12.0,12.0,12.0
2025-05-31,12.0,10.0,10.0,10.0,10.0,10.0,10.0,10.0,10.0,10.0,10.0,10.0,10.0,10.0,10.0,10.0,10.0,10.0,10.0,10.0,10.0,10.0,10.0,10.0,10.0,10.0,16.0,4.0,0.0,0.0,0.0,0.0,0.0,0.0,0.0,14.0,18.0,14.0,14.0,12.0,6.0,4.0,2.0,1.0,0.0,0.0,0.0,0.0,0.0,0.0,0.0,0.0,0.0,0.0,0.0,0.0,0.0,0.0,0.0,0.0,0.0,0.0,0.0,0.0,0.0,0.0,0.0,0.0,0.0,0.0,0.0,0.0,0.0,0.0,0.0,0.0,2.0,10.0,10.0,10.0,10.0,10.0,10.0,10.0,10.0,10.0,10.0,10.0,10.0,10.0,10.0,10.0,10.0,10.0,10.0,10.0
2025-06-01,10.0,10.0,10.0,10.0,10.0,10.0,10.0,10.0,10.0,10.0,10.0,10.0,10.0,10.0,10.0,10.0,10.0,10.0,10.0,10.0,10.0,10.0,10.0,10.0,10.0,10.0,2.0,0.0,0.0,0.0,0.0,0.0,0.0,0.0,0.0,0.0,0.0,0.0,0.0,0.0,0.0,0.0,0.0,0.0,0.0,0.0,0.0,0.0,0.0,0.0,0.0,0.0,0.0,0.0,0.0,0.0,0.0,0.0,0.0,0.0,0.0,0.0,0.0,0.0,0.0,0.0,0.0,0.0,0.0,0.0,0.0,0.0,0.0,0.0,2.0,2.0,8.0,10.0,10.0,10.0,10.0,10.0,10.0,10.0,12.0,16.0,16.0,16.0,16.0,22.0,22.0,20.0,24.0,26.0,24.0,16.0
2025-06-02,10.0,10.0,12.0,14.0,14.0,14.0,14.0,14.0,14.0,18.0,14.0,10.0,10.0,10.0,10.0,10.0,10.0,10.0,10.0,10.0,10.0,10.0,10.0,10.0,10.0,10.0,10.0,4.0,4.0,6.0,6.0,6.0,2.0,0.0,0.0,0.0,0.0,0.0,0.0,0.0,0.0,0.0,0.0,0.0,0.0,0.0,0.0,0.0,0.0,0.0,0.0,0.0,0.0,0.0,0.0,0.0,0.0,0.0,0.0,0.0,0.0,0.0,0.0,0.0,2.0,2.0,0.0,0.0,8.0,12.0,12.0,10.0,10.0,10.0,10.0,12.0,24.0,22.0,14.0,12.0,10.0,12.0,12.0,12.0,12.0,12.0,12.0,12.0,12.0,12.0,10.0,10.0,10.0,16.0,18.0,18.0
2025-06-03,16.0,15.0,14.0,14.0,12.0,14.0,12.0,12.0,12.0,12.0,12.0,10.0,10.0,10.0,10.0,10.0,10.0,10.0,10.0,10.0,10.0,10.0,10.0,10.0,10.0,10.0,8.0,6.0,6.0,6.0,4.0,6.0,4.0,0.0,0.0,0.0,0.0,0.0,0.0,0.0,0.0,2.0,6.0,6.0,8.0,8.0,8.0,8.0,8.0,8.0,2.0,2.0,2.0,1.0,0.0,0.0,0.0,0.0,0.0,0.0,2.0,2.0,2.0,2.0,2.0,0.0,0.0,0.0,0.0,0.0,0.0,0.0,0.0,0.0,0.0,0.0,8.0,10.0,10.0,10.0,10.0,10.0,10.0,10.0,10.0,10.0,10.0,10.0,10.0,10.0,10.0,10.0,10.0,10.0,10.0,10.0
2025-06-04,10.0,10.0,10.0,10.0,10.0,10.0,10.0,10.0,10.0,10.0,10.0,10.0,10.0,10.0,10.0,10.0,10.0,10.0,10.0,10.0,10.0,10.0,10.0,10.0,10.0,10.0,10.0,6.0,0.0,0.0,0.0,0.0,0.0,0.0,0.0,0.0,0.0,0.0,0.0,10.0,12.0,12.0,12.0,6.0,0.0,0.0,0.0,0.0,0.0,0.0,0.0,0.0,0.0,2.0,4.0,8.0,6.0,8.0,6.0,14.0,12.0,10.0,10.0,8.0,6.0,6.0,6.0,8.0,10.0,10.0,10.0,8.0,8.0,8.0,8.0,12.0,18.0,14.0,12.0,10.0,10.0,10.0,10.0,10.0,10.0,10.0,12.0,16.0,10.0,10.0,10.0,10.0,10.0,10.0,10.0,10.0
2025-06-05,10.0,10.0,10.0,10.0,10.0,10.0,10.0,10.0,10.0,10.0,10.0,10.0,10.0,10.0,10.0,10.0,10.0,10.0,10.0,10.0,10.0,10.0,10.0,10.0,10.0,10.0,10.0,0.0,0.0,0.0,0.0,0.0,2.0,0.0,0.0,0.0,0.0,0.0,0.0,0.0,0.0,0.0,0.0,0.0,0.0,0.0,0.0,0.0,0.0,0.0,0.0,0.0,0.0,0.0,2.0,2.0,2.0,2.0,2.0,2.0,2.0,2.0,2.0,2.0,2.0,2.0,2.0,2.0,2.0,6.0,8.0,6.0,0.0,0.0,2.0,2.0,12.0,16.0,12.0,12.0,12.0,12.0,14.0,14.0,14.0,14.0,14.0,14.0,12.0,12.0,14.0,14.0,12.0,12.0,10.0,10.0
2025-06-06,10.0,10.0,10.0,10.0,10.0,10.0,10.0,10.0,10.0,10.0,10.0,10.0,10.0,10.0,10.0,10.0,10.0,10.0,10.0,10.0,10.0,10.0,10.0,10.0,10.0,10.0,8.0,0.0,0.0,0.0,0.0,0.0,0.0,0.0,0.0,0.0,6.0,16.0,16.0,12.0,6.0,4.0,4.0,6.0,4.0,4.0,4.0,4.0,6.0,4.0,4.0,2.0,2.0,0.0,0.0,0.0,0.0,0.0,0.0,0.0,6.0,12.0,12.0,12.0,30.0,14.0,6.0,2.0,2.0,2.0,0.0,0.0,0.0,4.0,0.0,2.0,10.0,10.0,10.0,10.0,10.0,10.0,10.0,10.0,10.0,10.0,10.0,10.0,16.0,16.0,16.0,16.0,16.0,12.0,12.0,12.0
2025-06-09,12.0,10.0,12.0,12.0,12.0,12.0,12.0,12.0,12.0,12.0,12.0,12.0,12.0,12.0,12.0,12.0,12.0,10.0,10.0,10.0,10.0,10.0,10.0,10.0,10.0,10.0,12.0,0.0,0.0,0.0,0.0,0.0,0.0,0.0,0.0,0.0,0.0,0.0,0.0,0.0,0.0,0.0,0.0,0.0,0.0,0.0,0.0,0.0,0.0,8.0,10.0,10.0,10.0,10.0,4.0,4.0,4.0,4.0,4.0,4.0,4.0,4.0,4.0,4.0,2.0,2.0,2.0,2.0,2.0,4.0,4.0,4.0,4.0,4.0,12.0,14.0,12.0,14.0,12.0,12.0,12.0,12.0,12.0,10.0,10.0,12.0,10.0,10.0,10.0,10.0,10.0,10.0,10.0,10.0,10.0,10.0
2025-06-10,10.0,10.0,10.0,10.0,10.0,10.0,10.0,10.0,10.0,10.0,10.0,10.0,10.0,10.0,10.0,10.0,10.0,10.0,10.0,10.0,10.0,10.0,10.0,10.0,10.0,10.0,2.0,0.0,0.0,0.0,0.0,0.0,0.0,0.0,0.0,0.0,0.0,0.0,0.0,6.0,8.0,4.0,2.0,2.0,6.0,10.0,10.0,10.0,10.0,10.0,10.0,10.0,10.0,8.0,2.0,2.0,0.0,4.0,4.0,6.0,8.0,10.0,8.0,8.0,14.0,16.0,16.0,10.0,6.0,6.0,6.0,6.0,8.0,16.0,14.0,14.0,14.0,28.0,20.0,16.0,16.0,16.0,14.0,14.0,14.0,14.0,14.0,14.0,14.0,14.0,12.0,12.0,12.0,12.0,12.0,12.0
2025-06-11,12.0,12.0,10.0,10.0,10.0,10.0,10.0,10.0,10.0,10.0,10.0,10.0,10.0,10.0,10.0,10.0,12.0,16.0,14.0,10.0,10.0,10.0,10.0,10.0,10.0,10.0,4.0,0.0,0.0,0.0,0.0,0.0,0.0,0.0,0.0,0.0,0.0,0.0,0.0,0.0,0.0,0.0,4.0,4.0,4.0,4.0,2.0,2.0,12.0,14.0,2.0,2.0,0.0,0.0,0.0,0.0,0.0,0.0,0.0,2.0,8.0,8.0,8.0,0.0,0.0,0.0,0.0,2.0,0.0,0.0,0.0,0.0,0.0,4.0,8.0,10.0,10.0,10.0,10.0,10.0,10.0,12.0,12.0,10.0,12.0,14.0,12.0,12.0,12.0,12.0,12.0,10.0,10.0,10.0,10.0,10.0
2025-06-12,10.0,10.0,10.0,10.0,10.0,10.0,10.0,10.0,10.0,10.0,10.0,10.0,10.0,10.0,10.0,10.0,10.0,10.0,10.0,10.0,10.0,10.0,10.0,10.0,10.0,8.0,0.0,0.0,0.0,0.0,2.0,2.0,2.0,2.0,2.0,2.0,2.0,2.0,0.0,0.0,4.0,4.0,4.0,4.0,4.0,4.0,0.0,0.0,0.0,0.0,0.0,0.0,0.0,2.0,4.0,4.0,4.0,4.0,4.0,4.0,4.0,2.0,0.0,0.0,0.0,0.0,0.0,0.0,0.0,0.0,0.0,0.0,0.0,2.0,2.0,2.0,10.0,12.0,10.0,10.0,10.0,10.0,10.0,10.0,10.0,10.0,10.0,10.0,10.0,12.0,14.0,14.0,10.0,10.0,10.0,10.0
2025-06-13,10.0,10.0,10.0,10.0,10.0,10.0,10.0,10.0,10.0,10.0,10.0,10.0,10.0,10.0,10.0,10.0,10.0,10.0,10.0,10.0,10.0,10.0,10.0,10.0,10.0,10.0,4.0,0.0,0.0,0.0,0.0,0.0,0.0,0.0,0.0,0.0,0.0,0.0,0.0,0.0,0.0,0.0,2.0,2.0,0.0,0.0,0.0,4.0,4.0,4.0,4.0,4.0,4.0,4.0,4.0,4.0,4.0,4.0,4.0,2.0,0.0,0.0,0.0,0.0,8.0,10.0,18.0,28.0,28.0,18.0,22.0,24.0,26.0,18.0,8.0,8.0,6.0,10.0,10.0,12.0,10.0,10.0,10.0,10.0,10.0,10.0,10.0,12.0,12.0,12.0,12.0,12.0,12.0,14.0,14.0,14.0
2025-06-14,14.0,14.0,12.0,11.0,10.0,10.0,12.0,10.0,10.0,10.0,10.0,10.0,10.0,10.0,10.0,10.0,10.0,10.0,10.0,10.0,10.0,10.0,10.0,10.0,10.0,10.0,8.0,6.0,4.0,4.0,2.0,2.0,2.0,2.0,0.0,0.0,0.0,0.0,0.0,0.0,0.0,0.0,0.0,0.0,0.0,0.0,0.0,0.0,0.0,0.0,0.0,0.0,0.0,0.0,6.0,8.0,0.0,0.0,0.0,0.0,0.0,0.0,0.0,0.0,0.0,0.0,0.0,0.0,16.0,20.0,18.0,16.0,16.0,6.0,4.0,12.0,10.0,10.0,10.0,10.0,10.0,10.0,10.0,10.0,14.0,14.0,14.0,16.0,12.0,12.0,14.0,14.0,16.0,14.0,10.0,10.0
2025-06-15,10.0,10.0,10.0,10.0,10.0,10.0,10.0,10.0,10.0,10.0,10.0,10.0,10.0,10.0,10.0,10.0,10.0,10.0,10.0,10.0,10.0,10.0,10.0,10.0,10.0,10.0,10.0,10.0,4.0,0.0,0.0,0.0,0.0,0.0,0.0,0.0,0.0,0.0,0.0,0.0,0.0,0.0,0.0,0.0,0.0,0.0,0.0,0.0,0.0,0.0,0.0,0.0,0.0,0.0,0.0,18.0,18.0,18.0,18.0,18.0,14.0,16.0,10.0,0.0,0.0,8.0,10.0,6.0,2.0,0.0,0.0,0.0,0.0,0.0,0.0,5.0,10.0,14.0,12.0,12.0,10.0,10.0,10.0,10.0,10.0,10.0,10.0,10.0,10.0,10.0,10.0,10.0,10.0,10.0,10.0,10.0
2025-06-16,10.0,10.0,10.0,10.0,10.0,10.0,10.0,10.0,10.0,10.0,10.0,10.0,10.0,10.0,10.0,10.0,10.0,10.0,10.0,10.0,10.0,10.0,10.0,10.0,10.0,10.0,10.0,4.0,0.0,0.0,0.0,2.0,8.0,10.0,10.0,10.0,10.0,10.0,10.0,10.0,6.0,10.0,8.0,6.0,4.0,4.0,4.0,8.0,8.0,8.0,8.0,14.0,12.0,8.0,2.0,0.0,0.0,0.0,0.0,0.0,0.0,2.0,4.0,4.0,4.0,4.0,6.0,6.0,6.0,6.0,4.0,4.0,2.0,2.0,2.0,0.0,2.0,12.0,10.0,10.0,10.0,10.0,10.0,10.0,14.0,18.0,16.0,12.0,10.0,10.0,10.0,10.0,10.0,12.0,14.0,14.0
2025-06-17,14.0,16.0,14.0,10.0,10.0,10.0,10.0,10.0,10.0,10.0,10.0,10.0,10.0,10.0,10.0,10.0,10.0,10.0,10.0,10.0,10.0,10.0,10.0,10.0,10.0,10.0,10.0,2.0,10.0,6.0,2.0,0.0,0.0,0.0,0.0,0.0,0.0,0.0,0.0,0.0,0.0,0.0,0.0,0.0,2.0,2.0,0.0,0.0,0.0,0.0,0.0,0.0,0.0,0.0,0.0,0.0,0.0,0.0,0.0,0.0,0.0,0.0,0.0,0.0,0.0,0.0,0.0,0.0,4.0,6.0,6.0,8.0,8.0,6.0,0.0,0.0,6.0,14.0,14.0,18.0,16.0,16.0,16.0,16.0,14.0,12.0,10.0,10.0,10.0,10.0,10.0,10.0,10.0,10.0,10.0,10.0
2025-06-18,10.0,10.0,10.0,10.0,10.0,10.0,10.0,10.0,10.0,10.0,10.0,10.0,10.0,10.0,10.0,10.0,10.0,10.0,10.0,10.0,10.0,10.0,10.0,10.0,10.0,10.0,8.0,0.0,0.0,2.0,0.0,0.0,0.0,6.0,6.0,4.0,2.0,2.0,2.0,2.0,6.0,6.0,6.0,6.0,0.0,0.0,4.0,8.0,6.0,4.0,4.0,4.0,4.0,4.0,2.0,0.0,2.0,2.0,0.0,2.0,0.0,2.0,2.0,4.0,2.0,0.0,0.0,0.0,0.0,0.0,0.0,0.0,0.0,0.0,0.0,10.0,0.0,10.0,12.0,10.0,10.0,12.0,10.0,12.0,12.0,10.0,10.0,10.0,10.0,10.0,10.0,10.0,10.0,10.0,10.0,10.0
2025-06-19,10.0,10.0,10.0,10.0,10.0,10.0,10.0,10.0,10.0,10.0,10.0,10.0,10.0,10.0,10.0,10.0,10.0,10.0,10.0,10.0,10.0,10.0,10.0,10.0,10.0,10.0,10.0,0.0,0.0,0.0,0.0,0.0,0.0,0.0,0.0,0.0,0.0,0.0,0.0,0.0,6.0,4.0,0.0,0.0,0.0,0.0,0.0,0.0,0.0,0.0,0.0,0.0,0.0,0.0,0.0,0.0,0.0,0.0,12.0,16.0,18.0,16.0,16.0,14.0,16.0,10.0,4.0,6.0,2.0,0.0,0.0,2.0,0.0,2.0,0.0,6.0,4.0,14.0,10.0,10.0,10.0,12.0,12.0,12.0,12.0,10.0,10.0,10.0,10.0,10.0,10.0,10.0,10.0,10.0,10.0,10.0
2025-06-20,10.0,10.0,10.0,10.0,10.0,10.0,10.0,10.0,10.0,10.0,10.0,10.0,10.0,10.0,10.0,10.0,10.0,10.0,10.0,10.0,0.0,0.0,0.0,0.0,0.0,0.0,0.0,0.0,0.0,0.0,0.0,0.0,0.0,0.0,0.0,0.0,0.0,0.0,0.0,0.0,0.0,0.0,0.0,0.0,0.0,0.0,0.0,0.0,0.0,0.0,0.0,0.0,0.0,0.0,0.0,0.0,0.0,0.0,0.0,0.0,0.0,0.0,0.0,0.0,2.0,8.0,4.0,4.0,4.0,4.0,6.0,4.0,4.0,4.0,18.0,14.0,12.0,20.0,18.0,16.0,12.0,12.0,12.0,12.0,14.0,12.0,12.0,12.0,12.0,12.0,12.0,12.0,12.0,12.0,12.0,12.0
2025-06-21,12.0,12.0,12.0,12.0,12.0,10.0,10.0,10.0,10.0,10.0,10.0,10.0,10.0,10.0,10.0,10.0,10.0,10.0,10.0,10.0,10.0,10.0,10.0,10.0,10.0,10.0,0.0,0.0,0.0,0.0,0.0,0.0,0.0,0.0,0.0,0.0,0.0,0.0,0.0,0.0,2.0,0.0,0.0,0.0,0.0,0.0,0.0,0.0,0.0,0.0,0.0,0.0,0.0,2.0,18.0,22.0,14.0,4.0,4.0,4.0,4.0,2.0,8.0,12.0,4.0,4.0,4.0,4.0,4.0,4.0,4.0,4.0,4.0,0.0,0.0,0.0,8.0,10.0,10.0,10.0,10.0,10.0,10.0,10.0,10.0,10.0,20.0,22.0,18.0,16.0,14.0,14.0,14.0,14.0,14.0,14.0
2025-06-22,14.0,14.0,14.0,14.0,14.0,14.0,14.0,14.0,14.0,14.0,14.0,14.0,16.0,16.0,14.0,14.0,14.0,14.0,14.0,14.0,14.0,14.0,14.0,14.0,14.0,14.0,14.0,2.0,2.0,2.0,2.0,2.0,2.0,2.0,2.0,2.0,2.0,2.0,2.0,2.0,2.0,2.0,0.0,0.0,0.0,0.0,0.0,0.0,0.0,0.0,0.0,0.0,0.0,0.0,0.0,0.0,0.0,0.0,12.0,20.0,18.0,16.0,16.0,18.0,14.0,6.0,0.0,0.0,0.0,0.0,0.0,0.0,2.0,4.0,4.0,4.0,4.0,10.0,10.0,10.0,10.0,10.0,10.0,10.0,10.0,10.0,10.0,10.0,10.0,14.0,14.0,14.0,10.0,10.0,10.0,10.0
2025-06-23,10.0,10.0,10.0,10.0,10.0,10.0,10.0,10.0,10.0,10.0,10.0,10.0,10.0,10.0,10.0,10.0,10.0,10.0,10.0,10.0,10.0,12.0,12.0,10.0,10.0,10.0,8.0,4.0,0.0,0.0,0.0,0.0,0.0,0.0,0.0,0.0,0.0,0.0,0.0,0.0,0.0,0.0,4.0,2.0,0.0,0.0,0.0,0.0,0.0,0.0,0.0,0.0,0.0,0.0,0.0,0.0,0.0,0.0,0.0,0.0,0.0,0.0,0.0,0.0,0.0,0.0,0.0,0.0,0.0,0.0,0.0,0.0,0.0,0.0,0.0,0.0,0.0,10.0,10.0,10.0,10.0,10.0,10.0,10.0,10.0,10.0,10.0,10.0,12.0,18.0,18.0,18.0,20.0,24.0,16.0,14.0
2025-06-24,14.0,14.0,14.0,14.0,14.0,14.0,12.0,12.0,12.0,10.0,12.0,10.0,10.0,10.0,10.0,10.0,10.0,10.0,10.0,10.0,10.0,10.0,10.0,10.0,10.0,10.0,10.0,2.0,0.0,8.0,0.0,0.0,0.0,0.0,0.0,0.0,0.0,0.0,0.0,0.0,0.0,0.0,0.0,0.0,0.0,0.0,0.0,0.0,0.0,0.0,0.0,0.0,2.0,10.0,12.0,18.0,18.0,14.0,14.0,14.0,14.0,12.0,10.0,10.0,10.0,10.0,14.0,10.0,8.0,6.0,4.0,2.0,0.0,0.0,0.0,0.0,8.0,10.0,10.0,10.0,10.0,10.0,10.0,14.0,16.0,16.0,14.0,14.0,14.0,14.0,14.0,14.0,14.0,14.0,16.0,16.0
2025-06-25,16.0,16.0,16.0,14.0,14.0,14.0,14.0,14.0,14.0,14.0,14.0,14.0,14.0,14.0,14.0,12.0,10.0,10.0,10.0,10.0,10.0,10.0,10.0,10.0,10.0,10.0,6.0,10.0,6.0,6.0,2.0,0.0,0.0,0.0,0.0,0.0,0.0,2.0,8.0,8.0,8.0,8.0,6.0,4.0,2.0,2.0,2.0,2.0,2.0,2.0,2.0,2.0,2.0,0.0,2.0,2.0,2.0,0.0,2.0,0.0,0.0,0.0,0.0,0.0,0.0,0.0,0.0,0.0,0.0,0.0,0.0,0.0,0.0,0.0,0.0,0.0,2.0,10.0,10.0,10.0,10.0,10.0,10.0,10.0,10.0,10.0,10.0,10.0,10.0,22.0,28.0,34.0,34.0,34.0,30.0,24.0
2025-06-26,22.0,20.0,20.0,18.0,16.0,14.0,16.0,16.0,16.0,16.0,14.0,14.0,14.0,14.0,14.0,14.0,14.0,14.0,14.0,14.0,14.0,14.0,14.0,14.0,14.0,10.0,12.0,10.0,2.0,0.0,0.0,0.0,0.0,0.0,0.0,0.0,0.0,0.0,0.0,0.0,0.0,0.0,0.0,0.0,0.0,0.0,10.0,16.0,22.0,34.0,28.0,24.0,24.0,24.0,28.0,24.0,16.0,12.0,12.0,10.0,6.0,10.0,8.0,8.0,8.0,6.0,0.0,0.0,0.0,8.0,8.0,0.0,0.0,0.0,0.0,4.0,14.0,12.0,12.0,12.0,12.0,12.0,12.0,12.0,12.0,10.0,10.0,10.0,10.0,10.0,10.0,14.0,14.0,14.0,14.0,14.0
2025-06-27,14.0,14.0,14.0,14.0,14.0,14.0,14.0,14.0,14.0,14.0,14.0,14.0,14.0,14.0,14.0,14.0,14.0,14.0,14.0,14.0,14.0,12.0,12.0,12.0,12.0,12.0,12.0,4.0,0.0,0.0,0.0,0.0,0.0,0.0,0.0,0.0,0.0,0.0,0.0,0.0,0.0,0.0,2.0,2.0,2.0,2.0,2.0,2.0,2.0,2.0,2.0,2.0,2.0,2.0,0.0,0.0,0.0,0.0,0.0,0.0,0.0,0.0,0.0,0.0,0.0,0.0,0.0,0.0,0.0,0.0,6.0,4.0,0.0,0.0,0.0,0.0,2.0,12.0,10.0,10.0,14.0,30.0,28.0,20.0,10.0,10.0,10.0,10.0,10.0,10.0,10.0,14.0,16.0,16.0,18.0,16.0
2025-06-28,10.0,10.0,10.0,10.0,10.0,10.0,10.0,10.0,10.0,10.0,10.0,10.0,10.0,10.0,10.0,10.0,10.0,10.0,10.0,10.0,10.0,10.0,10.0,10.0,10.0,10.0,4.0,0.0,0.0,0.0,0.0,4.0,16.0,22.0,40.0,34.0,28.0,32.0,30.0,24.0,16.0,10.0,10.0,8.0,10.0,10.0,8.0,10.0,8.0,12.0,14.0,14.0,14.0,8.0,6.0,6.0,6.0,6.0,4.0,2.0,2.0,2.0,2.0,8.0,6.0,4.0,2.0,2.0,6.0,10.0,10.0,10.0,8.0,8.0,8.0,8.0,6.0,10.0,18.0,16.0,14.0,12.0,12.0,10.0,10.0,12.0,12.0,12.0,14.0,14.0,14.0,14.0,16.0,16.0,16.0,16.0
2025-06-29,14.0,10.0,14.0,14.0,14.0,14.0,14.0,14.0,14.0,14.0,14.0,14.0,14.0,14.0,14.0,14.0,14.0,14.0,14.0,14.0,14.0,14.0,14.0,14.0,14.0,14.0,8.0,2.0,0.0,0.0,0.0,0.0,0.0,0.0,0.0,0.0,0.0,0.0,0.0,0.0,0.0,0.0,2.0,2.0,2.0,2.0,2.0,2.0,2.0,2.0,2.0,2.0,2.0,2.0,2.0,2.0,2.0,0.0,0.0,0.0,0.0,0.0,0.0,0.0,0.0,0.0,0.0,0.0,0.0,0.0,10.0,20.0,18.0,20.0,20.0,16.0,24.0,14.0,12.0,10.0,10.0,10.0,10.0,10.0,10.0,10.0,16.0,14.0,10.0,10.0,10.0,10.0,10.0,10.0,10.0,10.0
2025-06-30,10.0,10.0,10.0,10.0,10.0,10.0,10.0,10.0,10.0,10.0,10.0,10.0,10.0,10.0,10.0,10.0,10.0,10.0,10.0,10.0,10.0,10.0,10.0,10.0,10.0,10.0,4.0,0.0,0.0,0.0,0.0,0.0,0.0,0.0,0.0,0.0,0.0,0.0,0.0,0.0,0.0,0.0,0.0,0.0,0.0,0.0,0.0,0.0,0.0,8.0,10.0,12.0,12.0,12.0,6.0,0.0,0.0,0.0,0.0,0.0,0.0,0.0,0.0,0.0,0.0,0.0,0.0,0.0,0.0,0.0,0.0,0.0,0.0,0.0,0.0,0.0,0.0,12.0,10.0,10.0,10.0,10.0,12.0,12.0,12.0,12.0,12.0,12.0,12.0,12.0,12.0,12.0,10.0,30.0,32.0,32.0
2025-07-01,32.0,32.0,30.0,30.0,30.0,30.0,30.0,16.0,14.0,14.0,14.0,12.0,14.0,14.0,14.0,12.0,12.0,10.0,10.0,10.0,12.0,14.0,14.0,14.0,14.0,14.0,4.0,8.0,8.0,8.0,8.0,8.0,8.0,8.0,8.0,8.0,8.0,8.0,8.0,8.0,6.0,6.0,6.0,6.0,4.0,4.0,4.0,4.0,4.0,4.0,6.0,6.0,4.0,4.0,4.0,4.0,4.0,4.0,2.0,2.0,2.0,16.0,22.0,24.0,24.0,26.0,22.0,16.0,6.0,6.0,6.0,6.0,4.0,4.0,0.0,0.0,2.0,2.0,14.0,14.0,12.0,12.0,10.0,10.0,12.0,14.0,14.0,12.0,12.0,14.0,14.0,14.0,14.0,14.0,14.0,14.0
2025-07-02,14.0,12.0,12.0,14.0,14.0,14.0,14.0,14.0,14.0,14.0,14.0,14.0,14.0,14.0,14.0,14.0,14.0,14.0,14.0,14.0,14.0,12.0,12.0,12.0,12.0,14.0,14.0,14.0,16.0,6.0,4.0,6.0,6.0,6.0,6.0,16.0,24.0,20.0,20.0,20.0,18.0,16.0,12.0,4.0,4.0,2.0,2.0,4.0,2.0,2.0,2.0,2.0,2.0,2.0,8.0,6.0,6.0,6.0,6.0,4.0,4.0,4.0,4.0,10.0,10.0,16.0,18.0,12.0,8.0,6.0,6.0,6.0,6.0,6.0,6.0,4.0,4.0,16.0,12.0,12.0,12.0,12.0,12.0,10.0,10.0,10.0,14.0,20.0,22.0,22.0,22.0,22.0,22.0,22.0,22.0,22.0
2025-07-03,22.0,22.0,20.0,20.0,20.0,20.0,20.0,20.0,20.0,20.0,20.0,20.0,18.0,18.0,18.0,18.0,18.0,16.0,16.0,14.0,14.0,12.0,12.0,12.0,12.0,12.0,12.0,10.0,6.0,6.0,6.0,0.0,0.0,0.0,0.0,2.0,4.0,4.0,4.0,4.0,4.0,4.0,4.0,6.0,14.0,12.0,4.0,0.0,0.0,0.0,2.0,2.0,0.0,0.0,0.0,2.0,2.0,4.0,2.0,4.0,24.0,22.0,14.0,20.0,20.0,22.0,16.0,14.0,8.0,8.0,4.0,4.0,10.0,10.0,10.0,24.0,20.0,14.0,12.0,12.0,14.0,14.0,14.0,14.0,14.0,14.0,14.0,14.0,24.0,22.0,22.0,24.0,24.0,20.0,16.0,16.0
2025-07-04,16.0,15.0,14.0,12.0,10.0,10.0,10.0,10.0,10.0,10.0,10.0,10.0,10.0,10.0,10.0,10.0,10.0,10.0,10.0,10.0,10.0,10.0,10.0,10.0,10.0,10.0,10.0,10.0,8.0,8.0,10.0,8.0,8.0,6.0,4.0,4.0,0.0,0.0,0.0,0.0,0.0,0.0,0.0,0.0,0.0,0.0,0.0,0.0,0.0,0.0,0.0,0.0,4.0,4.0,8.0,4.0,4.0,4.0,4.0,2.0,0.0,0.0,0.0,0.0,0.0,4.0,4.0,0.0,0.0,2.0,2.0,0.0,6.0,22.0,20.0,22.0,26.0,18.0,14.0,14.0,10.0,14.0,16.0,16.0,16.0,16.0,16.0,14.0,16.0,16.0,18.0,18.0,20.0,18.0,18.0,18.0
2025-07-05,18.0,18.0,16.0,16.0,14.0,12.0,12.0,10.0,10.0,10.0,10.0,10.0,10.0,10.0,10.0,10.0,10.0,10.0,10.0,10.0,10.0,10.0,10.0,10.0,10.0,10.0,10.0,8.0,0.0,0.0,0.0,0.0,0.0,0.0,0.0,0.0,0.0,0.0,0.0,0.0,4.0,2.0,0.0,0.0,0.0,0.0,0.0,30.0,32.0,32.0,38.0,48.0,46.0,36.0,26.0,22.0,22.0,22.0,22.0,16.0,16.0,14.0,12.0,12.0,10.0,6.0,8.0,8.0,6.0,4.0,2.0,0.0,0.0,0.0,0.0,0.0,0.0,12.0,12.0,10.0,10.0,12.0,10.0,10.0,12.0,12.0,12.0,12.0,12.0,16.0,12.0,10.0,10.0,10.0,10.0,10.0
2025-07-06,10.0,10.0,10.0,10.0,10.0,10.0,10.0,10.0,10.0,10.0,10.0,10.0,10.0,10.0,10.0,10.0,10.0,10.0,10.0,10.0,10.0,10.0,10.0,10.0,10.0,10.0,10.0,4.0,0.0,0.0,4.0,4.0,2.0,2.0,2.0,2.0,2.0,2.0,2.0,2.0,2.0,8.0,8.0,8.0,8.0,8.0,8.0,8.0,8.0,8.0,6.0,8.0,6.0,6.0,6.0,6.0,4.0,4.0,4.0,4.0,4.0,4.0,2.0,2.0,0.0,0.0,0.0,0.0,0.0,0.0,2.0,10.0,12.0,12.0,14.0,12.0,14.0,14.0,14.0,12.0,12.0,12.0,12.0,12.0,12.0,12.0,12.0,10.0,24.0,32.0,28.0,24.0,20.0,20.0,20.0,16.0
2025-07-07,14.0,12.0,12.0,12.0,12.0,12.0,12.0,12.0,12.0,10.0,10.0,10.0,12.0,10.0,10.0,10.0,12.0,10.0,10.0,10.0,10.0,12.0,12.0,12.0,12.0,10.0,10.0,6.0,4.0,4.0,4.0,4.0,0.0,0.0,0.0,0.0,0.0,0.0,0.0,0.0,0.0,0.0,0.0,0.0,0.0,0.0,0.0,0.0,0.0,0.0,0.0,0.0,0.0,0.0,0.0,0.0,0.0,0.0,0.0,0.0,0.0,0.0,0.0,0.0,0.0,0.0,0.0,0.0,10.0,12.0,12.0,12.0,14.0,26.0,32.0,26.0,24.0,24.0,24.0,24.0,24.0,24.0,24.0,24.0,24.0,24.0,24.0,22.0,20.0,18.0,18.0,24.0,22.0,16.0,14.0,14.0
2025-07-11,20.0,18.0,12.0,12.0,10.0,10.0,10.0,10.0,10.0,10.0,10.0,10.0,10.0,10.0,10.0,10.0,10.0,10.0,10.0,10.0,10.0,10.0,10.0,10.0,10.0,12.0,12.0,6.0,6.0,6.0,6.0,6.0,10.0,16.0,10.0,6.0,4.0,4.0,2.0,2.0,0.0,0.0,4.0,8.0,8.0,10.0,10.0,10.0,10.0,10.0,10.0,8.0,8.0,8.0,4.0,6.0,6.0,4.0,4.0,4.0,4.0,4.0,4.0,4.0,4.0,4.0,6.0,4.0,4.0,4.0,2.0,0.0,0.0,0.0,0.0,2.0,2.0,4.0,10.0,10.0,10.0,10.0,10.0,10.0,10.0,10.0,10.0,10.0,12.0,12.0,12.0,12.0,12.0,12.0,12.0,12.0
2025-07-12,12.0,12.0,12.0,12.0,12.0,12.0,14.0,12.0,12.0,12.0,12.0,12.0,12.0,14.0,14.0,14.0,12.0,14.0,12.0,12.0,14.0,14.0,14.0,14.0,14.0,14.0,12.0,6.0,10.0,8.0,10.0,4.0,4.0,4.0,4.0,8.0,2.0,2.0,6.0,8.0,10.0,12.0,12.0,10.0,4.0,4.0,4.0,4.0,4.0,4.0,2.0,2.0,2.0,0.0,0.0,2.0,2.0,2.0,2.0,2.0,2.0,2.0,2.0,6.0,2.0,0.0,0.0,0.0,0.0,0.0,0.0,0.0,0.0,0.0,0.0,2.0,10.0,12.0,12.0,12.0,12.0,12.0,12.0,12.0,12.0,12.0,12.0,11.0,10.0,10.0,10.0,10.0,14.0,22.0,22.0,22.0
2025-07-13,20.0,14.0,12.0,12.0,12.0,12.0,10.0,10.0,10.0,10.0,10.0,10.0,10.0,10.0,10.0,10.0,10.0,10.0,10.0,10.0,10.0,10.0,10.0,10.0,10.0,10.0,8.0,2.0,6.0,6.0,4.0,4.0,6.0,4.0,4.0,2.0,2.0,2.0,0.0,0.0,0.0,0.0,0.0,0.0,0.0,0.0,0.0,0.0,0.0,0.0,2.0,20.0,20.0,18.0,8.0,18.0,10.0,8.0,6.0,0.0,2.0,0.0,0.0,0.0,0.0,0.0,2.0,2.0,2.0,2.0,2.0,2.0,2.0,4.0,4.0,6.0,12.0,12.0,12.0,10.0,10.0,12.0,10.0,12.0,14.0,14.0,16.0,18.0,16.0,16.0,16.0,16.0,16.0,14.0,14.0,12.0
2025-07-14,12.0,12.0,10.0,10.0,10.0,10.0,10.0,10.0,10.0,10.0,10.0,10.0,10.0,10.0,10.0,10.0,10.0,10.0,10.0,10.0,10.0,10.0,10.0,10.0,10.0,10.0,10.0,10.0,0.0,0.0,4.0,0.0,0.0,0.0,0.0,0.0,0.0,0.0,0.0,0.0,0.0,0.0,0.0,0.0,2.0,4.0,2.0,0.0,2.0,2.0,2.0,2.0,2.0,2.0,2.0,2.0,2.0,2.0,2.0,2.0,6.0,8.0,4.0,4.0,4.0,4.0,4.0,4.0,8.0,8.0,4.0,4.0,4.0,4.0,4.0,4.0,8.0,14.0,16.0,16.0,16.0,16.0,16.0,16.0,16.0,15.333333333333334,14.666666666666666,14.0,14.0,16.0,16.0,16.0,16.0,18.0,20.0,20.0
2025-07-15,20.0,20.0,18.0,14.0,12.0,12.0,12.0,12.0,12.0,16.0,16.0,16.0,16.0,16.0,16.0,16.0,16.0,16.0,16.0,16.0,16.0,16.0,16.0,16.0,16.0,16.0,14.0,6.0,10.0,10.0,6.0,6.0,4.0,0.0,0.0,0.0,0.0,0.0,0.0,0.0,0.0,0.0,0.0,0.0,0.0,0.0,0.0,0.0,0.0,0.0,0.0,0.0,0.0,2.0,4.0,14.0,20.0,20.0,24.0,26.0,26.0,26.0,22.0,16.0,10.0,10.0,10.0,10.0,10.0,10.0,8.0,10.0,10.0,10.0,10.0,10.0,16.0,18.0,18.0,18.0,18.0,16.0,14.0,12.0,12.0,12.0,12.0,12.0,12.0,12.0,18.0,18.0,18.0,18.0,14.0,12.0
2025-07-16,10.0,10.0,10.0,10.0,10.0,10.0,10.0,10.0,10.0,10.0,10.0,10.0,10.0,10.0,10.0,10.0,10.0,14.0,24.0,24.0,22.0,18.0,18.0,18.0,18.0,14.0,10.0,10.0,2.0,2.0,20.0,20.0,22.0,22.0,14.0,10.0,14.0,12.0,10.0,8.0,8.0,8.0,6.0,6.0,6.0,8.0,8.0,8.0,8.0,6.0,2.0,0.0,0.0,2.0,0.0,0.0,2.0,2.0,2.0,2.0,2.0,2.0,2.0,2.0,2.0,0.0,0.0,2.0,2.0,0.0,2.0,4.0,4.0,4.0,8.0,4.0,6.0,16.0,16.0,16.0,14.0,16.0,16.0,22.0,24.0,24.0,28.0,26.0,24.0,24.0,24.0,24.0,24.0,24.0,24.0,24.0
2025-07-17,22.0,20.0,20.0,20.0,18.0,16.0,16.0,14.0,12.0,12.0,12.0,10.0,10.0,10.0,10.0,12.0,10.0,10.0,10.0,10.0,10.0,10.0,10.0,10.0,10.0,10.0,12.0,12.0,4.0,0.0,0.0,0.0,0.0,0.0,2.0,0.0,0.0,0.0,4.0,10.0,16.0,16.0,14.0,14.0,14.0,12.0,12.0,14.0,10.0,6.0,4.0,2.0,2.0,0.0,0.0,0.0,0.0,1.0,2.0,4.0,6.0,6.0,8.0,8.0,6.0,6.0,6.0,6.0,4.0,4.0,4.0,4.0,4.0,8.0,6.0,6.0,6.0,8.0,12.0,10.0,28.0,20.0,22.0,22.0,18.0,16.0,16.0,16.0,14.0,12.0,12.0,10.0,10.0,10.0,10.0,10.0
2025-07-18,10.0,10.0,10.0,10.0,10.0,10.0,10.0,10.0,10.0,10.0,10.0,10.0,10.0,10.0,10.0,10.0,10.0,10.0,10.0,10.0,10.0,10.0,10.0,10.0,12.0,12.0,10.0,4.0,2.0,0.0,0.0,0.0,2.0,2.0,2.0,8.0,14.0,16.0,16.0,16.0,14.0,14.0,14.0,14.0,12.0,6.0,4.0,4.0,0.0,0.0,0.0,0.0,0.0,0.0,0.0,0.0,0.0,0.0,12.0,20.0,18.0,16.0,16.0,10.0,6.0,4.0,2.0,0.0,0.0,0.0,0.0,0.0,0.0,0.0,0.0,0.0,0.0,4.0,14.0,16.0,14.0,12.0,12.0,12.0,10.0,10.0,10.0,10.0,18.0,24.0,22.0,22.0,20.0,20.0,18.0,14.0
2025-07-19,14.0,16.0,14.0,14.0,14.0,12.0,12.0,12.0,12.0,12.0,10.0,10.0,10.0,10.0,10.0,10.0,10.0,10.0,10.0,10.0,10.0,10.0,10.0,10.0,10.0,10.0,10.0,4.0,0.0,0.0,0.0,0.0,0.0,0.0,2.0,2.0,2.0,2.0,2.0,2.0,0.0,0.0,0.0,0.0,0.0,0.0,4.0,4.0,6.0,6.0,6.0,6.0,6.0,6.0,6.0,6.0,4.0,2.0,0.0,0.0,0.0,0.0,0.0,2.0,2.0,2.0,2.0,4.0,5.0,6.0,6.0,6.0,6.0,6.0,6.0,6.0,8.0,14.0,18.0,14.0,12.0,12.0,14.0,12.0,14.0,12.0,12.0,16.0,18.0,18.0,18.0,16.0,16.0,14.0,14.0,12.0
2025-07-20,10.0,12.0,12.0,12.0,12.0,12.0,12.0,12.0,12.0,12.0,10.0,10.0,10.0,10.0,10.0,10.0,10.0,12.0,12.0,14.0,12.0,14.0,14.0,10.0,10.0,10.0,10.0,6.0,0.0,0.0,0.0,0.0,0.0,6.0,6.0,4.0,2.0,2.0,2.0,0.0,0.0,0.0,2.0,2.0,2.0,14.0,16.0,16.0,16.0,12.0,10.0,6.0,4.0,4.0,4.0,6.0,10.0,8.0,8.0,10.0,10.0,10.0,10.0,10.0,10.0,10.0,10.0,10.0,10.0,10.0,10.0,12.0,26.0,30.0,28.0,32.0,26.0,14.0,18.0,20.0,20.0,20.0,18.0,16.0,16.0,16.0,14.0,14.0,14.0,14.0,14.0,20.0,22.0,22.0,20.0,18.0
2025-07-23,18.210526315789473,18.157894736842106,18.105263157894736,18.05263157894737,18.0,16.0,16.0,16.0,15.0,14.0,14.0,12.0,10.0,10.0,10.0,12.0,10.0,12.0,12.0,10.0,12.0,12.0,12.0,12.0,12.0,12.0,14.0,8.0,4.0,4.0,8.0,6.0,4.0,2.0,4.0,8.0,8.0,8.0,8.0,8.0,8.0,30.0,26.0,36.0,34.0,34.0,34.0,21.0,8.0,10.0,12.0,10.0,8.0,6.0,4.0,6.0,32.0,36.0,36.0,32.0,32.0,32.0,24.0,14.0,6.0,4.0,2.0,2.0,2.0,8.0,6.0,4.0,4.0,2.0,0.0,0.0,0.0,2.0,10.0,14.0,14.0,12.0,8.0,6.0,6.0,6.0,2.0,0.0,0.0,0.0,0.0,0.0,0.0,0.0,0.0,0.0
2025-07-24,0.0,0.0,0.0,0.0,0.0,0.0,0.0,0.0,0.0,0.0,0.0,0.0,0.0,0.0,0.0,0.0,0.0,0.0,0.0,0.0,0.0,0.0,0.0,0.0,0.0,0.0,0.0,0.0,2.0,0.0,0.0,6.0,6.0,4.0,2.0,2.0,0.0,0.0,0.0,2.0,14.0,16.0,16.0,16.0,16.0,16.0,14.0,8.0,8.0,20.0,20.0,12.0,8.0,6.0,4.0,2.0,2.0,2.0,0.0,0.0,0.0,0.0,0.0,0.0,4.0,4.0,4.0,4.0,4.0,4.0,2.0,0.0,0.0,0.0,0.0,0.0,0.0,2.0,4.0,4.0,4.0,4.0,4.0,4.0,4.0,4.0,4.0,4.0,6.0,6.0,6.0,6.0,8.0,8.0,8.0,8.0
2025-07-25,8.0,8.0,6.0,6.0,6.0,6.0,6.0,6.0,6.0,6.0,6.0,6.0,8.0,6.0,6.0,6.0,6.0,6.0,6.0,6.0,6.0,6.0,6.0,6.0,4.0,4.0,4.0,2.0,2.0,2.0,2.0,2.0,2.0,4.0,4.0,4.0,4.0,4.0,2.0,0.0,0.0,2.0,6.0,6.0,4.0,2.0,2.0,2.0,2.0,2.0,2.0,2.0,0.0,0.0,0.0,0.0,0.0,0.0,0.0,0.0,0.0,0.0,0.0,0.0,0.0,0.0,0.0,0.0,0.0,0.0,0.0,0.0,0.0,0.0,0.0,0.0,0.0,4.0,6.0,6.0,6.0,6.0,6.0,6.0,6.0,6.0,6.0,10.0,30.0,30.0,28.0,28.0,22.0,16.0,14.0,12.0
2025-07-26,10.0,10.0,10.0,10.0,10.0,10.0,10.0,8.0,8.0,8.0,8.0,8.0,8.0,8.0,8.0,8.0,8.0,8.0,8.0,8.0,8.0,6.0,6.0,6.0,4.0,4.0,4.0,6.0,4.0,4.0,4.0,4.0,4.0,4.0,4.0,4.0,4.0,4.0,4.0,4.0,2.0,2.0,2.0,2.0,2.0,2.0,2.0,2.0,2.0,2.0,2.0,2.0,2.0,2.0,2.0,2.0,2.0,2.0,2.0,2.0,2.0,2.0,2.0,0.0,0.0,0.0,0.0,0.0,0.0,0.0,0.0,0.0,0.0,0.0,0.0,0.0,2.0,6.0,6.0,4.0,4.0,4.0,4.0,4.0,4.0,4.0,4.0,4.0,4.0,4.0,4.0,4.0,4.0,4.0,4.0,4.0
2025-07-27,4.0,4.0,4.0,4.0,0.0,0.0,0.0,0.0,0.0,0.0,0.0,0.0,0.0,0.0,0.0,0.0,0.0,0.0,0.0,0.0,0.0,0.0,0.0,0.0,0.0,0.0,0.0,0.0,0.0,0.0,0.0,0.0,0.0,0.0,0.0,0.0,0.0,0.0,0.0,0.0,0.0,0.0,0.0,0.0,0.0,0.0,0.0,0.0,0.0,0.0,0.0,0.0,0.0,0.0,0.0,0.0,0.0,0.0,0.0,0.0,0.0,0.0,0.0,2.0,4.0,4.0,0.0,2.0,2.0,4.0,4.0,4.0,2.0,4.0,2.0,2.0,2.0,6.0,14.0,12.0,12.0,12.666666666666666,13.333333333333334,14.0,12.0,10.0,8.0,8.0,12.0,12.0,10.0,8.0,8.0,8.0,8.0,8.0
2025-07-29,5.936842105263158,5.957894736842105,5.978947368421053,6.0,4.0,4.0,4.0,4.0,4.0,4.0,4.0,6.0,12.0,12.0,12.0,12.0,12.0,10.0,6.0,4.0,4.0,4.0,4.0,4.0,4.0,4.0,4.0,6.0,2.0,0.0,4.0,4.0,2.0,2.0,0.0,0.0,0.0,0.0,0.0,0.0,0.0,2.0,4.0,4.0,4.0,4.0,2.0,2.0,2.0,2.0,2.0,2.0,2.0,4.0,4.0,6.0,8.0,12.0,12.0,8.0,4.0,2.0,2.0,2.0,0.0,0.0,0.0,0.0,0.0,2.0,2.0,0.0,0.0,0.0,12.0,18.0,18.0,20.0,22.0,22.0,20.0,4.0,4.0,4.0,4.0,4.0,4.0,4.0,4.0,4.0,4.0,4.0,4.0,4.0,4.0,4.0
2025-07-30,4.0,4.0,4.0,4.0,4.0,5.0,6.0,4.0,4.0,4.0,4.0,4.0,4.0,4.0,4.0,4.0,4.0,4.0,4.0,4.0,4.0,4.0,4.0,4.0,4.0,4.0,4.0,6.0,2.0,4.0,4.0,4.0,4.0,4.0,4.0,12.0,18.0,18.0,16.0,16.0,16.0,16.0,15.0,14.0,12.0,12.0,12.0,10.0,6.0,2.0,2.0,10.0,14.0,14.0,16.0,18.0,18.0,12.0,6.0,4.0,4.0,6.0,4.0,4.0,4.0,4.0,4.0,4.0,4.0,6.0,8.0,6.0,4.0,2.0,2.0,4.0,0.0,4.0,8.0,8.0,8.0,8.0,6.0,6.0,6.0,8.0,8.0,8.0,12.0,10.0,12.0,12.0,12.0,12.0,12.0,12.0
2025-07-31,10.0,8.0,6.0,6.0,6.0,6.0,6.0,4.0,4.0,6.0,8.0,8.0,8.0,8.0,8.0,8.0,8.0,6.0,4.0,4.0,4.0,4.0,4.0,4.0,4.0,4.0,4.0,4.0,0.0,0.0,0.0,0.0,8.0,26.0,28.0,28.0,26.0,18.0,10.0,14.0,12.0,10.0,10.0,10.0,10.0,10.0,10.0,10.0,10.0,10.0,10.0,8.0,6.0,6.0,10.0,10.0,12.0,12.0,12.0,12.0,12.0,12.0,12.0,10.0,10.0,8.0,8.0,6.0,6.0,6.0,8.0,10.0,8.0,10.0,8.0,12.0,12.0,12.0,8.0,8.0,8.0,8.0,20.0,32.0,30.0,34.0,30.0,22.0,14.0,12.0,12.0,12.0,14.0,14.0,14.0,14.0
2025-08-01,12.0,10.0,10.0,10.0,12.0,10.0,10.0,10.0,8.0,8.0,8.0,8.0,8.0,8.0,8.0,8.0,8.0,8.0,8.0,8.0,8.0,8.0,8.0,8.0,8.0,8.0,8.0,2.0,1.0,0.0,0.0,0.0,0.0,2.0,4.0,6.0,12.0,12.0,12.0,12.0,12.0,12.0,12.0,10.0,6.0,4.0,2.0,2.0,2.0,4.0,6.0,4.0,2.0,2.0,2.0,4.0,2.0,4.0,4.0,4.0,4.0,4.0,4.0,6.0,6.0,6.0,6.0,6.0,8.0,14.0,30.0,28.0,20.0,14.0,14.0,10.0,18.0,22.0,22.0,20.0,18.0,20.0,20.0,20.0,20.0,20.0,18.0,12.0,12.0,12.0,10.0,10.0,10.0,10.0,10.0,10.0
2025-08-02,10.0,10.0,12.0,12.0,12.0,12.0,12.0,12.0,12.0,12.0,12.0,12.0,12.0,8.0,8.0,8.0,8.0,8.0,8.0,8.0,8.0,8.0,8.0,8.0,8.0,8.0,8.0,2.0,0.0,0.0,2.0,0.0,0.0,0.0,0.0,0.0,0.0,0.0,0.0,0.0,0.0,0.0,2.0,2.0,2.0,2.0,6.0,10.0,10.0,6.0,6.0,4.0,4.0,4.0,4.0,6.0,6.0,6.0,6.0,4.0,6.0,8.0,16.0,16.0,16.0,16.0,16.0,8.0,4.0,6.0,5.0,4.0,2.0,4.0,6.0,6.0,14.0,14.0,14.0,16.0,18.0,18.0,18.0,18.0,18.0,18.0,18.0,16.0,16.0,16.0,14.0,10.0,16.0,18.0,18.0,18.0
2025-08-03,16.0,16.0,16.0,16.0,16.0,16.0,16.0,12.0,10.0,10.0,10.0,10.0,10.0,8.0,8.0,8.0,10.0,8.0,8.0,8.0,8.0,8.0,10.0,10.0,12.0,10.0,8.0,6.0,0.0,0.0,0.0,0.0,0.0,0.0,0.0,0.0,0.0,2.0,2.0,2.0,4.0,4.0,4.0,2.0,2.0,2.0,6.0,6.0,6.0,6.0,6.0,6.0,6.0,2.0,2.0,2.0,2.0,2.0,0.0,0.0,2.0,2.0,2.0,2.0,4.0,6.0,6.0,4.0,2.0,4.0,4.0,2.0,6.0,4.0,4.0,8.0,12.0,14.0,12.0,12.0,12.0,12.0,12.0,10.0,12.0,10.0,12.0,10.0,14.0,16.0,16.0,16.0,14.0,14.0,14.0,14.0
2025-08-04,14.0,14.0,14.0,12.0,12.0,12.0,10.0,8.0,8.0,8.0,8.0,8.0,8.0,8.0,8.0,8.0,8.0,8.0,8.0,8.0,8.0,8.0,8.0,8.0,8.0,8.0,8.0,16.0,24.0,14.0,12.0,12.0,14.0,12.0,10.0,8.0,8.0,6.0,12.0,22.0,22.0,20.0,16.0,10.0,4.0,2.0,10.0,8.0,8.0,6.0,4.0,4.0,2.0,0.0,0.0,0.0,6.0,2.0,0.0,2.0,4.0,2.0,2.0,2.0,2.0,2.0,2.0,6.0,6.0,6.0,6.0,6.0,6.0,4.0,2.0,2.0,6.0,12.0,12.0,10.0,12.0,12.0,12.0,12.0,14.0,20.0,20.0,16.0,14.0,14.0,14.0,12.0,12.0,12.0,12.0,12.0
2025-08-05,12.0,12.0,10.0,10.0,10.0,10.0,10.0,10.0,10.0,10.0,10.0,9.0,8.0,8.0,8.0,8.0,8.0,8.0,8.0,8.0,8.0,8.0,8.0,8.0,8.0,8.0,8.0,8.0,8.0,4.0,2.0,0.0,0.0,0.0,2.0,8.0,10.0,10.0,10.0,10.0,10.0,8.0,8.0,8.0,8.0,8.0,8.0,6.0,6.0,4.0,4.0,4.0,4.0,4.0,4.0,4.0,2.0,2.0,2.0,0.0,2.0,12.0,10.0,10.0,8.0,2.0,0.0,0.0,0.0,0.0,0.0,0.0,0.0,6.0,8.0,8.0,20.0,20.0,18.0,16.0,14.0,16.0,26.0,26.0,26.0,22.0,20.0,20.0,20.0,16.0,14.0,14.0,12.0,12.0,12.0,12.0
2025-08-06,12.0,12.0,10.0,10.0,10.0,10.0,10.0,10.0,10.0,8.0,8.0,8.0,8.0,8.0,8.0,8.0,8.0,8.0,10.0,10.0,10.0,10.0,10.0,10.0,10.0,10.0,10.0,8.0,2.0,6.0,6.0,4.0,4.0,4.0,4.0,8.0,8.0,8.0,6.0,4.0,4.0,4.0,2.0,2.0,0.0,2.0,6.0,6.0,8.0,8.0,6.0,6.0,6.0,6.0,6.0,4.0,4.0,2.0,2.0,2.0,0.0,0.0,0.0,0.0,0.0,0.0,0.0,0.0,2.0,4.0,4.0,4.0,4.0,4.0,12.0,6.0,2.0,4.0,8.0,8.0,8.0,8.0,12.0,14.0,14.0,14.0,14.0,10.0,10.0,10.0,8.0,8.0,12.0,12.0,12.0,12.0
2025-08-07,12.0,12.0,14.0,12.0,12.0,12.0,12.0,12.0,12.0,12.0,14.0,14.0,12.0,14.0,14.0,14.0,14.0,12.0,14.0,14.0,14.0,14.0,12.0,14.0,14.0,14.0,14.0,14.0,12.0,4.0,0.0,2.0,2.0,2.0,2.0,2.0,2.0,0.0,0.0,0.0,0.0,0.0,0.0,0.0,4.0,4.0,2.0,0.0,0.0,0.0,0.0,0.0,0.0,0.0,0.0,0.0,0.0,0.0,0.0,0.0,0.0,0.0,0.0,0.0,0.0,6.0,4.0,5.0,6.0,6.0,6.0,4.0,0.0,0.0,2.0,6.0,2.0,6.0,8.0,8.0,8.0,10.0,12.0,12.0,14.0,12.0,12.0,12.0,12.0,12.0,12.0,12.0,12.0,12.0,12.0,12.0
2025-08-08,14.0,12.0,12.0,12.0,12.0,12.0,12.0,12.0,14.0,14.0,12.0,14.0,14.0,12.0,12.0,12.0,12.0,12.0,12.0,10.0,10.0,8.0,8.0,8.0,12.0,12.0,10.0,4.0,6.0,4.0,4.0,4.0,4.0,6.0,8.0,8.0,6.0,4.0,4.0,2.0,2.0,4.0,4.0,4.0,4.0,4.0,4.0,2.0,4.0,8.0,10.0,14.0,14.0,14.0,14.0,10.0,10.0,10.0,10.0,8.0,8.0,8.0,6.0,4.0,4.0,2.0,2.0,2.0,2.0,2.0,0.0,0.0,0.0,0.0,2.0,4.0,10.0,8.0,8.0,8.0,10.0,10.0,8.0,10.0,12.0,12.0,10.0,12.0,12.0,12.0,10.0,10.0,8.0,8.0,8.0,8.0
2025-08-09,8.0,8.0,8.0,8.0,8.0,8.0,8.0,8.0,8.0,8.0,8.0,8.0,8.0,8.0,8.0,8.0,8.0,8.0,8.0,8.0,8.0,8.0,8.0,8.0,8.0,8.0,8.0,8.0,2.0,0.0,0.0,0.0,0.0,0.0,0.0,0.0,0.0,0.0,0.0,0.0,0.0,0.0,0.0,0.0,0.0,4.0,4.0,2.0,0.0,0.0,0.0,0.0,0.0,0.0,0.0,1.0,2.0,0.0,2.0,2.0,2.0,2.0,2.0,2.0,2.0,2.0,2.0,2.0,0.0,0.0,0.0,0.0,0.0,0.0,0.0,0.0,10.0,12.0,12.0,12.0,12.0,12.0,12.0,12.0,10.0,14.0,14.0,12.0,18.0,18.0,18.0,22.0,22.0,22.0,22.0,22.0
2025-08-10,18.0,18.0,18.0,18.0,16.0,14.0,12.0,12.0,10.0,10.0,10.0,8.0,8.0,8.0,8.0,8.0,8.0,8.0,8.0,8.0,8.0,8.0,10.0,10.0,10.0,10.0,8.0,8.0,7.454545454545455,6.909090909090909,6.363636363636363,5.818181818181818,5.2727272727272725,4.7272727272727275,4.181818181818182,3.6363636363636367,3.0909090909090917,2.545454545454546,2.0,2.0,2.0,2.0,4.0,4.0,4.0,4.0,4.0,4.0,4.0,4.0,2.0,2.0,2.0,8.0,8.0,8.0,8.0,10.0,8.0,8.0,4.0,2.0,2.0,0.0,2.0,2.0,2.0,0.0,0.0,2.0,2.0,4.0,6.0,4.0,8.0,4.0,10.0,16.0,14.0,12.0,12.0,14.0,12.0,12.0,12.0,10.0,10.0,10.0,10.0,10.0,10.0,10.0,10.0,10.0,8.0,8.0
2025-08-11,8.0,8.0,8.0,8.0,8.0,8.0,8.0,8.0,8.0,8.0,8.0,8.0,8.0,8.0,8.0,8.0,8.0,8.0,8.0,8.0,8.0,8.0,8.0,8.0,8.0,8.0,4.0,8.0,4.0,0.0,0.0,0.0,0.0,0.0,0.0,0.0,4.0,20.0,22.0,22.0,20.0,12.0,8.0,4.0,4.0,2.0,0.0,0.0,0.0,0.0,0.0,0.0,0.0,0.0,8.0,2.0,0.0,0.0,2.0,4.0,8.0,6.0,4.0,2.0,0.0,0.0,0.0,0.0,0.0,0.0,0.0,0.0,0.0,2.0,4.0,4.0,10.0,8.0,8.0,8.0,8.0,8.0,10.0,10.0,14.0,18.0,16.0,18.0,16.0,14.0,12.0,12.0,12.0,12.0,12.0,12.0
2025-08-12,12.0,12.0,12.0,12.0,10.0,8.0,8.0,8.0,8.0,8.0,8.0,8.0,8.0,8.0,8.0,8.0,8.0,8.0,8.0,8.0,8.0,8.0,8.0,8.0,8.0,8.0,10.0,16.0,16.0,10.0,8.0,2.0,2.0,2.0,2.0,2.0,4.0,2.0,2.0,2.0,2.0,4.0,2.0,2.0,2.0,2.0,2.0,0.0,0.0,0.0,0.0,0.0,0.0,0.0,0.0,0.0,0.0,0.0,0.0,4.0,6.0,2.0,2.0,2.0,2.0,2.0,2.0,2.0,2.0,2.0,2.0,2.0,2.0,2.0,2.0,8.0,10.0,10.0,8.0,8.0,8.0,8.0,10.0,10.0,10.0,8.0,8.0,8.0,8.0,8.0,8.0,8.0,8.0,8.0,8.0,8.0
2025-08-13,8.0,8.0,8.0,8.0,8.0,8.0,8.0,8.0,8.0,8.0,8.0,8.0,8.0,8.0,8.0,8.0,8.0,8.0,8.0,8.0,8.0,8.0,8.0,8.0,8.0,8.0,8.0,8.0,4.0,0.0,0.0,0.0,0.0,0.0,0.0,0.0,14.0,16.0,16.0,16.0,14.0,12.0,14.0,12.0,8.0,6.0,4.0,2.0,2.0,4.0,2.0,0.0,0.0,0.0,2.0,2.0,2.0,6.0,6.0,2.0,0.0,0.0,0.0,0.0,0.0,0.0,0.0,0.0,0.0,0.0,0.0,0.0,0.0,0.0,0.0,0.0,6.0,8.0,8.0,8.0,8.0,8.0,8.0,8.0,10.0,10.0,10.0,10.0,10.0,10.0,10.0,10.0,8.0,8.0,8.0,8.0
2025-08-16,10.0,8.0,8.0,8.0,8.0,8.0,8.0,8.0,8.0,8.0,8.0,8.0,8.0,8.0,8.0,8.0,8.0,8.0,8.0,8.0,8.0,8.0,8.0,8.0,8.0,9.0,10.0,12.0,10.0,6.0,0.0,0.0,0.0,0.0,0.0,0.0,0.0,0.0,0.0,0.0,0.0,0.0,0.0,0.0,0.0,0.0,0.0,0.0,0.0,0.0,0.0,0.0,0.0,0.0,0.0,0.0,0.0,2.0,0.0,2.0,4.0,4.0,4.0,4.0,4.0,4.0,2.0,2.0,0.0,0.0,0.0,0.0,0.0,0.0,0.0,0.0,6.0,8.0,8.0,8.0,8.0,8.0,8.0,8.0,8.0,8.0,8.0,8.0,8.0,8.0,8.0,8.0,8.0,8.0,8.0,8.0
2025-08-17,8.0,8.0,8.0,8.0,8.0,8.0,8.0,8.0,8.0,8.0,8.0,8.0,8.0,8.0,8.0,8.0,8.0,8.0,8.0,8.0,8.0,8.0,8.0,10.0,10.0,8.0,6.0,2.0,0.0,2.0,0.0,0.0,0.0,0.0,0.0,0.0,0.0,0.0,0.0,0.0,0.0,0.0,0.0,0.0,0.0,0.0,0.0,0.0,0.0,0.0,0.0,0.0,0.0,0.0,2.0,4.0,2.0,1.0,0.0,0.0,0.0,0.0,0.0,0.0,0.0,0.0,0.0,0.0,0.0,0.0,0.0,4.0,6.0,6.0,10.0,14.0,14.0,16.0,0.0,14.0,14.0,14.0,20.0,26.0,26.0,28.0,34.0,34.0,30.0,26.0,22.0,16.0,14.0,14.0,12.0,12.0
2025-08-18,12.0,12.0,10.0,10.0,10.0,10.0,10.0,10.0,10.0,10.0,10.0,8.0,8.0,8.0,8.0,8.0,8.0,8.0,10.0,8.0,10.0,8.0,8.0,8.0,8.0,12.0,8.0,4.0,0.0,0.0,0.0,2.0,0.0,0.0,0.0,0.0,0.0,2.0,2.0,4.0,2.0,2.0,2.0,0.0,14.0,16.0,14.0,8.0,10.0,14.0,10.0,6.0,6.0,6.0,6.0,6.0,6.0,6.0,6.0,6.0,6.0,6.0,8.0,8.0,6.0,6.0,6.0,4.0,6.0,6.0,6.0,6.0,6.0,4.0,4.0,6.0,6.0,16.0,20.0,20.0,16.0,16.0,14.0,14.0,14.0,14.0,12.0,12.0,12.0,12.0,10.0,8.0,8.0,8.0,8.0,8.0
2025-08-19,8.0,8.0,8.0,8.0,8.0,8.0,8.0,8.0,8.0,8.0,8.0,8.0,8.0,8.0,8.0,8.0,8.0,8.0,8.0,8.0,8.0,8.0,8.0,8.0,8.0,8.0,8.0,4.0,4.0,2.0,2.0,2.0,2.0,4.0,4.0,4.0,4.0,4.0,6.0,8.0,10.0,8.0,8.0,6.0,6.0,8.0,8.0,6.0,6.0,6.0,6.0,4.0,4.0,2.0,2.0,2.0,2.0,0.0,0.0,0.0,0.0,0.0,0.0,2.0,6.0,2.0,0.0,0.0,0.0,0.0,2.0,0.0,2.0,2.0,0.0,0.0,8.0,8.0,8.0,8.0,8.0,8.0,8.0,10.0,10.0,10.0,10.0,10.0,10.0,10.0,10.0,14.0,14.0,14.0,14.0,14.0
2025-08-20,14.0,16.0,14.0,12.0,8.0,8.0,8.0,8.0,8.0,8.0,8.0,8.0,8.0,8.0,8.0,8.0,8.0,8.0,8.0,8.0,8.0,8.0,8.0,8.0,8.0,8.0,8.0,2.0,2.0,4.0,2.0,0.0,0.0,0.0,0.0,0.0,0.0,0.0,0.0,2.0,6.0,6.0,6.0,6.0,6.0,6.0,6.0,6.0,6.0,2.0,2.0,2.0,2.0,2.0,2.0,2.0,0.0,0.0,0.0,2.0,2.0,2.0,2.0,2.0,4.0,12.0,16.0,14.0,14.0,14.0,10.0,10.0,4.0,4.0,4.0,10.0,14.0,14.0,14.0,14.0,14.0,12.0,12.0,12.0,20.0,20.0,18.0,16.0,16.0,18.0,18.0,18.0,18.0,18.0,18.0,18.0
2025-08-21,16.0,14.0,14.0,12.0,12.0,12.0,10.0,10.0,10.0,8.0,8.0,8.0,8.0,8.0,8.0,8.0,8.0,8.0,8.0,8.0,8.0,8.0,8.0,8.0,8.0,8.0,8.0,8.0,0.0,0.0,0.0,0.0,0.0,0.0,0.0,0.0,0.0,4.0,14.0,14.0,14.0,14.0,14.0,10.0,8.0,8.0,2.0,2.0,4.0,2.0,2.0,0.0,6.0,6.0,6.0,10.0,6.0,14.0,12.0,10.0,10.0,10.0,6.0,4.0,2.0,2.0,2.0,2.0,2.0,2.0,2.0,2.0,2.0,8.0,14.0,22.0,20.0,16.0,14.0,14.0,12.0,10.0,10.0,10.0,8.0,8.0,10.0,10.0,14.0,16.0,14.0,14.0,14.0,16.0,16.0,16.0
2025-08-22,14.0,14.0,14.0,14.0,14.0,14.0,14.0,13.0,12.0,12.0,12.0,12.0,12.0,12.0,12.0,12.0,12.0,12.0,12.0,10.0,10.0,10.0,10.0,10.0,10.0,10.0,10.0,6.0,8.0,10.0,8.0,6.0,8.0,8.0,10.0,6.0,6.0,6.0,2.0,4.0,2.0,2.0,14.0,16.0,20.0,22.0,22.0,22.0,20.0,20.0,20.0,20.0,20.0,18.0,18.0,18.0,16.0,12.0,8.0,6.0,6.0,6.0,6.0,6.0,6.0,8.0,8.0,8.0,8.0,10.0,8.0,8.0,8.0,8.0,8.0,10.0,12.0,14.0,12.0,14.0,14.0,12.0,10.0,10.0,10.0,12.0,12.0,12.0,12.0,10.0,10.0,10.0,10.0,10.0,10.0,10.0
2025-08-23,10.0,10.0,10.0,10.0,10.0,10.0,10.0,10.0,10.0,10.0,10.0,10.0,10.0,10.0,10.0,10.0,12.0,10.0,10.0,8.0,8.0,8.0,8.0,8.0,8.0,8.0,8.0,8.0,8.0,2.0,0.0,0.0,0.0,0.0,0.0,0.0,0.0,0.0,0.0,0.0,0.0,0.0,0.0,0.0,0.0,12.0,16.0,14.0,12.0,10.0,6.0,4.0,6.0,4.0,2.0,2.0,2.0,2.0,2.0,2.0,2.0,2.0,2.0,4.0,4.0,4.0,4.0,4.0,4.0,2.0,2.0,2.0,2.0,2.0,2.0,6.0,10.0,10.0,8.0,8.0,18.0,19.0,20.0,20.0,20.0,20.0,20.0,12.0,8.0,8.0,8.0,8.0,8.0,8.0,8.0,8.0
2025-08-24,8.0,8.0,8.0,8.0,8.0,8.0,8.0,8.0,8.0,8.0,8.0,8.0,8.0,8.0,8.0,8.0,8.0,8.0,8.0,8.0,8.0,8.0,8.0,8.0,8.0,8.0,8.0,4.0,0.0,0.0,0.0,0.0,0.0,0.0,0.0,6.0,8.0,8.0,8.0,8.0,12.0,14.0,10.0,6.0,6.0,6.0,4.0,4.0,4.0,4.0,2.0,0.0,0.0,0.0,0.0,0.0,0.0,0.0,0.0,0.0,0.0,0.0,0.0,0.0,0.0,0.0,0.0,0.0,0.0,0.0,0.0,0.0,0.0,0.0,2.0,0.0,2.0,8.0,8.0,10.0,18.0,18.0,18.0,18.0,18.0,18.0,18.0,18.0,18.0,18.0,18.0,18.0,18.0,18.0,14.0,12.0
2025-08-25,10.0,10.0,10.0,10.0,10.0,8.0,10.0,10.0,8.0,10.0,8.0,10.0,10.0,10.0,12.0,12.0,12.0,12.0,12.0,12.0,12.0,12.0,12.0,12.0,12.0,10.0,8.0,2.0,0.0,2.0,0.0,0.0,0.0,0.0,0.0,0.0,0.0,0.0,0.0,0.0,0.0,0.0,0.0,0.0,0.0,0.0,0.0,0.0,0.0,0.0,2.0,6.0,8.0,8.0,10.0,22.0,22.0,24.0,20.0,18.0,20.0,20.0,16.0,14.0,14.0,10.0,10.0,6.0,4.0,4.0,4.0,6.0,4.0,4.0,0.0,0.0,8.0,12.0,12.0,12.0,10.0,14.0,14.0,14.0,16.0,16.0,16.0,14.0,14.0,10.0,10.0,10.0,10.0,10.0,10.0,10.0
2025-08-26,10.0,10.0,10.0,10.0,10.0,10.0,10.0,10.0,10.0,10.0,8.0,8.0,8.0,8.0,8.0,8.0,8.0,8.0,8.0,8.0,8.0,8.0,8.0,8.0,8.0,10.0,8.0,6.0,4.0,0.0,2.0,0.0,0.0,0.0,0.0,0.0,0.0,0.0,0.0,0.0,0.0,0.0,0.0,0.0,0.0,0.0,0.0,0.0,0.0,0.0,2.0,2.0,2.0,2.0,2.0,6.0,6.0,6.0,4.0,2.0,4.0,2.0,2.0,2.0,2.0,2.0,2.0,2.0,2.0,2.0,2.0,2.0,0.0,0.0,0.0,0.0,4.0,8.0,8.0,8.0,10.0,10.0,10.0,10.0,10.0,10.0,10.0,10.0,10.0,16.0,20.0,20.0,20.0,20.0,20.0,20.0
2025-08-27,20.0,20.0,16.0,14.0,12.0,10.0,10.0,10.0,8.0,8.0,8.0,8.0,8.0,8.0,8.0,8.0,8.0,8.0,8.0,8.0,8.0,8.0,8.0,8.0,8.0,10.0,16.0,24.0,22.0,18.0,12.0,8.0,8.0,8.0,8.0,2.0,2.0,2.0,2.0,2.0,2.0,2.0,2.0,2.0,0.0,2.0,2.0,2.0,2.0,2.0,0.0,0.0,0.0,0.0,0.0,2.0,4.0,4.0,4.0,2.0,0.0,0.0,0.0,2.0,6.0,6.0,6.0,6.0,12.0,12.0,4.0,2.0,0.0,0.0,0.0,2.0,4.0,14.0,12.0,12.0,12.0,12.0,12.0,8.0,8.0,8.0,8.0,8.0,8.0,14.0,12.0,14.0,14.0,14.0,14.0,14.0
2025-08-28,12.0,12.0,12.0,12.0,12.0,12.0,12.0,12.0,10.0,8.0,8.0,8.0,8.0,8.0,8.0,8.0,8.0,8.0,8.0,8.0,8.0,8.0,8.0,8.0,8.0,8.0,8.0,8.0,2.0,0.0,0.0,0.0,0.0,0.0,0.0,4.0,6.0,6.0,6.0,6.0,14.0,16.0,16.0,16.0,16.0,16.0,16.0,16.0,16.0,12.0,8.0,8.0,8.0,6.0,2.0,0.0,0.0,0.0,2.0,2.0,0.0,0.0,0.0,0.0,0.0,0.0,0.0,0.0,0.0,0.0,0.0,0.0,2.0,4.0,10.0,4.0,12.0,12.0,16.0,16.0,16.0,16.0,14.0,12.0,12.0,12.0,10.0,10.0,8.0,8.0,8.0,8.0,8.0,8.0,8.0,8.0
2025-08-29,8.0,8.0,8.0,8.0,8.0,8.0,8.0,8.0,8.0,8.0,8.0,8.0,8.0,8.0,8.0,8.0,8.0,8.0,8.0,8.0,8.0,8.0,8.0,8.0,8.0,8.0,8.0,2.0,0.0,0.0,0.0,0.0,0.0,0.0,0.0,0.0,0.0,4.0,12.0,10.0,10.0,10.0,10.0,10.0,10.0,10.0,8.0,8.0,8.0,6.0,4.0,4.0,4.0,10.0,12.0,12.0,12.0,16.0,18.0,18.0,20.0,20.0,18.0,14.0,10.0,6.0,4.0,4.0,2.0,4.0,2.0,2.0,2.0,2.0,2.0,0.0,6.0,10.0,10.0,8.0,8.0,8.0,12.0,12.0,12.0,12.0,12.0,12.0,14.0,16.0,14.0,18.0,18.0,18.0,16.0,16.0
2025-08-30,10.0,8.0,8.0,8.0,8.0,8.0,8.0,10.0,8.0,8.0,8.0,8.0,8.0,8.0,8.0,8.0,8.0,8.0,8.0,8.0,8.0,8.0,8.0,8.0,8.0,8.0,6.0,0.0,0.0,0.0,4.0,4.0,4.0,4.0,4.0,0.0,0.0,0.0,0.0,0.0,0.0,0.0,0.0,0.0,0.0,0.0,0.0,0.0,4.0,4.0,4.0,4.0,4.0,4.0,0.0,0.0,0.0,0.0,0.0,0.0,0.0,0.0,0.0,0.0,0.0,0.0,0.0,0.0,0.0,0.0,0.0,0.0,0.0,0.0,0.0,4.0,4.0,8.0,10.0,10.0,12.0,16.0,16.0,14.0,10.0,8.0,8.0,8.0,8.0,8.0,14.0,14.0,14.0,14.0,12.0,10.0
2025-08-31,10.0,10.0,10.0,10.0,10.0,10.0,10.0,8.0,8.0,8.0,8.0,8.0,8.0,8.0,8.0,8.0,8.0,8.0,8.0,8.0,8.0,8.0,8.0,8.0,8.0,8.0,8.0,2.0,0.0,0.0,0.0,0.0,0.0,0.0,0.0,0.0,0.0,0.0,0.0,0.0,0.0,0.0,0.0,0.0,0.0,0.0,0.0,0.0,0.0,0.0,0.0,0.0,0.0,0.0,0.0,2.0,24.0,28.0,30.0,30.0,28.0,22.0,14.0,10.0,8.0,6.0,4.0,2.0,0.0,0.0,0.0,0.0,0.0,4.0,6.0,0.0,2.0,8.0,8.0,8.0,8.0,10.0,16.0,16.0,16.0,16.0,16.0,16.0,16.0,16.0,16.0,10.0,12.0,10.0,8.0,8.0
2025-09-01,8.0,8.0,8.0,8.0,8.0,8.0,8.0,8.0,8.0,8.0,12.0,12.0,12.0,12.0,12.0,12.0,12.0,10.0,8.0,8.0,8.0,8.0,8.0,8.0,8.0,8.0,6.0,2.0,2.0,2.0,2.0,2.0,0.0,0.0,0.0,2.0,2.0,2.0,4.0,14.0,10.0,8.0,8.0,6.0,6.0,8.0,14.0,20.0,20.0,20.0,20.0,20.0,20.0,18.0,16.0,14.0,12.0,10.0,8.0,8.0,8.0,6.0,6.0,4.0,2.0,0.0,0.0,0.0,0.0,20.0,20.0,22.0,22.0,22.0,30.0,26.0,26.0,24.0,24.0,22.0,12.0,10.0,10.0,8.0,8.0,8.0,8.0,8.0,8.0,8.0,8.0,8.0,8.0,8.0,8.0,8.0
2025-09-02,8.0,8.0,8.0,8.0,8.0,8.0,8.0,8.0,8.0,8.0,8.0,8.0,8.0,8.0,8.0,8.0,8.0,8.0,8.0,8.0,8.0,8.0,8.0,8.0,8.0,8.0,6.0,0.0,0.0,0.0,0.0,0.0,0.0,4.0,8.0,8.0,8.0,8.0,8.0,8.0,8.0,14.0,12.0,12.0,12.0,10.0,10.0,9.0,8.0,8.0,8.0,6.0,4.0,4.0,2.0,0.0,0.0,0.0,2.0,4.0,4.0,4.0,4.0,4.0,2.0,4.0,4.0,4.0,4.0,2.0,4.0,6.0,6.0,6.0,6.0,6.0,14.0,14.0,14.0,12.0,12.0,12.0,14.0,14.0,14.0,12.0,14.0,14.0,14.0,14.0,14.0,12.0,10.0,8.0,8.0,8.0
2025-09-03,8.0,8.0,8.0,8.0,8.0,8.0,8.0,8.0,8.0,8.0,8.0,8.0,8.0,8.0,8.0,8.0,8.0,8.0,8.0,8.0,8.0,8.0,8.0,8.0,9.0,10.0,8.0,4.0,0.0,0.0,2.0,2.0,0.0,0.0,0.0,0.0,0.0,0.0,4.0,12.0,12.0,12.0,14.0,14.0,14.0,12.0,10.0,20.0,22.0,32.0,36.0,36.0,30.0,18.0,4.0,8.0,2.0,2.0,0.0,2.0,4.0,4.0,2.0,8.0,2.0,2.0,2.0,2.0,2.0,2.0,2.0,4.0,2.0,2.0,2.0,10.0,14.0,12.0,14.0,18.0,18.0,16.0,12.0,10.0,8.0,8.0,8.142857142857142,8.285714285714286,8.428571428571429,8.571428571428571,8.714285714285714,8.857142857142858,9.0,9.142857142857142,9.285714285714286,9.428571428571429
2025-09-04,9.571428571428571,9.714285714285714,9.857142857142858,10.0,10.0,10.0,8.0,8.0,8.0,8.0,8.0,8.0,8.0,8.0,8.0,8.0,8.0,8.0,8.0,8.0,8.0,8.0,8.0,8.0,8.0,8.0,6.0,0.0,0.0,0.0,0.0,0.0,0.0,8.0,8.0,8.0,8.0,8.0,8.0,8.0,8.0,8.0,8.0,6.0,4.0,2.0,2.0,2.0,0.0,0.0,0.0,4.0,6.0,6.0,4.0,0.0,0.0,0.0,0.0,0.0,0.0,0.0,0.0,0.0,0.0,0.0,0.0,0.0,0.0,0.0,0.0,0.0,0.0,0.0,0.0,0.0,4.0,8.0,8.0,8.0,8.0,8.0,8.0,8.0,8.0,8.0,8.0,8.0,10.0,16.0,16.0,16.0,16.0,16.0,16.0,16.0
2025-09-05,16.0,16.0,16.0,16.0,16.0,16.0,16.0,14.0,12.0,10.0,10.0,8.0,8.0,8.0,8.0,8.0,8.0,8.0,8.0,8.0,8.0,8.0,8.0,8.0,8.0,8.0,6.0,0.0,0.0,0.0,0.0,0.0,0.0,0.0,0.0,0.0,0.0,2.0,2.0,0.0,0.0,0.0,0.0,0.0,0.0,8.0,18.0,32.0,36.0,36.0,30.0,22.0,14.0,10.0,6.0,0.0,2.0,2.0,2.0,6.0,8.0,8.0,8.0,16.0,20.0,10.0,10.0,10.0,14.0,12.0,14.0,14.0,8.0,4.0,4.0,2.0,2.0,6.0,10.0,10.0,8.0,8.0,8.0,8.0,8.0,8.0,8.0,8.0,8.0,8.0,8.0,10.0,18.0,18.0,18.0,18.0
2025-09-06,18.0,12.0,12.0,14.0,0.0,0.0,0.0,0.0,0.0,0.0,0.0,0.0,0.0,0.0,0.0,0.0,0.0,0.0,0.0,0.0,0.0,0.0,0.0,0.0,0.0,0.0,0.0,0.0,0.0,0.0,0.0,4.0,8.0,8.0,6.0,6.0,4.0,4.0,4.0,2.0,2.0,8.0,16.0,16.0,16.0,16.0,16.0,16.0,16.0,16.0,14.0,14.0,14.0,16.0,16.0,16.0,12.0,10.0,6.0,4.0,4.0,2.0,2.0,2.0,2.0,2.0,2.0,2.0,18.0,20.0,18.0,18.0,20.0,18.0,18.0,8.0,6.0,10.0,10.0,8.0,8.0,8.0,8.0,8.0,8.0,8.0,8.0,8.0,8.0,8.0,8.0,8.0,8.0,8.0,8.0,8.0
2025-09-07,8.0,8.0,8.0,8.0,8.0,8.0,8.0,8.0,8.0,8.0,8.0,8.0,8.0,8.0,8.0,8.0,8.0,8.0,8.0,8.0,8.0,8.0,8.0,8.0,8.0,8.0,8.0,6.0,0.0,0.0,0.0,0.0,0.0,0.0,0.0,0.0,2.0,4.0,4.0,4.0,4.0,4.0,4.0,4.0,4.0,4.0,4.0,4.0,4.0,4.0,4.0,10.0,16.0,16.0,18.0,34.0,32.0,30.0,26.0,24.0,16.0,8.0,4.0,2.0,0.0,2.0,14.0,20.0,8.0,8.0,32.0,40.0,42.0,42.0,40.0,36.0,34.0,30.0,18.0,20.0,18.0,18.0,22.0,24.0,22.0,18.0,16.0,14.0,12.0,14.0,12.0,10.0,10.0,10.0,8.0,8.0
2025-09-08,8.0,8.0,8.0,8.0,8.0,8.0,8.0,8.0,8.0,8.0,8.0,8.0,8.0,8.0,8.0,8.0,8.0,8.0,8.0,8.0,8.0,8.0,8.0,8.0,8.0,8.0,8.0,2.0,1.0,0.0,0.0,0.0,0.0,0.0,0.0,0.0,0.0,0.0,0.0,0.0,0.0,0.0,0.0,0.0,0.0,0.0,0.0,0.0,0.0,0.0,0.0,0.0,0.0,0.0,0.0,0.0,0.0,0.0,2.0,12.0,10.0,10.0,6.0,10.0,6.0,2.0,2.0,4.0,4.0,4.0,4.0,8.0,12.0,10.0,10.0,18.0,20.0,20.0,18.0,18.0,18.0,24.0,24.0,22.0,22.0,8.0,8.0,8.0,8.0,8.0,8.0,8.0,8.0,8.0,8.0,8.0
2025-09-09,8.0,8.0,8.0,8.0,8.0,8.0,8.0,8.0,8.0,8.0,8.0,8.0,8.0,8.0,8.0,8.0,8.0,8.0,8.0,8.0,8.0,8.0,8.0,8.0,8.0,8.0,6.0,0.0,0.0,0.0,0.0,0.0,2.0,4.0,8.0,8.0,8.0,8.0,6.0,6.0,6.0,6.0,0.0,0.0,0.0,0.0,4.0,6.0,4.0,4.0,4.0,2.0,2.0,2.0,2.0,16.0,22.0,18.0,10.0,0.0,0.0,4.0,16.0,12.0,12.0,12.0,8.0,4.0,4.0,2.0,2.0,4.0,0.0,0.0,0.0,2.0,8.0,8.0,8.0,8.0,8.0,8.0,8.0,8.0,8.0,8.0,12.0,12.0,10.0,10.0,10.0,10.0,8.0,8.0,8.0,8.0
2025-09-10,8.0,8.0,8.0,8.0,8.0,8.0,8.0,8.0,8.0,8.0,8.0,8.0,8.0,8.0,8.0,8.0,8.0,8.0,8.0,8.0,8.0,8.0,8.0,8.0,8.0,8.0,6.0,0.0,0.0,2.0,0.0,6.0,6.0,4.0,2.0,0.0,0.0,0.0,0.0,0.0,2.0,8.0,8.0,14.0,14.0,14.0,14.0,14.0,14.0,12.0,12.0,10.0,16.0,20.0,16.0,16.0,16.0,8.0,6.0,6.0,6.0,6.0,6.0,6.0,8.0,8.0,6.0,4.0,4.0,2.0,2.0,2.0,2.0,2.0,0.0,2.0,8.0,10.0,8.0,8.0,8.0,8.0,8.0,8.0,8.0,8.0,8.0,8.0,8.0,8.0,8.0,8.0,8.0,8.0,8.0,8.0
2025-09-11,8.0,18.0,20.0,20.0,20.0,20.0,20.0,20.0,18.0,16.0,12.0,12.0,10.0,10.0,10.0,8.0,8.0,8.0,8.0,8.0,8.0,8.0,8.0,8.0,8.0,8.0,4.0,0.0,0.0,0.0,0.0,0.0,0.0,0.0,8.0,10.0,10.0,10.0,12.0,12.0,12.0,10.0,6.0,2.0,0.0,0.0,0.0,0.0,0.0,0.0,0.0,0.0,0.0,4.0,18.0,20.0,22.0,22.0,18.0,28.0,50.0,50.0,42.0,32.0,34.0,30.0,24.0,22.0,18.0,18.0,16.0,12.0,6.0,2.0,4.0,8.0,10.0,10.0,8.0,8.0,8.0,8.0,8.0,8.0,8.0,8.0,8.0,8.0,8.0,10.0,10.0,12.0,12.0,12.0,12.0,12.0
2025-09-13,8.46153846153846,8.307692307692307,8.153846153846153,8.0,8.0,8.0,8.0,8.0,10.0,14.0,14.0,14.0,12.0,12.0,12.0,10.0,10.0,10.0,10.0,10.0,10.0,10.0,8.0,12.0,20.0,20.0,18.0,14.0,12.0,4.0,6.0,12.0,22.0,20.0,14.0,0.0,0.0,0.0,0.0,0.0,0.0,0.0,0.0,0.0,0.0,0.0,0.0,0.0,0.0,0.0,0.0,0.0,0.0,0.0,0.0,0.0,0.0,10.0,18.0,18.0,16.0,14.0,8.0,4.0,2.0,0.0,0.0,2.0,2.0,2.0,2.0,2.0,4.0,6.0,4.0,8.0,10.0,10.0,10.0,10.0,10.0,10.0,10.0,10.0,10.0,10.0,10.0,8.0,8.0,12.0,16.0,14.0,14.0,14.0,14.0,14.0
2025-09-14,12.0,12.0,12.0,12.0,12.0,12.0,12.0,12.0,12.0,12.0,12.0,12.0,10.0,10.0,10.0,10.0,8.0,10.0,10.0,10.0,10.0,8.0,8.0,8.0,8.0,8.0,8.0,6.0,0.0,0.0,0.0,0.0,0.0,0.0,0.0,0.0,0.0,0.0,0.0,0.0,0.0,0.0,0.0,0.0,0.0,0.0,0.0,0.0,0.0,0.0,0.0,0.0,2.0,12.0,6.0,6.0,4.0,4.0,4.0,4.0,4.0,4.0,4.0,4.0,4.0,2.0,0.0,0.0,0.0,0.0,0.0,0.0,0.0,0.0,0.0,4.0,10.0,8.0,8.0,8.0,8.0,8.0,8.0,8.0,8.0,8.0,8.0,8.0,8.0,12.0,12.0,12.0,12.0,12.0,12.0,12.0
2025-09-15,12.0,12.0,12.0,12.0,12.0,10.0,10.0,10.0,10.0,10.0,8.0,8.0,8.0,8.0,8.0,8.0,8.0,8.0,8.0,8.0,8.0,8.0,8.0,8.0,8.0,8.0,2.0,4.0,0.0,2.0,0.0,2.0,0.0,0.0,4.0,0.0,2.0,6.0,8.0,6.0,4.0,4.0,4.0,2.0,2.0,2.0,2.0,0.0,0.0,0.0,0.0,0.0,0.0,0.0,0.0,0.0,0.0,0.0,0.0,0.0,0.0,0.0,0.0,0.0,0.0,0.0,0.0,0.0,0.0,0.0,0.0,0.0,0.0,0.0,2.0,8.0,8.0,8.0,8.0,8.0,8.0,8.0,8.0,8.0,14.0,14.0,14.0,14.0,14.0,14.0,14.0,16.0,16.0,12.0,8.0,8.0
2025-09-16,8.0,8.0,8.0,8.0,8.0,8.0,8.0,8.0,8.0,8.0,8.0,8.0,8.0,8.0,8.0,8.0,8.0,8.0,8.0,8.0,8.0,8.0,8.0,8.0,8.0,8.0,8.0,7.0,6.0,0.0,6.0,6.0,6.0,10.0,0.0,0.0,0.0,0.0,0.0,0.0,0.0,0.0,0.0,0.0,0.0,0.0,2.0,0.0,0.0,0.0,0.0,0.0,0.0,0.0,0.0,0.0,2.0,0.0,0.0,0.0,0.0,0.0,0.0,0.0,0.0,0.0,0.0,0.0,0.0,0.0,0.0,0.0,0.0,0.0,4.0,10.0,14.0,14.0,14.0,13.0,12.0,10.0,12.0,14.0,14.0,14.0,12.0,12.0,12.0,12.0,14.0,16.0,20.0,20.0,20.0,20.0
2025-09-17,20.0,20.0,20.0,18.0,16.0,16.0,14.0,14.0,14.0,14.0,14.0,14.0,12.0,10.0,10.0,10.0,10.0,10.0,8.0,8.0,8.0,8.0,8.0,8.0,8.0,8.0,6.0,4.0,6.0,0.0,0.0,0.0,0.0,0.0,0.0,0.0,4.0,4.0,4.0,6.0,6.0,6.0,4.0,4.0,4.0,4.0,2.0,2.0,2.0,0.0,0.0,2.0,0.0,0.0,0.0,0.0,0.0,0.0,0.0,0.0,0.0,0.0,0.0,0.0,0.0,0.0,0.0,0.0,0.0,0.0,2.0,0.0,2.0,4.0,8.0,8.0,14.0,16.0,16.0,16.0,12.0,12.0,12.0,12.0,16.0,16.0,16.0,16.0,14.0,14.0,12.0,10.0,10.0,16.0,16.0,16.0
2025-09-18,16.0,14.0,14.0,14.0,14.0,14.0,14.0,12.0,12.0,12.0,12.0,12.0,12.0,10.0,10.0,8.0,8.0,8.0,8.0,8.0,8.0,8.0,8.0,8.0,8.0,8.0,8.0,6.0,8.0,4.0,2.0,0.0,0.0,0.0,0.0,0.0,0.0,0.0,0.0,0.0,0.0,0.0,0.0,0.0,0.0,0.0,0.0,0.0,0.0,0.0,0.0,0.0,0.0,0.0,0.0,0.0,0.0,4.0,4.0,6.0,8.0,8.0,8.0,9.0,10.0,8.0,8.0,8.0,8.0,8.0,8.0,10.0,18.0,12.0,14.0,14.0,14.0,16.0,18.0,18.0,18.0,16.0,10.0,8.0,9.0,10.0,11.0,12.0,12.0,12.0,12.0,12.0,12.0,12.0,10.0,10.0
2025-09-19,10.0,10.0,10.0,10.0,8.0,8.0,8.0,8.0,8.0,8.0,8.0,8.0,8.0,8.0,8.0,8.0,8.0,8.0,8.0,8.0,8.0,8.0,8.0,8.0,8.0,8.0,10.0,4.0,2.0,2.0,2.0,2.0,2.0,2.0,0.0,0.0,0.0,2.0,2.0,2.0,2.0,2.0,2.0,2.0,2.0,2.0,2.0,0.0,0.0,0.0,0.0,0.0,0.0,0.0,0.0,0.0,2.0,2.0,2.0,2.0,2.0,2.0,0.0,0.0,0.0,0.0,0.0,0.0,0.0,0.0,2.0,6.0,6.0,6.0,8.0,0.0,8.0,8.0,8.0,8.0,8.0,8.0,12.0,14.0,12.0,10.0,10.0,8.0,8.0,8.0,8.0,8.0,12.0,15.0,18.0,18.0
2025-09-20,18.0,18.0,18.0,15.0,12.0,12.0,12.0,10.0,10.0,10.0,10.0,10.0,10.0,8.0,8.0,8.0,8.0,8.0,8.0,8.0,8.0,8.0,8.0,8.0,8.0,8.0,8.0,8.0,0.0,0.0,0.0,0.0,0.0,0.0,0.0,0.0,0.0,0.0,0.0,0.0,0.0,0.0,0.0,0.0,0.0,0.0,0.0,0.0,0.0,0.0,0.0,0.0,0.0,0.0,6.0,6.0,6.0,6.0,4.0,2.0,0.0,0.0,0.0,0.0,0.0,0.0,0.0,0.0,0.0,0.0,0.0,3.0,6.0,0.0,0.0,0.6666666666666666,1.3333333333333333,2.0,2.6666666666666665,3.333333333333333,4.0,4.666666666666666,5.333333333333333,6.0,6.666666666666666,7.333333333333333,8.0,8.0,8.0,8.0,8.0,8.0,8.0,8.0,8.0,8.0
2025-09-21,8.0,8.0,8.0,8.0,8.0,8.0,8.0,8.0,8.0,8.0,8.0,8.0,8.0,8.0,8.0,8.0,8.0,8.0,8.0,8.0,8.0,8.0,8.0,8.0,8.0,8.0,8.0,8.0,4.0,0.0,0.0,0.0,0.0,0.0,0.0,0.0,0.0,0.0,0.0,2.0,2.0,2.0,2.0,2.0,6.0,6.0,6.0,8.0,10.0,12.0,10.0,2.0,0.0,0.0,0.0,0.0,0.0,0.0,0.0,0.0,0.0,0.0,0.0,0.0,0.0,0.0,0.0,0.0,0.0,0.0,0.0,0.0,0.0,0.0,0.0,0.0,8.0,8.0,8.0,8.0,8.0,10.0,10.0,10.0,10.0,10.0,10.0,10.0,8.0,8.0,8.0,8.0,8.0,8.0,10.0,10.0
2025-09-22,10.0,10.0,10.0,10.0,10.0,10.0,10.0,10.0,10.0,10.0,10.0,10.0,10.0,10.0,10.0,10.0,10.0,10.0,12.0,10.0,10.0,10.0,10.0,8.0,8.0,8.0,8.0,14.0,14.0,8.0,6.0,4.0,2.0,2.0,2.0,4.0,4.0,4.0,4.0,4.0,4.0,4.0,4.0,4.0,4.0,4.0,4.0,4.0,2.0,2.0,2.0,0.0,0.0,0.0,0.0,0.0,0.0,0.0,0.0,0.0,2.0,8.0,16.0,16.0,16.0,16.0,10.0,8.0,16.0,20.0,18.0,16.0,24.0,46.0,42.0,46.0,46.0,42.0,34.0,24.0,16.0,16.0,16.0,14.0,12.0,10.0,10.0,8.0,8.0,8.0,8.0,8.0,8.0,8.0,8.0,8.0
2025-09-23,12.0,14.0,16.0,14.0,8.0,8.0,8.0,8.0,8.0,8.0,8.0,8.0,8.0,8.0,8.0,8.0,8.0,8.0,8.0,8.0,8.0,8.0,8.0,8.0,8.0,8.0,8.0,8.0,0.0,0.0,0.0,0.0,0.0,0.0,4.0,10.0,6.0,2.0,8.0,8.0,6.0,2.0,2.0,2.0,2.0,2.0,2.0,0.0,0.0,0.0,10.0,16.0,16.0,16.0,16.0,16.0,12.0,10.0,8.0,8.0,8.0,8.0,8.0,6.0,6.0,6.0,6.0,6.0,6.0,6.0,6.0,2.0,0.0,0.0,0.0,6.0,8.0,8.0,8.0,8.0,8.0,8.0,8.0,8.0,8.0,8.0,8.0,8.0,10.0,10.0,10.0,10.0,10.0,10.0,10.0,8.0
2025-09-24,8.0,8.0,8.0,8.0,8.0,8.0,8.0,8.0,8.0,8.0,8.0,8.0,8.0,8.0,8.0,8.0,8.0,8.0,8.0,8.0,8.0,8.0,8.0,8.0,8.0,8.0,8.0,2.0,6.0,4.0,4.0,4.0,4.0,4.0,4.0,0.0,0.0,0.0,0.0,0.0,0.0,0.0,0.0,0.0,0.0,0.0,0.0,8.0,12.0,10.0,14.0,12.0,4.0,8.0,2.0,2.0,2.0,4.0,6.0,10.0,8.0,6.0,10.0,10.0,10.0,10.0,8.0,6.0,4.0,4.0,4.0,26.0,24.0,26.0,28.0,30.0,24.0,22.0,22.0,18.0,14.0,14.0,14.0,14.0,14.0,14.0,14.0,18.0,18.0,20.0,20.0,20.0,20.0,20.0,18.0,18.0
2025-09-25,16.0,14.0,14.0,14.0,12.0,10.0,10.0,10.0,10.0,8.0,8.0,8.0,8.0,8.0,8.0,8.0,8.0,8.0,8.0,12.0,16.0,16.0,16.0,16.0,16.0,16.0,16.0,16.0,6.0,2.0,2.0,2.0,1.0,0.0,0.0,0.0,0.0,0.0,0.0,0.0,0.0,0.0,0.0,0.0,0.0,0.0,104.0,42.0,0.0,0.0,0.0,0.0,2.0,6.0,6.0,6.0,8.0,10.0,6.0,2.0,2.0,2.0,2.0,2.0,2.0,2.0,2.0,2.0,20.0,18.0,18.0,18.0,20.0,14.0,14.0,8.0,8.0,8.0,10.0,10.0,10.0,10.0,10.0,10.0,10.0,10.0,10.0,10.0,10.0,8.0,10.0,10.0,10.0,10.0,10.0,8.0
2025-09-26,8.0,8.0,8.0,8.0,8.0,8.0,8.0,8.0,8.0,8.0,8.0,8.0,8.0,8.0,8.0,8.0,8.0,8.0,8.0,8.0,10.0,14.0,16.0,16.0,16.0,16.0,16.0,12.0,4.0,6.0,4.0,2.0,2.0,2.0,2.0,2.0,0.0,0.0,0.0,0.0,0.0,0.0,0.0,0.0,0.0,0.0,0.0,0.0,0.0,0.0,0.0,0.0,0.0,0.0,0.0,0.0,0.0,0.0,0.0,0.0,4.0,2.0,2.0,2.0,2.0,0.0,0.0,0.0,0.0,0.0,0.0,0.0,2.0,2.0,6.0,10.0,10.0,10.0,10.0,10.0,10.0,10.0,10.0,10.0,10.0,22.0,22.0,24.0,26.0,26.0,24.0,20.0,16.0,16.0,16.0,14.0
2025-09-27,10.0,10.0,8.0,8.0,8.0,8.0,8.0,8.0,8.0,8.0,8.0,8.0,8.0,8.0,8.0,8.0,8.0,8.0,8.0,8.0,8.0,8.0,8.0,8.0,8.0,8.0,8.0,0.0,0.0,0.0,0.0,0.0,0.0,4.0,2.0,4.0,2.0,2.0,2.0,0.0,2.0,2.0,2.0,2.0,6.0,4.0,4.0,4.0,4.0,4.0,6.0,8.0,8.0,6.0,6.0,12.0,26.0,26.0,24.0,26.0,30.0,22.0,14.0,8.0,6.0,6.0,6.0,8.0,8.0,10.0,6.0,8.0,10.0,10.0,10.0,16.0,12.0,10.0,16.0,20.0,22.0,22.0,22.0,22.0,22.0,18.0,14.0,12.0,12.0,16.0,8.0,0.0,0.0,0.0,0.0,0.0
2025-09-28,0.0,0.0,0.0,0.0,0.0,0.0,0.0,0.0,0.0,0.0,0.0,0.0,0.0,0.0,0.0,0.0,0.0,0.0,0.0,0.0,0.0,0.0,0.0,0.0,0.0,8.0,20.0,10.0,8.0,6.0,6.0,4.0,4.0,2.0,2.0,4.0,4.0,4.0,4.0,6.0,4.0,4.0,4.0,2.0,2.0,2.0,2.0,0.0,0.0,0.0,0.0,0.0,0.0,0.0,0.0,0.0,0.0,0.0,0.0,0.0,0.0,4.0,6.0,6.0,6.0,6.0,4.0,0.0,0.0,0.0,0.0,0.0,0.0,0.0,0.0,2.0,8.0,8.0,8.0,8.0,8.0,10.0,10.0,10.0,10.0,10.0,10.0,8.0,8.0,8.0,8.0,8.0,8.0,8.0,8.0,8.0
2025-09-29,8.0,8.0,8.0,8.0,8.0,8.0,8.0,8.0,8.0,8.0,8.0,8.0,8.0,8.0,8.0,8.0,8.0,8.0,8.0,8.0,8.0,8.0,8.0,8.0,8.0,8.0,4.0,0.0,8.0,20.0,20.0,20.0,20.0,20.0,12.0,0.0,0.0,0.0,0.0,4.0,6.0,6.0,8.0,8.0,8.0,8.0,8.0,8.0,6.0,0.0,0.0,2.0,2.0,2.0,4.0,4.0,4.0,4.0,2.0,2.0,2.0,0.0,0.0,0.0,0.0,0.0,0.0,0.0,2.0,0.0,0.0,0.0,0.0,0.0,0.0,8.0,8.0,8.0,8.0,8.0,8.0,8.0,12.0,10.0,10.0,10.0,10.0,10.0,10.0,10.0,12.0,10.0,10.0,14.0,16.0,16.0
2025-10-02,10.0,10.0,8.0,8.0,8.0,8.0,8.0,8.0,8.0,8.0,8.0,8.0,8.0,8.0,8.0,8.0,8.0,8.0,8.0,8.0,8.0,8.0,8.0,8.0,8.0,8.0,8.0,2.0,0.0,0.0,0.0,0.0,8.0,9.0,10.0,10.0,10.0,10.0,10.0,10.0,10.0,4.0,6.0,8.0,8.0,6.0,6.0,6.0,6.0,4.0,4.0,6.0,8.0,8.0,6.0,6.0,4.0,4.0,4.0,4.0,4.0,6.0,28.0,6.0,6.0,10.0,10.0,8.0,8.0,4.0,4.0,4.0,6.0,6.0,6.0,10.0,10.0,10.0,10.0,8.0,8.0,8.0,8.0,8.0,8.0,8.0,8.0,10.0,332.0,386.0,392.0,390.0,386.0,382.0,378.0,370.0
2025-10-03,362.0,358.0,352.0,344.0,346.0,342.0,342.0,340.0,336.0,336.0,336.0,340.0,344.0,352.0,342.0,336.0,334.0,332.0,328.0,326.0,326.0,320.0,328.0,108.0,10.0,10.0,6.0,10.0,0.0,0.0,0.0,0.0,0.0,0.0,0.0,8.0,26.0,24.0,24.0,23.0,22.0,14.0,8.0,2.0,2.0,2.0,2.0,2.0,0.0,0.0,0.0,0.0,0.0,0.0,0.0,0.0,0.0,0.0,0.0,0.0,0.0,0.0,0.0,0.0,0.0,0.0,0.0,0.0,0.0,0.0,0.0,0.0,0.0,0.0,0.0,4.0,8.0,8.0,8.0,8.0,8.0,8.0,8.0,8.0,10.0,10.0,10.0,10.0,10.0,10.0,8.0,8.0,8.0,10.0,8.0,8.0
2025-10-05,7.172413793103448,7.448275862068965,7.724137931034482,8.0,8.0,8.0,8.0,8.0,8.0,8.0,8.0,8.0,8.0,8.0,8.0,8.0,8.0,8.0,8.0,8.0,8.0,8.0,8.0,8.0,8.0,100.0,372.0,388.0,382.0,386.0,380.0,374.0,362.0,358.0,360.0,358.0,356.0,352.0,8.0,0.0,0.0,0.0,0.0,0.0,0.0,0.0,0.0,0.0,0.0,0.0,0.0,0.0,0.0,0.0,0.0,0.0,0.0,0.0,0.0,0.0,0.0,12.0,16.0,16.0,16.0,16.0,14.0,8.0,4.0,4.0,6.0,6.0,6.0,8.0,14.0,12.0,12.0,17.0,22.0,24.0,24.0,24.0,22.0,18.0,16.0,16.0,16.0,16.0,16.0,18.0,16.0,16.0,16.0,14.0,14.0,24.0
2025-10-06,22.0,20.0,20.0,20.0,18.0,18.0,18.0,18.0,18.0,16.0,12.0,12.0,10.0,10.0,10.0,8.0,8.0,8.0,8.0,8.0,8.0,8.0,8.0,8.0,8.0,8.0,8.0,2.0,0.0,0.0,0.0,0.0,0.0,0.0,0.0,8.0,10.0,12.0,12.0,12.0,12.0,6.0,2.0,18.0,20.0,20.0,18.0,14.0,18.0,12.0,16.0,18.0,20.0,16.0,10.0,8.0,6.0,4.0,4.0,2.0,0.0,0.0,0.0,0.0,0.0,6.0,18.0,14.0,14.0,12.0,14.0,6.0,4.0,2.0,0.0,4.0,8.0,8.0,12.0,12.0,12.0,12.0,12.0,12.0,12.0,12.0,10.0,10.0,10.0,10.0,10.0,10.0,10.0,12.0,12.0,12.0
2025-10-07,12.0,12.0,10.0,10.0,10.0,10.0,10.0,10.0,10.0,10.0,10.0,10.0,10.0,10.0,10.0,8.0,8.0,8.0,8.0,8.0,8.0,8.0,8.0,8.0,8.0,8.0,8.0,8.0,0.0,0.0,0.0,0.0,0.0,0.0,0.0,0.0,0.0,0.0,2.0,2.0,0.0,0.0,0.0,0.0,0.0,0.0,0.0,6.0,6.0,6.0,6.0,6.0,4.0,2.0,0.0,0.0,0.0,0.0,0.0,0.0,0.0,0.0,0.0,0.0,0.0,0.0,0.0,0.0,0.0,0.0,0.0,0.0,0.0,0.0,4.0,8.0,8.0,8.0,180.0,293.0,406.0,412.0,404.0,394.0,382.0,78.0,14.0,14.0,12.0,12.0,14.0,12.0,12.0,12.0,12.0,12.0
2025-10-08,12.0,12.0,12.0,12.0,12.0,12.0,12.0,12.0,12.0,12.0,12.0,12.0,12.0,12.0,12.0,12.0,12.0,12.0,12.0,12.0,12.0,12.0,12.0,12.0,12.0,12.0,12.0,10.0,6.0,2.0,2.0,2.0,0.0,0.0,6.0,6.0,6.0,8.0,12.0,12.0,10.0,8.0,8.0,6.0,6.0,6.0,4.0,0.0,0.0,0.0,0.0,0.0,0.0,0.0,0.0,0.0,0.0,0.0,0.0,0.0,2.0,6.0,6.0,6.0,6.0,6.0,4.0,0.0,0.0,0.0,0.0,0.0,0.0,0.0,2.0,8.0,8.0,8.0,8.0,8.0,8.0,8.0,8.0,8.0,8.0,8.0,8.0,8.0,8.0,8.0,8.0,8.0,8.0,8.0,8.0,8.0
2025-10-09,8.0,8.0,8.0,8.0,8.0,8.0,8.0,8.0,8.0,8.0,8.0,8.0,8.0,8.0,8.0,8.0,8.0,8.0,8.0,8.0,8.0,8.0,8.0,8.0,8.0,8.0,8.0,4.0,0.0,0.0,0.0,0.0,0.0,0.0,12.0,24.0,20.0,22.0,24.0,24.0,18.0,8.0,6.0,6.0,6.0,6.0,6.0,4.0,4.0,4.0,4.0,4.0,4.0,4.0,4.0,2.0,0.0,2.0,0.0,0.0,0.0,2.0,2.0,2.0,0.0,0.0,0.0,0.0,0.0,0.0,0.0,0.0,0.0,0.0,4.0,8.0,10.0,10.0,8.0,8.0,8.0,8.0,8.0,8.0,8.0,8.0,8.0,8.0,8.0,8.0,8.0,10.0,10.0,10.0,10.0,8.0
2025-10-10,10.0,10.0,8.0,8.0,8.0,8.0,8.0,8.0,8.0,8.0,8.0,8.0,8.0,8.0,8.0,8.0,8.0,8.0,8.0,8.0,8.0,8.0,8.0,8.0,8.0,8.0,2.0,0.0,4.0,4.0,4.0,4.0,4.0,4.0,4.0,4.0,4.0,4.0,4.0,4.0,2.0,0.0,0.0,0.0,6.0,6.0,6.0,4.0,4.0,4.0,4.0,4.0,4.0,4.0,4.0,4.0,8.0,10.0,10.0,10.0,10.0,8.0,8.0,8.0,8.0,16.0,14.0,14.0,12.0,12.0,12.0,10.0,12.0,12.0,12.0,10.0,9.0,8.0,8.0,8.0,8.0,8.0,8.0,8.0,8.0,8.0,8.0,8.0,6.0,8.0,8.0,8.0,8.0,8.0,8.0,10.0
2025-10-11,10.0,8.0,8.0,8.0,8.0,8.0,8.0,8.0,8.0,8.0,8.0,8.0,8.0,8.0,8.0,8.0,8.0,8.0,8.0,8.0,8.0,8.0,8.0,8.0,8.0,8.0,8.0,0.0,2.0,0.0,0.0,4.0,0.0,2.0,6.0,6.0,6.0,6.0,8.0,16.0,18.0,18.0,16.0,14.0,10.0,8.0,8.0,6.0,6.0,6.0,6.0,4.0,4.0,4.0,4.0,4.0,10.0,12.0,4.0,4.0,4.0,2.0,6.0,10.0,10.0,4.0,4.0,2.0,2.0,2.0,2.0,2.0,2.0,8.0,8.0,8.0,8.0,8.0,8.0,8.0,8.0,8.0,8.0,8.0,8.0,8.0,8.0,8.0,8.0,8.0,8.0,8.0,8.0,8.0,8.0,8.0
2025-10-12,8.0,8.0,8.0,8.0,8.0,8.0,8.0,8.0,8.0,8.0,8.0,8.0,8.0,8.0,8.0,8.0,8.0,8.0,8.0,8.0,8.0,8.0,8.0,8.0,8.0,8.0,8.0,4.0,0.0,0.0,6.0,6.0,6.0,7.0,8.0,8.0,4.0,4.0,8.0,10.0,10.0,10.0,12.0,12.0,10.0,12.0,6.0,6.0,6.0,4.0,4.0,2.0,6.0,4.0,4.0,4.0,4.0,4.0,4.0,4.0,10.0,10.0,12.0,12.0,4.0,8.0,8.0,8.0,6.0,8.0,8.0,6.0,6.0,6.0,12.0,24.0,30.0,32.0,22.0,12.0,12.0,12.0,10.0,10.0,10.0,10.0,12.0,12.0,12.0,10.0,10.0,10.0,10.0,10.0,10.0,8.0
2025-10-14,18.0,16.0,16.0,16.0,16.0,16.0,16.0,14.0,14.0,12.0,10.0,10.0,10.0,8.0,8.0,8.0,8.0,8.0,10.0,8.0,8.0,8.0,8.0,8.0,8.0,8.0,8.0,4.0,2.0,2.0,2.0,2.0,4.0,6.0,6.0,6.0,6.0,6.0,6.0,8.0,8.0,8.0,8.0,8.0,8.0,4.0,2.0,0.0,0.0,2.0,8.0,8.0,6.0,8.0,8.0,10.0,8.0,6.0,4.0,4.0,2.0,2.0,2.0,2.0,2.0,2.0,2.0,0.0,0.0,0.0,0.0,0.0,0.0,2.0,8.0,8.0,8.0,8.0,8.0,10.0,10.0,10.0,10.0,12.0,12.0,12.0,10.0,10.0,10.0,10.0,10.0,10.0,10.0,10.0,8.0,8.0
2025-10-15,8.0,8.0,8.0,8.0,8.0,8.0,8.0,8.0,8.0,8.0,8.0,8.0,8.0,8.0,8.0,8.0,8.0,8.0,8.0,8.0,8.0,8.0,8.0,8.0,8.0,8.0,4.0,0.0,0.0,2.0,2.0,2.0,2.0,2.0,2.0,2.0,2.0,2.0,2.0,2.0,0.0,0.0,0.0,0.0,0.0,0.0,0.0,0.0,0.0,0.0,0.0,0.0,0.0,0.0,0.0,0.0,0.0,0.0,0.0,2.0,4.0,4.0,4.0,4.0,6.0,6.0,6.0,6.0,6.0,6.0,6.0,2.0,2.0,4.0,2.0,10.0,12.0,14.0,14.0,10.0,10.0,10.0,10.0,8.0,8.0,8.0,8.0,8.0,8.0,8.0,8.0,8.0,0.0,0.0,0.0,0.0
2025-10-16,0.0,0.0,0.0,0.0,0.0,0.0,0.0,0.0,0.0,0.0,0.0,0.0,0.0,0.0,0.0,0.0,0.0,0.0,0.0,0.0,0.0,0.0,0.0,0.0,0.0,0.0,4.0,2.0,0.0,0.0,0.0,6.0,6.0,6.0,6.0,8.0,8.0,8.0,8.0,8.0,8.0,268.0,394.0,398.0,406.0,398.0,382.0,376.0,366.0,6.0,4.0,4.0,6.0,6.0,4.0,4.0,4.0,2.0,2.0,2.0,2.0,2.0,2.0,2.0,2.0,0.0,0.0,0.0,0.0,0.0,0.0,0.0,4.0,8.0,8.0,8.0,8.0,8.0,8.0,8.0,8.0,8.0,8.0,8.0,8.0,8.0,8.0,8.0,8.0,8.0,8.0,8.0,8.0,8.0,8.0,8.0
2025-10-17,8.0,8.0,8.0,8.0,8.0,8.0,8.0,8.0,8.0,8.0,8.0,8.0,8.0,8.0,8.0,8.0,8.0,8.0,8.0,8.0,8.0,8.0,8.0,8.0,8.0,8.0,8.0,6.0,4.666666666666667,3.3333333333333335,2.0,2.0,2.0,2.0,4.0,4.0,4.0,4.0,4.0,4.0,0.0,0.0,0.0,2.0,18.0,22.0,22.0,2.0,2.0,14.0,8.0,4.0,4.0,22.0,26.0,24.0,18.0,6.0,6.0,6.0,6.0,6.0,2.0,4.0,4.0,4.0,2.0,2.0,4.0,8.0,12.0,12.0,12.0,10.0,4.0,8.0,8.0,8.0,8.0,10.0,10.0,10.0,10.0,10.0,10.0,10.0,8.0,8.0,8.0,8.0,10.0,10.0,10.0,10.0,10.0,10.0
2025-10-18,10.0,10.0,10.0,10.0,10.0,8.0,8.0,8.0,8.0,8.0,8.0,8.0,8.0,8.0,8.0,8.0,8.0,8.0,8.0,8.0,8.0,8.0,8.0,8.0,8.0,8.0,4.0,0.0,0.0,0.0,0.0,0.0,0.0,0.0,0.0,0.0,0.0,4.0,4.0,4.0,4.0,4.0,4.0,6.0,6.0,6.0,6.0,6.0,6.0,6.0,6.0,6.0,4.0,2.0,2.0,2.0,2.0,0.0,6.0,8.0,10.0,12.0,10.0,10.0,6.0,6.0,6.0,6.0,6.0,6.0,2.0,2.0,2.0,2.0,10.0,10.0,10.0,8.0,8.0,8.0,8.0,12.0,14.0,14.0,14.0,12.0,12.0,12.0,10.0,16.0,18.0,16.0,16.0,16.0,16.0,14.0
2025-10-19,12.0,12.0,10.0,8.0,8.0,8.0,10.0,10.0,8.0,8.0,8.0,8.0,8.0,8.0,8.0,8.0,8.0,8.0,8.0,8.0,8.0,8.0,10.0,10.0,8.0,8.0,10.0,5.0,0.0,0.0,0.0,2.0,2.0,4.0,4.0,4.0,2.0,0.0,4.0,4.0,4.0,4.0,0.0,0.0,0.0,0.0,0.0,0.0,0.0,0.0,0.0,0.0,0.0,0.0,0.0,0.0,0.0,0.0,0.0,2.0,4.0,4.0,4.0,4.0,4.0,4.0,2.0,2.0,0.0,0.0,0.0,0.0,0.0,0.0,8.0,8.0,8.0,8.0,8.0,8.0,8.0,8.0,8.0,8.0,8.0,8.0,8.0,8.0,8.0,8.0,8.0,8.0,8.0,8.0,8.0,8.0
2025-10-20,8.0,8.0,8.0,8.0,8.0,8.0,8.0,8.0,8.0,8.0,8.0,8.0,8.0,8.0,8.0,8.0,8.0,8.0,8.0,8.0,8.0,8.0,8.0,8.0,8.0,8.0,8.0,8.0,0.0,0.0,0.0,2.0,4.0,4.0,4.0,22.0,22.0,22.0,22.0,20.0,14.0,6.0,4.0,4.0,0.0,0.0,0.0,0.0,0.0,0.0,0.0,0.0,0.0,0.0,2.0,0.0,0.0,0.0,0.0,0.0,2.0,6.0,6.0,6.0,4.0,4.0,4.0,0.0,0.0,0.0,0.0,0.0,0.0,0.0,4.0,8.0,8.0,8.0,8.0,8.0,8.0,8.0,8.0,8.0,8.0,8.0,8.0,8.0,8.0,8.0,8.0,8.0,8.0,8.0,8.0,8.0
2025-10-21,8.0,8.0,8.0,8.0,8.0,8.0,8.0,8.0,8.0,8.0,10.0,12.0,12.0,12.0,12.0,12.0,12.0,12.0,12.0,10.0,10.0,8.0,8.0,8.0,8.0,8.0,6.0,0.0,0.0,0.0,0.0,0.0,0.0,0.0,0.0,0.0,0.0,0.0,0.0,0.0,0.0,0.0,0.0,4.0,4.0,4.0,2.0,8.0,20.0,18.0,19.0,20.0,20.0,20.0,18.0,18.0,12.0,10.0,8.0,6.0,6.0,4.0,4.0,4.0,4.0,4.0,0.0,0.0,0.0,0.0,0.0,0.0,0.0,0.0,2.0,8.0,10.0,8.0,8.0,8.0,12.0,14.0,14.0,14.0,14.0,14.0,14.0,14.0,14.0,16.0,16.0,14.0,14.0,12.0,12.0,12.0
2025-10-22,16.0,16.0,14.0,14.0,14.0,14.0,14.0,14.0,14.0,14.0,14.0,14.0,14.0,14.0,14.0,14.0,14.0,14.0,12.0,12.0,12.0,12.0,12.0,12.0,12.0,12.0,14.0,6.0,6.0,6.0,6.0,8.0,8.0,8.0,8.0,6.0,6.0,6.0,4.0,4.0,2.0,2.0,0.0,2.0,4.0,4.0,4.0,4.0,4.0,4.0,2.0,2.0,0.0,0.0,0.0,0.0,0.0,0.0,0.0,0.0,0.0,0.0,0.0,0.0,0.0,0.0,0.0,0.0,0.0,0.0,0.0,2.0,4.0,2.0,4.0,8.0,8.0,8.0,8.0,8.0,10.0,10.0,10.0,10.0,12.0,12.0,12.0,12.0,12.0,10.0,10.0,10.0,334.0,408.0,406.0,404.0
2025-10-23,398.0,380.0,364.0,354.0,346.0,340.0,342.0,338.0,340.0,340.0,10.0,0.0,0.0,0.0,0.0,0.0,0.0,0.0,0.0,0.0,0.0,0.0,0.0,0.0,0.0,0.0,0.0,0.0,0.0,0.0,0.0,0.0,0.0,0.0,0.0,0.0,0.0,0.0,0.0,0.0,0.0,0.0,0.0,0.0,0.0,0.0,0.0,0.0,0.0,0.0,0.0,0.0,0.0,0.0,0.0,0.0,0.0,0.0,0.0,0.0,0.0,4.0,4.0,4.0,6.0,6.0,8.0,6.0,8.0,6.0,6.0,6.0,6.0,6.0,4.0,14.0,14.0,14.0,14.0,14.0,14.0,12.0,12.0,12.0,14.0,18.0,18.0,18.0,18.0,18.0,18.0,20.0,20.0,20.0,16.0,18.0
2025-10-24,18.0,16.0,16.0,16.0,16.0,16.0,16.0,16.0,16.0,14.0,14.0,14.0,14.0,14.0,12.0,10.0,10.0,8.0,8.0,8.0,8.0,8.0,8.0,8.0,8.0,10.0,10.0,6.0,2.0,2.0,2.0,2.0,0.0,0.0,0.0,0.0,0.0,0.0,0.0,0.0,0.0,0.0,0.0,0.0,0.0,0.0,0.0,0.0,0.0,0.0,2.0,2.0,2.0,2.0,2.0,2.0,2.0,2.0,2.0,2.0,2.0,2.0,2.0,2.0,2.0,4.0,6.0,6.0,2.0,4.0,2.0,2.0,2.0,4.0,10.0,10.0,10.0,10.0,10.0,12.0,14.0,14.0,10.0,10.0,10.0,10.0,10.0,10.0,10.0,8.0,8.0,12.0,12.0,12.0,12.0,12.0
2025-10-25,12.0,10.0,8.0,8.0,8.0,8.0,8.0,8.0,8.0,8.0,8.0,8.0,8.0,8.0,8.0,8.0,8.0,8.0,8.0,8.0,8.0,8.0,8.0,8.0,8.0,8.0,6.0,0.0,0.0,0.0,0.0,0.0,2.0,4.0,4.0,4.0,4.0,4.0,4.0,4.0,4.0,0.0,6.0,10.0,10.0,10.0,10.0,10.0,14.0,14.0,14.0,12.0,10.0,8.0,4.0,2.0,2.0,0.0,0.0,0.0,0.0,0.0,0.0,0.0,0.0,0.0,0.0,0.0,0.0,0.0,0.0,0.0,0.0,0.0,6.0,8.0,8.0,8.0,10.0,10.0,10.0,10.0,10.0,10.0,10.0,10.0,10.0,10.0,10.0,10.0,10.0,10.0,8.0,10.0,10.0,10.0
2025-10-26,10.0,10.0,10.0,10.0,10.0,10.0,10.0,12.0,10.0,10.0,10.0,10.0,8.0,8.0,8.0,8.0,8.0,8.0,8.0,8.0,8.0,8.0,8.0,8.0,8.0,8.0,8.0,86.0,368.0,398.0,392.0,378.0,370.0,358.0,354.0,10.0,0.0,0.0,0.0,0.0,0.0,0.0,0.0,0.0,0.0,0.0,0.0,0.0,0.0,0.0,0.0,0.0,0.0,0.0,0.0,0.0,4.0,6.0,6.0,8.0,8.0,6.0,10.0,12.0,16.0,30.0,30.0,30.0,30.0,30.0,24.0,10.0,4.0,6.0,10.0,10.0,10.0,10.0,12.0,10.0,10.0,10.0,10.0,10.0,8.0,10.0,10.0,10.0,10.0,10.0,8.0,8.0,8.0,8.0,8.0,8.0
2025-10-27,8.0,8.0,8.0,8.0,8.0,8.0,8.0,8.0,8.0,8.0,8.0,8.0,8.0,8.0,8.0,8.0,8.0,8.0,8.0,8.0,8.0,8.0,8.0,8.0,8.0,8.0,12.0,4.0,2.0,2.0,2.0,2.0,2.0,2.0,2.0,2.0,2.0,2.0,2.0,2.0,0.0,0.0,0.0,0.0,0.0,0.0,4.0,4.0,4.0,4.0,4.0,4.0,4.0,4.0,2.0,2.0,0.0,0.0,0.0,0.0,0.0,0.0,0.0,0.0,0.0,0.0,0.0,0.0,0.0,0.0,0.0,0.0,0.0,2.0,8.0,8.0,8.0,10.0,10.0,10.0,10.0,10.0,10.0,10.0,8.0,10.0,12.0,12.0,12.0,12.0,12.0,12.0,12.0,12.0,12.0,12.0
2025-10-28,12.0,10.0,10.0,8.0,8.0,8.0,8.0,8.0,8.0,8.0,8.0,8.0,8.0,8.0,8.0,8.0,8.0,8.0,8.0,8.0,8.0,8.0,8.0,8.0,8.0,8.0,8.0,2.0,2.0,2.0,2.0,2.0,2.0,4.0,4.0,4.0,0.0,0.0,0.0,0.0,0.0,0.0,0.0,0.0,0.0,0.0,0.0,0.0,186.0,390.0,398.0,398.0,396.0,254.0,4.0,2.0,2.0,2.0,2.0,4.0,0.0,2.0,12.0,4.0,4.0,4.0,0.0,0.0,0.0,2.0,6.0,6.0,14.0,28.0,32.0,34.0,30.0,22.0,10.0,8.0,8.0,8.0,8.0,8.0,8.0,8.0,8.0,8.0,8.0,8.0,8.0,8.0,8.0,8.0,8.0,8.0
2025-10-29,8.0,8.0,8.0,8.0,8.0,8.0,8.0,8.0,8.0,8.0,8.0,8.0,8.0,8.0,8.0,8.0,8.0,8.0,8.0,8.0,8.0,8.0,8.0,8.0,8.0,8.0,6.0,0.0,0.0,0.0,0.0,0.0,0.0,0.0,0.0,4.0,4.0,4.0,4.0,4.0,4.0,4.0,4.0,4.0,4.0,6.0,4.0,4.0,4.0,2.0,2.0,2.0,2.0,2.0,2.0,2.0,2.0,2.0,2.0,2.0,2.0,2.0,2.0,2.0,2.0,2.0,2.0,2.0,2.0,0.0,0.0,0.0,0.0,0.0,4.0,8.0,8.0,8.0,8.0,10.0,10.0,8.0,8.0,12.0,12.0,12.0,10.0,8.0,10.0,12.0,12.0,10.0,10.0,10.0,10.0,10.0
2025-10-30,10.0,10.0,10.0,10.0,10.0,10.0,10.0,10.0,10.0,10.0,10.0,10.0,8.0,8.0,8.0,8.0,8.0,8.0,8.0,8.0,8.0,8.0,8.0,8.0,8.0,8.0,8.0,0.0,2.0,0.0,0.0,0.0,0.0,0.0,2.0,2.0,4.0,4.0,4.0,4.0,4.0,4.0,4.0,2.0,3.0,4.0,4.0,4.0,2.0,2.0,0.0,0.0,0.0,0.0,0.0,0.0,0.0,2.0,4.0,4.0,2.0,0.0,2.0,2.0,2.0,2.0,2.0,0.0,2.0,0.0,0.0,0.0,0.0,4.0,8.0,8.0,26.0,28.0,28.0,26.0,26.0,20.0,10.0,8.0,8.0,8.0,8.0,4.0,0.0,0.0,0.0,0.0,0.0,0.0,0.0,0.0
2025-10-31,0.0,0.0,0.0,0.0,0.0,0.0,0.0,0.0,0.0,0.0,0.0,0.0,0.0,0.0,0.0,0.0,0.0,0.0,0.0,0.0,0.0,0.0,0.0,0.0,0.0,0.0,0.0,0.0,0.0,0.0,0.0,0.0,0.0,0.0,0.0,0.0,0.0,0.0,0.0,0.0,0.0,0.0,0.0,0.0,0.0,0.0,0.0,0.0,0.0,0.0,0.0,0.0,0.0,0.0,0.0,0.0,0.0,0.0,0.0,0.0,0.0,0.0,2.0,2.0,2.0,6.0,6.0,6.0,26.0,13.0,0.0,0.0,0.0,0.0,6.0,12.0,13.0,14.0,12.0,12.0,12.0,12.0,12.0,12.0,12.0,12.0,12.0,12.0,12.0,14.0,14.0,14.0,14.0,16.0,14.0,12.0
2025-11-01,12.0,12.0,12.0,12.0,12.0,12.0,10.0,10.0,12.0,10.0,8.0,8.0,8.0,8.0,8.0,8.0,8.0,8.0,8.0,8.0,8.0,8.0,8.0,8.0,8.0,8.0,6.0,0.0,0.0,0.0,0.0,0.0,0.0,2.0,2.0,2.0,2.0,2.0,2.0,2.0,2.0,4.0,4.0,4.0,8.0,8.0,6.0,6.0,6.0,6.0,6.0,4.0,4.0,2.0,0.0,0.0,0.0,0.0,0.0,0.0,0.0,0.0,0.0,0.0,0.0,0.0,0.0,0.0,2.0,2.0,2.0,2.0,2.0,2.0,4.0,10.0,10.0,10.0,10.0,8.0,8.0,8.0,12.0,12.0,12.0,12.0,12.0,12.0,12.0,12.0,12.0,12.0,14.0,12.0,12.0,12.0
2025-11-02,10.0,10.0,8.0,8.0,8.0,8.0,8.0,8.0,8.0,8.0,8.0,8.0,8.0,8.0,8.0,8.0,8.0,8.0,8.0,8.0,8.0,8.0,8.0,8.0,8.0,8.0,8.0,8.0,8.0,0.0,0.0,0.0,0.0,2.0,4.0,4.0,4.0,2.0,0.0,0.0,2.0,0.0,0.0,0.0,0.0,0.0,0.0,0.0,0.0,0.0,0.0,0.0,0.0,0.0,0.0,0.0,0.0,0.0,0.0,0.0,0.0,2.0,2.0,2.0,0.0,1.0,2.0,0.0,0.0,0.0,0.0,0.0,0.0,0.0,6.0,10.0,10.0,8.0,8.0,8.0,8.0,8.0,8.0,8.0,10.0,10.0,12.0,12.0,12.0,12.0,10.0,8.0,8.0,8.0,8.0,8.0
2025-11-03,8.0,8.0,8.0,8.0,8.0,8.0,8.0,8.0,8.0,8.0,8.0,8.0,8.0,8.0,8.0,8.0,8.0,8.0,8.0,8.0,8.0,8.0,8.0,8.0,8.0,10.0,6.0,0.0,0.0,0.0,0.0,2.0,4.0,4.0,4.0,4.0,4.0,4.0,0.0,0.0,4.0,2.0,4.0,4.0,4.0,4.0,4.0,8.0,8.0,8.0,4.0,2.0,2.0,2.0,2.0,8.0,8.0,8.0,6.0,6.0,8.0,6.0,6.0,6.0,8.0,6.0,4.0,6.0,6.0,6.0,4.0,4.0,4.0,2.0,20.0,26.0,228.0,364.0,368.0,372.0,368.0,362.0,374.0,356.0,358.0,352.0,344.0,346.0,336.0,330.0,324.0,320.0,150.0,8.0,8.0,8.0
2025-11-04,8.0,8.0,8.0,8.0,8.0,8.0,8.0,8.0,8.0,8.0,8.0,8.0,8.0,8.0,8.0,8.0,8.0,8.0,8.0,8.0,8.0,8.0,8.0,8.0,8.0,8.0,8.0,4.0,0.0,0.0,2.0,4.0,4.0,4.0,4.0,4.0,4.0,6.0,5.0,4.0,4.0,14.0,24.0,20.0,20.0,20.0,20.0,18.0,16.0,10.0,16.0,16.0,16.0,14.0,12.0,14.0,10.0,8.0,6.0,4.0,8.0,8.0,8.0,10.0,12.0,8.0,6.0,4.0,2.0,0.0,0.0,0.0,0.0,0.0,6.0,8.0,8.0,10.0,10.0,10.0,12.0,12.0,12.0,12.0,12.0,10.0,12.0,14.0,18.0,18.0,16.0,14.0,14.0,14.0,12.0,10.0
2025-11-05,10.0,8.0,8.0,8.0,8.0,8.0,8.0,8.0,8.0,8.0,8.0,8.0,8.0,8.0,8.0,8.0,8.0,8.0,8.0,8.0,8.0,8.0,10.0,10.0,10.0,10.0,8.0,4.0,2.0,2.0,2.0,2.0,0.0,0.0,0.0,0.0,0.0,0.0,0.0,0.0,0.0,0.0,2.0,2.0,2.0,0.0,0.0,2.0,2.0,2.0,2.0,2.0,2.0,0.0,2.0,2.0,2.0,2.0,2.0,2.0,2.0,2.0,2.0,2.0,2.0,2.0,2.0,2.0,2.0,4.0,12.0,20.0,20.0,20.0,26.0,28.0,22.0,16.0,10.0,12.0,12.0,12.0,12.0,10.0,8.0,8.0,8.0,8.0,10.0,10.0,10.0,10.0,10.0,10.0,10.0,10.0
2025-11-06,10.0,10.0,10.0,10.0,10.0,10.0,10.0,10.0,10.0,10.0,10.0,10.0,10.0,10.0,10.0,10.0,10.0,10.0,10.0,10.0,12.0,12.0,12.0,12.0,12.0,10.0,10.0,0.0,2.0,2.0,2.0,2.0,2.0,2.0,2.0,0.0,0.0,0.0,0.0,0.0,0.0,0.0,0.0,0.0,0.0,0.0,0.0,0.0,2.0,2.0,2.0,2.0,2.0,2.0,2.0,2.0,2.0,2.0,2.0,2.0,2.0,0.0,0.0,0.0,0.0,0.0,0.0,2.0,2.0,2.0,4.0,2.0,4.0,10.0,6.0,20.0,20.0,20.0,16.0,15.0,14.0,14.0,14.0,108.0,380.0,398.0,396.0,394.0,392.0,384.0,372.0,364.0,352.0,348.0,344.0,342.0
2025-11-07,344.0,342.0,340.0,340.0,342.0,348.0,346.0,332.0,330.0,326.0,324.0,325.0,326.0,336.0,6.0,0.0,0.0,0.0,0.0,0.0,0.0,0.0,0.0,0.0,0.0,0.0,0.0,0.0,0.0,0.0,0.0,0.0,0.0,0.0,0.0,0.0,0.0,0.0,0.0,0.0,0.0,0.0,0.0,0.0,8.0,8.0,8.0,8.0,8.0,14.0,14.0,14.0,14.0,14.0,12.0,12.0,12.0,16.0,16.0,16.0,16.0,14.0,10.0,10.0,6.0,4.0,4.0,2.0,2.0,2.0,2.0,2.0,2.0,8.0,10.0,10.0,12.0,14.0,12.0,14.0,14.0,14.0,14.0,14.0,14.0,14.0,12.0,12.0,12.0,12.0,12.0,10.0,10.0,10.0,10.0,10.0
2025-11-08,8.0,8.0,8.0,8.0,8.0,8.0,8.0,8.0,8.0,8.0,8.0,8.0,8.0,8.0,8.0,8.0,8.0,8.0,8.0,8.0,8.0,8.0,8.0,8.0,8.0,8.0,8.0,6.0,0.0,4.0,4.0,4.0,6.0,4.0,2.0,2.0,2.0,2.0,2.0,4.0,4.0,4.0,4.0,6.0,8.0,10.0,8.0,8.0,5.0,2.0,2.0,0.0,0.0,0.0,0.0,0.0,0.0,0.0,0.0,0.0,0.0,2.0,0.0,0.0,0.0,0.0,0.0,0.0,0.0,0.0,0.0,2.0,0.0,0.0,10.0,10.0,10.0,10.0,10.0,10.0,10.0,8.0,10.0,12.0,12.0,12.0,12.0,12.0,10.0,10.0,10.0,12.0,12.0,12.0,12.0,12.0
2025-11-09,14.0,12.0,8.0,8.0,8.0,8.0,8.0,8.0,8.0,8.0,8.0,8.0,8.0,8.0,8.0,8.0,8.0,10.0,10.0,10.0,10.0,10.0,8.0,10.0,10.0,10.0,8.0,2.0,0.0,0.0,0.0,0.0,0.0,0.0,0.0,0.0,0.0,0.0,0.0,0.0,0.0,0.0,2.0,0.0,0.0,0.0,0.0,0.0,0.0,0.0,0.0,0.0,0.0,0.0,0.0,0.0,0.0,0.0,0.0,0.0,0.0,0.0,0.0,0.0,0.0,0.0,0.0,0.0,0.0,0.0,0.0,0.0,20.0,22.0,32.0,30.0,24.0,14.0,12.0,12.0,10.0,10.0,10.0,10.0,10.0,12.0,12.0,12.0,12.0,12.0,8.0,8.0,8.0,8.0,8.0,8.0
2025-11-10,8.0,8.0,8.0,8.0,8.0,8.0,8.0,8.0,8.0,8.0,8.0,8.0,8.0,8.0,8.0,8.0,8.0,8.0,8.0,8.0,8.0,8.0,8.0,8.0,8.0,8.0,8.0,0.0,0.0,0.0,0.0,0.0,0.0,0.0,0.0,0.0,0.0,0.0,0.0,0.0,0.0,0.0,0.0,2.0,2.0,6.0,6.0,6.0,6.0,6.0,6.0,6.0,6.0,4.0,4.0,2.0,2.0,2.0,2.0,2.0,0.0,0.0,0.0,0.0,0.0,0.0,0.0,20.0,20.0,12.0,6.0,4.0,8.0,10.0,20.0,18.0,18.0,18.0,22.0,28.0,28.0,28.0,28.0,22.0,20.0,20.0,20.0,20.0,20.0,18.0,18.0,18.0,20.0,20.0,18.0,18.0
2025-11-11,14.0,12.0,12.0,10.0,8.0,10.0,10.0,10.0,10.0,10.0,8.0,8.0,8.0,8.0,8.0,8.0,10.0,12.0,12.0,12.0,12.0,12.0,12.0,12.0,12.0,12.0,10.0,2.0,2.0,0.0,0.0,4.0,4.0,4.0,2.0,0.0,0.0,0.0,0.0,0.0,0.0,0.0,0.0,0.0,0.0,0.0,0.0,0.0,0.0,0.0,0.0,0.0,0.0,0.0,0.0,2.0,8.0,8.0,8.0,8.0,8.0,8.0,4.0,4.0,4.0,2.0,6.0,6.0,6.0,6.0,4.0,6.0,6.0,4.0,10.0,10.0,8.0,8.0,8.0,10.0,8.0,8.0,8.0,8.0,10.0,12.0,14.0,14.0,14.0,14.0,14.0,12.0,12.0,12.0,12.0,12.0
2025-11-12,12.0,12.0,10.0,10.0,10.0,8.0,8.0,8.0,8.0,8.0,8.0,8.0,8.0,8.0,8.0,8.0,8.0,8.0,8.0,8.0,8.0,8.0,8.0,8.0,8.0,8.0,8.0,2.0,0.0,0.0,0.0,0.0,0.0,0.0,0.0,2.0,0.0,0.0,0.0,0.0,0.0,0.0,0.0,2.0,4.0,3.0,2.0,2.0,2.0,2.0,2.0,2.0,2.0,2.0,2.0,2.0,2.0,2.0,0.0,2.0,2.0,2.0,2.0,2.0,2.0,0.0,0.0,0.0,0.0,0.0,0.0,18.0,18.0,18.0,20.0,18.0,8.0,8.0,8.0,8.0,8.0,8.0,8.0,8.0,8.0,8.0,8.0,8.0,8.0,8.0,8.0,8.0,8.0,10.0,10.0,10.0
2025-11-13,10.0,10.0,10.0,10.0,10.0,10.0,10.0,10.0,8.0,8.0,8.0,8.0,8.0,8.0,8.0,8.0,8.0,8.0,8.0,8.0,8.0,8.0,8.0,8.0,8.0,8.0,8.0,8.0,6.0,2.0,0.0,0.0,2.0,0.0,0.0,0.0,0.0,0.0,0.0,0.0,0.0,0.0,2.0,2.0,2.0,2.0,0.0,0.0,0.0,0.0,0.0,4.0,4.0,4.0,4.0,4.0,4.0,2.0,4.0,8.0,8.0,8.0,8.0,10.0,10.0,10.0,10.0,10.0,4.0,2.0,2.0,8.0,8.0,10.0,14.0,16.0,14.0,14.0,14.0,14.0,14.0,14.0,14.0,14.0,14.0,12.0,10.0,10.0,184.0,378.0,378.0,372.0,368.0,360.0,354.0,350.0
2025-11-14,348.0,344.0,338.0,336.0,334.0,336.0,328.0,324.0,320.0,224.0,10.0,10.0,8.0,8.0,8.0,8.0,8.0,8.0,8.0,8.0,8.0,8.0,8.0,8.0,8.0,8.0,4.0,0.0,0.0,0.0,0.0,0.0,0.0,0.0,0.0,0.0,0.0,0.0,0.0,0.0,0.0,0.0,0.0,0.0,2.0,2.0,4.0,4.0,4.0,4.0,4.0,4.0,4.0,6.0,6.0,6.0,6.0,6.0,6.0,6.0,6.0,6.0,6.0,6.0,6.0,8.0,8.0,8.0,6.0,4.0,4.0,4.0,4.0,4.0,10.0,30.0,28.0,10.0,10.0,10.0,8.0,10.0,10.0,12.0,12.0,12.0,12.0,12.0,12.0,2.0,0.0,0.0,0.0,0.0,0.0,0.0
2025-11-15,0.0,0.0,0.0,0.0,0.0,0.0,0.0,0.0,0.0,0.0,0.0,0.0,0.0,0.0,0.0,0.0,0.0,0.0,0.0,0.0,0.0,0.0,0.0,0.0,0.0,2.0,8.0,8.0,4.0,0.0,0.0,0.0,0.0,0.0,0.0,0.0,0.0,0.0,0.0,0.0,0.0,0.0,0.0,0.0,0.0,0.0,0.0,0.0,0.0,0.0,0.0,4.0,4.0,4.0,2.0,2.0,4.0,4.0,8.0,8.0,8.0,6.0,6.0,6.0,6.0,6.0,14.0,30.0,30.0,30.0,30.0,28.0,18.0,12.0,10.0,10.0,10.0,8.0,8.0,8.0,8.0,8.0,10.0,10.0,10.0,10.0,10.0,10.0,10.0,10.0,10.0,10.0,10.0,10.0,10.0,10.0
2025-11-16,10.0,10.0,10.0,8.0,10.0,8.0,8.0,8.0,10.0,10.0,10.0,8.0,8.0,8.0,8.0,10.0,10.0,10.0,10.0,10.0,14.0,13.0,12.0,12.0,12.0,12.0,12.0,8.0,2.0,0.0,0.0,0.0,0.0,0.0,0.0,0.0,0.0,0.0,0.0,0.0,0.0,0.0,0.0,0.0,0.0,0.0,0.0,0.0,0.0,0.0,0.0,0.0,0.0,0.0,0.0,0.0,0.0,0.0,0.0,0.0,0.0,0.0,0.0,0.0,0.0,0.0,0.0,0.0,0.0,0.0,0.0,0.0,0.0,0.0,10.0,10.0,10.0,10.0,10.0,14.0,14.0,14.0,14.0,14.0,16.0,18.0,14.0,14.0,12.0,12.0,14.0,14.0,14.0,14.0,14.0,12.0
2025-11-17,12.0,12.0,12.0,12.0,10.0,8.0,8.0,8.0,8.0,8.0,8.0,8.0,8.0,8.0,8.0,8.0,8.0,8.0,8.0,8.0,8.0,8.0,8.0,8.0,8.0,8.0,8.0,8.0,2.0,0.0,0.0,0.0,0.0,0.0,0.0,0.0,0.0,0.0,0.0,0.0,0.0,0.0,0.0,0.0,0.0,2.0,2.0,2.0,2.0,2.0,2.0,2.0,2.0,2.0,2.0,4.0,6.0,26.0,24.0,18.0,26.0,26.0,20.0,22.0,16.0,8.0,6.0,6.0,2.0,0.0,2.0,4.0,4.0,4.0,8.0,12.0,10.0,10.0,10.0,10.0,10.0,10.0,10.0,10.0,10.0,10.0,10.0,10.0,10.0,10.0,10.0,10.0,10.0,10.0,10.0,10.0
2025-11-18,8.0,8.0,8.0,8.0,8.0,8.0,8.0,8.0,8.0,8.0,8.0,8.0,8.0,8.0,8.0,8.0,8.0,8.0,8.0,8.0,8.0,8.0,8.0,8.0,8.0,8.0,8.0,2.0,0.0,0.0,2.0,0.0,0.0,0.0,0.0,0.6666666666666666,1.3333333333333333,2.0,2.0,2.0,2.0,0.0,0.0,0.0,0.0,0.0,0.0,0.0,0.0,0.0,0.0,0.0,0.0,0.0,0.0,0.0,0.0,0.0,0.0,0.0,0.0,0.0,0.0,0.0,0.0,0.0,0.0,0.0,0.0,0.0,2.0,2.0,2.0,2.0,10.0,10.0,10.0,8.0,8.0,8.0,10.0,10.0,10.0,10.0,10.0,10.0,10.0,10.0,10.0,12.0,14.0,16.0,14.0,14.0,14.0,14.0
2025-11-19,12.0,12.0,10.0,10.0,10.0,10.0,10.0,10.0,8.0,8.0,8.0,8.0,8.0,8.0,8.0,8.0,8.0,8.0,8.0,8.0,8.0,8.0,8.0,8.0,8.0,8.0,8.0,2.0,0.0,0.0,0.0,0.0,0.0,0.0,0.0,0.0,0.0,18.0,18.0,18.0,18.0,16.0,18.0,12.0,4.0,2.0,0.0,0.0,0.0,0.0,0.0,0.0,0.0,0.0,0.0,0.0,0.0,0.0,0.0,0.0,0.0,0.0,0.0,0.0,0.0,0.0,0.0,0.0,0.0,0.0,0.0,0.0,0.0,2.0,0.0,6.0,10.0,10.0,10.0,10.0,10.0,10.0,12.0,12.0,12.0,12.0,14.0,12.0,12.0,12.0,12.0,14.0,12.0,14.0,16.0,16.0
2025-11-22,416.0,412.0,406.0,404.0,400.0,398.0,396.0,394.0,383.0,372.0,366.0,362.0,6.0,0.0,0.0,0.0,0.0,0.0,0.0,0.0,0.0,0.0,0.0,0.0,0.0,0.0,0.0,0.0,0.0,0.0,0.0,0.0,0.0,0.0,0.0,0.0,0.0,0.0,0.0,0.0,0.0,0.0,0.0,0.0,0.0,0.0,0.0,0.0,0.0,0.0,0.0,0.0,0.0,0.0,0.0,0.0,0.0,0.0,0.0,0.0,0.0,0.0,0.0,0.0,0.0,0.0,0.0,0.0,0.0,0.0,0.0,0.0,0.0,0.0,0.0,0.0,0.0,0.0,8.0,10.0,10.0,10.0,10.0,14.0,16.0,16.0,16.0,16.0,16.0,16.0,16.0,16.0,20.0,20.0,20.0,20.0
2025-11-23,18.0,16.0,12.0,12.0,12.0,12.0,12.0,12.0,12.0,12.0,10.0,10.0,10.0,12.0,12.0,10.0,10.0,10.0,8.0,8.0,8.0,8.0,8.0,8.0,14.0,14.0,12.0,6.0,6.0,10.0,8.0,6.0,4.0,2.0,2.0,2.0,1.0,0.0,0.0,0.0,2.0,2.0,2.0,4.0,8.0,6.0,6.0,0.0,0.0,0.0,4.0,6.0,6.0,6.0,4.0,4.0,4.0,2.0,4.0,6.0,6.0,4.0,4.0,4.0,6.0,0.0,0.0,0.0,0.0,0.0,0.0,0.0,0.0,0.0,0.0,6.0,8.0,10.0,14.0,18.0,16.0,18.0,18.0,16.0,14.0,14.0,14.0,14.0,14.0,12.0,14.0,14.0,14.0,10.0,6.0,4.0
2025-11-24,4.0,2.0,2.0,0.0,0.0,0.0,0.0,0.0,0.0,0.0,0.0,0.0,0.0,0.0,0.0,0.0,0.0,0.0,0.0,0.0,0.0,0.0,0.0,0.0,4.0,10.0,8.0,6.0,2.0,2.0,2.0,2.0,2.0,6.0,20.0,18.0,20.0,8.0,0.0,2.0,2.0,0.0,0.0,2.0,4.0,4.0,4.0,6.0,8.0,10.0,8.0,8.0,6.0,8.0,8.0,8.0,6.0,6.0,4.0,4.0,2.0,2.0,2.0,0.0,0.0,0.0,0.0,0.0,0.0,0.0,0.0,0.0,0.0,4.0,6.0,8.0,8.0,10.0,10.0,10.0,10.0,10.0,10.0,8.0,8.0,8.0,8.0,8.0,8.0,8.0,8.0,8.0,8.0,8.0,8.0,8.0
2025-11-25,8.0,8.0,8.0,8.0,8.0,8.0,8.0,8.0,8.0,8.0,8.0,8.0,8.0,8.0,8.0,8.0,8.0,8.0,8.0,8.0,8.0,8.0,8.0,8.0,8.0,8.0,6.0,0.0,0.0,0.0,0.0,0.0,0.0,0.0,0.0,0.0,0.0,0.0,0.0,0.0,0.0,0.0,0.0,2.0,4.0,4.0,4.0,4.0,3.0,2.0,2.0,2.0,2.0,2.0,2.0,2.0,2.0,2.0,2.0,2.0,0.0,0.0,0.0,0.0,0.0,0.0,0.0,0.0,0.0,2.0,2.0,2.0,2.0,2.0,2.0,8.0,12.0,10.0,8.0,8.0,8.0,8.0,8.0,10.0,10.0,8.0,8.0,8.0,8.0,8.0,8.0,8.0,12.0,18.0,18.0,16.0
2025-11-26,16.0,16.0,16.0,16.0,16.0,16.0,16.0,16.0,16.0,0.0,0.0,0.0,0.0,0.0,0.0,0.0,0.0,0.0,0.0,0.0,0.0,0.0,0.0,0.0,0.0,0.0,0.0,0.0,0.0,0.0,0.0,0.0,0.0,0.0,0.0,0.0,4.0,2.0,0.0,4.0,6.0,6.0,6.0,6.0,6.0,6.0,4.0,4.0,2.0,2.0,4.0,6.0,4.0,4.0,4.0,4.0,6.0,6.0,6.0,6.0,6.0,6.0,6.0,6.0,4.0,4.0,4.0,4.0,4.0,4.0,4.0,4.0,4.0,4.0,4.0,4.0,12.0,12.0,12.0,12.0,10.0,14.0,12.0,14.0,22.0,24.0,24.0,22.0,22.0,20.0,20.0,18.0,14.0,12.0,12.0,12.0
2025-11-28,374.4,377.6,380.8,384.0,380.0,372.0,364.0,358.0,352.0,348.0,346.0,344.0,350.0,350.0,350.0,344.0,342.0,342.0,340.0,338.0,340.0,342.0,354.0,348.0,342.0,336.0,334.0,166.0,0.0,0.0,0.0,0.0,0.0,0.0,0.0,0.0,0.0,0.0,0.0,0.0,0.0,0.0,0.0,0.16666666666666666,0.3333333333333333,0.5,0.6666666666666666,0.8333333333333333,1.0,1.1666666666666665,1.3333333333333333,1.5,1.6666666666666665,1.8333333333333333,2.0,4.0,4.0,4.0,6.0,4.0,0.0,2.0,2.0,2.0,2.0,2.0,2.0,0.0,0.0,0.0,0.0,2.0,2.0,0.0,6.0,12.0,10.0,12.0,12.0,12.0,12.0,12.0,8.0,8.0,8.0,8.0,8.0,8.0,8.0,8.0,8.0,8.0,8.0,8.0,8.0,8.0
2025-11-29,8.0,8.0,8.0,8.0,8.0,8.0,8.0,8.0,8.0,8.0,8.0,8.0,8.0,8.0,8.0,8.0,8.0,8.0,8.0,8.0,8.0,8.0,8.0,8.0,8.0,8.0,6.0,3.0,0.0,0.0,0.0,0.0,0.0,0.0,0.0,2.0,2.0,2.0,2.0,2.0,0.0,0.0,0.0,0.0,0.0,0.0,0.0,0.0,0.0,0.0,2.0,2.0,2.0,2.0,2.0,2.0,2.0,2.0,2.0,2.0,0.0,0.0,0.0,0.0,0.0,0.0,0.0,0.0,0.0,0.0,0.0,0.0,0.0,0.0,8.0,10.0,10.0,10.0,10.0,10.0,10.0,10.0,8.0,8.0,8.0,8.0,8.0,8.0,8.0,8.0,8.0,10.0,10.0,10.0,10.0,10.0
2025-11-30,10.0,10.0,10.0,8.0,8.0,8.0,8.0,8.0,8.0,8.0,8.0,8.0,8.0,8.0,8.0,8.0,8.0,8.0,8.0,8.0,8.0,8.0,8.0,8.0,8.0,8.0,8.0,8.0,2.0,2.0,2.0,2.0,2.0,2.0,2.0,2.0,2.0,2.0,2.0,2.0,4.0,4.0,4.0,4.0,4.0,4.0,4.0,4.0,4.0,4.0,4.0,4.0,4.0,4.0,4.0,4.0,4.0,4.0,4.0,4.0,4.0,4.0,4.0,4.0,4.0,4.0,4.0,4.0,4.0,4.0,4.0,2.0,2.0,2.0,0.0,4.0,8.0,8.0,8.0,8.0,8.0,8.0,8.0,8.0,8.0,8.0,8.0,8.0,8.0,10.0,10.0,8.0,8.0,8.0,8.0,8.0
2025-12-01,8.0,8.0,8.0,8.0,8.0,8.0,8.0,8.0,8.0,8.0,8.0,8.0,8.0,8.0,8.0,8.0,8.0,8.0,8.0,8.0,8.0,8.0,8.0,200.0,354.0,360.0,352.0,348.0,340.0,334.0,326.0,320.0,322.0,320.0,318.0,318.0,316.0,318.0,316.0,314.0,318.0,294.0,0.0,0.0,2.0,0.0,2.0,2.0,2.0,2.0,0.0,0.0,0.0,0.0,2.0,4.0,4.0,2.0,4.0,4.0,4.0,4.0,4.0,4.0,4.0,4.0,4.0,10.0,10.0,10.0,10.0,10.0,4.0,8.0,14.0,12.0,8.0,8.0,8.0,8.0,8.0,8.0,8.0,8.0,8.0,12.0,16.0,14.0,12.0,14.0,12.0,14.0,14.0,14.0,14.0,14.0
2025-12-04,12.0,10.0,10.0,10.0,10.0,10.0,10.0,10.0,10.0,10.0,10.0,10.0,10.0,10.0,8.0,8.0,10.0,10.0,10.0,10.0,10.0,10.0,10.0,10.0,10.0,10.0,14.0,12.0,6.0,6.0,4.0,2.0,0.0,0.0,2.0,8.0,6.0,10.0,14.0,8.0,6.0,8.0,342.0,422.0,422.0,412.0,410.0,404.0,400.0,388.0,8.0,0.0,352.0,376.0,376.0,116.0,0.0,0.0,0.0,0.0,0.0,0.0,2.0,14.0,14.0,14.0,12.0,12.0,12.0,14.0,16.0,10.0,6.0,0.0,6.0,28.0,28.0,28.0,28.0,30.0,30.0,28.0,18.0,12.0,10.0,10.0,10.0,10.0,8.0,8.0,8.0,8.0,8.0,8.0,8.0,8.0
2025-12-05,8.0,8.0,8.0,8.0,8.0,8.0,8.0,8.0,8.0,8.0,8.0,8.0,8.0,8.0,8.0,8.0,8.0,8.0,8.0,8.0,8.0,8.0,8.0,8.0,8.0,8.0,8.0,6.0,0.0,0.0,0.0,0.0,0.0,0.0,0.0,0.0,0.0,0.0,0.0,0.0,0.0,0.0,0.0,0.0,0.0,0.0,0.0,0.0,0.0,0.0,0.0,0.0,0.0,0.0,0.0,0.0,0.0,6.0,6.0,6.0,6.0,6.0,6.0,6.0,6.0,6.0,6.0,6.0,6.0,8.0,18.0,16.0,12.0,12.0,12.0,10.0,8.0,8.0,10.0,14.0,16.0,16.0,16.0,18.0,20.0,20.0,20.0,20.0,20.0,20.0,260.0,392.0,392.0,388.0,386.0,384.0
2025-12-06,378.0,372.0,360.0,356.0,354.0,354.0,350.0,348.0,346.0,344.0,340.0,338.0,336.0,334.0,332.0,332.0,328.0,324.0,218.0,0.0,1.0,2.0,2.0,2.0,4.0,10.0,10.0,4.0,2.0,2.0,0.0,0.0,0.0,0.0,0.0,0.0,6.0,8.0,8.0,10.0,8.0,6.0,10.0,4.0,0.0,0.0,0.0,0.0,4.0,22.0,18.0,14.0,12.0,24.0,20.0,14.0,6.0,0.0,0.0,2.0,2.0,0.0,0.0,0.0,0.0,0.0,0.0,0.0,0.0,0.0,0.0,0.0,0.0,0.0,0.0,0.0,8.0,8.0,10.0,14.0,18.0,16.0,14.0,14.0,16.0,22.0,22.0,22.0,24.0,26.0,24.0,20.0,10.0,6.0,6.0,6.0
2025-12-07,6.0,6.0,6.0,6.0,6.0,4.0,2.0,2.0,0.0,0.0,0.0,0.0,0.0,0.0,0.0,0.0,0.0,0.0,0.0,0.0,0.0,0.0,0.0,0.0,0.0,8.0,4.0,0.0,2.0,0.0,0.0,0.0,0.0,0.0,0.0,0.0,4.0,6.0,4.0,4.0,4.0,4.0,4.0,4.0,2.0,2.0,2.0,4.0,4.0,4.0,6.0,6.0,2.0,2.0,0.0,0.0,0.0,0.0,4.0,6.0,6.0,6.0,6.0,10.0,10.0,12.0,8.0,2.0,2.0,2.0,0.0,0.0,0.0,2.0,2.0,0.0,8.0,8.0,8.0,8.0,8.0,8.0,8.0,8.0,12.0,12.0,12.0,14.0,14.0,14.0,14.0,14.0,14.0,12.0,12.0,238.0
2025-12-08,414.0,428.0,426.0,426.0,420.0,412.0,402.0,396.0,390.0,382.0,374.0,370.0,374.0,374.0,376.0,376.0,378.0,378.0,378.0,376.0,374.0,372.0,372.0,372.0,372.0,380.0,374.0,366.0,362.0,354.0,170.0,2.0,2.0,2.0,3.0,4.0,4.0,4.0,12.0,12.666666666666666,13.333333333333334,14.0,14.0,12.0,12.0,10.0,8.0,8.0,6.0,4.0,0.0,0.0,16.0,24.0,24.0,28.0,30.0,20.0,6.0,6.0,6.0,6.0,6.0,22.0,22.0,22.0,24.0,24.0,20.0,14.0,6.0,4.0,2.0,10.0,6.0,8.0,8.0,8.0,14.0,8.0,14.0,14.0,12.0,12.0,12.0,12.0,12.0,12.0,12.0,14.0,14.0,14.0,14.0,14.0,14.0,14.0
2025-12-09,14.0,12.0,12.0,12.0,12.0,10.0,10.0,10.0,10.0,10.0,10.0,10.0,10.0,10.0,10.0,10.0,10.0,10.0,10.0,10.0,10.0,10.0,10.0,10.0,10.0,10.0,10.0,10.0,10.0,8.0,4.0,8.0,8.0,4.0,2.0,2.0,2.0,2.0,2.0,2.0,2.0,2.0,8.0,8.0,6.0,6.0,6.0,6.0,6.0,6.0,6.0,6.0,6.0,6.0,6.0,6.0,6.0,6.0,2.0,0.0,0.0,0.0,0.0,0.0,0.0,0.0,0.0,0.0,0.0,0.0,0.0,0.0,0.0,4.0,6.0,8.0,8.0,8.0,10.0,10.0,8.0,8.0,8.0,8.0,8.0,8.0,8.0,8.0,8.0,8.0,8.0,10.0,10.0,10.0,10.0,10.0
2025-12-10,10.0,8.0,8.0,8.0,8.0,8.0,8.0,8.0,8.0,8.0,10.0,14.0,14.0,14.0,14.0,14.0,14.0,14.0,14.0,14.0,14.0,14.0,14.0,14.0,16.0,16.0,12.0,4.0,4.0,2.0,0.0,0.0,0.0,0.0,2.0,2.0,4.0,8.0,8.0,12.0,12.0,8.0,8.0,8.0,4.0,0.0,3.5,7.0,10.5,14.0,16.0,18.0,18.0,16.0,16.0,13.333333333333334,10.666666666666668,8.0,8.0,6.0,4.0,3.2,2.4,1.5999999999999996,0.7999999999999998,0.0,0.0,0.0,0.0,0.0,0.0,0.0,0.0,0.0,6.0,12.0,14.0,14.0,14.0,14.0,16.0,16.0,16.0,16.0,14.0,14.0,14.0,14.0,14.0,14.0,16.0,16.0,16.0,14.0,14.0,14.0
2025-12-11,14.0,14.0,14.0,14.0,14.0,14.0,14.0,14.0,14.0,14.0,14.0,14.0,14.0,12.0,12.0,14.0,14.0,12.0,12.0,12.0,12.0,10.0,10.0,10.0,8.0,8.0,8.0,2.0,2.0,2.0,4.0,6.0,6.0,6.0,6.0,6.0,6.0,6.0,8.0,8.0,8.0,8.0,8.0,8.0,8.0,8.0,8.0,4.0,4.0,2.0,2.0,2.0,2.0,2.0,2.0,2.0,4.0,6.0,4.0,4.0,4.0,4.0,4.0,4.0,4.0,4.0,4.0,4.0,0.0,0.0,2.0,6.0,4.0,20.0,28.0,30.0,28.0,16.0,10.0,10.0,10.0,10.0,10.0,10.0,10.0,10.0,12.0,12.0,14.0,12.0,12.0,12.0,10.0,10.0,10.0,8.0
2025-12-12,8.0,8.0,8.0,8.0,8.0,8.0,8.0,10.0,9.0,8.0,8.0,8.0,8.0,8.0,8.0,8.0,8.0,8.0,8.0,8.0,8.0,8.0,8.0,8.0,8.0,12.0,12.0,12.0,6.0,2.0,4.0,2.0,0.0,0.0,0.0,0.0,0.0,0.0,0.0,0.0,0.0,6.0,8.0,8.0,10.0,10.0,10.0,8.0,8.0,6.0,6.0,6.0,6.0,6.0,6.0,6.0,8.0,8.0,6.0,4.0,4.0,2.0,2.0,2.0,2.0,2.0,2.0,0.0,0.0,2.888888888888889,5.777777777777778,8.666666666666666,11.555555555555555,14.444444444444445,17.333333333333332,20.22222222222222,23.11111111111111,26.0,26.0,24.0,18.0,8.0,8.0,8.0,8.0,8.0,8.0,8.0,8.0,8.0,8.0,8.0,8.0,8.0,8.0,8.0
2025-12-13,8.0,8.0,8.0,8.0,8.0,8.0,8.0,8.0,8.0,8.0,8.0,8.0,8.0,8.0,8.0,8.0,8.0,8.0,8.0,8.0,8.0,8.0,8.0,8.0,8.0,8.0,8.0,8.0,0.0,0.0,0.0,0.0,0.0,0.0,0.0,0.0,0.0,0.0,0.0,0.0,0.0,0.0,0.0,0.0,0.0,0.0,0.0,6.0,12.0,12.0,12.0,12.0,12.666666666666666,13.333333333333334,14.0,4.0,0.0,2.0,4.0,4.0,4.0,4.0,2.0,2.0,0.0,0.0,0.0,0.0,0.0,0.0,0.0,0.0,0.0,0.0,2.0,6.0,8.0,8.0,8.0,8.0,8.0,8.0,8.0,8.0,8.0,8.0,8.0,8.0,8.0,8.0,12.0,10.0,10.0,12.0,14.0,14.0
2025-12-14,14.0,12.0,14.0,14.0,14.0,12.0,12.0,12.0,12.0,10.0,10.0,10.0,8.0,8.0,8.0,8.0,8.0,10.0,10.0,10.0,10.0,8.0,8.0,8.0,8.0,8.0,8.0,4.0,0.0,0.0,0.0,0.0,0.0,0.0,0.0,0.0,2.0,2.0,2.0,2.0,10.0,12.0,12.0,12.0,12.0,10.0,10.0,10.0,8.0,4.0,4.0,6.0,8.0,8.0,8.0,8.0,8.0,8.0,8.0,6.0,6.0,6.0,6.0,6.0,6.0,6.0,6.0,4.0,2.0,14.0,20.0,18.0,18.0,18.0,12.0,6.0,8.0,8.0,8.0,8.0,8.0,10.0,10.0,10.0,10.0,10.0,10.0,10.0,10.0,8.0,8.0,8.0,8.0,8.0,8.0,8.0
