season,seed,slot_0,slot_1,slot_2,slot_3,slot_4,slot_5,slot_6,slot_7,slot_8,slot_9,slot_10,slot_11,slot_12,slot_13,slot_14,slot_15,slot_16,slot_17,slot_18,slot_19,slot_20,slot_21,slot_22,slot_23,slot_24,slot_25,slot_26,slot_27,slot_28,slot_29,slot_30,slot_31,slot_32,slot_33,slot_34,slot_35,slot_36,slot_37,slot_38,slot_39,slot_40,slot_41,slot_42,slot_43,slot_44,slot_45,slot_46,slot_47,slot_48,slot_49,slot_50,slot_51,slot_52,slot_53,slot_54,slot_55,slot_56,slot_57,slot_58,slot_59,slot_60,slot_61,slot_62,slot_63,slot_64,slot_65,slot_66,slot_67,slot_68,slot_69,slot_70,slot_71,slot_72,slot_73,slot_74,slot_75,slot_76,slot_77,slot_78,slot_79,slot_80,slot_81,slot_82,slot_83,slot_84,slot_85,slot_86,slot_87,slot_88,slot_89,slot_90,slot_91,slot_92,slot_93,slot_94,slot_95
Dry season,0,0.40588235294117675,0.40588235294117675,0.40588235294117675,0.40588235294117675,0.40588235294117675,0.40588235294117675,0.40588235294117675,0.40588235294117675,0.40588235294117675,0.40588235294117675,0.40588235294117675,0.40588235294117675,0.40588235294117675,0.40588235294117675,0.40588235294117675,0.40588235294117675,0.40588235294117675,0.40588235294117675,0.40588235294117675,0.40588235294117675,0.40588235294117675,0.40588235294117675,0.40588235294117675,0.40588235294117675,0.40588235294117675,0.40588235294117675,0.40588235294117675,0.40588235294117675,253.71872311451054,231.17294888549654,183.1499215451333,266.6037835661577,598.04555812078,490.1977990189223,420.88171578760733,377.3486230031469,452.60748620334624,342.7255723466795,359.8159109592247,554.0911346452216,485.0553921294825,301.3721384131088,411.72383964424677,374.91599047528723,547.4469151595092,404.48589152626863,425.55684731150023,403.0639794896318,378.65842397819216,519.8333680614229,483.51776057213567,431.8862592532271,272.7331124102803,382.52142041183123,440.4991169271297,392.62369718294696,541.4917573843529,305.8642884108912,238.93507973456215,457.04713657275613,310.90028051592907,0.40588235294117675,696.6390354427309,614.7873815683117,396.6590378979771,678.7017099821309,1078.2220251836961,1186.0444347402504,1021.4383115393817,946.5106804299361,822.6652549816461,882.2040489592997,1079.7383117854156,1001.7061170394669,722.2901383996857,791.3507035046352,973.8925435520555,1044.234540935337,613.4708391473148,536.7358205845082,793.9627052432467,653.0583349392447,128.66180474033018,197.8717954360965,190.05706158309064,243.93749496839783,262.843367299299,409.2211429190232,361.921239119528,226.8235516880899,0.40588235294117675,0.40588235294117675,0.40588235294117675,0.40588235294117675,0.40588235294117675,0.40588235294117675
Dry season,1,0.40588235294117675,0.40588235294117675,0.40588235294117675,0.40588235294117675,0.40588235294117675,0.40588235294117675,0.40588235294117675,0.40588235294117675,0.40588235294117675,0.40588235294117675,0.40588235294117675,0.40588235294117675,0.40588235294117675,0.40588235294117675,0.40588235294117675,0.40588235294117675,0.40588235294117675,0.40588235294117675,0.40588235294117675,0.40588235294117675,0.40588235294117675,0.40588235294117675,0.40588235294117675,0.40588235294117675,0.40588235294117675,0.40588235294117675,0.40588235294117675,0.40588235294117675,195.0100413313805,216.88489865887695,123.48396752360678,347.58848400546856,461.6199611911709,456.0817004151242,462.8580716335897,484.61510068181974,246.43484366284673,355.0402881507642,499.241517461999,633.4430519805734,257.8184891293178,327.21969094664377,521.1764534662095,535.9092596045145,400.90364828777484,337.4379635422462,523.5093878957589,381.11553484403953,388.272545737709,313.50536350676333,601.8426778645063,509.12570057926786,404.5000721608054,312.81000365795006,465.29805920637403,457.7868218520886,536.8086219671558,352.9913575724174,335.3432038907332,283.8000025297851,276.31163255231183,0.40588235294117675,540.6884544484911,626.4830022247248,286.8881398696929,834.365982365653,1209.7115853997925,1059.88065282694,753.0402329282016,1195.6312384408411,852.8396125345799,681.1568963781317,856.369327792648,1152.5532660884069,758.0960482345017,792.5971852516017,1077.0462032952792,1135.2394958285784,776.5595078929858,595.6029019430341,783.4103467719149,678.050318532674,228.20324669367557,226.77324837265854,103.60321925163565,296.8881604964849,335.1706698003489,337.593633672759,242.27171604941847,370.48477355534595,0.40588235294117675,0.40588235294117675,0.40588235294117675,0.40588235294117675,0.40588235294117675,0.40588235294117675
Dry season,2,0.40588235294117675,0.40588235294117675,0.40588235294117675,0.40588235294117675,0.40588235294117675,0.40588235294117675,0.40588235294117675,0.40588235294117675,0.40588235294117675,0.40588235294117675,0.40588235294117675,0.40588235294117675,0.40588235294117675,0.40588235294117675,0.40588235294117675,0.40588235294117675,0.40588235294117675,0.40588235294117675,0.40588235294117675,0.40588235294117675,0.40588235294117675,0.40588235294117675,0.40588235294117675,0.40588235294117675,0.40588235294117675,0.40588235294117675,0.40588235294117675,0.40588235294117675,300.3462695921329,222.55093290921303,192.31591966439507,274.513226299487,636.0565032864929,662.0065114925111,350.64261681116136,362.5032744592398,362.37893137360317,627.1213346500447,399.865095697084,458.8978700000311,312.646160020622,478.3721489111057,469.485762294236,381.6826898783528,328.987644280304,418.3650316843239,649.8451501078956,468.60606494630287,308.9527409102721,427.24941624534506,541.5603408239106,473.0429555170825,284.99312665571085,445.66379417983376,467.32431475910033,403.81199575253044,460.64033667688943,369.3015102721944,517.4893494968613,319.1600285384004,214.6574848995065,0.40588235294117675,499.6673380571407,432.04635734352627,451.6054601406983,838.1116663878175,1116.3472711732904,726.9173527461846,1079.7411792270366,886.6879121561374,780.3964883805418,941.0432544643221,820.4439915433397,796.9089659836231,686.6811579067751,1030.258301098393,762.4635060653764,986.3434751766054,891.8131559434057,661.4568790140943,509.53750436913066,578.9648430250035,207.73216150267405,174.30010195056093,182.1379645809052,333.42451913006636,336.8355296582283,352.9679067671867,297.71947015088847,303.84809436377054,0.40588235294117675,0.40588235294117675,0.40588235294117675,0.40588235294117675,0.40588235294117675,0.40588235294117675
Dry season,3,0.40588235294117675,0.40588235294117675,0.40588235294117675,0.40588235294117675,0.40588235294117675,0.40588235294117675,0.40588235294117675,0.40588235294117675,0.40588235294117675,0.40588235294117675,0.40588235294117675,0.40588235294117675,0.40588235294117675,0.40588235294117675,0.40588235294117675,0.40588235294117675,0.40588235294117675,0.40588235294117675,0.40588235294117675,0.40588235294117675,0.40588235294117675,0.40588235294117675,0.40588235294117675,0.40588235294117675,0.40588235294117675,0.40588235294117675,0.40588235294117675,0.40588235294117675,285.659431238556,291.54327020315037,235.7379681269151,287.8859044662475,528.7020221395044,520.5290119324189,501.67961119854334,412.1110491195142,386.0091576591432,564.4047682049189,399.2420017517664,325.98462805512247,469.76592317208764,486.926936040337,405.79000387221527,443.681143978569,569.6250844784762,374.5865211028287,340.1857713382357,478.0995198363974,556.9727646463465,467.28929323004365,354.4751720505873,483.84328912043804,495.6483060310334,522.5326787228523,343.38252865286887,452.8535781342819,398.9711052640068,427.9670447353281,401.8378614969736,277.952925892627,243.7937473060577,0.40588235294117675,672.125970041947,585.0167056411789,367.79596362894665,863.4396043916739,1165.934885591946,1300.479563369418,698.4363215917512,887.4386300318181,1029.2972095903308,1074.0907993697667,818.9852343739632,945.2907712409464,576.2594713718834,939.3937417049979,941.1822431406483,964.4162179005157,766.6243302984262,735.0694141433104,714.3976013927224,515.8923357014531,206.41422194364972,170.6855501378959,182.54453977478212,274.8512778274299,386.18276770639415,354.5044668462263,252.15214334804134,249.98385369946837,0.40588235294117675,0.40588235294117675,0.40588235294117675,0.40588235294117675,0.40588235294117675,0.40588235294117675
Dry season,4,0.40588235294117675,0.40588235294117675,0.40588235294117675,0.40588235294117675,0.40588235294117675,0.40588235294117675,0.40588235294117675,0.40588235294117675,0.40588235294117675,0.40588235294117675,0.40588235294117675,0.40588235294117675,0.40588235294117675,0.40588235294117675,0.40588235294117675,0.40588235294117675,0.40588235294117675,0.40588235294117675,0.40588235294117675,0.40588235294117675,0.40588235294117675,0.40588235294117675,0.40588235294117675,0.40588235294117675,0.40588235294117675,0.40588235294117675,0.40588235294117675,0.40588235294117675,287.8743871233801,233.6793179442711,259.8940791301566,341.23165214386734,581.8196295611667,484.6395102946311,383.7318696963035,463.6797034752026,553.8128686451732,567.2545053111319,287.23736518420316,346.2299925549377,534.623722257761,517.551888857676,384.70758889071084,363.8905079333155,662.5037718990752,394.84236354900816,364.14230448525933,356.906354223328,647.8287386555038,375.444950897938,492.1116504233258,424.5746504173165,444.97744084439785,403.5443985736729,451.90898941222633,456.98413231667996,370.3177726224847,474.4836011095445,359.03317569263817,343.64820696443553,274.2057983218622,0.40588235294117675,447.6392445522066,475.53733589251266,330.38407966753624,854.4873233510807,1134.4192274232578,974.3083757489155,887.8210199524892,907.2642970632344,871.5625140986734,863.6827959667266,955.5273258828996,1010.2268031836651,880.6499726755412,839.3217605571436,970.7183589944331,922.674412577987,872.947342077851,497.1289408435181,771.2139261448049,634.5410647646262,215.67853357438528,105.75225974341205,145.29050215461126,253.34492783588047,352.62382405030934,293.71535240289063,360.48216187508325,215.30494258138728,0.40588235294117675,0.40588235294117675,0.40588235294117675,0.40588235294117675,0.40588235294117675,0.40588235294117675
Dry season,5,0.40588235294117675,0.40588235294117675,0.40588235294117675,0.40588235294117675,0.40588235294117675,0.40588235294117675,0.40588235294117675,0.40588235294117675,0.40588235294117675,0.40588235294117675,0.40588235294117675,0.40588235294117675,0.40588235294117675,0.40588235294117675,0.40588235294117675,0.40588235294117675,0.40588235294117675,0.40588235294117675,0.40588235294117675,0.40588235294117675,0.40588235294117675,0.40588235294117675,0.40588235294117675,0.40588235294117675,0.40588235294117675,0.40588235294117675,0.40588235294117675,0.40588235294117675,278.09235697539515,228.64724408669446,198.30621013637543,243.98179442051259,584.8876321660332,491.51071815219217,393.8755149746158,394.3072661842388,501.92315570129045,371.4279312754796,530.3245691338193,386.66023186202074,343.9682265092766,411.86926302077325,507.52229067113365,467.12372695278276,320.99020043509245,502.0370852102063,382.6265552767173,521.1167306542465,440.3612188238301,428.6657136783276,376.55148930265216,564.8370636880352,427.47065098100364,328.08750483757314,369.60870967535055,506.8289801443543,502.408968704109,244.89136833139506,296.49370047260413,376.6565354579403,299.3552879988831,0.40588235294117675,496.0679694800799,310.0523943105261,387.7585054084124,606.4770230975183,1049.304688768168,773.051512156119,1139.8654623368188,759.5068633614582,778.2560157400653,722.9444908770826,878.7325861755083,795.2415395074665,949.0244252340011,935.4045395682709,683.3215107060531,1078.0308156007784,780.5162508868849,523.068371436093,739.6084655333035,551.3418894380263,226.67048947267915,196.9474118217693,207.57741376076916,332.6817019654794,220.25865753220486,414.04437362076885,297.13345984534755,208.73268983436608,0.40588235294117675,0.40588235294117675,0.40588235294117675,0.40588235294117675,0.40588235294117675,0.40588235294117675
Dry season,6,0.40588235294117675,0.40588235294117675,0.40588235294117675,0.40588235294117675,0.40588235294117675,0.40588235294117675,0.40588235294117675,0.40588235294117675,0.40588235294117675,0.40588235294117675,0.40588235294117675,0.40588235294117675,0.40588235294117675,0.40588235294117675,0.40588235294117675,0.40588235294117675,0.40588235294117675,0.40588235294117675,0.40588235294117675,0.40588235294117675,0.40588235294117675,0.40588235294117675,0.40588235294117675,0.40588235294117675,0.40588235294117675,0.40588235294117675,0.40588235294117675,0.40588235294117675,262.7922710574021,236.5796570417668,186.73956556187653,382.0014293584493,646.8592798305212,460.2651535225354,380.1703414273162,421.65091383365905,438.8130719996687,471.2296101945018,430.1082208952506,452.17867649860654,449.5219938303747,498.0637179919408,418.21909729956064,421.46631418881117,500.5324331876674,428.7326093880841,403.50776552353454,489.63316943835093,592.9709798385352,514.9707051472991,315.4385731654644,357.8518909173612,523.76763953249,539.3722002890798,386.28709103861445,407.97961819859916,503.4235670673716,420.93149662058244,321.92643493674603,253.86324137135097,469.8862301479745,0.40588235294117675,651.7401260999233,282.6304393361927,350.75977503141695,794.0289067712663,1143.7795386066289,1177.1740356149116,696.0810514801881,921.5243251868146,943.4014638398578,879.6164347082998,789.845455854134,954.2647031451468,898.2735459880747,793.7292312697622,889.3003382412169,907.0164405562025,824.8063143486617,592.7102451985348,625.4668840683502,622.7061916318901,151.06251274265034,220.4064744321803,108.58571040425655,370.2487876814874,356.87218284226094,455.22105881541364,210.76094110771874,265.8142915079297,0.40588235294117675,0.40588235294117675,0.40588235294117675,0.40588235294117675,0.40588235294117675,0.40588235294117675
Dry season,7,0.40588235294117675,0.40588235294117675,0.40588235294117675,0.40588235294117675,0.40588235294117675,0.40588235294117675,0.40588235294117675,0.40588235294117675,0.40588235294117675,0.40588235294117675,0.40588235294117675,0.40588235294117675,0.40588235294117675,0.40588235294117675,0.40588235294117675,0.40588235294117675,0.40588235294117675,0.40588235294117675,0.40588235294117675,0.40588235294117675,0.40588235294117675,0.40588235294117675,0.40588235294117675,0.40588235294117675,0.40588235294117675,0.40588235294117675,0.40588235294117675,0.40588235294117675,388.23914588570796,265.3147218542557,168.17661887510894,151.58046458009176,822.8222540603716,550.0605609180335,396.97176263123936,281.7638568731945,515.8459434425242,560.3835283872896,375.63116335744115,314.5612178235422,574.2001980610806,473.72754596488227,403.14957616807055,419.70310682853847,520.1479817509128,495.37642520060325,328.4845341800498,432.527804354809,434.52761632803623,488.3031901419171,467.8570644427193,448.6436961383977,419.61332377238415,511.3997262248914,452.50374576009676,494.9381171092326,463.42726449259516,339.1047090884476,342.00255212399964,360.67085585831677,372.3378075446205,0.40588235294117675,455.1793471653069,360.32824216758206,366.93385728797574,802.3169287783486,1058.1381837280665,977.4644969514261,618.715234790225,1099.6396932396535,814.6165240346077,842.8054149661481,757.3635891762066,714.138273763148,826.3478585302527,979.9880679780581,904.619729840777,847.226793654638,827.7120649504079,802.5964921019258,649.0545530178944,523.333252249164,183.94860966500818,266.5202807332554,227.30181454850043,292.4215822369518,306.25456179382286,360.1196280217911,329.5853327575968,312.4486563527319,0.40588235294117675,0.40588235294117675,0.40588235294117675,0.40588235294117675,0.40588235294117675,0.40588235294117675
Dry season,8,0.40588235294117675,0.40588235294117675,0.40588235294117675,0.40588235294117675,0.40588235294117675,0.40588235294117675,0.40588235294117675,0.40588235294117675,0.40588235294117675,0.40588235294117675,0.40588235294117675,0.40588235294117675,0.40588235294117675,0.40588235294117675,0.40588235294117675,0.40588235294117675,0.40588235294117675,0.40588235294117675,0.40588235294117675,0.40588235294117675,0.40588235294117675,0.40588235294117675,0.40588235294117675,0.40588235294117675,0.40588235294117675,0.40588235294117675,0.40588235294117675,0.40588235294117675,272.49825980448816,263.8112940017403,193.60636385517307,227.60467014698523,577.6848162737617,494.0519677047035,548.098758017542,461.3320990407646,347.37922792402446,406.05598322140264,460.80093294365815,393.737080156565,431.5790495733874,442.9535736071681,392.2485645558086,383.6139404467272,389.6541812344209,549.3228790512478,408.497575513076,311.31644745036346,459.9442250655078,385.09596425498603,443.6351276541687,271.68126436967765,490.55675401553344,403.4212976820049,447.7091058638032,441.2819840620305,416.8926980850514,386.64900772234074,326.15037440254207,322.9053132919965,326.1871943048437,0.40588235294117675,646.0477923414161,624.6968325864422,395.26564224624957,624.5458050512235,1290.630218679237,1148.382159737103,986.1777955218263,676.9627339284701,1006.9848913194056,819.1185303010012,1002.4572620385089,901.7002232258359,740.4545822229214,862.2974634090934,804.2045462848259,1223.5839968773223,765.6648309227838,636.4425141301056,488.36527706661667,593.0591732153423,355.1029129744995,87.35023435700685,170.96291833768154,234.7490655039545,484.67206851921276,213.19450262871342,365.6744331148972,259.17140941947264,0.40588235294117675,0.40588235294117675,0.40588235294117675,0.40588235294117675,0.40588235294117675,0.40588235294117675
Dry season,9,0.40588235294117675,0.40588235294117675,0.40588235294117675,0.40588235294117675,0.40588235294117675,0.40588235294117675,0.40588235294117675,0.40588235294117675,0.40588235294117675,0.40588235294117675,0.40588235294117675,0.40588235294117675,0.40588235294117675,0.40588235294117675,0.40588235294117675,0.40588235294117675,0.40588235294117675,0.40588235294117675,0.40588235294117675,0.40588235294117675,0.40588235294117675,0.40588235294117675,0.40588235294117675,0.40588235294117675,0.40588235294117675,0.40588235294117675,0.40588235294117675,0.40588235294117675,305.6966700514941,195.95527302820776,187.28626779266622,371.31093662082526,548.4627250253852,500.5209471621254,397.80953371180686,493.3637063436118,445.4623609142076,375.39761386806566,451.10170802344953,424.0400442947881,458.60173471363254,379.5503536360966,480.29151336218825,397.1610619329586,384.54409404707843,562.8402447322036,321.9755504612125,486.98699306128935,430.37796818651424,389.20552414808316,334.4218471019171,432.8220517458316,472.56581458966286,416.4023163213408,353.51262384543617,560.848295652398,464.3110368844763,290.0422911741515,184.4278092137866,532.9279059628616,376.9234395252617,0.40588235294117675,559.3719871944915,604.9061195597676,262.7663051315959,677.4339644632744,1219.3102454986954,1197.7433340436776,813.4426690905996,863.7609071841119,992.6978498199745,787.4628336721985,794.6192644454536,879.8236541937572,904.1726302607118,887.1382054070243,795.7912577299447,974.7532665617089,910.0749400873564,735.6115564311036,788.9786093481591,399.78587896075044,172.8208151609374,99.6658205815917,215.07666695670142,248.36166927327483,339.76888547712025,305.55448902820245,303.48295051427795,373.4209302269324,0.40588235294117675,0.40588235294117675,0.40588235294117675,0.40588235294117675,0.40588235294117675,0.40588235294117675
Dry season,10,0.40588235294117675,0.40588235294117675,0.40588235294117675,0.40588235294117675,0.40588235294117675,0.40588235294117675,0.40588235294117675,0.40588235294117675,0.40588235294117675,0.40588235294117675,0.40588235294117675,0.40588235294117675,0.40588235294117675,0.40588235294117675,0.40588235294117675,0.40588235294117675,0.40588235294117675,0.40588235294117675,0.40588235294117675,0.40588235294117675,0.40588235294117675,0.40588235294117675,0.40588235294117675,0.40588235294117675,0.40588235294117675,0.40588235294117675,0.40588235294117675,0.40588235294117675,440.45865542994864,216.01809114905845,127.84034700550254,354.8729306202958,744.9661289146347,585.8739725058895,376.58443265971465,465.7765971997132,488.7262626920956,412.8007094537453,497.70267372291806,502.1224578241811,409.30728904512944,386.9378810396168,508.0035399858459,486.6501464138766,511.79513381939563,308.73115692320346,547.9759971744685,419.94526554239036,562.8465376297289,452.66969805305143,501.25633206130635,456.97758480277184,442.60245671196964,387.44425048949387,518.8303570880057,512.0296504180101,573.1267541911774,329.73998043291607,337.49385233071604,285.62451731125657,355.2723585576336,0.40588235294117675,737.7733895558928,656.9633519576906,231.15471086890895,682.8591442401495,1414.307377476834,1264.6165833134219,594.5124523196463,845.6211107340952,1269.7321093751623,983.633871766006,692.603647939648,964.1886147741502,821.4769061325671,835.3359337809783,840.2762034154215,1292.144657763165,886.1552472873103,566.7416950011319,802.1605732110984,522.0196192018168,175.8769163122992,227.68465536629404,178.1333856741472,237.66291545603218,325.15521911336424,424.05079291850086,357.85187600182707,180.70641345349844,0.40588235294117675,0.40588235294117675,0.40588235294117675,0.40588235294117675,0.40588235294117675,0.40588235294117675
Dry season,11,0.40588235294117675,0.40588235294117675,0.40588235294117675,0.40588235294117675,0.40588235294117675,0.40588235294117675,0.40588235294117675,0.40588235294117675,0.40588235294117675,0.40588235294117675,0.40588235294117675,0.40588235294117675,0.40588235294117675,0.40588235294117675,0.40588235294117675,0.40588235294117675,0.40588235294117675,0.40588235294117675,0.40588235294117675,0.40588235294117675,0.40588235294117675,0.40588235294117675,0.40588235294117675,0.40588235294117675,0.40588235294117675,0.40588235294117675,0.40588235294117675,0.40588235294117675,236.53013567880623,179.07072886168146,172.34574103967643,378.3210871797723,572.6501611877433,545.3397340552782,382.3023803426461,412.58928847377194,372.1164703614322,550.6838557816516,401.3301168480074,344.9253347299372,477.26967329551934,473.94543908612434,404.6357095615637,359.0324939057872,564.5834937158805,466.40926672380743,387.2005962605906,428.2257237076492,435.5706650365127,454.3430211140846,417.91702335659323,378.6392602611005,483.8383185358281,360.78975997257373,427.08526357124236,382.26419661496305,552.7879324456991,328.9883744999685,236.04001223449066,340.3338757520035,378.2086241654134,0.40588235294117675,642.082820063274,497.3111030019067,323.05641423664935,638.6748264933816,1394.5068061838633,1073.8125365971516,777.6062753051635,834.266807197184,1093.1324297822052,934.9103212968358,836.6762687633095,886.1827093953672,893.1569056252195,905.0796841630992,751.173815316624,984.015563015367,828.5743834310393,603.8871078459125,654.3727941389657,559.3677687932055,174.32794542103252,203.83265084678231,214.89796648390492,230.90823260297222,315.2826305403017,291.7950494210956,361.93282437833955,223.68710697462453,0.40588235294117675,0.40588235294117675,0.40588235294117675,0.40588235294117675,0.40588235294117675,0.40588235294117675
Dry season,12,0.40588235294117675,0.40588235294117675,0.40588235294117675,0.40588235294117675,0.40588235294117675,0.40588235294117675,0.40588235294117675,0.40588235294117675,0.40588235294117675,0.40588235294117675,0.40588235294117675,0.40588235294117675,0.40588235294117675,0.40588235294117675,0.40588235294117675,0.40588235294117675,0.40588235294117675,0.40588235294117675,0.40588235294117675,0.40588235294117675,0.40588235294117675,0.40588235294117675,0.40588235294117675,0.40588235294117675,0.40588235294117675,0.40588235294117675,0.40588235294117675,0.40588235294117675,375.43972568625514,261.54214406870653,125.50908212672473,200.95717793644704,681.6291448213857,534.3764019107131,341.7637988936309,376.855087369202,428.5313778188363,470.81801833826387,369.3992215008983,418.5884931845887,598.0024868087345,390.9047711030046,389.45664796147486,350.39610292401653,629.8807674849655,410.8423820417203,347.8739371160201,387.58359705510316,582.1489196989739,396.89467948024264,372.6356018165774,496.35589456022535,485.44419982014097,276.1934170337146,471.41243207891694,462.3625640921711,596.587703585018,243.48897030664097,263.8423303587462,391.83505827799144,371.94821030134506,0.40588235294117675,605.7883287153446,404.1845280872184,421.7190916734887,676.7158353491128,1097.428803802837,1216.5497293883984,830.9633061612924,800.6925660889501,875.1963607273398,1071.9458619816307,863.7754166963401,945.1892510797377,824.053381804281,897.4565834052038,911.8376163125205,1172.0969381667585,837.5009177167774,478.3523842512419,781.0463336901076,773.9026176759816,170.3097059245944,219.82840696365577,194.86761447192958,281.2283740550469,308.26142751145267,345.1443704721465,296.1400008569566,245.20489796307498,0.40588235294117675,0.40588235294117675,0.40588235294117675,0.40588235294117675,0.40588235294117675,0.40588235294117675
Dry season,13,0.40588235294117675,0.40588235294117675,0.40588235294117675,0.40588235294117675,0.40588235294117675,0.40588235294117675,0.40588235294117675,0.40588235294117675,0.40588235294117675,0.40588235294117675,0.40588235294117675,0.40588235294117675,0.40588235294117675,0.40588235294117675,0.40588235294117675,0.40588235294117675,0.40588235294117675,0.40588235294117675,0.40588235294117675,0.40588235294117675,0.40588235294117675,0.40588235294117675,0.40588235294117675,0.40588235294117675,0.40588235294117675,0.40588235294117675,0.40588235294117675,0.40588235294117675,358.0195699611077,170.55367273688734,174.4516862017931,325.08936438196343,836.1780561744865,346.77524683916147,375.82279497269553,518.2291541288313,507.69295538581645,368.5825696344258,455.02604888914357,442.95637716619865,391.89372492524683,437.17537547525967,545.1727900969622,435.6655749291284,313.60772601058574,500.372130729343,434.75419612091906,390.1996860108424,335.6765948271711,467.53325648976875,497.34384633896536,330.86313844120724,441.9911174977604,457.35406429865054,340.85319578982217,551.8179071281658,511.22048944127795,412.7886929295666,178.0247218184366,275.0946311859221,380.56836275773566,0.40588235294117675,717.54942576443,337.3849188380743,433.1646019698401,637.6502356381686,1487.7985498842834,878.7648942257996,906.6065207212993,891.401170697782,963.0256189156694,668.3206697029756,778.6932382684994,1167.0526029499563,1121.2649829407555,656.3411236271739,789.6906733562894,1202.7674144325965,986.0421788912901,259.5840025974926,715.0532576214348,669.3070814581396,308.4771431349044,186.9000551096394,164.5881236539659,173.35442789951222,393.93153668567686,343.2190223699629,353.0678041485191,222.66751160290966,0.40588235294117675,0.40588235294117675,0.40588235294117675,0.40588235294117675,0.40588235294117675,0.40588235294117675
Dry season,14,0.40588235294117675,0.40588235294117675,0.40588235294117675,0.40588235294117675,0.40588235294117675,0.40588235294117675,0.40588235294117675,0.40588235294117675,0.40588235294117675,0.40588235294117675,0.40588235294117675,0.40588235294117675,0.40588235294117675,0.40588235294117675,0.40588235294117675,0.40588235294117675,0.40588235294117675,0.40588235294117675,0.40588235294117675,0.40588235294117675,0.40588235294117675,0.40588235294117675,0.40588235294117675,0.40588235294117675,0.40588235294117675,0.40588235294117675,0.40588235294117675,0.40588235294117675,281.4774583251162,254.01992253828425,157.85800876848626,333.3745723428717,676.0839755659732,442.16574934582644,361.45171499199233,362.5239634236387,578.0696106069958,436.9124056986947,430.27118137940704,325.0662571321313,555.387876017277,463.3283266424165,520.8699510243566,423.28809540575213,469.20020183986696,530.3106976766105,434.86231457318894,452.70902120314275,364.9087047105347,533.2585805034527,345.65710661187836,439.5846172257351,349.56747285241164,557.0442149835701,458.6780177898485,466.762922047042,384.60967254983206,329.83005489466825,212.2905473800801,406.9578005212901,355.6114259996123,0.40588235294117675,453.85141838978626,624.0582367428399,495.853650173387,745.8506903615174,1019.1636559371399,990.687413828004,864.0082934698005,871.2898465981941,811.161331381493,725.4394746870277,1120.7696352933158,883.4609953576397,719.9601822067798,711.3976984357986,1177.053543269808,1009.3352398199665,674.0469381686946,557.1003671590206,744.3404245059725,508.19112620372823,182.53835346327827,155.0052300572442,128.44719802696568,356.3715595517232,307.04792969613237,253.062863149489,355.9151873953646,211.38966107282286,0.40588235294117675,0.40588235294117675,0.40588235294117675,0.40588235294117675,0.40588235294117675,0.40588235294117675
Dry season,15,0.40588235294117675,0.40588235294117675,0.40588235294117675,0.40588235294117675,0.40588235294117675,0.40588235294117675,0.40588235294117675,0.40588235294117675,0.40588235294117675,0.40588235294117675,0.40588235294117675,0.40588235294117675,0.40588235294117675,0.40588235294117675,0.40588235294117675,0.40588235294117675,0.40588235294117675,0.40588235294117675,0.40588235294117675,0.40588235294117675,0.40588235294117675,0.40588235294117675,0.40588235294117675,0.40588235294117675,0.40588235294117675,0.40588235294117675,0.40588235294117675,0.40588235294117675,288.7135985428917,284.07447120478827,202.68973384406178,383.0073374855201,563.2956517679223,498.1711735979536,388.46012843725634,549.0168210902631,439.56952154146086,540.3173807757325,409.88510407639035,397.68583166240586,577.8072268940278,468.1361975381196,434.86063193641746,432.4526006575368,523.1801532440502,451.3305596910689,358.36158037424343,500.1354278782375,465.64021080484105,463.3425580314603,364.57780588526174,523.404840104655,469.7608853611981,479.1367255328289,340.22630984747985,560.4461576495116,555.126525765775,409.7015268307587,217.95031512704116,270.75129964771924,307.0347302686281,0.40588235294117675,555.1327546636784,621.8385841770307,519.9589246842929,752.4658889471759,999.0229657110428,1221.3242932046767,990.0902629915051,987.6977944898986,664.7099715088408,688.9196633578963,939.4462756808365,1167.9532196475516,988.4047946427053,738.8205832694363,975.332604542568,1134.657264039216,1069.3915003327995,516.8362263337361,580.051253096524,492.29422220288325,251.28134970882493,175.11265205072507,153.52887203159838,376.3168429197902,369.4993590483549,311.9230592548714,313.653477516186,271.0122819319963,0.40588235294117675,0.40588235294117675,0.40588235294117675,0.40588235294117675,0.40588235294117675,0.40588235294117675
Dry season,16,0.40588235294117675,0.40588235294117675,0.40588235294117675,0.40588235294117675,0.40588235294117675,0.40588235294117675,0.40588235294117675,0.40588235294117675,0.40588235294117675,0.40588235294117675,0.40588235294117675,0.40588235294117675,0.40588235294117675,0.40588235294117675,0.40588235294117675,0.40588235294117675,0.40588235294117675,0.40588235294117675,0.40588235294117675,0.40588235294117675,0.40588235294117675,0.40588235294117675,0.40588235294117675,0.40588235294117675,0.40588235294117675,0.40588235294117675,0.40588235294117675,0.40588235294117675,334.27195308664454,192.81168897119352,230.6209953790335,345.140656446399,535.1976895119595,493.9001131117955,571.4404990555249,457.6300360935609,317.90856359999054,416.77906806071945,565.9973550728354,463.07931360680107,412.5254980040862,436.42243694694105,555.3672481181594,427.3193118862122,440.57928174678983,402.31051567179185,474.5499933341078,444.42096564105253,450.2909868245874,447.1099267123754,400.37680499832,417.1747406306552,488.44374992695134,467.6837663411638,326.4269327885021,439.6590444588372,662.0449554260668,374.7488519721239,203.80670224611796,281.1658492160683,312.38158157469377,0.40588235294117675,719.5026224620731,365.1928628526655,395.129078606515,746.4695463840877,1219.9244851828494,900.2309790513261,1035.6757271696351,957.2122685566254,845.6646222930738,688.3508570765655,1021.3960555736345,1056.293789865581,808.2848659921003,811.3480771004907,785.36658051392,1029.1617175467202,684.7411052416726,915.2788724380805,498.39159193019947,532.9730110313724,148.8994996954844,260.2593821391791,156.37142784786465,220.13985968303007,316.2542470734487,405.632521600451,295.0191155021278,248.14930316648244,0.40588235294117675,0.40588235294117675,0.40588235294117675,0.40588235294117675,0.40588235294117675,0.40588235294117675
Dry season,17,0.40588235294117675,0.40588235294117675,0.40588235294117675,0.40588235294117675,0.40588235294117675,0.40588235294117675,0.40588235294117675,0.40588235294117675,0.40588235294117675,0.40588235294117675,0.40588235294117675,0.40588235294117675,0.40588235294117675,0.40588235294117675,0.40588235294117675,0.40588235294117675,0.40588235294117675,0.40588235294117675,0.40588235294117675,0.40588235294117675,0.40588235294117675,0.40588235294117675,0.40588235294117675,0.40588235294117675,0.40588235294117675,0.40588235294117675,0.40588235294117675,0.40588235294117675,423.6950108074896,214.59322560695006,159.26031700559255,303.812676173851,716.5569138656753,463.2685839440289,411.0307283959943,456.20765894879213,407.7804752423899,524.879769581198,443.457787609866,432.8786614292985,417.41593897700966,464.28650612717877,452.7854761361063,371.40272328254713,425.9761092832329,543.8631189245905,394.6367163191537,312.7491556827761,448.29211067133366,547.3945724573771,488.15768013549206,330.54548542845527,359.1647141628638,492.0927632606677,501.21528495146663,592.5986881096007,387.9343351884123,299.75951967012946,298.5026010306437,418.77456376411084,324.72441028362596,0.40588235294117675,691.2642446178622,678.513949367234,328.7193487400637,663.0408963970771,1167.8503916203344,1343.60223389309,885.4806238529429,703.8925426817578,961.8984619482409,1038.6270137216495,979.3117449557166,883.1914995677292,784.0670240080439,947.8231188091014,1043.018636326073,957.2522978331419,782.0623768084683,564.2642097975139,733.2253654275296,636.6571887789147,204.1085601049623,250.17962365803473,172.37583801302182,196.23979997680593,374.6126467075666,431.35193278921764,345.29520373880706,278.56830233900837,0.40588235294117675,0.40588235294117675,0.40588235294117675,0.40588235294117675,0.40588235294117675,0.40588235294117675
Dry season,18,0.40588235294117675,0.40588235294117675,0.40588235294117675,0.40588235294117675,0.40588235294117675,0.40588235294117675,0.40588235294117675,0.40588235294117675,0.40588235294117675,0.40588235294117675,0.40588235294117675,0.40588235294117675,0.40588235294117675,0.40588235294117675,0.40588235294117675,0.40588235294117675,0.40588235294117675,0.40588235294117675,0.40588235294117675,0.40588235294117675,0.40588235294117675,0.40588235294117675,0.40588235294117675,0.40588235294117675,0.40588235294117675,0.40588235294117675,0.40588235294117675,0.40588235294117675,363.95799003335674,254.03386587385467,108.81428617812408,314.7277055989022,654.9879158565233,490.4175397952617,403.31591550445955,414.59087582245314,458.7525345950608,419.85125962941936,455.7614522436994,356.472070821015,404.41638837892225,492.0762747353934,452.3950503227873,410.04118719108067,356.5958167658162,471.17874555037525,413.139375685465,450.68524611023696,395.72352063020156,408.87159576932174,439.3122148965469,459.81956770203345,305.77522670606953,460.8826601642603,452.95879157279137,434.58783648516356,479.13584775438045,413.11583478949365,303.16571272575396,244.5166708069483,333.5157818488398,0.40588235294117675,650.2474159206145,491.4621522309298,362.297287045729,883.2483098620643,1359.4322397720114,904.6085408401375,885.892234486643,928.4371023286545,882.6475035519184,804.2509371598529,1041.2686796816977,730.7234118241429,824.1888602193691,972.2490763222123,851.0641947857398,1152.3553137683798,825.6598480740242,583.0857732984871,585.7629171146958,702.9241815279917,227.0782231344917,193.2841763237783,84.18427187115253,274.43832488714304,335.0338813347895,285.7028580142848,306.3406115924887,274.41915027547714,0.40588235294117675,0.40588235294117675,0.40588235294117675,0.40588235294117675,0.40588235294117675,0.40588235294117675
Dry season,19,0.40588235294117675,0.40588235294117675,0.40588235294117675,0.40588235294117675,0.40588235294117675,0.40588235294117675,0.40588235294117675,0.40588235294117675,0.40588235294117675,0.40588235294117675,0.40588235294117675,0.40588235294117675,0.40588235294117675,0.40588235294117675,0.40588235294117675,0.40588235294117675,0.40588235294117675,0.40588235294117675,0.40588235294117675,0.40588235294117675,0.40588235294117675,0.40588235294117675,0.40588235294117675,0.40588235294117675,0.40588235294117675,0.40588235294117675,0.40588235294117675,0.40588235294117675,363.51995891919915,292.2430356981647,83.40560010244984,267.75586604239095,687.3930639916142,621.773346678436,355.4230294038436,341.0516113573847,382.6233783643217,494.30484367891745,384.26671174489985,558.3393924543042,298.009133070245,429.1309175657972,566.8526116080299,470.1435967016156,304.03253601411535,387.65456181564224,506.8962026028948,495.2761954146938,383.0455444800611,385.37509453204177,406.01432458024976,616.6112493881553,406.68324293339487,267.34362301956,429.0937144795095,504.5905527113278,374.1518760774407,350.1552928815203,391.28674338657396,274.7178443721045,295.377671952405,0.40588235294117675,530.3632504711661,729.8165464408455,442.3430098077689,525.0651678332517,1247.9510970046058,1070.92235051198,946.9624820756588,1031.9254058176025,788.3043803638385,914.257325356374,899.3585065208655,776.0462194156394,786.3953365363949,871.7210240189976,1070.8387494015396,922.2250102909153,736.0200424387406,698.5530217657064,778.1107845803209,760.0277856588415,221.97807147422296,239.86404728467414,185.09300628853902,308.4196034105272,220.2419099527023,371.51166981637544,400.1441713612407,295.78870569359526,0.40588235294117675,0.40588235294117675,0.40588235294117675,0.40588235294117675,0.40588235294117675,0.40588235294117675
May,0,0.0,0.0,0.0,0.0,0.0,0.0,0.0,0.0,0.0,0.0,0.0,0.0,0.0,0.0,0.0,0.0,0.0,0.0,0.0,0.0,0.0,0.0,0.0,0.0,0.0,0.0,155.54172244603978,397.2820537508407,558.9000721810368,641.4410728588896,603.3338634724648,561.1027703028413,551.2921291016029,554.3852708800601,612.2081596818076,590.1931647595742,533.8181520709456,546.1731511666455,573.3731074877229,624.2097844030965,564.1677119500657,430.5358203818444,205.26386116429677,0.0,206.4170229381134,164.57121149350047,154.72502881060893,385.48774144347357,384.0453802749452,308.19768596577927,309.43125948864684,325.84579159538566,308.61861606574547,285.5856130569526,300.6626043958148,318.02870221407613,285.06241190797834,334.59361309497984,361.1234491893543,353.60737689447694,307.87580835425996,280.8765753714704,372.3374671510215,294.9995151895956,269.4770918128298,365.4811181166457,321.5879231611247,333.9961784199347,293.8909211240824,280.6836906049922,225.29064608785595,245.29718292213016,817.2169978265995,1128.287165012172,538.2486549182557,1446.425735362385,1700.5601511376112,1614.066957313862,1294.5579651365942,1427.5004844022553,1508.3604109229454,1484.4582979499412,1102.574229835468,1417.334245790932,1351.0607655672075,1828.3528593396745,1326.7768892104036,927.6929417018844,951.5561238040156,662.056501246515,0.0,0.0,0.0,0.0,0.0,0.0
May,1,0.0,0.0,0.0,0.0,0.0,0.0,0.0,0.0,0.0,0.0,0.0,0.0,0.0,0.0,0.0,0.0,0.0,0.0,0.0,0.0,0.0,0.0,0.0,0.0,0.0,0.0,196.2681737154106,403.32460897854077,540.2277634413766,619.5603166110717,599.7937852283711,578.1670449551361,607.7063788272379,591.3246516363578,579.3779326965033,577.4164085965647,563.9238466766864,558.3078811132103,576.6581038977893,638.1328814320301,551.9919413022698,433.3282302643521,233.7774912169643,0.0,298.2150325375052,162.17530297532068,129.1846553973602,386.7352250738231,499.6864426187198,305.16370190348994,278.5984280879302,313.50767336476304,388.59263825749747,353.966529031412,260.13052890560243,248.36380749925442,324.8700540010604,346.91441929272594,355.40580151004957,304.85322600921063,314.51725684741456,291.39647819582865,311.96902048394,337.8367756345682,316.3408782005095,260.1187845618814,290.8491572584683,354.182513202935,302.84374365597495,172.78771516218325,296.5894418143227,228.0095703702348,584.7355737905957,778.8401792138673,759.3801619294826,1102.6844156409365,1639.2934781838273,1604.8896144176595,1656.6388939456558,1112.2742634425667,1423.179955760338,1465.570521535388,1455.891992334605,1320.2992226551057,1402.3779860348875,1501.02679611981,1422.8314133492302,871.0714295286342,1188.897806477508,842.5488987621912,0.0,0.0,0.0,0.0,0.0,0.0
May,2,0.0,0.0,0.0,0.0,0.0,0.0,0.0,0.0,0.0,0.0,0.0,0.0,0.0,0.0,0.0,0.0,0.0,0.0,0.0,0.0,0.0,0.0,0.0,0.0,0.0,0.0,154.38601681087204,383.9120965153201,542.409545672626,634.2755926547118,608.9673438639444,560.447411252775,576.0317285252918,599.7978107421102,602.9442446895969,596.9104800899338,551.6666180747557,528.8547191399049,576.7622899836659,633.0333789507324,561.645820632348,440.128866337304,216.55262338003038,0.0,189.2965725386358,123.27684378598732,152.5064082394664,414.48664557345836,435.49763660244736,269.937162363704,230.7580839557245,371.54702806944516,366.44075432654796,286.80988156805944,189.80618509487851,295.8714807779668,346.4227292890417,331.87302051888946,276.3750116927218,334.8982781971567,329.4674741327607,312.6889831480782,273.47008854796303,284.12900488595056,341.90425330806937,294.0428814786935,278.4841018677974,370.20262244206043,298.2460803144044,215.7159241165809,210.14117581933627,275.6317497803207,551.8151302103371,882.9028542213201,596.6686051476555,1641.0079042426105,1753.0304476941596,1410.9747136446683,1018.82951496011,1713.6590159876496,1598.8837070196184,1251.0913640748452,1000.5369956717909,1508.0374313470616,1654.0995799165175,1462.9447816572065,1462.6932480480427,1057.1695031101576,1230.5870277146682,840.4538987605865,0.0,0.0,0.0,0.0,0.0,0.0
May,3,0.0,0.0,0.0,0.0,0.0,0.0,0.0,0.0,0.0,0.0,0.0,0.0,0.0,0.0,0.0,0.0,0.0,0.0,0.0,0.0,0.0,0.0,0.0,0.0,0.0,0.0,191.6774512885618,429.1906777985332,568.8512228135545,634.7914283751521,580.0712759451468,586.9861418694072,562.0217489377945,573.1645565302315,532.1674888839681,568.4018473349529,548.5864990589339,572.6979018534754,571.6485131885961,634.6675971400466,569.5554079941843,458.3342728447396,262.98632352263724,0.0,191.0703525734044,229.2210672166057,135.44898558322774,355.29834608871965,405.2586812737434,334.03619306351095,298.17049378577434,272.8320466596538,398.6232858913467,239.9033016559462,331.1816125401575,288.71173743708187,348.66465545812605,317.8398938486015,320.2737974565039,338.06276370751056,267.9009252226837,286.7376972168159,350.32160663540805,309.60464119269164,318.5866990953683,273.1768048351772,315.83337843591806,344.25228043752463,278.1254233005119,192.77586794178947,299.4918559083837,210.03762977109173,1002.2482535158698,779.5051399283158,455.15737375826416,1499.1717456614317,1971.270413680095,1485.3245895210714,1073.4311684247864,1375.0183523056403,1624.762143456395,1308.722196372439,1149.8812567813832,1139.5723474070355,1638.8690179641487,1420.6324952830798,1546.620593007861,966.1256072067514,1348.383669432187,580.6693544319002,0.0,0.0,0.0,0.0,0.0,0.0
May,4,0.0,0.0,0.0,0.0,0.0,0.0,0.0,0.0,0.0,0.0,0.0,0.0,0.0,0.0,0.0,0.0,0.0,0.0,0.0,0.0,0.0,0.0,0.0,0.0,0.0,0.0,191.06979017798253,419.3602146237975,545.2176599367559,630.8119349459258,595.5936147974485,592.7999174205519,579.5421599554813,582.6203040104652,565.8004206238439,566.3388212452066,537.7017662857476,526.218651976134,593.8465330283914,638.6722734165919,590.4485510682415,481.46785697097476,212.35186001887408,0.0,243.39097279864563,113.73991721548603,92.96466267087683,357.40273782128895,386.60835568895965,329.1840579974189,338.3507400301041,322.72447101756956,266.975420996912,323.65670207265816,334.14885005974304,296.90884364557485,299.4236751400643,277.68116578757963,304.91558807451753,311.5291166533446,333.9936037065241,306.0194813968807,285.516769056191,355.6377113412146,294.6109362039922,317.6202993012506,197.19713294307817,381.45619809934175,269.78868676780183,212.76984869669755,293.30471660906426,201.11828445323778,565.872426151265,1012.2122852171216,673.4049241009684,1494.4515757516403,1513.5631136204568,1630.7916694492255,1448.2291828905388,1180.4989709608349,1285.953249456734,1624.0436521527395,1214.2994324192803,1381.2726072759099,1411.445452371837,1349.251797165273,1412.0128861245023,1115.877175112834,1248.4261323505282,814.054784295316,0.0,0.0,0.0,0.0,0.0,0.0
May,5,0.0,0.0,0.0,0.0,0.0,0.0,0.0,0.0,0.0,0.0,0.0,0.0,0.0,0.0,0.0,0.0,0.0,0.0,0.0,0.0,0.0,0.0,0.0,0.0,0.0,0.0,162.74504583429868,398.9650751078469,556.6524242589423,634.9835837032977,599.0729959739232,582.4691963396488,580.1026218609076,586.2913988063179,601.8052209361043,584.6298793189961,523.073653928154,527.8058361505299,577.979381452709,629.7076022863214,559.917102470486,443.64420488215615,190.89242365265596,0.0,212.43588803386925,180.52060436230767,152.6071920018141,275.1884952807349,419.69438601128485,390.6879739892869,283.6774394718716,302.7507789632927,307.71148838371556,344.9708625367924,303.8823401058899,292.17608516317466,333.92422903889997,318.36048464959816,229.00122119845688,372.6924063024407,346.6389384729583,353.3658505399932,283.55874550323347,317.56767463794296,292.97472605188506,315.52555861569704,317.38792586594565,376.0972083787317,231.32990798590507,308.2111936078346,252.12642505994353,193.5963559923228,618.2126500293574,758.3206788729824,819.3337850044632,1674.4992130327307,1756.3491960716053,1267.2910150616278,1130.7439497681412,1582.5693279604689,1230.1012972596664,1504.4497514344407,1354.282563038278,1385.229545514381,1261.815425432739,1369.020914309171,1584.445095587959,1192.815271651466,972.6483077647079,783.2168343912496,0.0,0.0,0.0,0.0,0.0,0.0
May,6,0.0,0.0,0.0,0.0,0.0,0.0,0.0,0.0,0.0,0.0,0.0,0.0,0.0,0.0,0.0,0.0,0.0,0.0,0.0,0.0,0.0,0.0,0.0,0.0,0.0,0.0,181.5366750426274,416.1598670159674,577.3581277663474,630.2627424055006,608.3767179305963,590.8535228239517,565.6687163336987,544.5178179722941,571.7301703048694,571.6531208309062,562.6884943973845,552.244307608518,552.2580216758499,632.2028879145599,567.4112410337626,477.22122674253876,255.52917787063078,0.0,136.05106232586425,93.54967671646486,81.81495030419865,398.39538765202167,328.7195124061644,323.23192706709364,303.0022007364597,281.22581954352205,327.948129829427,300.7020551818804,260.20106025406193,203.02047867110403,328.5660871431637,269.2890563467121,375.1958978759697,163.67352413710802,319.9666233811674,320.6641961456167,281.15002114151514,267.08948948023124,274.3262018672877,289.2522827661488,240.64296039625015,284.32854657565724,290.23478545939344,177.57193663255066,258.27096397512025,301.9627409738566,652.1732282181173,761.9908921423615,1084.200641796032,1464.0134855397062,1565.4498465059792,1611.6884134104484,1291.5987455958539,1609.7208937303615,1491.331912609149,1119.0590970916053,1583.8806497919975,1393.0652821993249,1230.35653639838,1349.599003901362,1786.2940850344955,1019.5350598867659,1114.4603483642532,952.7784947977871,0.0,0.0,0.0,0.0,0.0,0.0
May,7,0.0,0.0,0.0,0.0,0.0,0.0,0.0,0.0,0.0,0.0,0.0,0.0,0.0,0.0,0.0,0.0,0.0,0.0,0.0,0.0,0.0,0.0,0.0,0.0,0.0,0.0,182.071075234251,430.99135024552726,564.5727465309112,629.2589962476353,610.8577783858306,580.4180896655622,570.3154918773869,566.0986222510109,566.3397941231613,573.0537406383385,560.9642154963093,564.9144787787884,575.6202318987013,639.4045266421628,559.5398758970008,425.626596261277,215.91027556627014,0.0,268.4778640089046,156.29046153745244,119.94401303772106,347.38951293660415,494.5797104953627,321.6443971927161,273.26073877278867,288.04469266647897,361.461746831262,405.4704250042996,306.9876229277077,268.16574225486715,253.61312369080034,351.1478486279629,346.87708549905165,271.7782338519821,285.5668342952649,331.862975684087,368.17451330554206,270.62738383405963,260.42551905492076,312.654108904114,337.1165993598244,339.2013534264214,267.6238285396046,261.33308814793617,236.98400210348643,270.5808606139263,1063.0653175440743,900.2863353514952,587.747302101174,1421.5577289557011,2042.3504109626194,1371.2071553778621,1380.9818851669813,1296.838241251652,1469.3369674227868,1338.7356208271701,1504.1322908435181,1226.2977126258857,1333.7942503374245,1464.0671702189788,1732.2875830203752,1079.644389771811,1024.8831712617127,885.751705968559,0.0,0.0,0.0,0.0,0.0,0.0
May,8,0.0,0.0,0.0,0.0,0.0,0.0,0.0,0.0,0.0,0.0,0.0,0.0,0.0,0.0,0.0,0.0,0.0,0.0,0.0,0.0,0.0,0.0,0.0,0.0,0.0,0.0,150.04887174854204,385.4465901746254,527.574409088074,635.3300336495283,585.3210098181736,598.2124987309913,554.5127801369873,562.877708123906,537.7851780683483,535.6596038994714,528.5797000470367,548.59216298083,564.2855122164068,637.3238614435637,596.2928345750848,483.94653105401966,264.8995696991675,0.0,254.75512136728602,125.40351482009923,119.92198673356742,337.90665213163714,450.62412801404366,350.32901378439976,238.26613790785123,327.303663356684,317.7061480508546,365.26127471829636,265.2239034083534,399.15056119992846,305.9558088381815,280.49163463141514,293.01107469299285,298.95834676046013,353.7663743541271,298.18775511535773,277.30735572746073,312.9568404263292,335.0249632177008,238.5933033454515,346.84765601874403,347.6181961175772,274.9797069411212,211.83091184048536,248.71455309397723,218.97763661119794,560.9933522544288,1090.389844746624,767.7472280136191,1222.9917199512697,1607.620151893544,1867.6485527289744,1394.8012194096161,1380.6710841121674,1496.9894265887897,1311.8519669741581,1428.8681853427072,1259.1783474789818,1507.528244607654,1591.097392131102,1526.4927642921764,850.8258065635982,1544.029820626262,758.5111772069926,0.0,0.0,0.0,0.0,0.0,0.0
May,9,0.0,0.0,0.0,0.0,0.0,0.0,0.0,0.0,0.0,0.0,0.0,0.0,0.0,0.0,0.0,0.0,0.0,0.0,0.0,0.0,0.0,0.0,0.0,0.0,0.0,0.0,173.1629952814248,418.2500525939797,553.3621188728393,630.3130313944359,616.2248894928441,582.6112277760215,594.85501250037,588.668301680104,578.1244838814897,565.7425544621145,538.5434329382725,498.98303376591855,554.9596325720498,619.1627669725437,575.5515241432823,477.56611808758527,242.40126864643764,0.0,197.73372330001303,230.18827529070992,181.29870836472202,315.8403142284397,409.08025284940373,346.1385464779975,290.0593122473789,320.5444337604195,368.421966664493,263.5174378139889,253.1410122889412,434.16070611124786,296.0354798457841,248.70857829109255,309.28758993258555,429.12577764056914,256.61854411066804,267.0945096321734,346.83698553192806,340.69454470261445,282.3195495996823,250.21800812200678,326.93717591068213,388.74619663334016,330.46826113360254,172.91673222613798,255.17751163000503,224.90183253430257,765.939691325681,905.6608279949795,733.3809087484793,1686.2418208548972,1726.8858008120048,1418.0882794260701,1141.3461177457787,1691.634273997589,1337.4467888292452,1452.218654316993,1196.457096837192,1593.7831910025782,1472.2761499428163,1364.1528087068796,1788.3784150303156,1076.769209507821,995.256223917351,753.4192123725668,0.0,0.0,0.0,0.0,0.0,0.0
May,10,0.0,0.0,0.0,0.0,0.0,0.0,0.0,0.0,0.0,0.0,0.0,0.0,0.0,0.0,0.0,0.0,0.0,0.0,0.0,0.0,0.0,0.0,0.0,0.0,0.0,0.0,176.54429020677486,383.3309248128082,513.0338636365698,603.8231356299837,606.8831310479275,587.5145790939349,548.4450329540723,557.4102858503223,596.490494068465,591.0340272768128,549.5151738929051,549.19940777947,587.6428286320673,630.9582435768996,560.6596734667662,450.15017144909467,242.82149260420744,0.0,238.2327361565741,228.35022859030147,133.41163476260974,376.7844339535278,441.4093286696221,377.47799342428516,293.0219981696157,330.23977409817417,321.4710542529961,323.8139649332817,294.6414282720088,355.9808474553789,306.3324616209539,345.5204278049267,328.00695652548404,339.5800275332047,271.4737669932334,311.0095055068379,314.535708285585,292.74912783348435,299.8320683616386,313.72220750885873,376.4868696605607,304.47928397743334,314.35932540041205,224.5997468822151,299.1402038450344,230.13255169614956,954.4995750130671,772.3065223128503,747.7312875331154,1464.4175591185392,1955.2520901500477,1131.3008057111545,1428.9818187932906,1077.5642506846045,1676.0013087313282,1196.7401454274627,1499.5410496306265,1275.027438055028,1344.8864482338506,1330.8584999516615,1358.9322553161453,1066.6263021572845,1187.967992674928,858.0663575464358,0.0,0.0,0.0,0.0,0.0,0.0
May,11,0.0,0.0,0.0,0.0,0.0,0.0,0.0,0.0,0.0,0.0,0.0,0.0,0.0,0.0,0.0,0.0,0.0,0.0,0.0,0.0,0.0,0.0,0.0,0.0,0.0,0.0,141.07306157437782,329.36338989230495,477.1487184036563,612.6568011746355,610.1297145579507,576.3219548490728,558.505827729028,553.3145855648535,556.7592625389005,547.7619577097653,553.9837965380376,535.4226914562638,568.3770930404132,643.6639963357395,606.0451696575359,518.4551506499411,263.9794966079531,0.0,144.38949273600093,153.29702199248297,203.19615580959922,353.96088826063885,366.1597304350032,298.9651040816342,335.69944840853424,337.4336875253271,285.0529982269169,283.5047237215735,371.068868351923,285.632049840809,353.8501617856245,241.35196239782692,358.94605991438533,283.921826565465,256.4163672322017,350.4056536420518,348.15134724926895,271.09084850810734,233.16038290379075,355.14033657675657,340.86602396836224,296.78548432409116,323.1942348615088,216.61138278519007,265.34017691907786,264.84385764135845,855.4220329369997,1020.2544087273143,887.1981657179437,1213.6197266963077,1979.6467830705394,1666.169319867981,1258.9731084980522,1200.8677308490196,1570.2302039332715,1264.913156336924,1406.388384690364,1219.9023844792907,1389.9137626762247,1576.6930596276263,1855.8099708004881,934.7313250754736,1062.6035351572832,1007.2323638151477,0.0,0.0,0.0,0.0,0.0,0.0
May,12,0.0,0.0,0.0,0.0,0.0,0.0,0.0,0.0,0.0,0.0,0.0,0.0,0.0,0.0,0.0,0.0,0.0,0.0,0.0,0.0,0.0,0.0,0.0,0.0,0.0,0.0,154.7407353192931,377.2259383952925,538.3156103663749,624.9175740421023,595.1220353836217,560.9477930686026,560.1521742122884,551.4463283143082,542.0526992378473,558.5574254515983,542.0419576083765,548.5627495043286,557.3602762595655,630.506127488084,549.6697247382796,432.0886480936235,201.34072714706625,0.0,311.0377693813743,215.03894704201397,96.9741435202481,348.70611689957883,534.5056417886113,330.0161930548532,255.76445461830505,349.169122753047,357.9588022147808,326.9480012105249,298.7619941722841,347.70354413795513,280.7636920269418,359.8582627684043,307.1073690802111,318.05974379592215,331.0250361782343,340.6231062216752,295.66712818247794,298.6875535801184,326.59441820483727,301.7967432120049,252.36698835610713,363.6186116036921,355.03028873608423,214.74126409040323,193.27180652679164,288.8075725638953,733.3833423687034,1207.224985931977,797.5224410098242,1399.5608711345392,1733.7407381138603,1726.088526777007,1293.3818592455068,1683.2487864591048,1289.4423372625768,1150.6900165783306,1573.5299438376803,1692.2825087932617,1330.3731101328115,1230.843621165586,1741.4382571818633,1059.0943306350407,926.9703082427134,489.05613765066096,0.0,0.0,0.0,0.0,0.0,0.0
May,13,0.0,0.0,0.0,0.0,0.0,0.0,0.0,0.0,0.0,0.0,0.0,0.0,0.0,0.0,0.0,0.0,0.0,0.0,0.0,0.0,0.0,0.0,0.0,0.0,0.0,0.0,190.23051576417677,372.41483091474856,536.8377981789175,625.2104725641142,627.9835217180397,616.1908980222626,580.1787640986281,592.9564817824024,564.4502016366109,594.1904897673855,607.3864741960125,580.9195391082574,566.5333497189996,637.90194994224,559.2861383037128,441.1727442511862,205.13606570814173,0.0,185.42067543088288,173.20972760373732,134.20349762755455,366.90613534979735,402.80442355763756,298.83097072032047,308.91802900815986,296.11522105258126,303.42954026334195,325.13195197996225,315.75752686799916,285.58984679535934,308.70717674427374,372.59470632608856,338.9517419905631,293.5099164263675,318.3313122464712,348.6719390950407,305.04810310260956,323.05992771734356,233.7199417890098,306.9347427516454,310.97083176065047,373.4539978745955,229.8451784157947,250.2452024439356,281.8087480929043,189.23172078199255,699.8400189361275,788.1906217144631,672.3230484969523,1656.795448737349,1927.1378005011218,1423.3766571784934,1192.1672769032443,1368.363045966088,1401.08393488058,1603.216100957704,1470.6232304916552,1145.565550043982,1239.6870964498366,1517.404238738985,1744.8194317911084,839.3079638260557,1018.8695282796649,827.3822491754464,0.0,0.0,0.0,0.0,0.0,0.0
May,14,0.0,0.0,0.0,0.0,0.0,0.0,0.0,0.0,0.0,0.0,0.0,0.0,0.0,0.0,0.0,0.0,0.0,0.0,0.0,0.0,0.0,0.0,0.0,0.0,0.0,0.0,191.11392846269754,368.05661668960886,495.42335222858975,604.832371564125,615.4274572473513,595.1757857596509,595.4821766907805,578.1582221584839,571.9305674037955,556.340576550831,553.0443711646517,540.7472131824718,575.4882285512106,623.7965132033097,559.8600368829048,445.3102633777626,211.95552941826466,0.0,185.026656131643,228.24560053972942,119.51091319480977,399.24563119454774,414.4203452684855,324.16793436241585,287.2271399281466,352.27028360997093,338.9352971552846,305.5000075483178,336.091421395426,311.65031142954524,314.7767211399917,311.62609983052886,340.99096151289484,229.99789668944115,336.5993749515174,302.1126128531305,343.72304275804,295.15186969058306,308.0269540064786,278.2634657747023,316.39457426596766,369.59040923526845,341.49532547842944,220.41876821561303,311.7502072788019,168.99282008924794,600.2030954515835,772.9501402670533,461.8822572766803,1504.5047943161778,1848.6821154214276,1525.7272915148283,1158.027442472499,1228.0091761908645,1261.721583636531,1417.917391405931,1221.7820663261484,1645.9340559703119,1382.669568406727,1336.6473333463823,1557.7281580882361,1057.2400713768416,1112.1819177526618,835.7506326477297,0.0,0.0,0.0,0.0,0.0,0.0
May,15,0.0,0.0,0.0,0.0,0.0,0.0,0.0,0.0,0.0,0.0,0.0,0.0,0.0,0.0,0.0,0.0,0.0,0.0,0.0,0.0,0.0,0.0,0.0,0.0,0.0,0.0,140.3360266470262,321.3499101024412,491.46137087410284,614.2891300610657,620.8019459690374,594.4519388377465,572.2508111514993,559.6246573814943,571.4066548007585,577.17767173786,569.4065749895817,561.8460315468545,573.1113186488129,632.4668645139377,523.7226601551006,387.1610093398187,205.42689499051218,0.0,236.91138145542396,130.1773745612933,165.68644817878942,343.6099345697487,426.6523523424575,280.70737915468857,328.33001675721937,370.2253451812392,314.3261349791093,252.32517799979374,288.17824775188444,338.4005766170506,397.2450608825705,247.71021436446063,269.9931831961687,384.54326202598855,371.49752950791054,232.9149204193113,291.3495577549111,385.0458805168902,279.5000272815499,263.20674612701924,312.4255172248622,330.44008725991796,286.3884989441738,249.30971811170727,286.5347995090821,192.13036647026505,642.6602772143909,854.8429988697501,799.1349634308989,1401.4211593218329,1776.7006913219993,1423.7374391878307,1292.5420437734563,1336.3371198864331,1519.193617694475,1347.1825314574596,1043.3816992675754,1365.8304989521528,1229.4711488021555,1789.7466405687044,1608.6981461167977,967.8362323951847,1014.9775464783057,961.4601405740507,0.0,0.0,0.0,0.0,0.0,0.0
May,16,0.0,0.0,0.0,0.0,0.0,0.0,0.0,0.0,0.0,0.0,0.0,0.0,0.0,0.0,0.0,0.0,0.0,0.0,0.0,0.0,0.0,0.0,0.0,0.0,0.0,0.0,161.2589014085389,425.5358910121976,564.1599124956242,627.4314004375028,595.1387927143475,556.4943558363645,556.2565955622574,564.560599344369,577.2196807080243,585.4931251194307,548.4841825555468,539.1501740452072,554.6627240737945,612.7078041484463,557.7538907169363,444.8259497157677,193.4664957548175,0.0,185.65664016887615,183.07513864269998,160.31234003764442,311.327923659582,411.4260866103933,326.4616675459312,288.43753169463275,344.20129462299616,339.08972994587515,290.1775379876564,311.76916619673557,349.79652395881897,319.7782855628789,294.1108596304285,327.7766414377174,300.54955597682635,276.39311475443935,260.6214261429659,328.78438551231466,342.6113804536342,319.16330588031525,288.74939182028356,281.1121274911623,341.20326710952344,334.8899870371732,234.3588764478073,204.53716112803744,236.00113612355588,824.1204736339532,872.3463603302656,656.3019021579508,1518.633017816253,1663.6290598707403,1363.6698813135542,1323.6882543157124,1317.050303100271,1540.7353758924417,1393.8934124876926,1432.9912656132585,1242.8982638204463,1384.4233193648363,1491.9589351068842,1568.0595164862832,1053.2223040006832,1255.7216232924072,869.1425473291858,0.0,0.0,0.0,0.0,0.0,0.0
May,17,0.0,0.0,0.0,0.0,0.0,0.0,0.0,0.0,0.0,0.0,0.0,0.0,0.0,0.0,0.0,0.0,0.0,0.0,0.0,0.0,0.0,0.0,0.0,0.0,0.0,0.0,165.36766460469352,375.3517808380073,523.2403053268833,630.8281674006602,614.6854194430127,589.895097911658,580.9449498241045,555.077698003841,578.6047047331824,570.1000696031803,571.422268597704,526.1242589063979,550.6837387798502,631.8738902179904,576.7285270701444,465.87832823819025,241.36307005143505,0.0,276.74510618900507,215.0038954985842,111.01792312305257,324.8385844079291,444.44878917689346,388.26796348288036,244.07315523149524,265.1605467579731,382.1718010205554,301.9086293669372,296.6608740104226,300.7198411231612,365.1436096397752,299.3580792828212,320.12779631744417,373.9554626870652,318.91837234434496,304.9928107252045,347.4871385431053,354.050163684581,346.38553955220243,231.73126373801406,392.5186491382544,329.8683268267584,327.4348859646136,223.85267971186252,258.1521066448005,214.08263133562934,656.72211052499,734.034920938034,591.0115399924804,1506.7733807218085,1583.3792955714382,1643.9480280520763,1454.542109832796,1170.4806050492703,1447.9317780762137,1418.837780290289,1370.2963207649962,1426.9519702579344,1364.3209276419761,1454.0561482968776,1054.0563708932686,1158.405269072721,1346.669836104923,777.9397689821536,0.0,0.0,0.0,0.0,0.0,0.0
May,18,0.0,0.0,0.0,0.0,0.0,0.0,0.0,0.0,0.0,0.0,0.0,0.0,0.0,0.0,0.0,0.0,0.0,0.0,0.0,0.0,0.0,0.0,0.0,0.0,0.0,0.0,163.04599474176666,392.0856604800658,555.9149111117282,633.3869064788774,610.5811403165989,593.4502520177772,585.5640447791191,586.6233087161544,545.282455754843,582.4999641255339,567.0615114260702,523.6837014417139,546.6194953960835,640.290138037006,589.0324574888795,463.4167637781593,270.7890655502853,0.0,190.87371900234533,191.80450776376665,113.20579659702942,350.1347596000392,434.0625108074064,288.95507265404825,279.4243977672926,351.95292208335945,349.13696840966884,249.75654690498538,330.9451587899154,328.7799209759885,280.26077252422306,339.56577132632157,306.2064344828203,300.74020224621114,332.49934341032684,369.9841907032472,298.6574901752777,238.79849926286047,325.7879157222769,358.4830968576091,299.2135675521522,370.8949407327437,318.0227291318681,209.00087816341863,276.53904206272506,235.69974749393293,497.2212003581475,947.4904592725039,795.1657046587113,1669.3306688496816,1552.9975046168715,1618.0433273911715,1256.559341685378,1269.5659937601165,1735.571578430608,1196.1585936649196,1306.0976729842603,1287.3591633855306,1370.3061903033122,1720.3767954759783,1891.9336672453935,1095.1805362949299,659.2509396698365,785.1889552339079,0.0,0.0,0.0,0.0,0.0,0.0
May,19,0.0,0.0,0.0,0.0,0.0,0.0,0.0,0.0,0.0,0.0,0.0,0.0,0.0,0.0,0.0,0.0,0.0,0.0,0.0,0.0,0.0,0.0,0.0,0.0,0.0,0.0,193.47052885233842,418.20661817031925,546.079151725032,630.790741316141,613.4483593292226,569.4046026645036,544.2587806153812,528.4027830357848,536.880130226623,535.9511122423485,542.0616830671567,552.0910801057648,595.8575401902777,626.4872998372393,537.8333283823035,410.7870824242739,184.83563991667344,0.0,210.901384155762,179.2346234656218,118.8275819141411,343.29083084605776,417.2315539996833,328.7029619547804,349.411570929189,362.44624199815445,284.666337046561,287.7867124342102,361.0464938191831,317.5570887541615,259.69421223732814,289.65976567356523,366.29322352699756,294.61196668865705,286.5567853146282,300.8204291936015,322.55825287443236,351.6951797662808,342.0444561932912,212.10701975548994,238.79703487836395,400.6125962857521,334.0007073269921,188.59956702007213,238.62089414975313,289.3406052305288,580.4277564626029,846.5996308134829,808.2894214609867,1461.9780424766498,1703.3607691388,1248.7518599339796,1528.8072224307582,1308.5165165499263,1475.8106755864071,1511.920676855136,1161.8823088974905,1592.8654343548221,1162.243329733824,1409.4084646886392,1291.6217132634615,1123.2777882607802,1159.6483138888377,1087.4205489896644,0.0,0.0,0.0,0.0,0.0,0.0
Rainy season,0,0.0,0.0,0.0,0.0,0.0,0.0,0.0,0.0,0.0,0.0,0.0,0.0,0.0,0.0,0.0,0.0,0.0,0.0,0.0,0.0,0.0,0.0,0.0,0.0,0.0,0.0,0.0,0.0,570.0720616716611,625.476379324936,400.26642802468905,972.7531631395179,1429.8670753214903,1104.5536704332783,882.6063331820577,1143.316260818002,1104.4530945457832,1213.5340732791633,812.4900256815363,974.1640877067001,952.5074731872705,1174.3701765845676,982.5560284474457,848.458656699861,1157.8453434676053,1126.7551589804557,962.5156422239575,729.8780656165341,1086.4807808049227,1284.6416340551807,963.9828325461609,897.2398586098782,797.0779961388229,741.362112072593,1086.3850168464096,763.674883528321,0.0,958.4297906065815,857.0135270754315,545.3751448962664,609.2042656237488,1608.7352478580992,1416.8439416722672,1456.3103229212431,1372.7397689480115,854.1725190918094,858.8604306090425,1056.5247793626315,859.8475386796796,811.7762121959042,1211.5859669497233,680.0779657837211,1388.8784014254118,2111.0205666268066,2054.781598817751,1485.027236178972,1511.1495093899066,1258.0415362901742,1882.654938192716,1638.8868543503702,1920.9598106677483,1130.9518777052333,1549.4262811274223,1892.9436486908887,1999.6343807831188,999.7554748994521,1153.0072212074708,926.1240618272426,0.0,0.0,0.0,0.0,0.0,0.0,0.0,0.0
Rainy season,1,0.0,0.0,0.0,0.0,0.0,0.0,0.0,0.0,0.0,0.0,0.0,0.0,0.0,0.0,0.0,0.0,0.0,0.0,0.0,0.0,0.0,0.0,0.0,0.0,0.0,0.0,0.0,0.0,855.9985246796045,505.7037155366922,245.31166435529903,654.8411013979797,1690.2473854122175,1267.6409152816373,974.467649898152,790.6018228328866,981.4066612612233,1176.0413696450455,1089.9578535405033,916.6239619410966,834.317540927678,1115.242335836151,1014.7949975419019,935.5968159670186,699.7632076411351,1146.836902550058,1050.6071881298403,1041.1047987402023,943.711133110683,1138.3383019106197,976.3180108216286,1225.1187073030094,865.8918235444887,545.6211559070182,872.2026043012804,763.538965517516,0.0,1164.5610993457005,675.9070315389928,822.5794852853874,648.0001857190488,2076.2508086599933,1321.7409196003198,1330.8139412586875,1091.9580622183732,1282.9176464268942,705.6679197521684,992.7511910780219,658.9635792116891,1078.6866090672934,945.5744163543827,861.022479452627,1505.9786335533631,2331.692723807679,1930.934852100964,1814.315254987847,1639.774780658575,1725.6388324773375,1597.1821626558328,1853.3753054279134,1481.4209429456982,1435.2637639324014,1696.1846801443212,2083.4978480632517,1799.7907228525264,1052.6957913761462,1436.1133184413475,840.4993464315957,0.0,0.0,0.0,0.0,0.0,0.0,0.0,0.0
Rainy season,2,0.0,0.0,0.0,0.0,0.0,0.0,0.0,0.0,0.0,0.0,0.0,0.0,0.0,0.0,0.0,0.0,0.0,0.0,0.0,0.0,0.0,0.0,0.0,0.0,0.0,0.0,0.0,0.0,562.4574647906281,446.6682375802883,326.87691189327074,1193.235467890204,1308.7493421586796,1168.8805708131683,927.7573847090667,1191.4512687066285,1145.7345069992878,1003.8163652485442,826.4423828914173,1187.1891030551717,1421.4824211963232,1002.1224458673145,840.7689857139009,878.4228399083015,973.294903858625,1043.4874387171826,991.121457397679,1142.0598260131133,1131.421495722791,898.4390237266642,943.7265638566446,1267.2594071040633,853.2932276619442,793.324977045182,750.1652483483068,758.4011504299506,0.0,959.6261009104131,701.0798209399072,515.2922731998714,633.2364653812095,1518.9179182706055,1446.4581285837219,1449.8663550296917,1159.918815762335,929.578838660176,677.8587778753641,1099.5251502648912,619.3551885819073,790.4122153360502,1161.068087093019,575.9664752865606,1595.8076561983473,1954.3371665788968,1795.6846176497208,1462.1580597325328,1730.3466576546193,1465.67424039147,1653.4862201434987,1428.9800773682227,1784.6394933600636,1748.1986968650936,1650.0350366745363,1569.105217944935,1881.3774498445332,1359.4063417911375,1368.8660809571763,725.7878669871534,0.0,0.0,0.0,0.0,0.0,0.0,0.0,0.0
Rainy season,3,0.0,0.0,0.0,0.0,0.0,0.0,0.0,0.0,0.0,0.0,0.0,0.0,0.0,0.0,0.0,0.0,0.0,0.0,0.0,0.0,0.0,0.0,0.0,0.0,0.0,0.0,0.0,0.0,557.1001165240523,682.4153608397041,500.79305061270884,459.041513770042,1365.5917333713285,1480.2603853617331,1179.4722007575551,903.064144217539,974.0747718518671,1017.0236913035993,1010.7069016225306,1099.3646627196588,900.4924065146042,1081.529051073297,1092.5413990677007,906.8471545911932,1157.1023441670382,1183.6499320250782,841.1063600153486,845.0501976841903,1083.5006309098583,1448.862704272582,911.6336282867384,1158.5562538246527,869.620771403659,785.8783195469191,723.6292917307832,793.8708254312812,0.0,493.2009570345359,710.7667823625064,428.25783174943047,1015.8640531772786,1755.0939684551333,1028.8516865494655,1045.460495980266,1338.7768887910477,1319.9941369256278,703.9800288528094,958.5780783335588,699.4914168808189,647.5896815665906,1190.8425105312,907.7522074039604,1107.795296386782,1939.7935177198046,1863.87459838268,1880.1686205019544,1661.8708359200102,1178.4613452777728,1560.219063387606,1941.9652643140191,1620.4861749290392,1270.54268827417,1650.0453364138332,2004.0197036084926,1411.3595840344315,1148.0404491577776,1526.9940535287226,848.2823580046107,0.0,0.0,0.0,0.0,0.0,0.0,0.0,0.0
Rainy season,4,0.0,0.0,0.0,0.0,0.0,0.0,0.0,0.0,0.0,0.0,0.0,0.0,0.0,0.0,0.0,0.0,0.0,0.0,0.0,0.0,0.0,0.0,0.0,0.0,0.0,0.0,0.0,0.0,490.40150634131356,600.3761149072576,648.6775594022632,847.1962264515766,1504.8550013567449,1100.8858214838442,957.264298132857,1210.1368061255648,1372.892203231115,1021.5737573285112,872.9523030224311,961.3213829670359,1161.7928079346962,1067.0915778469785,1154.0623526118486,995.1053337655685,1019.386435539749,772.2870801261631,890.3861316277653,1198.5768307032388,1145.5868697983342,857.565670448544,860.4075757761477,1286.3869926724778,966.9869571331351,598.8842583048249,941.2046560183609,682.0009329947177,0.0,945.369584109359,627.0689860825587,892.6727735543575,646.3881190224691,1705.1316421312129,1259.9594472704086,1387.3541147342187,1235.5874396966906,1068.4176884542246,820.4881682020334,976.0120456328516,713.2184061574695,594.5868150976108,975.6887711893709,787.0174053589612,1875.7912483748144,1877.4414021657924,1961.2628465541377,1453.5141565409892,1750.9088638548726,1789.7884092492177,1834.024089966727,1230.867023398712,1391.5111108290398,1767.8499855875186,1889.2560252228816,1709.3965078317135,1460.772315164369,1077.216066213173,1660.7517104640735,1089.6870977753088,0.0,0.0,0.0,0.0,0.0,0.0,0.0,0.0
Rainy season,5,0.0,0.0,0.0,0.0,0.0,0.0,0.0,0.0,0.0,0.0,0.0,0.0,0.0,0.0,0.0,0.0,0.0,0.0,0.0,0.0,0.0,0.0,0.0,0.0,0.0,0.0,0.0,0.0,1067.7912721361156,507.415541481221,721.2805015139954,623.1696985551108,1502.4714694700845,1083.6398887166727,1441.0718289807764,967.2945027260632,1048.6345509648706,1049.4325605912813,1127.0412393359697,1147.4165388663414,829.4353905755194,1031.7853268145325,1212.1779793416206,1100.8486660868696,1130.002007239014,1077.4686118426218,1012.0615215989859,1127.8416492785225,1064.0960827094887,1274.1683484051646,1126.0419549065948,1296.9083445422934,643.1203660353914,1015.4538119206346,746.0148851087607,773.6113645214424,0.0,616.9391962602346,787.3021421039865,616.2434796285853,1009.6056962108894,1259.4632703063396,1253.8660363976653,1507.1742874129143,1530.879283453737,968.2204438317964,611.7400185669144,1109.5641158090916,873.9755005361187,647.1203522469394,1003.6139710933828,955.7104151170605,1730.6852752810623,2108.2665477634505,1633.5069378482704,1676.5656063874508,1574.319508214122,1651.0640323583552,1520.0622443207471,1755.1523133336352,1767.5356830589635,1546.8779223989923,1213.8914169820282,2060.388821996758,1564.4142535772655,1312.6403914903935,1223.0298145660004,946.5371206598201,0.0,0.0,0.0,0.0,0.0,0.0,0.0,0.0
Rainy season,6,0.0,0.0,0.0,0.0,0.0,0.0,0.0,0.0,0.0,0.0,0.0,0.0,0.0,0.0,0.0,0.0,0.0,0.0,0.0,0.0,0.0,0.0,0.0,0.0,0.0,0.0,0.0,0.0,547.8960734464075,690.8966781196721,644.7820037904269,891.1281601456201,1267.5597227665203,1200.8587385361886,1252.8668131312495,1101.3877849399112,912.6189024254563,875.8704864044146,1154.08343673121,827.5246532264537,1115.9859588043805,955.8527034601849,1056.422140640981,1156.106162167401,1293.7583369493327,994.523790680323,985.3041028749406,956.0271321898848,866.6427739765501,1340.4084947787117,1018.3854653389129,1304.5681090042333,675.6826157482752,769.5871861347844,707.1832240407446,1043.780169987458,0.0,927.4040754198597,687.6957621519548,431.0274117195033,805.1424128756613,1721.3082718755666,1522.8948481474645,1107.7080901982933,1077.414731358324,1047.137380596357,1128.4329703974536,834.9253242099769,862.5826142782746,681.3874878363367,1356.8099536550078,639.5272608702345,1186.1784228429117,1979.2873318786008,2340.9910483250646,1691.7091048365749,1321.154557894531,1502.7666969962245,1702.6638120650225,1469.152993237354,1556.5751346975408,1665.7027853394113,1525.4988196337467,1753.623263637379,1706.2621743246716,1107.102132535208,1183.276175968288,1035.7740492036778,0.0,0.0,0.0,0.0,0.0,0.0,0.0,0.0
Rainy season,7,0.0,0.0,0.0,0.0,0.0,0.0,0.0,0.0,0.0,0.0,0.0,0.0,0.0,0.0,0.0,0.0,0.0,0.0,0.0,0.0,0.0,0.0,0.0,0.0,0.0,0.0,0.0,0.0,798.9257214002859,743.8943476811851,417.949063427823,782.7586003420558,1605.6498017420483,1261.4149389455551,1088.8061454008196,959.8283559968626,1148.1745999737552,1081.4999485958454,1034.7499363499016,1138.101780854057,949.7739163199384,1007.47173709334,1036.1368561819108,1240.6006150163712,910.325599460676,1100.5621159596476,1037.5889910315047,1203.1128480988139,889.9924098310378,913.3964651631333,1067.5360984367535,1323.2239291095066,1134.7319980118987,607.1039053876876,653.9101148230397,710.1673285388205,0.0,589.5118317383832,482.0250954997459,472.8247341967268,860.9827841938117,1746.1696296829998,1292.6290781921084,966.3799379324993,1139.9161897902943,1090.212511971316,1141.7388164580063,887.0399182675026,691.6445402202478,936.6381821733381,1608.3665715783582,815.0707843215878,1186.0832454812992,1870.1235112150202,2521.1744919454222,1561.3799247086442,1297.398607908047,1231.9189082201108,1704.2773971201148,2173.873004046597,1687.136152773285,1354.3919982188595,1493.554530152835,2062.4085931851037,1515.5970469003105,1006.1736791130257,1332.9424567758556,906.4050182257362,0.0,0.0,0.0,0.0,0.0,0.0,0.0,0.0
Rainy season,8,0.0,0.0,0.0,0.0,0.0,0.0,0.0,0.0,0.0,0.0,0.0,0.0,0.0,0.0,0.0,0.0,0.0,0.0,0.0,0.0,0.0,0.0,0.0,0.0,0.0,0.0,0.0,0.0,854.9750678364023,619.5741874288337,325.826987814822,769.0659633126296,1549.855497070635,1199.0662100143627,856.8508371537903,1165.4100662321412,981.5058768042594,1007.8778490982478,962.1367354078722,1078.0653501522836,1050.6902426319268,1074.527374876518,1041.4219208987222,897.7352143396151,1146.5624781389456,1176.0472101836638,845.091682576545,935.2036826144813,1256.5947146327244,1060.849014524709,1066.9083071018704,996.338491371266,1150.034322381124,822.8617331924768,906.5071801796548,656.7519302702804,0.0,750.5583116528112,795.4367886953576,460.0732835115867,769.8827942061718,1840.3733826935554,1649.5125260194186,932.9353014436111,1253.7896338934777,994.1820905329807,954.2546384108357,1006.6838916465017,865.145487969667,607.9408278607677,801.5353645257396,705.46706277948,1673.5096205994164,1991.4129301190362,1696.7746895317503,1586.6010087653094,1685.632121430036,1742.741067432198,1439.5215658911595,1406.3340929683375,1847.0172109649866,1597.951546830293,1464.9552274101993,1657.445959081591,1486.134261690947,1179.2710915648531,1737.3198584969136,963.191871175679,0.0,0.0,0.0,0.0,0.0,0.0,0.0,0.0
Rainy season,9,0.0,0.0,0.0,0.0,0.0,0.0,0.0,0.0,0.0,0.0,0.0,0.0,0.0,0.0,0.0,0.0,0.0,0.0,0.0,0.0,0.0,0.0,0.0,0.0,0.0,0.0,0.0,0.0,726.5527878636632,475.3743989622534,517.3575028168624,966.6428623292016,1464.6545312219298,1082.9417815709967,1107.1174397285536,1003.4370553836012,1154.0735886920324,954.3897102700822,1008.0064717209395,1045.8063872144637,1051.5638524322069,1052.4092216816255,981.3772576194757,1133.03210631228,1105.5702722765984,1150.3048814663482,902.8644490559849,857.7056289735289,979.8993672752478,1208.0786435515256,976.4973769766934,1435.4293948150364,827.0592334393473,601.5042115173749,614.6787896213962,708.9037432078707,0.0,806.5720905413327,927.629708124474,529.5556930492993,657.0624837567011,1319.2733938452807,1587.8600024260368,1235.4199528406489,1517.3380816824522,855.8148297683222,1054.868771627608,822.3884507649984,716.6502308922179,923.311438420512,1329.692333519498,756.2638360792981,1034.260583120461,2167.1653425289874,2031.815753354268,1884.5338206524693,1143.623955075585,1933.7000047143993,1517.6234839239658,1568.2255303843992,1148.0997265037352,1703.1885068206632,1394.4332257478673,2028.5052926173075,1336.9780536773774,1019.3313823247051,1328.519148648691,1355.1387803349326,0.0,0.0,0.0,0.0,0.0,0.0,0.0,0.0
Rainy season,10,0.0,0.0,0.0,0.0,0.0,0.0,0.0,0.0,0.0,0.0,0.0,0.0,0.0,0.0,0.0,0.0,0.0,0.0,0.0,0.0,0.0,0.0,0.0,0.0,0.0,0.0,0.0,0.0,895.1164305234905,833.2401736561668,427.15750004581463,674.8360508486711,1487.2035854475266,1227.2032799478793,1070.341091000913,1004.910246245897,1039.4998074403782,1193.0035657788253,971.8669690894955,786.7705515990401,1286.481037348391,930.4850691450716,1144.3344129534419,825.9501058587817,1232.0584937674314,1048.1653908607536,941.1566360090721,1057.3749146845137,1091.3019312453239,1108.3580302752123,1143.35923245601,1182.2306812470608,981.994325207421,786.627502563381,838.0942803065805,429.7584871540068,0.0,1000.1067990196385,811.8944248782617,465.5838759577699,745.1241735744973,1920.239216636932,1518.3859942668103,1183.6364673744442,1081.9786451869743,1066.6653795602977,954.2957983215371,999.8269243673644,683.222693970779,950.9792054990727,1426.33854119061,823.2459886912806,1371.0024670630416,2102.1389510137506,2188.808623737188,1861.471116041093,988.5828478491644,1592.668627893625,1819.749900401523,1778.680990446647,1217.0392106569072,1783.329963374345,1921.814686609086,1800.495200569336,1387.4111723324158,913.8983568823799,1182.9882026608198,947.4141684112637,0.0,0.0,0.0,0.0,0.0,0.0,0.0,0.0
Rainy season,11,0.0,0.0,0.0,0.0,0.0,0.0,0.0,0.0,0.0,0.0,0.0,0.0,0.0,0.0,0.0,0.0,0.0,0.0,0.0,0.0,0.0,0.0,0.0,0.0,0.0,0.0,0.0,0.0,703.0204165004799,764.7587543442546,531.00829387185,634.3489980327533,1473.5054209873126,1324.1763178191206,1048.148732851951,799.4719792734746,1237.9455034376167,1168.0307316913509,1068.795621596389,987.6407298435532,888.5535701085466,1227.255195441396,1135.8365991928522,906.6094190197697,1111.4728591818152,1185.5290584387667,1021.1652389876201,1081.1379184342122,1168.7905463910745,872.7998117119029,1033.3439126706896,1356.7194955229816,923.2229348013342,470.23656240396775,914.3717399834374,871.3682443948202,0.0,845.2845374838465,809.1670911529981,478.24852470223584,702.4287441559543,1678.8854811051074,1596.4331580943465,1248.918807266657,1237.4221370491653,1048.0955013189905,810.2757220063918,1136.563606257491,633.1266544144587,745.4172577274522,925.2183997868888,866.5702246004731,1358.019817483176,2018.7219204126975,1930.6159148684355,1676.0222581223609,1479.2467490256602,1668.5622424445044,1675.1415381663708,1697.6514757113919,1226.487306784704,1432.5308744763795,1576.136997248531,1788.4300805177231,1669.7353172855405,1169.1664295878686,1039.2333307361112,862.0828809547774,0.0,0.0,0.0,0.0,0.0,0.0,0.0,0.0
Rainy season,12,0.0,0.0,0.0,0.0,0.0,0.0,0.0,0.0,0.0,0.0,0.0,0.0,0.0,0.0,0.0,0.0,0.0,0.0,0.0,0.0,0.0,0.0,0.0,0.0,0.0,0.0,0.0,0.0,776.9603671008839,734.2614965914275,455.55617617865096,639.7787005386676,1354.3197365210808,1257.8301727907585,1088.1398626284322,1094.2492300253039,1191.0078829382576,1087.6734291407715,903.384962317184,898.8450782904421,1059.232074135019,1199.871703604996,983.2331276230522,834.9072771012216,1139.134122467126,1111.1610873559623,994.6685699427356,985.0213878336056,1123.239082366723,1156.1391289705984,1051.708778777494,1123.6675997210657,1042.1712349403356,557.982652521998,721.7478524862086,754.6776425332183,0.0,737.5884495857825,752.4005920710737,603.9956293701883,795.1102779206619,1565.1235838983243,1244.1360266885226,1244.0474904636926,1290.5070189402772,1017.6977018423584,754.9942435973405,1039.9981279885194,556.9794287257208,721.0492981537741,1011.8732734646546,689.6541617388464,1855.187744757331,2355.776295598066,1758.8798448942725,1182.8388682596453,1472.796653407638,2081.799917983412,1567.5722817861658,1531.4702762620302,1435.1263692927237,1679.2208693393873,1640.1891276494282,1876.3928540349928,1533.9585791384754,1335.2104755130697,1321.4312446048893,857.8859884941343,0.0,0.0,0.0,0.0,0.0,0.0,0.0,0.0
Rainy season,13,0.0,0.0,0.0,0.0,0.0,0.0,0.0,0.0,0.0,0.0,0.0,0.0,0.0,0.0,0.0,0.0,0.0,0.0,0.0,0.0,0.0,0.0,0.0,0.0,0.0,0.0,0.0,0.0,564.3403756168253,487.0076095632904,536.4983951580351,774.9157910603757,1512.2693458662666,1368.0815789080118,993.8210666337312,852.8532456831057,1239.6836355091993,1064.8942438379734,1079.0876930809811,1026.5759424343662,959.1809284263753,979.109362950725,1006.8671039408035,1047.0255162787587,1196.6713226984975,1150.7413737703232,1048.8895786472692,991.4944209903758,1150.7352314180341,964.1082789296787,995.1166241460536,1181.6332620449944,862.2499408947377,820.1042399684626,1086.0337213598284,704.584093912105,0.0,799.9445208199184,599.9248326582631,668.7901575005133,967.032724468061,1552.1362108052585,1001.0113621097713,1382.3509132793672,1400.0255982970777,1227.8396697335008,836.1283149798154,804.006624061316,606.4389758032511,862.7199146078904,982.2223828214569,485.35435798065464,1444.6913210703933,2602.7171632346817,1767.5667750796504,996.955744668866,1534.7229317363856,1861.9910930983942,1602.7097889659208,1114.7540050071495,1550.324128018263,1646.3958806608484,1643.9148094295938,1494.1533559345635,1491.1522361512712,1262.484510822915,1555.7620322440132,1194.5576978774234,0.0,0.0,0.0,0.0,0.0,0.0,0.0,0.0
Rainy season,14,0.0,0.0,0.0,0.0,0.0,0.0,0.0,0.0,0.0,0.0,0.0,0.0,0.0,0.0,0.0,0.0,0.0,0.0,0.0,0.0,0.0,0.0,0.0,0.0,0.0,0.0,0.0,0.0,858.0433834154418,615.5509930045599,285.41941972652694,866.1966883701377,1660.9871100353662,1191.5789111155968,931.0493616040462,1018.207234529021,1089.853114869604,1026.3744076988453,1093.2054215821145,916.450680289015,1358.940780359289,817.7616795530479,871.8360100138755,1021.9048924479889,1283.9627887362049,1173.2921311897776,968.8632599757368,929.6105638218826,890.6953507746917,1075.1646703848007,981.618353553464,1241.9174824997963,1017.5008596164669,896.9234834647306,765.3517011135373,518.7923438493613,0.0,603.4538630085701,905.2932799834858,793.5667313368248,787.5945851769068,1678.7033863606666,1451.7093532252811,1167.741954526818,1406.6748493632826,1115.7318588619787,840.5338667654828,810.0006048711567,883.8607761934389,826.8188751446012,1131.6265745089063,865.6854602708486,1256.7272769969234,1803.9056266349696,2222.2258783233115,1791.6935527440558,1772.3342107925525,1569.0976413722126,1876.8228773094497,1647.7978558384207,1696.4880518588293,1546.6825193427726,1507.5821959348868,1565.0221509367932,1504.4591325620324,1343.605758497724,1441.7569442181143,1026.0451763390224,0.0,0.0,0.0,0.0,0.0,0.0,0.0,0.0
Rainy season,15,0.0,0.0,0.0,0.0,0.0,0.0,0.0,0.0,0.0,0.0,0.0,0.0,0.0,0.0,0.0,0.0,0.0,0.0,0.0,0.0,0.0,0.0,0.0,0.0,0.0,0.0,0.0,0.0,563.2729828721492,836.8167667357781,647.3042841661453,746.276133245006,1317.5872984990463,1500.9063447872927,1335.553403073014,988.1923240923317,910.3392031003236,1196.4797768129063,1471.2161724621706,798.1566336177705,927.868174722613,1033.5636909158754,1554.6534308155617,968.378857387327,664.7783628820883,1018.6238126452358,1363.867062674141,1278.0666332049293,790.0076050420007,990.5181399795049,1253.5229758657506,1374.6192664977305,876.0487141951919,645.656629828296,784.5233517568197,602.5874143061366,0.0,1101.5408028129063,690.3371778034514,507.2899626669212,804.1871029974374,1776.160360367114,1568.7020728189239,1048.3318837228896,1315.0780417553115,1254.6438281280166,891.2035986878187,812.2213697714514,570.4935086985802,728.9786266828055,1018.7690085558952,800.4220431797946,1390.073326051613,2406.7291242404085,1747.7976317860096,1612.895086732341,1534.3749651020742,1791.3111190861005,1494.3691623694533,1539.5403986149838,1578.7516122634518,1718.6042170124406,1434.837784085456,1672.9837504656753,1672.2972613674972,1200.3377735308752,1636.820866739956,879.8148828424,0.0,0.0,0.0,0.0,0.0,0.0,0.0,0.0
Rainy season,16,0.0,0.0,0.0,0.0,0.0,0.0,0.0,0.0,0.0,0.0,0.0,0.0,0.0,0.0,0.0,0.0,0.0,0.0,0.0,0.0,0.0,0.0,0.0,0.0,0.0,0.0,0.0,0.0,647.7446411452778,569.4328052343778,525.9141934853864,932.952436962772,1549.989756449491,1387.3583442930333,964.0692307758679,932.4243179395677,1289.989069830279,1050.3263012290492,1034.2492909845744,935.8818644072065,1260.455107539026,1138.8103624126038,952.7417461881014,895.8082063292459,1194.2866523507737,1259.0467475020926,754.1383670272311,942.2990185194097,1180.3243705200118,1172.3643724248625,988.1420014516675,1108.8339328048473,939.7419060806375,740.8244800797836,879.2623895142618,563.6171517191509,0.0,797.2713722844022,869.743919385648,545.1361075305841,831.3581743591554,1767.1717820825063,1549.2310250440853,1220.9758718535097,1107.2127523925071,898.7681107268417,985.8789420509801,1021.755542761118,851.0658488797293,623.4056469114907,799.1370746071445,1048.4286698781507,1788.1851148275518,1886.0640068674188,1474.4417954978458,1793.4873577994556,1709.2638854216268,1539.5670290601681,1399.8137987906568,2018.9573390249927,1655.0524217868822,1471.8110416553748,1305.498851856262,1902.1671766068184,2074.050001396764,888.2907126529574,1131.9500425948165,792.5178649757473,0.0,0.0,0.0,0.0,0.0,0.0,0.0,0.0
Rainy season,17,0.0,0.0,0.0,0.0,0.0,0.0,0.0,0.0,0.0,0.0,0.0,0.0,0.0,0.0,0.0,0.0,0.0,0.0,0.0,0.0,0.0,0.0,0.0,0.0,0.0,0.0,0.0,0.0,603.1675557698769,535.0612661890916,631.8097239595385,667.9513306116698,1758.4893624969322,1176.8412397500567,1111.9601447563537,918.4373614374227,1238.7154736003256,948.9222156122837,1205.5182640631233,820.0177543764689,953.0380453451514,1199.6088552588785,1069.6785143320556,1152.667748287541,1045.5768096666955,1115.0061865022756,995.6932271045274,871.3941635107556,1111.6165733562264,1106.6073510416115,1272.551655862137,1298.9848901135633,856.6954091782349,712.6412276751,839.7652507531407,699.0743413642915,0.0,626.4776611006575,740.8302221139899,329.14031433602463,1068.5421399260179,1885.5751510304922,1519.434183097207,766.351820833679,1197.5885000136846,1342.0433781901904,1123.5983931526994,686.2106418287599,588.8758095567973,605.0792133702199,1175.1594773361119,1028.2688372151122,1294.4761693735604,2036.724190744261,2009.96733594761,1790.2977024846716,1342.3896911491477,1843.2223104245427,1702.2268950205066,1636.5691360904837,1446.2190166227078,1539.779391200439,1792.9536387150324,1742.1454988337864,1467.1837160712273,1191.280949957162,1530.0098291687946,840.7605786351354,0.0,0.0,0.0,0.0,0.0,0.0,0.0,0.0
Rainy season,18,0.0,0.0,0.0,0.0,0.0,0.0,0.0,0.0,0.0,0.0,0.0,0.0,0.0,0.0,0.0,0.0,0.0,0.0,0.0,0.0,0.0,0.0,0.0,0.0,0.0,0.0,0.0,0.0,724.6716314808056,736.0496669066706,372.40063873386197,757.1345456193465,1489.7859271401999,1286.6547781860338,1150.7104089898778,835.3628226425952,1165.2819410834622,1044.4407446717253,1182.6789376746717,803.364552515049,1016.3979887372712,1199.047150195242,1164.2206094352086,940.0858498154787,941.2043440107859,1096.8802541022535,1007.2438474948116,1045.0354373125354,1007.0314036074029,1004.6302643354908,1066.1236326295468,1136.366478225937,919.8604267858718,620.7655727715471,991.4078994000564,792.7510857147425,0.0,633.6356406281739,719.0566760039997,589.8267416906068,1064.7659448100396,1608.7553744284412,1279.8168112524727,1234.488897292655,1250.2483971861823,1131.27598004391,650.0042269316781,1032.9620409313304,813.2150734266675,954.7126131829137,892.7736463757551,807.3550649953564,1111.3586951874956,2537.4771322603137,2116.862730520744,1583.6681013097395,1230.0105393995048,1639.9207133452521,1906.8982010006036,1492.8832385072299,1473.0648507887236,1715.0037569462734,1437.9964435411887,1719.2503089749666,1740.5338270982843,1394.3093981841507,1333.7867928866576,610.0980354944678,0.0,0.0,0.0,0.0,0.0,0.0,0.0,0.0
Rainy season,19,0.0,0.0,0.0,0.0,0.0,0.0,0.0,0.0,0.0,0.0,0.0,0.0,0.0,0.0,0.0,0.0,0.0,0.0,0.0,0.0,0.0,0.0,0.0,0.0,0.0,0.0,0.0,0.0,525.7990639625509,693.040584160263,517.2992368926613,848.9986708878528,1393.9028857247692,1136.2395392399917,1129.8831080336324,1123.4493380608974,1070.0354415103363,882.2652097395177,1020.1754356364727,1186.7953742849684,1084.749203117231,988.2941351157385,976.1373705210008,1245.0287844174507,950.9427382728634,969.6667898157128,952.3148791068269,1290.3137406262615,1028.1259701181564,1111.7065652038227,967.0908619355337,1297.2965898345424,855.6427149384376,648.3099161722,987.8885825582146,665.9459978403975,0.0,680.6292694725036,729.4433531879571,520.5860738977831,1030.7946505330212,1396.2930544289754,1509.819654530528,1312.5589617787343,1239.2545884507429,1078.1497177154422,882.4063986780822,1012.7080281909977,886.1668843285013,927.0344614076713,1121.6941030320029,747.7758650016804,1620.28930162083,2051.8862357310695,1743.731679261479,1269.119000991898,1938.7891306490696,1658.7621839598628,1703.4779966489064,1559.5396261571052,1631.9965907724154,1507.6869150515224,1552.8591843810611,1645.1996648870006,2059.9143849934835,1241.6737289665896,1041.5931240521518,967.7780369307097,0.0,0.0,0.0,0.0,0.0,0.0,0.0,0.0
October,0,0.0,0.0,0.0,0.0,0.0,0.0,0.0,0.0,0.0,0.0,0.0,0.0,0.0,0.0,0.0,0.0,0.0,0.0,0.0,0.0,0.0,0.0,0.0,0.0,0.0,0.0,0.0,438.84242883822515,202.8137755394874,202.99494821953513,297.20162536978194,719.7707556713092,461.61663984129484,469.06519376427934,504.77170766581645,359.57982023451916,241.84428882096583,325.7053520151189,0.0,0.0,0.0,0.0,0.0,0.0,0.0,0.0,0.0,0.0,0.0,0.0,0.0,0.0,0.0,200.4131050305836,182.0627680464497,296.1843559157051,558.5854491655924,393.6059036727642,278.952426533738,542.7219754075429,344.8628604788583,0.0,638.9020173307813,606.1277060080648,480.14727878387134,908.6001277765961,1221.3036882724994,1283.8754884836826,1226.2775216130347,1140.3039448627037,1046.800652653509,1157.0696865533557,1071.7092430207124,1205.207709221008,978.0438421356993,1167.586753930102,1180.6335618087385,1389.09915113547,817.2501222158497,1206.2134826111442,903.6337454717535,1110.6974427463044,679.2121658926825,564.7634228107283,0.0,0.0,0.0,0.0,0.0,0.0,0.0,0.0,0.0,0.0,0.0,0.0
October,1,0.0,0.0,0.0,0.0,0.0,0.0,0.0,0.0,0.0,0.0,0.0,0.0,0.0,0.0,0.0,0.0,0.0,0.0,0.0,0.0,0.0,0.0,0.0,0.0,0.0,0.0,0.0,494.2814133055215,281.048177419567,200.1790049466207,212.84753907938517,758.8115567523535,703.5825949584813,572.4630172046739,240.81677924218806,339.8878231798378,442.5034012552026,345.6056271184878,0.0,0.0,0.0,0.0,0.0,0.0,0.0,0.0,0.0,0.0,0.0,0.0,0.0,0.0,0.0,211.29513862302696,286.5098211509385,223.17365462665336,265.6129832837884,430.2662326694166,550.8584876911758,481.0068348553987,247.4519554120837,0.0,762.5220504927007,737.2277996302498,494.71294355577567,943.6780569033205,1491.1841241462184,1308.7566071333315,1059.3698864489838,1224.6721159011481,892.2538126935207,1250.4626966124968,1106.4353160665553,1000.7447039779973,988.1000666618395,1360.7297525192432,1267.066079654818,933.2426030603843,1003.4070785840245,1427.3192057858764,1168.9673737228545,584.4599826063073,674.4097966034697,600.2748380091001,0.0,0.0,0.0,0.0,0.0,0.0,0.0,0.0,0.0,0.0,0.0,0.0
October,2,0.0,0.0,0.0,0.0,0.0,0.0,0.0,0.0,0.0,0.0,0.0,0.0,0.0,0.0,0.0,0.0,0.0,0.0,0.0,0.0,0.0,0.0,0.0,0.0,0.0,0.0,0.0,263.4972344986126,309.3739636955295,184.24870630271252,365.1921125060229,554.5936070836068,645.2262543814805,431.3740351867306,423.74508130794624,335.3810468247075,322.78753453357996,282.6477534488689,0.0,0.0,0.0,0.0,0.0,0.0,0.0,0.0,0.0,0.0,0.0,0.0,0.0,0.0,0.0,169.96321508331857,269.199506058615,234.66844238795085,386.0613223460594,410.6490245509966,361.9972887525789,475.0692645615857,370.32791116185916,0.0,644.8126496085376,572.3544536957828,547.4113492917946,1071.273417875623,1475.4850595629166,1141.5454492345687,1027.1875709086232,1257.4490926319693,1237.3855233418649,1083.0923554983708,1015.7458841053775,1177.524280357101,1228.0477735221602,924.7730247215189,1005.4404408985754,1263.1211694742046,1035.3463473206896,832.2543781996173,1029.462927123544,922.858345424691,928.4878993955379,588.9246283829042,0.0,0.0,0.0,0.0,0.0,0.0,0.0,0.0,0.0,0.0,0.0,0.0
October,3,0.0,0.0,0.0,0.0,0.0,0.0,0.0,0.0,0.0,0.0,0.0,0.0,0.0,0.0,0.0,0.0,0.0,0.0,0.0,0.0,0.0,0.0,0.0,0.0,0.0,0.0,0.0,435.0646506625565,290.3227025903656,106.82420327212317,283.81249022299727,748.7932827328443,535.9677488622472,450.6106029472694,349.88074850164804,392.1059532148002,384.9175582363618,317.7174504914099,0.0,0.0,0.0,0.0,0.0,0.0,0.0,0.0,0.0,0.0,0.0,0.0,0.0,0.0,0.0,210.6598349658937,265.67639627470425,295.3180318261684,308.16078909529114,519.7366261700512,393.3674327459518,466.78357104084427,241.8979310137285,0.0,689.485485281922,568.8181417517048,409.95640526906413,1198.735914123981,1790.918410577649,1088.5150333591255,793.7872236057358,846.0879179697433,1322.6958316503872,1257.8295265354236,1150.817074551228,998.0731621364685,1020.5223172617078,1268.2678264406227,1075.9763217747175,839.7629356560446,1158.3527984028112,1386.8553192885006,1021.7143344856279,696.4724343203072,979.8089305230029,702.452694910902,0.0,0.0,0.0,0.0,0.0,0.0,0.0,0.0,0.0,0.0,0.0,0.0
October,4,0.0,0.0,0.0,0.0,0.0,0.0,0.0,0.0,0.0,0.0,0.0,0.0,0.0,0.0,0.0,0.0,0.0,0.0,0.0,0.0,0.0,0.0,0.0,0.0,0.0,0.0,0.0,388.3639041966466,332.4141001371346,102.62900589855363,343.1282545158367,848.6398542791766,564.7193948316196,352.35855490128864,301.0748833954606,405.55949883562687,430.5967163206074,255.93261344453535,0.0,0.0,0.0,0.0,0.0,0.0,0.0,0.0,0.0,0.0,0.0,0.0,0.0,0.0,0.0,220.8653939415046,257.2997341856057,308.5131218710816,317.2520894466549,405.7359842963609,404.1842738222483,577.8004986547955,324.9790780183837,0.0,589.4555882578807,675.1851911270695,574.4191773762539,987.1183891051174,1560.2990975537862,1395.2183261882492,1032.3144121363325,940.6078643949746,1252.0048765301956,1173.884447579836,1003.8462453754136,1034.6020162728269,1181.3562896107244,1469.7662883260039,843.4130015921779,847.3289469661037,1098.1930391558742,1686.9689317185207,992.0604406047075,582.1281589429879,627.7152650127654,744.9416865893406,0.0,0.0,0.0,0.0,0.0,0.0,0.0,0.0,0.0,0.0,0.0,0.0
October,5,0.0,0.0,0.0,0.0,0.0,0.0,0.0,0.0,0.0,0.0,0.0,0.0,0.0,0.0,0.0,0.0,0.0,0.0,0.0,0.0,0.0,0.0,0.0,0.0,0.0,0.0,0.0,374.3283131765408,289.5192941367981,170.78623758175917,250.7347724695322,730.5162836699138,614.1413296742322,586.6022380344805,277.52687336442466,319.681398644022,330.86821964122026,395.40347080753935,0.0,0.0,0.0,0.0,0.0,0.0,0.0,0.0,0.0,0.0,0.0,0.0,0.0,0.0,0.0,270.83946844873867,224.17380218159008,282.4641782723606,220.84541203168365,490.1757353610471,431.9507088879726,532.9046331313343,234.77838566424927,0.0,754.0934037784085,668.9659958003117,323.60339382112204,1179.01787846765,1571.9028481728349,1184.3831021052995,1127.4724231918058,1240.4543914244061,1015.4755015381509,1249.4611455533106,1137.2335226857851,781.0479002943846,1164.1075204292204,1316.6334078182106,1241.9782201503808,799.6546855295429,1094.6650453975776,1124.6791238011676,1083.2281178226815,746.5777892607206,911.2426817257988,831.3961987817098,0.0,0.0,0.0,0.0,0.0,0.0,0.0,0.0,0.0,0.0,0.0,0.0
October,6,0.0,0.0,0.0,0.0,0.0,0.0,0.0,0.0,0.0,0.0,0.0,0.0,0.0,0.0,0.0,0.0,0.0,0.0,0.0,0.0,0.0,0.0,0.0,0.0,0.0,0.0,0.0,323.2062483929911,222.2694891997606,179.68239939938647,223.0476421326671,686.5959435508667,516.7022681118214,460.3860586793695,351.21766388121836,390.50631840451507,292.5247627387824,388.7028517750593,0.0,0.0,0.0,0.0,0.0,0.0,0.0,0.0,0.0,0.0,0.0,0.0,0.0,0.0,0.0,234.2563259748503,316.57230082643594,95.8739040176955,311.9775705968929,581.5194249953074,536.0922403449944,333.1973427717133,312.9984488575113,0.0,639.8740401255197,460.66310724595775,390.4045061026842,1042.5445582778616,1399.2043383982773,1093.2901337356209,1107.0206207813503,1293.1856599009443,1224.7272873876973,758.6602267326429,1005.2262054680173,1352.4804736783656,1093.3621365883673,845.9610575629573,802.1781583475447,1271.172712342935,1116.8371609648277,1080.0945374950463,888.8950339591346,748.2718630741227,908.725399566992,892.6470158264209,0.0,0.0,0.0,0.0,0.0,0.0,0.0,0.0,0.0,0.0,0.0,0.0
October,7,0.0,0.0,0.0,0.0,0.0,0.0,0.0,0.0,0.0,0.0,0.0,0.0,0.0,0.0,0.0,0.0,0.0,0.0,0.0,0.0,0.0,0.0,0.0,0.0,0.0,0.0,0.0,426.05659466945656,270.2435525516695,146.29846198364015,313.40062294593855,667.1207464021179,525.0483854310777,582.9745036115472,295.3568575298032,378.97042150427427,338.3976031753521,344.6539030867567,0.0,0.0,0.0,0.0,0.0,0.0,0.0,0.0,0.0,0.0,0.0,0.0,0.0,0.0,0.0,232.27193004929202,191.768702881522,268.92384917258414,331.54334551362376,346.11703993898783,493.86601453605584,373.38474359171306,424.6175935539131,0.0,730.9220077551779,650.9949994929688,339.94845614516817,1340.1129059117245,1434.6572694414956,1186.3083647110732,830.782267395448,1201.122199024496,1240.6605634391515,1143.4600663559672,959.4428120363282,926.8612711248142,1229.2287364553083,1094.365163364906,1283.7538520420705,1002.3268610348566,1164.4781698966626,1386.4396855881746,1042.1648848966609,775.2325945022948,818.5577562205441,783.447758675945,0.0,0.0,0.0,0.0,0.0,0.0,0.0,0.0,0.0,0.0,0.0,0.0
October,8,0.0,0.0,0.0,0.0,0.0,0.0,0.0,0.0,0.0,0.0,0.0,0.0,0.0,0.0,0.0,0.0,0.0,0.0,0.0,0.0,0.0,0.0,0.0,0.0,0.0,0.0,0.0,330.25702508842966,345.14329897841964,152.26048410821707,262.72485494616416,686.8497485444066,627.5847535206852,522.8517000037019,443.33915250910275,235.24368637887773,403.34908422040667,313.6476515996,0.0,0.0,0.0,0.0,0.0,0.0,0.0,0.0,0.0,0.0,0.0,0.0,0.0,0.0,0.0,248.25017880706443,265.0029916332147,237.21561834130137,305.86010971051104,450.82158533062596,449.6354112529371,388.561384561139,298.491613647149,0.0,1057.33306073728,774.0121751966997,428.5317099826017,923.1825266272346,1677.6552274686994,1314.8271508836901,981.6529152504826,838.580644672095,1178.6592817406042,1227.3462228755534,1043.9966578936564,755.0281427833056,1331.3174388875623,1206.8646567267845,809.7366909597808,1172.2559631105762,1350.621359389587,1090.3718758256066,819.3387491594142,617.6635208271566,996.7306568088571,692.2707797044353,0.0,0.0,0.0,0.0,0.0,0.0,0.0,0.0,0.0,0.0,0.0,0.0
October,9,0.0,0.0,0.0,0.0,0.0,0.0,0.0,0.0,0.0,0.0,0.0,0.0,0.0,0.0,0.0,0.0,0.0,0.0,0.0,0.0,0.0,0.0,0.0,0.0,0.0,0.0,0.0,333.69148747521007,373.31390936963345,231.8864372209225,297.5544865651161,613.5388210917052,606.039705051731,462.47299886304086,375.8799737372698,300.5537742149103,413.01270584278177,323.17088020306403,0.0,0.0,0.0,0.0,0.0,0.0,0.0,0.0,0.0,0.0,0.0,0.0,0.0,0.0,0.0,224.07090905021127,245.642940667652,211.60486403890394,349.66610937519096,340.57432824838344,498.92643445735325,507.6120018159461,292.86240744199864,0.0,802.5486332998609,728.7481680024565,277.96998446427637,895.3522731896677,1390.2954830757033,1590.9033501180063,962.5117319823415,916.6841508072555,1003.4150497318674,1267.5622666098523,979.8574216047383,851.0311757819404,1059.8834079196015,1154.9081713961234,1175.8030613839214,893.07542245626,1450.8053740337884,1253.240419968536,1078.8780710446163,555.4706130176907,974.9286814162032,712.9446295354171,0.0,0.0,0.0,0.0,0.0,0.0,0.0,0.0,0.0,0.0,0.0,0.0
October,10,0.0,0.0,0.0,0.0,0.0,0.0,0.0,0.0,0.0,0.0,0.0,0.0,0.0,0.0,0.0,0.0,0.0,0.0,0.0,0.0,0.0,0.0,0.0,0.0,0.0,0.0,0.0,366.92081153553926,258.18844101155196,268.2011766270951,287.0367729301284,621.7532331577605,641.1905008202394,600.1185791089307,348.6314090909885,295.74892497910093,362.01368638338386,351.20994267366945,0.0,0.0,0.0,0.0,0.0,0.0,0.0,0.0,0.0,0.0,0.0,0.0,0.0,0.0,0.0,191.2343508625805,146.0899123301577,226.06969391939236,483.9390513480542,361.85058785464605,395.78570426711815,401.9460155165606,486.8992894381128,0.0,631.31238826204,370.29075291815957,551.0781698620766,1159.3210929221354,1374.9418160995265,1036.2312462708721,1170.9477585792956,1199.607462382695,1129.7476875643572,873.011448618638,1233.3242601273164,1181.886108303864,1182.65077445836,986.1099223363511,956.4524001513084,1001.7225393701415,1281.9201590097796,1400.961205243217,1039.1032908210227,724.8426840757261,953.03181495649,646.5766055011279,0.0,0.0,0.0,0.0,0.0,0.0,0.0,0.0,0.0,0.0,0.0,0.0
October,11,0.0,0.0,0.0,0.0,0.0,0.0,0.0,0.0,0.0,0.0,0.0,0.0,0.0,0.0,0.0,0.0,0.0,0.0,0.0,0.0,0.0,0.0,0.0,0.0,0.0,0.0,0.0,373.67938356972235,369.20928674914865,172.79750523093563,296.2647629696821,667.5863469478998,594.5981094039283,528.395861645546,391.0215567649662,324.82462660010174,305.9710111446567,302.902372892064,0.0,0.0,0.0,0.0,0.0,0.0,0.0,0.0,0.0,0.0,0.0,0.0,0.0,0.0,0.0,182.7787599743577,265.04647001919705,238.055682293521,358.6023330767573,391.2556522759906,499.55453775658333,385.1809251659653,321.19739866902415,0.0,876.050992204919,678.4604672405547,466.97723075109747,612.6819161863017,1607.8773986557148,1373.4479538142484,1204.1496338634934,979.4239445357518,1143.7853638488311,969.3797211539495,1287.7934675810961,1059.7952572606794,946.6353916144047,947.546392289642,1238.1508002518376,1157.615728632168,1083.1875752609305,992.7910076252452,1006.1339685817727,1108.9522935341226,813.8908687393433,698.9830492089721,0.0,0.0,0.0,0.0,0.0,0.0,0.0,0.0,0.0,0.0,0.0,0.0
October,12,0.0,0.0,0.0,0.0,0.0,0.0,0.0,0.0,0.0,0.0,0.0,0.0,0.0,0.0,0.0,0.0,0.0,0.0,0.0,0.0,0.0,0.0,0.0,0.0,0.0,0.0,0.0,263.7490854117783,273.9667659045555,170.44015901346668,261.01834621308575,680.4425555802551,505.5188787831893,447.7245053741845,396.8323449197435,394.3022505375262,413.4521675365704,278.4894145967308,0.0,0.0,0.0,0.0,0.0,0.0,0.0,0.0,0.0,0.0,0.0,0.0,0.0,0.0,0.0,197.28613934573693,347.80930652436496,190.76057863693578,363.276272791723,348.8575365415323,491.1570102143445,425.24004971618916,302.23453445343614,0.0,755.7759671733648,923.1178820852215,308.0940212538598,1044.869657005457,1768.2110815464875,1312.5786526105433,784.9017815986928,997.975718137186,1507.9197557484904,1191.1031554944755,1040.2116960039739,741.7122608240809,1301.7176369139247,1119.569375439657,1277.2625347443593,912.0993004587667,1176.0287294218326,1240.920382098159,1197.3018778333937,691.3329985470522,765.8439926809476,613.9930173760181,0.0,0.0,0.0,0.0,0.0,0.0,0.0,0.0,0.0,0.0,0.0,0.0
October,13,0.0,0.0,0.0,0.0,0.0,0.0,0.0,0.0,0.0,0.0,0.0,0.0,0.0,0.0,0.0,0.0,0.0,0.0,0.0,0.0,0.0,0.0,0.0,0.0,0.0,0.0,0.0,273.627070152417,193.69835838373393,96.45606662454026,422.5783695430545,606.2535863755894,552.2695671823755,442.7635417235363,514.4140427661092,218.60593657390558,420.86286403689587,369.66137964775334,0.0,0.0,0.0,0.0,0.0,0.0,0.0,0.0,0.0,0.0,0.0,0.0,0.0,0.0,0.0,265.2009385100392,254.2998089356398,233.35918004446225,405.9792927104676,408.9444849870288,463.5186406345468,413.104205429261,364.0185548004698,0.0,757.0928467225938,683.0743189584354,495.19496755112965,805.3915190744823,1725.31096326188,1303.75021127291,1059.269943699891,910.901051274024,1061.4057291584145,1062.6885712933858,1171.7918016309593,1176.6785439046828,1092.688649086399,1275.287397459607,1030.2450007689972,1157.2974471045718,1033.775110359971,1183.7320996991768,1318.7664554152727,768.4191032707089,627.2341154732271,607.949039053547,0.0,0.0,0.0,0.0,0.0,0.0,0.0,0.0,0.0,0.0,0.0,0.0
October,14,0.0,0.0,0.0,0.0,0.0,0.0,0.0,0.0,0.0,0.0,0.0,0.0,0.0,0.0,0.0,0.0,0.0,0.0,0.0,0.0,0.0,0.0,0.0,0.0,0.0,0.0,0.0,391.930339094346,220.16755382427644,112.00075834852775,322.5781404980158,766.094225640701,587.1854314491185,299.99646200069077,395.9062002835252,294.9207700706143,441.8177365979498,264.79293135101113,0.0,0.0,0.0,0.0,0.0,0.0,0.0,0.0,0.0,0.0,0.0,0.0,0.0,0.0,0.0,183.65085451321528,354.34040734980067,217.55526584284345,317.44204836651585,505.58246894584397,408.81431339278066,461.1916215342702,296.9720771769203,0.0,789.421551743321,623.3606362604316,540.3696155968369,1006.1207264194157,1546.9734756157889,1148.659316013118,1123.1147641011396,1170.4020654807011,1284.0016088301827,987.596862892421,945.5292940484021,1059.8043011755378,1310.6349273283968,998.4857595370361,1057.452597511895,1230.4273655333484,1183.1354805215242,1184.0459496465153,1023.2360090776024,625.3418713958748,928.8520726415343,754.3853158384808,0.0,0.0,0.0,0.0,0.0,0.0,0.0,0.0,0.0,0.0,0.0,0.0
October,15,0.0,0.0,0.0,0.0,0.0,0.0,0.0,0.0,0.0,0.0,0.0,0.0,0.0,0.0,0.0,0.0,0.0,0.0,0.0,0.0,0.0,0.0,0.0,0.0,0.0,0.0,0.0,434.63647726604614,173.15996797107184,131.39964857350952,376.6175266911485,648.6777475263056,637.0678235095073,379.45378626138023,394.98608199148896,340.44185739660776,292.387107579033,399.17394450470215,0.0,0.0,0.0,0.0,0.0,0.0,0.0,0.0,0.0,0.0,0.0,0.0,0.0,0.0,0.0,286.04181443169534,195.0804422263571,190.21768454588366,381.00723661002087,620.1908954247484,348.23956520387947,419.4933968741083,331.63057569966,0.0,698.0829514506539,715.9423083171076,461.1839791693957,951.5968607925737,1702.7066674021455,1183.9301495156135,982.4930834525419,1235.4834313411404,1270.6067237598613,1047.2778741121047,1043.9181515658734,1060.6863381318087,1119.0450387182648,1044.5888935489688,1306.8933837253674,1022.6566850880835,1073.9701067957735,1112.501246876612,1079.9835645440892,767.0067705839675,859.0274835301817,660.5849345258895,0.0,0.0,0.0,0.0,0.0,0.0,0.0,0.0,0.0,0.0,0.0,0.0
October,16,0.0,0.0,0.0,0.0,0.0,0.0,0.0,0.0,0.0,0.0,0.0,0.0,0.0,0.0,0.0,0.0,0.0,0.0,0.0,0.0,0.0,0.0,0.0,0.0,0.0,0.0,0.0,402.6279609275504,270.9986831590094,223.0327614698237,238.5957701125102,803.925946562178,505.44960070787755,510.15663934149325,358.08970006623457,307.2234234750965,340.5385718597312,434.41360765413,0.0,0.0,0.0,0.0,0.0,0.0,0.0,0.0,0.0,0.0,0.0,0.0,0.0,0.0,0.0,169.20188127647342,178.30566885662037,259.24944211918785,396.4762911530018,450.0191760069239,356.6980002817272,459.6019050115805,388.6413802648691,0.0,648.1899472955926,575.1600851420607,269.543856931404,1008.6583230756573,1500.3321517823401,1299.4152100752574,818.1410654585364,1190.5168950411123,972.8590532380616,1189.6335046208983,1052.156240146076,1114.6696652372518,970.2080717687334,898.4311969993876,912.6572718356559,1106.821049029714,1239.6819225018896,947.5016413804098,1025.0338933364012,932.4303507636032,1073.636761655686,599.2923709084808,0.0,0.0,0.0,0.0,0.0,0.0,0.0,0.0,0.0,0.0,0.0,0.0
October,17,0.0,0.0,0.0,0.0,0.0,0.0,0.0,0.0,0.0,0.0,0.0,0.0,0.0,0.0,0.0,0.0,0.0,0.0,0.0,0.0,0.0,0.0,0.0,0.0,0.0,0.0,0.0,377.6822561491008,160.59452225776764,165.08889627634525,175.14742100540792,841.6495782137738,528.9394843304987,421.89688611466846,250.702623620129,335.49636296567354,290.3339621801658,378.38847998843966,0.0,0.0,0.0,0.0,0.0,0.0,0.0,0.0,0.0,0.0,0.0,0.0,0.0,0.0,0.0,242.7958435802901,299.0290648842261,315.40697196929256,295.8945757998186,507.6126368984289,416.93412784683983,541.7439774334086,256.83400725426014,0.0,772.1268440514307,424.9570274764032,535.521280519266,957.2067387461968,1751.6175830042982,1087.9945697717678,1002.3913977350129,1047.2310855936828,1351.9548620239586,946.7268589131313,1188.9354604640628,1124.4089842889077,1254.5635185801598,1191.4120121683734,908.1970010922277,1011.3747947206955,1137.999198128756,1131.8415205641911,1115.726263300545,767.3493217750378,1093.2184585464433,744.0946136118931,0.0,0.0,0.0,0.0,0.0,0.0,0.0,0.0,0.0,0.0,0.0,0.0
October,18,0.0,0.0,0.0,0.0,0.0,0.0,0.0,0.0,0.0,0.0,0.0,0.0,0.0,0.0,0.0,0.0,0.0,0.0,0.0,0.0,0.0,0.0,0.0,0.0,0.0,0.0,0.0,446.9036119789763,178.55731935898783,82.31496298260085,433.0841310878279,752.4446127280421,453.54020887975116,443.60584462511923,397.2108995930493,385.7575606819476,319.4143041854737,355.09189599176636,0.0,0.0,0.0,0.0,0.0,0.0,0.0,0.0,0.0,0.0,0.0,0.0,0.0,0.0,0.0,311.7807160495687,234.89194087902482,140.02776938541487,305.9327187662663,616.2153053188817,396.62332331136275,385.4506082260215,290.3773780192421,0.0,677.3750092122149,885.1075848619844,386.44361577607646,1150.217235698779,1400.1411420208594,1327.0758060303003,950.7445510499264,1230.1380556073734,1104.2270829087925,1219.9942724185823,1039.064096564539,883.6512581338694,1170.9839854774682,1466.3445446093353,1047.7034820973963,895.9174920952896,1219.5810080670196,1396.0567903707993,1122.4801365296523,611.2809358388296,923.0796647841637,450.64663319415564,0.0,0.0,0.0,0.0,0.0,0.0,0.0,0.0,0.0,0.0,0.0,0.0
October,19,0.0,0.0,0.0,0.0,0.0,0.0,0.0,0.0,0.0,0.0,0.0,0.0,0.0,0.0,0.0,0.0,0.0,0.0,0.0,0.0,0.0,0.0,0.0,0.0,0.0,0.0,0.0,340.85711384334803,303.1524916232948,195.8627659398322,210.49680700473127,702.3373986301054,545.1308475962808,555.3429327610294,316.5306648825869,389.55953627361873,341.8292726043023,303.61318039290444,0.0,0.0,0.0,0.0,0.0,0.0,0.0,0.0,0.0,0.0,0.0,0.0,0.0,0.0,0.0,266.0827046334581,236.45163823161963,303.2928424894517,341.5220030071138,444.9830711567225,432.9041074967421,421.69840502553376,323.3903103347254,0.0,762.4865281864957,911.3745776287556,315.7913682405772,941.6838564657417,1486.416006020034,1407.618038500312,781.4438242913551,1220.7868674660838,1102.3920793420114,1223.8626914237234,938.8666081864695,1305.150644356404,1221.5780057764396,1057.9694099770147,1102.3173689450255,1130.8201558970275,1074.3346634252373,1473.452970130014,984.974906042119,849.0871044818571,780.1792693646476,507.858153435145,0.0,0.0,0.0,0.0,0.0,0.0,0.0,0.0,0.0,0.0,0.0,0.0
