date,0,1,2,3,4,5,6,7,8,9,10,11,12,13,14,15,16,17,18,19,20,21,22,23,24,25,26,27,28,29,30,31,32,33,34,35,36,37,38,39,40,41,42,43,44,45,46,47,48,49,50,51,52,53,54,55,56,57,58,59,60,61,62,63,64,65,66,67,68,69,70,71,72,73,74,75,76,77,78,79,80,81,82,83,84,85,86,87,88,89,90,91,92,93,94,95
2024-11-30,0.0,0.0,0.0,0.0,0.0,0.0,0.0,0.0,0.0,0.0,0.0,0.0,0.0,0.0,0.0,0.0,0.0,0.0,0.0,0.0,0.0,0.0,0.0,0.0,0.0,0.0,0.0,0.0,0.0,0.0,0.0,0.0,0.0,0.0,0.0,0.0,0.0,0.0,0.0,0.0,0.0,0.0,0.0,0.0,0.0,0.0,0.0,0.0,0.0,0.0,0.0,0.0,0.0,0.0,0.0,0.0,0.0,0.0,0.0,2.0,0.0,0.0,0.0,0.0,0.0,0.0,0.0,0.0,0.0,0.0,0.0,0.0,0.0,0.0,0.0,0.0,14.0,14.0,14.0,14.0,12.0,10.0,10.0,10.0,14.0,14.0,14.0,14.0,14.0,14.0,10.0,18.0,4.0,4.0,4.0,4.0
2024-12-01,4.0,4.0,4.0,4.0,4.0,4.0,4.0,4.0,4.0,4.0,4.0,4.0,2.0,2.0,0.0,0.0,0.0,0.0,0.0,10.0,16.0,16.0,16.0,16.0,16.0,14.0,14.0,14.0,7.0,0.0,0.0,0.0,2.0,1.0,0.0,0.0,0.0,0.0,0.0,0.0,0.0,0.0,0.0,0.0,0.0,0.0,0.0,0.0,0.0,0.0,0.0,0.0,0.0,0.0,0.0,0.0,0.0,0.0,0.0,0.0,0.0,0.0,0.0,0.0,0.0,0.0,0.0,0.0,2.0,2.0,2.0,2.0,2.0,2.0,4.0,10.0,18.0,18.0,18.0,14.0,18.0,18.0,14.0,14.0,14.0,14.0,14.0,14.0,16.0,16.0,16.0,16.0,16.0,16.0,16.0,16.0
2024-12-02,12.0,0.0,0.0,0.0,0.0,0.0,0.0,0.0,0.0,0.0,0.0,0.0,0.0,0.0,0.0,0.0,0.0,0.0,4.0,14.0,14.0,14.0,16.0,14.0,14.0,14.0,14.0,4.0,4.0,3.5,3.0,2.5,2.0,1.5,1.0,0.5,0.0,0.0,0.0,0.0,0.0,0.0,0.0,0.0,0.0,0.0,0.0,0.0,0.0,0.0,0.0,0.0,0.0,0.0,0.0,0.0,0.0,0.0,0.0,0.0,0.0,0.0,0.0,0.0,0.0,0.0,0.0,0.0,0.0,0.0,0.0,0.0,0.0,0.0,0.0,4.0,8.0,12.0,13.0,14.0,14.8,15.6,16.4,17.2,18.0,16.0,16.0,14.0,12.0,10.0,10.0,8.0,18.0,14.0,6.0,2.0
2024-12-04,4.0,2.0,0.0,0.0,0.0,0.0,0.0,0.0,0.0,0.0,0.0,0.0,0.0,0.0,0.0,0.0,0.0,0.0,0.0,4.0,12.0,10.0,10.0,10.0,10.0,10.0,10.0,2.0,2.0,2.0,0.0,0.0,0.0,0.0,0.0,0.0,0.0,0.0,0.0,0.0,0.0,0.0,0.0,0.0,0.0,0.0,0.0,0.0,0.0,2.0,2.0,2.0,2.0,2.0,2.0,2.0,2.0,0.0,0.0,0.0,0.0,0.0,0.0,0.0,0.0,0.0,0.0,0.0,0.0,0.0,0.0,0.0,0.0,0.0,0.0,0.0,2.0,10.0,10.0,10.0,10.0,10.0,10.0,10.0,10.0,10.0,10.0,10.0,4.0,8.0,8.0,8.0,10.0,6.0,6.0,6.0
2024-12-05,4.0,2.0,0.0,0.0,0.0,0.0,0.0,0.0,0.0,0.0,0.0,0.0,0.0,0.0,0.0,0.0,0.0,0.0,5.0,10.0,9.0,8.0,0.0,0.0,0.0,0.0,0.0,0.0,0.0,0.0,0.0,0.0,0.0,0.0,0.0,0.0,0.0,0.0,0.0,0.0,0.0,0.0,0.0,0.2222222222222222,0.4444444444444444,0.6666666666666666,0.8888888888888888,1.1111111111111112,1.3333333333333333,1.5555555555555554,1.7777777777777777,2.0,2.0,2.0,1.6666666666666667,1.3333333333333335,1.0,0.6666666666666667,0.3333333333333335,0.0,0.0,0.0,0.0,0.0,0.0,0.0,0.0,0.0,0.0,0.0,0.0,0.0,0.0,0.75,1.5,2.25,3.0,3.75,4.5,5.25,6.0,10.0,10.0,6.0,14.0,14.0,14.0,10.0,6.0,0.0,6.0,10.0,8.0,8.0,6.0,4.0
2024-12-06,2.0,0.0,0.0,0.0,0.0,0.0,0.0,0.0,0.0,0.0,0.0,0.0,0.0,0.0,0.0,0.0,0.0,0.0,0.0,0.0,4.0,12.0,22.0,22.0,22.0,20.0,10.0,2.0,2.0,0.0,0.0,0.0,0.0,0.0,0.0,0.0,2.0,2.0,2.0,2.0,0.0,0.0,0.0,0.0,0.0,0.6666666666666666,1.3333333333333333,2.0,2.0,2.0,2.0,0.0,0.0,0.0,0.0,0.0,0.0,0.0,0.0,0.0,0.0,0.0,0.0,0.0,0.0,0.0,0.0,0.0,0.0,0.0,0.0,0.0,0.0,0.8,1.6,2.4000000000000004,3.2,4.0,10.0,10.0,10.0,10.0,10.0,10.0,10.0,10.0,10.0,10.0,10.0,10.0,10.0,10.0,10.0,10.0,10.0,10.0
2024-12-07,10.0,10.0,10.0,10.0,10.0,2.0,0.0,0.0,0.0,0.0,0.0,0.0,0.0,0.0,0.0,0.0,0.0,0.0,0.0,0.0,0.0,0.0,0.0,0.0,0.0,0.0,0.0,4.0,4.0,4.0,4.0,2.0,0.0,0.0,0.0,0.0,0.0,0.0,0.0,0.0,0.0,0.0,0.0,0.0,0.0,0.0,0.0,0.0,0.0,0.0,0.0,0.0,0.0,0.0,0.0,0.0,0.0,0.0,0.0,0.0,0.0,0.0,0.0,0.0,0.0,0.0,0.0,0.0,0.0,0.0,0.0,0.0,0.0,0.0,0.0,0.0,6.0,10.0,10.0,10.0,10.0,10.0,10.0,12.0,10.0,10.0,10.0,10.0,10.0,10.0,10.0,10.0,10.0,4.0,0.0,0.0
2024-12-08,0.0,0.0,2.0,2.0,2.0,2.0,2.0,2.0,2.0,2.0,2.0,0.0,0.0,0.0,0.0,0.0,0.0,0.0,0.0,0.0,0.0,0.0,6.0,10.0,5.0,0.0,0.0,0.0,0.0,0.0,0.0,0.0,0.0,0.0,0.0,0.0,0.0,2.0,2.0,2.0,2.0,2.0,2.0,1.0,0.0,0.0,0.0,0.0,0.0,0.0,0.0,0.0,0.0,0.0,0.0,0.0,2.0,0.0,0.0,2.0,2.0,2.0,2.0,2.0,0.0,0.0,0.0,0.0,0.0,0.0,0.0,0.0,0.0,0.0,0.0,0.0,0.0,8.0,10.0,10.0,10.0,10.0,10.0,10.0,14.0,14.0,14.0,14.0,14.0,14.0,14.0,12.0,2.0,0.0,0.0,0.0
2024-12-09,0.0,0.0,0.0,0.0,0.0,0.0,0.0,0.0,0.0,0.0,0.0,0.0,0.0,0.0,0.0,0.0,4.0,16.0,16.0,16.0,18.0,18.0,16.0,14.0,14.0,14.0,12.0,4.0,4.0,4.0,0.0,0.0,0.0,0.0,0.0,0.0,0.0,0.0,0.0,0.0,0.0,0.0,0.0,0.0,0.0,0.0,0.0,0.0,0.0,0.0,0.0,0.0,0.0,0.0,0.0,0.0,0.0,0.0,0.0,0.0,2.0,2.0,0.0,0.0,0.0,0.0,0.0,0.0,0.0,0.0,0.0,0.0,0.0,0.0,0.0,0.0,0.0,0.0,0.0,10.0,10.0,10.0,10.0,10.0,10.0,10.0,10.0,10.0,10.0,10.0,10.0,6.0,2.0,2.0,2.0,2.0
2024-12-10,2.0,2.0,2.0,0.0,0.0,0.0,0.0,0.0,0.0,0.0,0.0,0.0,0.0,0.0,0.0,0.0,0.0,0.0,0.0,0.0,0.0,6.0,10.0,10.0,10.0,8.0,2.0,0.0,0.0,0.0,0.0,0.0,0.0,0.0,0.0,0.0,0.0,6.0,10.0,10.0,10.0,10.0,10.0,8.0,6.0,4.0,2.0,2.0,0.0,0.0,0.0,0.0,0.0,0.0,0.0,0.0,0.0,0.0,0.0,0.0,0.0,0.0,0.0,0.0,0.0,0.0,0.0,0.0,0.0,0.0,0.0,0.0,0.0,0.0,0.0,0.0,0.0,2.0,8.0,10.0,10.0,10.0,10.0,10.0,10.0,10.0,10.0,10.0,10.0,12.0,22.0,12.0,8.0,4.0,2.0,0.0
2024-12-11,0.0,0.0,0.0,0.0,0.0,0.0,0.0,0.0,0.0,0.0,0.0,0.0,0.0,0.0,0.0,0.0,0.0,0.0,0.0,0.0,0.0,6.0,10.0,10.0,8.0,10.0,0.0,0.0,0.0,0.0,0.0,0.0,0.0,0.0,0.0,0.0,0.0,0.0,0.0,0.0,0.0,0.0,0.0,0.0,0.0,0.0,0.0,0.0,0.0,0.0,0.0,0.0,0.0,0.0,0.0,2.0,2.0,2.0,2.0,2.0,6.0,10.0,10.0,8.0,6.0,2.0,2.0,0.0,0.0,0.0,0.0,0.0,2.0,0.0,6.0,6.0,8.0,12.0,12.0,12.0,12.0,12.0,12.0,12.0,10.0,12.0,14.0,14.0,4.0,2.0,2.0,2.0,0.0,0.0,0.0,0.0
2024-12-12,0.0,0.0,0.0,0.0,0.0,0.0,0.0,0.0,0.0,0.0,0.0,0.0,0.0,0.0,0.0,0.0,0.0,0.0,0.0,0.0,6.0,0.0,0.0,0.0,0.0,0.0,0.0,0.0,0.0,2.0,2.0,2.0,0.0,0.0,0.0,0.0,0.0,0.0,0.0,0.0,0.0,0.0,0.0,0.0,0.0,0.0,0.0,0.0,0.0,0.0,0.0,0.0,0.0,0.0,0.0,0.0,0.0,0.0,0.0,0.0,0.0,0.0,0.0,0.0,0.0,0.0,0.0,0.0,0.0,0.0,0.0,0.0,0.0,0.0,2.0,2.0,0.0,0.0,0.0,0.0,0.0,0.0,0.0,0.0,6.0,10.0,10.0,10.0,10.0,10.0,10.0,10.0,8.0,4.0,2.0,2.0
2024-12-13,0.0,0.0,0.0,0.0,0.0,0.0,0.0,0.0,0.0,0.0,0.0,0.0,0.0,0.0,0.0,0.0,0.0,0.0,0.0,0.0,4.0,0.0,10.0,10.0,10.0,12.0,12.0,0.0,0.0,0.0,0.0,0.0,0.0,0.0,0.0,0.0,0.0,0.0,0.0,0.0,0.0,0.0,0.0,0.0,0.0,0.0,0.0,0.0,0.0,0.0,0.0,0.0,0.0,0.0,0.0,0.0,0.0,0.0,0.0,2.0,2.0,2.0,2.0,0.0,0.0,0.0,0.0,0.0,0.0,0.0,0.0,0.0,0.0,0.0,0.0,10.0,10.0,10.0,10.0,10.0,10.0,10.0,10.0,10.0,10.0,10.0,10.0,10.0,10.0,10.0,10.0,10.0,10.0,2.0,0.0,2.0
2024-12-14,2.0,2.0,2.0,2.0,2.0,2.0,2.0,2.0,0.0,0.0,0.0,0.0,0.0,0.0,0.0,0.0,0.0,0.0,0.0,0.0,2.0,14.0,14.0,14.0,14.0,16.0,16.0,14.0,6.0,0.0,0.0,0.0,0.0,0.0,0.0,0.0,0.0,0.0,0.0,0.0,0.0,0.0,0.0,0.0,0.0,0.0,0.0,0.0,0.0,0.0,0.0,0.0,0.0,0.0,0.0,0.0,0.0,0.0,0.0,0.0,0.0,0.0,0.0,0.0,0.0,2.0,2.0,2.0,2.0,2.0,2.0,2.0,0.0,0.0,0.0,2.0,10.0,10.0,10.0,10.0,10.0,10.0,10.0,10.0,14.0,14.0,14.0,14.0,14.0,14.0,0.0,0.0,0.0,0.0,0.0,0.0
2024-12-15,0.0,0.0,0.0,0.0,0.0,0.0,0.0,0.0,0.0,0.0,0.0,0.0,0.0,0.0,0.0,0.0,0.0,0.0,0.0,0.0,0.0,4.0,4.0,4.0,4.0,4.0,4.0,4.0,0.0,0.0,0.0,0.0,0.0,0.0,0.0,0.0,0.0,0.0,0.0,0.0,0.0,0.0,0.0,0.0,0.0,0.0,0.0,0.0,2.0,2.0,0.0,0.0,0.0,0.0,0.0,0.0,0.0,0.0,0.0,0.0,0.0,0.0,0.0,0.0,0.0,0.0,0.0,0.0,0.0,0.0,0.0,0.0,0.0,0.0,0.0,0.0,8.0,10.0,10.0,10.0,10.0,10.0,10.0,10.0,10.0,10.0,10.0,10.0,10.0,10.0,10.0,10.0,10.0,10.0,8.0,2.0
2024-12-16,2.0,2.0,2.0,2.0,2.0,2.0,2.0,0.0,0.0,0.0,0.0,0.0,0.0,0.0,0.0,0.0,0.0,0.0,0.0,0.0,0.0,0.0,0.0,0.0,8.0,10.0,10.0,10.0,0.0,0.0,0.0,0.0,0.0,0.0,0.0,0.0,0.0,0.0,0.0,0.0,0.0,0.0,0.0,0.0,0.0,0.0,0.0,0.0,0.0,0.0,0.0,0.0,0.0,0.0,0.0,0.0,0.0,0.0,0.0,0.0,0.0,0.0,0.0,0.0,0.0,0.0,0.0,0.0,0.0,0.0,0.0,0.0,0.0,0.0,0.0,0.0,0.0,10.0,10.0,10.0,10.0,10.0,10.0,10.0,10.0,10.0,12.0,10.0,10.0,10.0,14.0,6.0,10.0,10.0,8.0,8.0
2024-12-17,6.0,4.0,2.0,0.0,0.0,0.0,0.0,0.0,0.0,0.0,0.0,0.0,0.0,0.0,0.0,0.0,0.0,0.0,0.0,2.0,14.0,6.0,4.0,4.0,4.0,4.0,6.0,6.0,2.0,2.0,2.0,2.0,2.0,2.0,0.0,0.0,0.0,0.0,0.0,0.0,0.0,0.0,0.0,0.0,0.0,0.0,0.0,0.0,0.0,0.0,0.0,0.0,0.0,0.0,0.0,0.0,0.0,0.0,0.0,0.0,0.0,0.0,0.0,0.0,0.0,0.0,0.0,0.0,0.0,0.0,0.0,0.0,0.0,0.0,0.0,0.0,5.0,10.0,10.0,10.0,10.0,10.0,10.0,10.0,10.0,2.0,10.0,8.0,6.0,8.0,8.0,6.0,4.0,2.0,0.0,0.0
2024-12-18,0.0,0.0,0.0,0.0,0.0,0.0,0.0,0.0,0.0,0.0,0.0,0.0,0.0,0.0,0.0,0.0,4.0,0.0,0.0,0.0,0.0,0.0,0.0,0.0,0.0,0.0,8.0,12.0,0.0,0.0,0.0,0.0,0.0,0.0,0.0,0.0,0.0,0.0,0.0,0.0,0.0,0.0,0.0,0.0,0.0,0.0,0.0,0.0,0.0,0.0,0.0,0.0,0.0,0.0,0.0,0.0,0.0,0.0,0.0,0.0,0.0,0.0,0.0,0.0,0.0,0.0,0.0,0.0,0.0,0.0,0.0,0.0,0.0,0.0,2.0,4.0,12.0,12.0,12.0,10.0,10.0,10.0,10.0,10.0,10.0,10.0,10.0,12.0,12.0,12.0,12.0,12.0,10.0,10.0,10.0,10.0
2024-12-19,10.0,10.0,10.0,8.0,6.0,4.0,2.0,0.0,0.0,0.0,0.0,0.0,0.0,0.0,0.0,0.0,0.0,0.0,0.0,0.0,0.0,6.0,16.0,16.0,16.0,10.0,0.0,2.0,0.0,0.0,0.0,0.0,0.0,0.0,2.0,2.0,2.0,4.0,4.0,4.0,4.0,4.0,4.0,4.0,4.0,4.0,2.0,2.0,2.0,2.0,2.0,0.0,0.0,0.0,0.0,0.0,0.0,0.0,0.0,0.0,0.0,0.0,0.0,0.0,0.0,0.0,0.0,0.0,0.0,0.0,0.0,0.0,0.0,0.0,0.0,2.0,6.0,16.0,16.0,16.0,16.0,16.0,16.0,16.0,12.0,6.0,6.0,6.0,6.0,6.0,12.0,2.0,0.0,0.0,2.0,2.0
2024-12-20,0.0,0.0,0.0,0.0,0.0,0.0,0.0,0.0,0.0,0.0,0.0,0.0,0.0,0.0,0.0,0.0,0.0,0.0,0.0,0.0,0.0,0.0,0.0,0.0,0.0,8.0,4.0,4.0,0.0,0.0,0.0,0.0,0.0,0.0,0.0,0.0,0.0,0.0,0.0,0.0,0.0,0.0,0.0,0.0,0.0,0.0,2.0,2.0,2.0,0.0,0.0,0.0,0.0,0.0,0.0,0.0,0.0,0.0,0.0,0.0,0.0,0.0,0.0,0.0,0.0,0.0,0.0,0.0,0.0,0.0,0.0,0.0,0.0,0.0,2.0,0.0,10.0,10.0,10.0,10.0,10.0,10.0,10.0,12.0,14.0,14.0,12.0,12.0,12.0,10.0,10.0,10.0,10.0,10.0,2.0,0.0
2024-12-21,0.0,0.0,0.0,0.0,0.0,0.0,0.0,0.0,0.0,0.0,0.0,0.0,0.0,0.0,0.0,0.0,0.0,0.0,0.0,0.0,2.0,14.0,6.0,16.0,16.0,14.0,10.0,10.0,6.0,0.0,0.0,0.0,0.0,0.0,0.0,0.0,0.0,0.0,0.0,0.0,0.0,0.0,0.0,0.0,0.0,0.0,0.0,0.0,0.0,0.0,0.0,0.0,0.0,0.0,0.0,0.0,0.0,0.0,0.0,0.0,0.0,0.0,0.0,0.0,0.0,0.0,0.0,0.0,0.0,0.0,0.0,0.0,0.0,0.0,2.0,4.0,12.0,12.0,12.0,10.0,12.0,10.0,10.0,10.0,10.0,10.0,10.0,10.0,10.0,10.0,10.0,10.0,0.0,0.0,0.0,0.0
2024-12-22,0.0,0.0,0.0,0.0,0.0,0.0,0.0,0.0,0.0,0.0,0.0,0.0,0.0,0.0,0.0,0.0,0.0,0.0,0.0,0.0,0.0,0.0,0.0,0.0,0.0,0.0,0.0,0.0,0.0,0.0,0.0,0.0,2.0,2.0,0.0,2.0,2.0,0.0,0.0,0.0,0.0,0.0,0.0,0.0,0.0,0.0,0.0,0.0,0.0,0.0,0.0,0.0,0.0,0.0,0.0,0.0,0.0,0.0,0.0,0.0,0.0,0.0,0.0,0.0,0.0,0.0,0.0,0.0,0.0,0.0,0.0,0.0,0.0,0.0,0.0,0.0,0.0,0.0,0.0,8.0,12.0,12.0,12.0,12.0,2.0,0.0,0.0,0.0,0.0,0.0,0.0,0.0,0.0,0.0,0.0,0.0
2024-12-23,0.0,0.0,0.0,0.0,0.0,0.0,0.0,0.0,0.0,0.0,0.0,0.0,0.0,0.0,0.0,0.0,0.0,0.0,0.0,0.0,10.0,4.0,12.0,14.0,14.0,14.0,14.0,14.0,8.0,0.0,0.0,0.0,0.0,0.0,0.0,2.0,2.0,2.0,2.0,2.0,2.0,2.0,2.0,0.0,0.0,0.0,0.0,0.0,0.0,0.0,0.0,0.0,0.0,0.0,0.0,0.0,0.0,0.0,0.0,0.0,0.0,0.0,0.0,2.0,2.0,2.0,0.0,0.0,0.0,0.0,0.0,0.0,0.0,0.0,0.0,0.0,6.0,10.0,10.0,10.0,10.0,10.0,10.0,10.0,10.0,10.0,10.0,10.0,10.0,10.0,10.0,10.0,6.0,0.0,0.0,0.0
2024-12-24,0.0,0.0,0.0,0.0,0.0,0.0,0.0,0.0,0.0,0.0,0.0,0.0,0.0,0.0,0.0,0.0,0.0,0.0,0.0,0.0,0.0,0.0,0.0,8.0,10.0,10.0,10.0,10.0,10.0,10.0,4.0,0.0,0.0,0.0,0.0,0.0,0.0,0.0,0.0,0.0,0.0,0.0,0.0,0.0,0.0,0.0,0.0,0.0,0.0,0.0,0.0,0.0,0.0,0.0,0.0,0.0,0.0,0.0,0.0,0.0,2.0,2.0,2.0,2.0,2.0,2.0,2.0,2.0,2.0,2.0,2.0,2.0,2.0,2.0,2.0,8.0,10.0,10.0,10.0,10.0,10.0,10.0,10.0,10.0,10.0,10.0,10.0,10.0,10.0,10.0,10.0,10.0,10.0,10.0,10.0,10.0
2024-12-25,10.0,10.0,10.0,10.0,4.0,2.0,0.0,0.0,0.0,0.0,0.0,0.0,0.0,0.0,0.0,0.0,0.0,0.0,0.0,0.0,0.0,0.0,0.0,0.0,0.0,0.0,0.0,0.0,4.0,4.0,0.0,2.0,2.0,2.0,2.0,2.0,2.0,2.0,2.0,2.0,2.0,2.0,2.0,2.0,2.0,2.0,2.0,2.0,2.0,2.0,2.0,4.0,2.0,2.0,2.0,0.0,2.0,0.0,0.0,0.0,0.0,0.0,0.0,0.0,0.0,0.0,0.0,0.0,0.0,0.0,0.0,0.0,0.0,0.0,0.0,0.0,0.0,6.0,14.0,16.0,14.0,14.0,14.0,14.0,14.0,14.0,14.0,14.0,8.0,0.0,0.0,0.0,0.0,0.0,0.0,0.0
2024-12-26,0.0,0.0,0.0,0.0,0.0,0.0,0.0,0.0,0.0,0.0,0.0,0.0,0.0,0.0,0.0,0.0,0.0,0.0,0.0,0.0,0.0,0.0,0.0,0.0,2.0,8.0,10.0,12.0,12.0,12.0,14.0,8.0,0.0,0.0,0.0,0.0,0.0,0.0,0.0,0.0,0.0,0.0,0.0,0.0,0.0,0.0,2.0,0.0,0.0,0.0,0.0,0.0,0.0,0.0,0.0,0.0,0.0,0.0,0.0,0.0,0.0,0.0,0.0,0.0,0.0,0.0,0.0,0.0,0.0,0.0,0.0,0.0,0.0,0.0,0.0,6.0,14.0,16.0,16.0,16.0,14.0,14.0,14.0,14.0,14.0,14.0,14.0,14.0,14.0,14.0,14.0,14.0,10.0,0.0,0.0,0.0
2024-12-27,0.0,0.0,0.0,0.0,0.0,0.0,0.0,0.0,0.0,0.0,0.0,0.0,0.0,0.0,0.0,0.0,0.0,0.0,0.0,10.0,14.0,4.0,4.0,4.0,16.0,10.0,8.0,8.0,4.0,2.0,0.0,0.0,0.0,0.0,0.0,0.0,0.0,0.0,0.0,0.0,0.0,0.0,0.0,0.0,0.0,0.0,0.0,0.0,0.0,2.0,2.0,2.0,2.0,2.0,2.0,0.0,0.0,0.0,0.0,0.0,0.0,0.0,0.0,0.0,0.0,0.0,0.0,0.0,0.0,0.0,0.0,0.0,0.0,0.0,0.0,0.0,8.0,12.0,16.0,14.0,12.0,14.0,14.0,14.0,12.0,12.0,12.0,10.0,10.0,10.0,10.0,10.0,10.0,10.0,2.0,2.0
2024-12-28,2.0,2.0,2.0,2.0,2.0,2.0,0.0,0.0,0.0,0.0,0.0,0.0,0.0,0.0,0.0,0.0,0.0,0.0,0.0,0.0,0.0,0.0,2.0,8.0,9.0,10.0,10.0,10.0,2.0,2.0,2.0,2.0,2.0,2.0,2.0,2.0,2.0,2.0,2.0,2.0,2.0,2.0,2.0,0.0,0.0,0.0,2.0,2.0,2.0,2.0,2.0,2.0,2.0,0.0,0.0,0.0,0.0,0.0,0.0,0.0,0.0,0.0,0.0,2.0,2.0,2.0,2.0,2.0,2.0,0.0,0.0,0.0,0.0,0.0,0.0,0.0,6.0,14.0,14.0,14.0,14.0,14.0,14.0,12.0,10.0,10.0,10.0,6.0,0.0,0.0,0.0,0.0,0.0,0.0,0.0,0.0
2024-12-29,0.0,0.0,0.0,0.0,0.0,0.0,0.0,0.0,0.0,0.0,0.0,0.0,0.0,0.0,0.0,0.0,0.0,0.0,0.0,0.0,12.0,4.0,4.0,4.0,4.0,4.0,4.0,4.0,0.0,0.0,0.0,0.0,0.0,0.0,0.0,0.0,0.0,0.0,2.0,2.0,2.0,2.0,0.0,0.0,0.0,0.0,0.0,0.0,0.0,0.0,0.0,0.0,0.0,0.0,0.0,0.0,0.0,0.0,0.0,0.0,0.0,0.0,0.0,0.0,0.0,0.0,0.0,0.0,0.0,0.0,0.0,0.0,0.0,0.0,2.0,4.0,12.0,10.0,10.0,10.0,10.0,10.0,10.0,10.0,10.0,10.0,10.0,10.0,8.0,2.0,2.0,2.0,2.0,2.0,2.0,2.0
2024-12-30,2.0,2.0,0.0,0.0,0.0,0.0,0.0,0.0,0.0,0.0,0.0,0.0,0.0,0.0,0.0,0.0,0.0,0.0,0.0,0.0,0.0,0.0,0.0,10.0,14.0,0.0,0.0,0.0,0.0,0.0,0.0,0.0,0.0,0.0,0.0,0.0,0.0,0.0,0.0,0.0,0.0,0.0,0.0,0.0,0.0,0.0,0.0,0.0,0.0,0.0,0.0,0.0,0.0,0.0,0.0,0.0,0.0,0.0,0.0,0.0,0.0,0.0,0.0,0.0,0.0,0.0,0.0,0.0,0.0,0.0,0.0,0.0,0.0,0.0,0.0,0.0,10.0,10.0,10.0,10.0,10.0,10.0,10.0,10.0,10.0,10.0,10.0,10.0,10.0,10.0,10.0,10.0,8.0,0.0,0.0,0.0
2024-12-31,0.0,0.0,0.0,0.0,0.0,0.0,0.0,0.0,0.0,0.0,0.0,0.0,0.0,0.0,0.0,0.0,4.0,14.0,10.0,10.0,10.0,10.0,10.0,10.0,10.0,14.0,12.0,14.0,14.0,8.0,0.0,0.0,2.0,2.0,2.0,0.0,0.0,0.0,0.0,0.0,0.0,0.0,0.0,0.0,0.0,0.0,0.0,2.0,2.0,2.0,2.0,2.0,2.0,2.0,2.0,2.0,2.0,0.0,0.0,0.0,0.0,0.0,0.0,0.0,0.0,2.0,0.0,0.0,0.0,0.0,0.0,0.0,0.0,0.0,0.0,0.0,6.0,18.0,18.0,18.0,16.0,14.0,12.0,12.0,12.0,12.0,12.0,12.0,14.0,14.0,12.0,10.0,10.0,10.0,10.0,10.0
2025-01-01,10.0,10.0,10.0,10.0,10.0,10.0,10.0,10.0,10.0,10.0,10.0,10.0,10.0,10.0,10.0,10.0,10.0,10.0,10.0,10.0,10.0,10.0,10.0,10.0,10.0,10.0,10.333333333333334,10.666666666666666,11.0,11.333333333333334,11.666666666666668,12.0,12.333333333333332,12.666666666666666,13.0,13.333333333333332,13.666666666666666,14.0,8.0,0.0,0.0,0.0,2.0,2.0,2.0,2.0,2.0,2.0,2.0,2.0,2.0,2.0,0.0,0.0,0.0,0.0,2.0,2.0,0.0,0.0,2.0,2.0,2.0,2.0,2.0,2.0,2.0,2.0,0.0,0.0,8.0,10.0,10.0,10.0,10.0,10.0,10.0,10.0,10.0,10.0,10.0,10.0,10.0,14.0,12.0,10.0,10.0,10.0,10.0,6.0,4.0,4.0,4.0,4.0,4.0,4.0
2025-01-02,4.0,4.0,4.0,4.0,4.0,4.0,4.0,0.0,0.0,0.0,0.0,0.0,0.0,0.0,0.0,0.0,0.0,0.0,0.0,0.0,2.0,14.0,0.0,0.0,0.0,0.0,0.0,0.0,0.0,0.0,0.0,2.0,2.0,1.7142857142857144,1.4285714285714286,1.1428571428571428,0.8571428571428572,0.5714285714285716,0.2857142857142858,0.0,0.0,0.0,0.0,0.0,0.0,0.0,0.0,0.0,0.0,0.0,0.0,0.0,0.0,2.0,2.0,2.0,0.0,0.0,0.0,0.0,0.0,0.0,0.0,0.0,2.0,2.0,0.0,0.0,0.0,0.0,0.0,0.0,0.0,0.0,0.0,0.0,0.0,0.0,0.0,0.0,0.0,0.0,8.0,18.0,18.0,14.0,14.0,14.0,16.0,16.0,16.0,14.0,16.0,14.0,10.0,0.0
2025-01-03,0.0,0.0,0.0,0.0,0.0,0.0,0.0,0.0,0.0,0.0,0.0,0.0,0.0,0.0,0.0,0.0,0.0,0.0,0.0,0.0,0.0,0.0,0.0,0.0,14.0,14.0,6.0,4.0,4.0,2.0,0.0,1.3333333333333333,2.6666666666666665,4.0,5.333333333333333,6.666666666666666,8.0,9.333333333333332,10.666666666666666,12.0,0.0,0.0,2.0,2.0,2.0,2.0,2.0,2.0,2.0,2.0,0.0,0.0,0.0,0.0,0.0,0.0,0.0,0.0,0.0,0.0,0.0,0.0,0.0,0.0,0.0,0.0,0.0,0.0,0.0,0.0,0.0,0.0,0.0,0.0,0.0,0.0,2.0,12.0,14.0,14.0,14.0,14.0,16.0,14.0,10.0,10.0,10.0,10.0,10.0,10.0,10.0,9.0,8.0,0.0,0.0,0.0
2025-01-04,0.0,0.0,0.0,0.0,0.0,0.0,0.0,0.0,0.0,0.0,0.0,0.0,0.0,0.0,0.0,0.0,0.0,0.0,0.0,0.0,0.0,0.0,0.0,0.0,0.0,0.0,0.0,0.0,0.0,0.0,0.0,0.0,0.0,0.0,0.0,0.0,0.0,0.0,0.0,0.0,0.0,0.0,0.0,0.0,0.0,0.0,0.0,0.0,0.0,0.0,0.0,0.0,0.0,0.0,0.0,0.0,0.0,0.0,0.0,0.0,0.0,0.0,0.0,0.0,0.0,0.0,0.0,0.0,0.0,0.0,0.0,0.0,0.0,0.0,0.0,0.0,0.0,8.0,14.0,14.0,14.0,14.0,12.0,12.0,10.0,10.0,10.0,10.0,10.0,10.0,10.0,10.0,10.0,10.0,10.0,10.0
2025-01-06,6.0,2.0,2.0,0.0,0.0,0.0,0.0,0.0,0.0,0.0,0.0,0.0,0.0,0.0,0.0,0.0,0.0,0.0,0.0,0.0,0.0,2.0,4.0,4.0,4.0,4.0,4.0,4.0,4.0,0.0,0.0,0.0,0.0,0.0,0.0,0.0,0.0,0.0,0.0,0.0,0.0,0.0,0.0,0.0,0.0,0.0,0.0,0.0,0.0,0.0,0.0,0.0,0.0,0.0,0.0,0.0,2.0,2.0,2.0,2.0,2.0,2.0,2.0,2.0,2.0,0.0,0.0,0.0,0.0,0.0,0.0,0.0,0.0,0.0,0.0,0.0,2.0,4.0,4.0,0.0,2.0,4.0,4.0,4.0,4.0,10.0,10.0,10.0,10.0,4.0,8.0,10.0,6.0,10.0,8.0,6.0
2025-01-07,6.0,4.0,2.0,2.0,0.0,0.0,0.0,0.0,0.0,0.0,0.0,0.0,0.0,0.0,0.0,0.0,4.0,0.0,0.0,0.0,6.0,0.0,0.0,0.0,0.0,0.0,0.0,0.0,0.0,0.0,0.0,0.0,0.0,0.0,0.0,0.0,0.0,0.0,0.0,0.0,0.0,0.0,0.0,0.0,0.0,0.0,0.0,0.0,0.0,0.0,0.0,0.0,0.0,0.0,0.0,0.0,0.0,0.0,0.0,0.0,0.0,0.0,0.0,0.0,0.0,0.0,0.0,0.0,0.0,0.0,0.0,0.0,0.0,0.0,0.0,0.0,4.0,10.0,14.0,10.0,8.0,10.0,10.0,8.0,8.0,8.0,6.0,0.0,0.0,0.0,14.0,6.0,0.0,0.0,0.0,0.0
2025-01-08,0.0,0.0,0.0,0.0,0.0,0.0,0.0,0.0,0.0,0.0,0.0,0.0,0.0,0.0,0.0,0.0,0.0,0.0,0.0,8.0,0.0,0.0,0.0,0.0,0.0,0.0,0.0,0.0,0.0,0.0,0.0,0.0,0.0,0.0,0.0,0.0,0.0,0.0,0.0,0.0,0.0,0.0,0.0,0.0,0.0,0.0,0.0,2.0,0.0,0.0,0.0,0.0,0.0,0.0,0.0,0.0,0.0,0.0,0.0,0.0,0.0,0.0,0.0,0.0,0.0,0.0,0.0,0.0,0.0,0.0,0.0,0.0,0.0,0.0,0.0,0.0,4.0,12.0,12.0,12.0,12.0,12.0,12.0,12.0,12.0,12.0,12.0,12.0,10.0,10.0,6.0,0.0,0.0,0.0,0.0,0.0
2025-01-09,0.0,0.0,0.0,0.0,0.0,0.0,0.0,0.0,0.0,0.0,0.0,0.0,0.0,0.0,0.0,0.0,0.0,0.0,0.0,0.0,0.0,0.0,0.0,0.0,0.0,0.0,0.0,0.0,0.0,0.0,0.0,0.0,0.0,0.0,0.0,0.0,2.0,2.0,2.0,0.0,0.0,0.0,0.0,0.0,0.0,0.0,0.0,0.0,2.0,2.0,2.0,2.0,2.0,2.0,2.0,2.0,0.0,0.0,0.0,0.0,0.0,0.0,0.0,0.0,0.0,0.0,0.0,0.0,0.0,0.0,0.0,0.0,0.0,0.0,0.0,0.0,0.0,14.0,18.0,18.0,18.0,18.0,18.0,18.0,18.0,2.0,0.0,0.0,0.0,0.0,0.0,0.0,0.0,0.0,0.0,0.0
2025-01-10,0.0,0.0,0.0,0.0,0.0,0.0,0.0,0.0,0.0,0.0,0.0,0.0,0.0,0.0,0.0,0.0,0.0,0.0,0.0,0.0,0.0,0.0,0.0,0.0,0.0,0.0,0.0,0.0,0.0,2.0,2.0,2.0,0.0,0.0,0.0,0.0,0.0,0.0,0.0,0.0,0.0,0.0,0.0,0.0,0.0,0.0,0.0,0.0,0.0,0.0,0.0,0.0,0.0,0.0,0.0,0.0,0.0,2.0,2.0,2.0,2.0,0.0,0.0,0.0,0.0,0.0,0.0,2.0,2.0,2.0,2.0,2.0,2.0,0.0,0.0,0.0,8.0,10.0,10.0,10.0,10.0,10.0,10.0,10.0,12.0,12.0,12.0,12.0,12.0,12.0,12.0,10.0,10.0,6.0,2.0,0.0
2025-01-11,0.0,0.0,0.0,0.0,0.0,0.0,0.0,0.0,0.0,0.0,0.0,0.0,0.0,0.0,0.0,0.0,0.0,0.0,0.0,0.0,0.0,0.0,0.0,0.0,0.0,0.0,0.0,0.0,0.0,0.0,0.0,0.0,0.0,0.0,0.0,0.0,0.0,0.0,2.0,2.0,2.0,2.0,0.0,0.0,0.0,0.0,0.0,0.0,0.0,0.0,0.0,0.0,0.0,0.0,0.0,0.0,0.0,0.0,0.0,0.0,0.0,0.0,0.0,0.0,0.0,0.0,0.0,0.0,0.0,0.0,0.0,0.0,0.0,0.0,0.0,0.0,2.0,10.0,10.0,10.0,10.0,10.0,12.0,12.0,12.0,10.0,10.0,10.0,10.0,10.0,10.0,6.0,2.0,2.0,2.0,2.0
2025-01-12,2.0,2.0,2.0,0.0,0.0,0.0,0.0,0.0,0.0,0.0,0.0,0.0,0.0,0.0,2.0,2.0,2.0,0.0,0.0,0.0,0.0,0.0,0.0,0.0,8.0,12.0,12.0,4.0,0.0,0.0,0.0,0.0,0.0,0.0,0.0,0.0,0.0,0.0,0.0,0.0,0.0,0.0,0.0,0.0,0.0,0.0,0.0,0.0,0.0,0.0,0.0,0.0,0.0,0.0,0.0,0.0,0.0,0.0,0.0,0.0,0.0,0.0,0.0,0.0,0.0,0.0,0.0,0.0,0.0,0.0,0.0,0.0,0.0,0.0,0.0,0.0,2.0,8.0,10.0,10.0,10.0,10.0,10.0,10.0,10.0,10.0,10.0,10.0,12.0,10.0,10.0,2.0,0.0,0.0,0.0,0.0
2025-01-13,0.0,0.0,0.0,0.0,0.0,0.0,0.0,0.0,0.0,0.0,0.0,0.0,0.0,0.0,0.0,0.0,0.0,0.0,0.0,0.0,0.0,14.0,14.0,14.0,14.0,10.0,10.0,10.0,10.0,10.0,2.0,0.0,0.0,0.0,0.0,0.0,0.0,0.0,0.0,0.0,0.0,0.0,0.0,0.0,0.0,0.0,0.0,2.0,2.0,2.0,2.0,2.0,0.0,0.0,0.0,0.0,0.0,0.0,0.0,0.0,0.0,0.0,0.0,0.0,0.0,0.0,0.0,0.0,0.0,0.0,0.0,0.0,0.0,0.0,0.0,0.0,4.0,14.0,14.0,14.0,14.0,14.0,14.0,14.0,14.0,14.0,10.0,0.0,0.0,4.0,6.0,8.0,8.0,6.0,6.0,6.0
2025-01-14,8.0,8.0,8.0,6.0,2.0,2.0,0.0,0.0,0.0,0.0,0.0,0.0,0.0,0.0,0.0,0.0,0.0,0.0,0.0,0.0,0.0,6.0,12.0,10.0,10.0,10.0,8.0,8.0,10.0,10.0,0.0,0.0,0.0,0.0,0.0,0.0,0.0,0.0,0.0,0.0,0.0,0.0,0.0,0.0,0.0,0.0,0.0,0.0,0.0,0.0,0.0,0.0,0.0,0.0,0.0,0.0,0.0,0.0,0.0,0.0,0.0,0.0,0.0,0.0,0.0,0.0,0.0,0.0,0.0,0.0,0.0,0.0,0.0,0.0,0.0,0.0,0.0,8.0,10.0,12.0,14.0,14.0,12.0,0.0,0.0,0.0,0.0,0.0,0.0,0.0,0.0,0.0,2.0,0.0,0.0,0.0
2025-01-16,6.0,2.0,0.0,0.0,0.0,8.0,6.0,6.0,6.0,6.0,6.0,4.0,2.0,2.0,2.0,0.0,0.0,0.0,0.0,0.0,0.0,4.0,0.0,0.0,10.0,12.0,12.0,16.0,10.0,10.0,0.0,0.0,2.0,2.0,2.0,0.0,0.0,0.0,0.0,0.0,0.0,0.0,0.0,0.0,0.0,0.0,0.0,0.0,0.0,0.0,0.0,0.0,0.0,0.0,0.0,0.0,0.0,0.0,0.0,0.0,0.0,0.0,0.0,0.0,0.0,0.0,0.0,0.0,0.0,0.0,0.0,0.0,0.0,0.0,0.0,4.0,4.0,10.0,10.0,10.0,10.0,10.0,10.0,10.0,10.0,10.0,12.0,10.0,10.0,10.0,10.0,10.0,12.0,14.0,8.0,6.0
2025-01-17,6.0,6.0,6.0,6.0,6.0,6.0,8.0,8.0,6.0,6.0,2.0,2.0,0.0,0.0,0.0,0.0,0.0,0.0,0.0,0.0,2.0,0.0,0.0,0.0,0.0,0.0,2.0,10.0,2.0,2.0,0.0,0.0,0.0,0.0,0.0,0.0,0.0,0.0,0.0,0.0,0.0,0.0,0.0,0.0,0.0,0.0,0.0,0.0,0.0,0.0,0.0,0.0,0.0,0.0,0.0,0.0,0.0,0.0,0.0,0.0,0.0,0.0,0.0,0.0,0.0,0.0,2.0,2.0,2.0,0.0,0.0,8.0,6.0,6.0,6.0,8.0,8.0,22.0,22.0,18.0,14.0,14.0,14.0,14.0,14.0,14.0,4.0,0.0,0.0,0.0,0.0,0.0,0.0,0.0,0.0,0.0
2025-01-18,0.0,0.0,0.0,0.0,0.0,0.0,0.0,0.0,0.0,0.0,0.0,0.0,0.0,0.0,0.0,0.0,0.0,0.0,0.0,14.0,8.0,0.0,0.0,0.0,0.0,0.0,0.0,0.0,0.0,0.0,0.0,0.0,0.0,2.0,2.0,2.0,0.0,0.0,0.0,6.0,8.0,8.0,8.0,4.0,6.0,4.0,2.0,2.0,0.0,0.0,0.0,0.0,0.0,0.0,0.0,0.0,0.0,0.0,0.0,0.0,0.0,0.0,0.0,0.0,0.0,0.0,0.0,0.0,0.0,0.0,0.0,0.0,0.0,0.0,0.0,4.0,10.0,14.0,16.0,14.0,14.0,14.0,14.0,14.0,14.0,12.0,14.0,14.0,14.0,14.0,12.0,10.0,10.0,10.0,10.0,6.0
2025-01-19,0.0,0.0,0.0,0.0,0.0,0.0,0.0,0.0,0.0,0.0,0.0,0.0,0.0,0.0,0.0,0.0,0.0,0.0,0.0,0.0,0.0,0.0,0.0,0.0,0.0,2.0,2.0,0.0,0.0,0.0,0.0,0.0,0.0,0.0,0.0,0.0,0.0,0.0,0.0,0.0,0.0,0.0,0.0,2.0,0.0,0.0,0.0,4.0,4.0,4.0,2.0,2.0,4.0,2.0,2.0,2.0,2.0,2.0,2.0,2.0,0.0,0.0,0.0,0.0,0.0,0.0,0.0,0.0,0.0,0.0,0.0,0.0,0.0,0.0,0.0,2.0,10.0,22.0,21.0,20.0,18.0,20.0,14.0,10.0,10.0,10.0,14.0,16.0,16.0,16.0,16.0,12.0,4.0,0.0,0.0,0.0
2025-01-20,0.0,0.0,0.0,0.0,0.0,6.0,8.0,8.0,6.0,6.0,10.0,8.0,8.0,6.0,4.0,2.0,2.0,0.0,0.0,0.0,0.0,0.0,0.0,0.0,0.0,0.0,0.0,0.0,0.0,0.0,0.0,0.0,0.0,0.0,0.0,0.0,0.0,0.0,0.0,0.0,0.0,0.0,0.0,0.0,0.0,0.0,0.0,0.0,0.0,0.0,0.0,0.0,0.0,0.0,6.0,4.0,2.0,2.0,2.0,2.0,0.0,0.0,0.0,0.0,0.0,0.0,2.0,6.0,2.0,4.0,2.0,2.0,0.0,0.0,0.0,0.0,0.0,10.0,10.0,10.0,10.0,10.0,10.0,10.0,10.0,8.0,0.0,0.0,0.0,0.0,0.0,0.0,0.0,0.0,0.0,0.0
2025-01-21,0.0,0.0,2.0,0.0,0.0,0.0,0.0,0.0,0.0,0.0,0.0,0.0,0.0,0.0,0.0,0.0,0.0,0.0,0.0,0.0,4.0,8.0,8.0,8.0,8.0,10.0,8.0,6.0,0.0,0.0,0.0,0.0,0.0,0.0,2.0,6.0,6.0,2.0,0.0,0.0,0.0,0.0,0.0,0.0,0.0,0.0,0.0,0.0,0.0,0.0,0.0,0.0,0.0,0.0,0.0,0.0,0.0,0.0,0.0,0.0,0.0,2.0,2.0,2.0,2.0,0.0,0.0,0.0,0.0,0.0,0.0,0.0,0.0,0.0,0.0,2.0,2.0,4.0,10.0,10.0,10.0,10.0,10.0,10.0,0.0,0.0,0.0,0.0,0.0,0.0,0.0,0.0,0.0,0.0,0.0,0.0
2025-01-22,0.0,6.0,4.0,6.0,6.0,6.0,6.0,6.0,8.0,8.0,6.0,6.0,6.0,4.0,2.0,2.0,0.0,0.0,0.0,12.0,6.0,4.0,6.0,6.0,4.0,0.0,0.0,0.0,0.0,0.0,0.0,0.0,0.0,0.0,0.0,0.0,0.0,0.0,0.0,0.0,0.0,0.0,0.0,0.0,0.0,0.0,0.0,0.0,0.0,0.0,0.0,0.0,0.0,0.0,0.0,0.0,0.0,0.0,0.0,0.0,0.0,0.0,0.0,0.0,0.0,0.0,0.0,0.0,0.0,0.0,0.0,0.0,0.0,0.0,0.0,0.0,0.0,14.0,16.0,16.0,18.0,16.0,14.0,10.0,0.0,2.0,10.0,10.0,14.0,4.0,0.0,6.0,8.0,8.0,6.0,6.0
2025-01-23,8.0,7.0,6.0,2.0,2.0,0.0,0.0,0.0,0.0,0.0,0.0,0.0,0.0,0.0,0.0,0.0,0.0,0.0,0.0,1.0,2.0,0.0,0.0,0.0,0.0,2.0,8.0,4.0,4.0,4.0,4.0,2.0,0.0,0.0,0.0,0.0,0.0,0.0,0.0,0.0,0.0,0.0,0.0,0.0,0.0,0.0,0.0,0.0,0.0,0.0,0.0,0.0,0.0,0.0,0.0,0.0,0.0,0.0,0.0,0.0,0.0,0.0,0.0,0.0,0.0,0.0,0.0,0.0,0.0,0.0,0.0,0.0,0.0,0.0,2.0,4.0,4.0,14.0,16.0,16.0,16.0,6.0,4.0,4.0,4.0,12.0,12.0,12.0,12.0,10.0,4.0,2.0,0.0,0.0,6.0,8.0
2025-01-24,0.0,2.0,4.0,4.0,4.0,4.0,4.0,4.0,4.0,4.0,4.0,6.0,6.0,6.0,6.0,6.0,6.0,4.0,2.0,0.0,0.0,0.0,2.0,0.0,0.0,2.0,4.0,0.0,0.0,0.0,0.0,0.0,0.0,0.0,0.0,0.0,0.0,0.0,0.0,0.0,0.0,0.0,0.0,0.0,0.0,0.0,0.0,0.0,0.0,0.0,0.0,0.0,0.0,0.0,0.0,0.0,0.0,0.0,0.0,0.0,0.0,0.0,0.0,0.0,0.0,0.0,0.0,0.0,0.0,0.0,0.0,0.0,0.0,0.0,0.0,2.0,4.0,4.0,10.0,16.0,16.0,16.0,16.0,16.0,16.0,16.0,16.0,12.0,10.0,10.0,10.0,10.0,10.0,2.0,0.0,0.0
2025-01-25,0.0,0.0,0.0,0.0,0.0,0.0,0.0,0.0,0.0,0.0,0.0,0.0,0.0,0.0,0.0,0.0,0.0,0.0,0.0,6.0,10.0,10.0,10.0,10.0,10.0,5.0,0.0,0.0,0.0,0.0,0.0,0.0,0.0,0.0,0.0,0.0,0.0,0.0,0.0,0.0,0.0,0.0,0.0,0.0,0.0,0.0,0.0,0.0,0.0,0.0,0.0,0.0,0.0,0.0,0.0,0.0,0.0,0.0,0.0,0.0,0.0,0.0,0.0,0.0,0.0,0.0,0.0,0.0,0.0,0.0,0.0,0.0,0.0,0.0,4.0,0.0,0.0,0.0,8.0,10.0,10.0,10.0,10.0,10.0,10.0,16.0,16.0,16.0,16.0,16.0,16.0,16.0,16.0,16.0,10.0,10.0
2025-01-26,10.0,10.0,10.0,10.0,10.0,10.0,10.0,10.0,4.0,0.0,0.0,0.0,0.0,0.0,0.0,0.0,0.0,0.0,0.0,0.0,0.0,0.0,0.0,0.0,0.0,0.0,0.0,0.0,0.0,0.0,0.0,0.0,0.0,0.0,2.0,2.0,2.0,0.0,0.0,0.0,0.0,0.0,0.0,0.0,0.0,0.0,0.0,0.0,0.0,0.0,0.0,0.0,0.0,0.0,0.0,0.0,0.0,0.0,0.0,0.0,0.0,0.0,0.0,0.0,0.0,0.0,0.0,0.0,0.0,0.0,0.0,0.0,0.0,0.0,0.0,1.0,2.0,6.0,0.0,0.0,0.0,0.0,0.0,0.0,0.0,0.0,0.0,10.0,10.0,10.0,4.0,0.0,0.0,0.0,0.0,0.0
2025-01-27,0.0,0.0,0.0,0.0,0.0,0.0,0.0,0.0,0.0,0.0,0.0,0.0,0.0,0.0,4.666666666666667,9.333333333333334,14.0,14.0,14.0,14.0,14.0,12.0,10.0,10.0,10.0,10.0,10.0,8.333333333333334,6.666666666666666,5.0,3.333333333333333,1.666666666666666,0.0,0.0,0.0,0.0,0.0,0.0,0.0,0.0,0.0,0.0,0.0,0.0,0.0,0.0,0.0,0.0,0.0,0.0,0.0,0.0,0.0,0.0,0.0,0.0,0.0,0.0,0.0,0.0,0.0,0.0,0.0,0.0,0.0,0.0,0.0,0.0,0.0,0.0,2.0,0.0,2.0,0.0,2.0,2.0,0.0,10.0,12.0,12.0,4.0,2.0,2.0,2.0,2.0,8.0,12.0,8.0,6.0,2.0,0.0,0.0,0.0,0.0,6.0,10.0
2025-01-28,10.0,10.0,10.0,10.0,10.0,6.0,4.0,2.0,0.0,0.0,0.0,0.0,0.0,0.0,0.0,0.0,0.0,0.0,0.0,0.0,0.0,14.0,6.0,10.0,10.0,10.0,14.0,14.0,4.0,4.0,4.0,2.0,0.0,0.0,0.0,0.0,0.0,0.0,2.0,6.0,6.0,6.0,6.0,6.0,6.0,6.0,6.0,2.0,0.0,0.0,0.0,0.0,0.0,0.0,0.0,0.0,0.0,0.0,0.0,0.0,0.0,0.0,0.0,0.0,0.0,0.0,0.0,0.0,0.0,0.0,0.0,0.0,0.0,0.0,0.0,2.0,0.0,6.0,0.0,0.0,0.0,0.0,0.0,0.0,0.0,0.0,0.0,0.0,0.0,0.0,0.0,2.0,2.0,2.0,2.0,2.0
2025-01-29,2.0,2.0,2.0,2.0,2.0,2.0,2.0,2.0,2.0,2.0,2.0,2.0,2.0,2.0,2.0,2.0,2.0,2.0,2.0,2.0,6.0,12.0,0.0,0.0,0.0,0.0,0.0,0.0,4.0,0.0,0.0,0.0,0.0,0.0,0.0,0.0,0.0,0.0,0.0,0.0,0.0,0.0,0.0,0.0,0.0,0.0,0.0,0.0,0.0,0.0,0.0,0.0,0.0,0.0,0.0,0.0,0.0,0.0,0.0,0.0,0.0,0.0,0.0,0.0,0.0,0.0,0.0,0.0,0.0,0.0,0.0,0.0,0.0,0.0,0.0,4.0,6.0,12.0,12.0,12.0,12.0,12.0,12.0,12.0,12.0,12.0,12.0,10.0,10.0,10.0,10.0,0.0,0.0,0.0,10.0,10.0
2025-01-30,8.0,8.0,8.0,8.0,8.0,6.0,6.0,4.0,2.0,0.0,0.0,0.0,0.0,0.0,0.0,0.0,0.0,0.0,0.0,0.0,0.0,0.0,0.0,10.0,10.0,14.0,14.0,14.0,14.0,14.0,0.0,0.0,0.0,0.0,0.0,2.0,2.0,2.0,2.0,2.0,2.0,2.0,2.0,2.0,2.0,0.0,0.0,0.0,2.0,0.0,0.0,0.0,0.0,0.0,0.0,0.0,0.0,0.0,0.0,2.0,8.0,8.0,4.0,4.0,4.0,4.0,2.0,2.0,4.0,4.0,4.0,6.0,4.0,2.0,0.0,0.0,0.0,4.0,14.0,14.0,10.0,10.0,14.0,15.0,16.0,16.0,2.0,0.0,0.0,0.0,0.0,0.0,0.0,4.0,0.0,2.0
2025-01-31,6.0,8.0,6.0,6.0,4.0,2.0,2.0,2.0,2.0,2.0,4.0,8.0,8.0,8.0,8.0,8.0,8.0,8.0,8.0,8.0,0.0,0.0,0.0,0.0,0.0,0.0,0.0,0.0,0.0,0.0,0.0,0.0,0.0,0.0,0.0,0.0,0.0,0.0,0.0,0.0,0.0,0.0,0.0,0.0,0.0,0.0,0.0,0.0,0.0,0.0,0.0,0.0,0.0,0.0,0.0,0.0,0.0,0.0,0.0,0.0,0.0,0.0,0.0,0.0,0.0,0.0,0.0,0.0,0.0,0.0,0.0,0.0,0.0,0.0,0.0,0.0,0.0,0.0,0.0,0.0,0.0,0.0,0.0,0.0,0.0,0.0,0.0,0.0,0.0,0.0,0.0,0.0,0.0,0.0,0.0,0.0
2025-02-03,0.0,0.0,0.0,0.0,0.0,0.0,0.0,0.0,0.0,0.0,0.0,0.0,0.0,0.0,0.0,0.0,0.0,0.0,0.0,0.0,0.0,0.0,0.0,0.0,0.0,0.0,0.0,0.0,0.0,0.0,0.0,0.0,0.0,0.0,0.0,0.0,0.0,0.0,0.0,0.0,0.0,0.0,0.0,0.0,0.0,0.0,0.0,0.0,0.0,0.0,0.0,0.0,0.0,0.0,0.0,0.0,0.0,0.0,0.0,0.0,0.0,0.0,0.0,0.0,0.0,0.0,0.0,0.0,0.0,0.0,0.0,0.0,0.0,0.0,0.0,0.0,0.0,0.0,0.0,0.0,0.0,0.0,0.0,0.0,0.0,0.0,0.0,4.0,0.0,0.0,0.0,0.0,8.0,8.0,8.0,10.0
2025-02-04,10.0,8.0,4.0,2.0,2.0,0.0,0.0,0.0,0.0,0.0,0.0,0.0,0.0,0.0,0.0,0.0,0.0,0.0,0.0,0.0,0.0,0.0,4.0,0.0,0.0,0.0,0.0,0.0,0.0,0.0,0.0,0.0,0.0,0.0,0.0,0.0,0.0,0.0,0.0,0.0,0.0,0.0,0.0,0.0,0.0,0.0,0.0,0.0,0.0,0.0,0.0,0.0,0.0,0.0,0.0,0.0,0.0,0.0,0.0,0.0,0.0,0.0,0.0,0.0,0.0,0.0,0.0,0.0,0.0,0.0,0.0,0.0,0.0,2.0,0.0,0.0,0.0,4.0,10.0,10.0,10.0,10.0,10.0,10.0,4.0,8.0,10.0,8.0,8.0,8.0,4.0,2.0,2.0,0.0,0.0,0.0
2025-02-05,0.0,0.0,0.0,0.0,0.0,0.0,0.0,0.0,0.0,0.0,0.0,0.0,0.0,0.0,0.0,0.0,0.0,0.0,0.0,0.0,0.0,0.0,0.0,0.0,0.0,6.0,10.0,10.0,0.0,0.0,0.0,0.0,0.0,0.0,0.0,0.0,0.0,0.0,0.0,0.0,0.0,0.0,0.0,0.0,0.0,0.0,0.0,0.0,0.0,0.0,0.0,0.0,0.0,0.0,0.0,0.0,0.0,0.0,0.0,0.0,0.0,0.0,0.0,0.0,0.0,0.0,0.0,0.0,0.0,0.0,0.0,0.0,0.0,0.0,0.0,0.0,4.0,6.0,10.0,10.0,10.0,10.0,10.0,16.0,22.0,20.0,12.0,10.0,8.0,4.0,0.0,0.0,0.0,0.0,0.0,0.0
2025-02-06,0.0,0.0,2.0,4.0,4.0,4.0,4.0,4.0,4.0,4.0,4.0,4.0,4.0,2.0,4.0,4.0,4.0,4.0,4.0,2.0,2.0,0.0,0.0,0.0,0.0,0.0,0.0,0.0,0.0,0.0,0.0,0.0,0.0,0.0,0.0,0.0,0.0,0.0,0.0,0.0,0.0,0.0,0.0,0.0,0.0,0.0,0.0,0.0,0.0,0.0,0.0,0.0,0.0,0.0,0.0,0.0,0.0,0.0,0.0,0.0,0.0,0.0,0.0,0.0,0.0,0.0,0.0,0.0,0.0,0.0,0.0,0.0,0.0,0.0,0.0,0.0,4.0,0.0,0.0,0.0,0.0,0.0,0.0,0.0,0.0,0.0,0.0,0.0,0.0,0.0,0.0,0.0,0.0,0.0,2.0,2.0
2025-02-07,2.0,2.0,2.0,2.0,2.0,2.0,2.0,2.0,2.0,2.0,2.0,2.0,2.0,2.0,2.0,2.0,2.0,2.0,0.0,0.0,0.0,0.0,2.0,0.0,0.0,0.0,0.0,0.0,0.0,0.0,0.0,0.0,0.0,0.0,0.0,0.0,0.0,0.0,0.0,0.0,0.0,0.0,0.0,0.0,0.0,0.0,0.0,0.0,0.0,0.0,0.0,0.0,0.0,0.0,0.0,0.0,0.0,0.0,0.0,0.0,0.0,0.0,0.0,0.0,0.0,0.0,0.0,0.0,0.0,0.0,0.0,0.0,0.0,0.0,0.0,0.0,0.0,0.0,0.0,0.0,0.0,0.0,0.0,0.0,0.0,0.0,0.0,0.0,0.0,2.0,2.0,2.0,2.0,2.0,2.0,1.0
2025-02-09,1.7142857142857144,1.4285714285714286,1.1428571428571428,0.8571428571428572,0.5714285714285716,0.2857142857142858,0.0,0.0,0.0,0.0,0.0,0.0,0.0,0.0,0.0,0.0,0.0,0.0,0.0,0.0,0.0,0.0,0.0,14.0,14.0,8.0,0.0,0.0,0.0,0.0,0.0,0.0,0.0,0.0,0.0,0.0,0.0,0.0,0.0,0.0,0.0,0.0,0.0,0.0,0.0,0.0,0.0,2.0,2.0,2.0,2.0,2.0,2.0,2.0,2.0,2.0,2.0,2.0,2.0,0.0,0.0,0.0,0.0,0.0,0.0,0.0,0.0,0.0,0.0,0.0,0.0,0.0,0.0,0.0,0.0,2.0,4.0,2.0,4.0,0.0,0.0,0.0,0.0,0.0,0.0,0.0,0.0,4.0,4.0,4.0,0.0,0.0,0.0,0.0,0.0,0.0
2025-02-10,0.0,0.0,0.0,0.0,1.0,2.0,3.0,4.0,5.0,6.0,6.0,5.5,5.0,4.5,4.0,2.0,2.0,1.0,0.0,2.0,4.0,10.0,10.0,10.0,10.0,10.0,10.0,10.0,10.0,10.0,6.0,3.0,0.0,0.0,0.0,0.0,0.0,0.0,0.0,0.0,0.0,0.0,0.0,0.0,0.0,0.0,0.0,2.0,2.0,0.0,0.0,0.0,0.0,0.0,0.0,0.0,0.0,0.0,0.0,0.0,0.0,0.0,0.0,0.0,0.0,0.0,0.0,0.0,0.0,0.0,0.0,0.0,0.0,0.0,0.0,0.0,4.0,6.0,6.0,2.0,2.0,2.0,2.0,2.0,2.0,2.0,2.0,2.0,2.0,2.0,2.0,2.0,2.0,2.0,2.0,2.0
2025-02-11,2.0,6.0,6.0,4.0,2.0,2.0,0.0,0.0,0.0,0.0,0.0,0.0,0.0,0.0,0.0,0.0,0.0,0.0,0.0,0.0,0.0,4.0,4.0,0.0,0.0,0.0,0.0,0.0,0.0,0.0,0.0,0.0,0.0,0.0,0.0,0.0,0.0,0.0,0.0,0.0,0.0,0.0,0.0,0.0,0.0,0.0,0.0,0.0,0.0,0.0,0.0,0.0,0.0,0.0,0.0,0.0,0.0,0.0,0.0,0.0,0.0,0.0,4.0,4.0,2.0,0.0,0.0,0.0,0.0,0.0,0.0,0.0,0.0,0.0,0.0,0.0,0.0,2.0,8.0,10.0,8.0,0.0,0.0,0.0,0.0,0.0,0.0,0.0,0.0,0.0,2.0,8.0,8.0,8.0,8.0,8.0
2025-02-12,8.0,6.0,4.0,6.0,6.0,2.0,2.0,0.0,0.0,0.0,0.0,0.0,0.0,0.0,0.0,0.0,0.0,0.0,0.0,0.0,2.0,12.0,0.0,0.0,0.0,0.0,0.0,0.0,0.0,0.0,0.0,0.0,0.0,0.0,0.0,0.0,0.0,0.0,0.0,0.0,0.0,0.0,0.0,0.0,0.0,0.0,0.0,0.0,0.0,0.0,0.0,0.0,0.0,0.0,0.0,0.0,0.0,0.0,0.0,0.0,0.0,0.0,0.0,2.0,2.0,0.0,0.0,0.0,0.0,0.0,0.0,8.0,10.0,10.0,10.0,8.0,10.0,10.0,8.0,6.0,2.0,0.0,0.0,0.0,2.0,4.0,0.0,0.0,0.0,0.0,0.0,0.0,0.0,0.0,0.0,4.0
2025-02-13,4.0,2.0,2.0,0.0,0.0,0.0,0.0,0.0,0.0,0.0,0.0,0.0,0.0,0.0,0.0,0.0,0.0,0.0,0.0,0.0,0.0,8.0,0.0,0.0,0.0,0.0,0.0,0.0,2.0,4.0,0.0,0.0,0.0,0.0,0.0,0.0,0.0,0.0,0.0,0.0,0.0,0.0,0.0,0.0,0.0,0.0,0.0,0.0,0.0,0.0,0.0,0.0,0.0,0.0,0.0,0.0,0.0,0.0,0.0,0.0,0.0,0.0,0.0,0.0,0.0,0.0,0.0,0.0,0.0,2.0,2.0,2.0,0.0,2.0,2.0,2.0,0.0,0.0,0.0,0.0,0.0,0.0,0.0,0.0,0.0,0.0,0.0,0.0,0.0,0.0,0.0,0.0,0.0,0.0,0.0,0.0
2025-02-14,0.0,0.0,0.0,0.0,0.0,0.0,0.0,0.0,0.0,6.0,6.0,6.0,4.0,6.0,4.0,6.0,6.0,6.0,6.0,6.0,6.0,6.0,4.0,2.0,0.0,0.0,8.0,4.0,0.0,0.0,0.0,0.0,0.0,0.0,0.0,0.0,0.0,0.0,0.0,0.0,0.0,0.0,0.0,0.0,0.0,0.0,0.0,0.0,0.0,0.0,0.0,0.0,0.0,0.0,0.0,0.0,0.0,0.0,0.0,0.0,0.0,0.0,0.0,0.0,0.0,0.0,0.0,0.0,0.0,0.0,0.0,0.0,0.0,0.0,0.0,0.0,0.0,0.0,0.0,0.0,0.0,2.0,0.0,0.0,0.0,0.0,0.0,6.0,6.0,6.0,6.0,6.0,6.0,6.0,6.0,6.0
2025-02-15,6.0,6.0,6.0,6.0,6.0,4.0,4.0,4.0,4.0,4.0,4.0,4.0,2.0,0.0,0.0,0.0,0.0,0.0,0.0,0.0,0.0,0.0,0.0,0.0,8.0,16.0,16.0,16.0,2.0,0.0,0.0,0.0,0.0,0.0,0.0,0.0,0.0,0.0,0.0,0.0,0.0,0.0,0.0,0.0,0.0,0.0,0.0,0.0,0.0,0.0,0.0,0.0,0.0,0.0,0.0,0.0,0.0,0.0,0.0,0.0,0.0,0.0,0.0,0.0,0.0,0.0,0.0,0.0,0.0,0.0,0.0,0.0,0.0,0.0,0.0,0.0,0.0,6.0,10.0,10.0,10.0,10.0,10.0,10.0,10.0,10.0,10.0,10.0,10.0,16.0,4.0,4.0,4.0,4.0,4.0,4.0
2025-02-16,4.0,4.0,4.0,4.0,4.0,4.0,4.0,4.0,4.0,4.0,4.0,4.0,4.0,4.0,4.0,2.0,0.0,0.0,0.0,0.0,6.0,6.0,4.0,4.0,4.0,4.0,4.0,3.6666666666666665,3.3333333333333335,3.0,2.666666666666667,2.3333333333333335,2.0,1.666666666666667,1.3333333333333335,1.0,0.666666666666667,0.3333333333333335,0.0,0.0,0.0,0.0,0.0,0.0,0.0,0.0,0.0,0.0,0.0,0.0,0.0,0.0,0.0,0.0,0.0,0.0,0.0,0.0,0.0,0.0,0.0,0.0,0.0,0.0,0.0,0.0,0.0,0.0,0.0,0.0,0.0,0.0,0.0,0.0,0.0,0.0,0.0,4.0,8.0,10.0,10.0,10.0,6.0,0.0,2.0,4.0,4.0,4.0,4.0,4.0,0.0,0.0,0.0,0.0,0.0,0.0
2025-02-17,0.0,0.0,0.0,0.0,0.0,0.0,0.0,0.0,0.0,0.0,0.0,0.0,0.0,0.0,0.0,0.0,0.0,0.0,0.0,0.0,0.0,0.0,0.0,4.0,4.0,4.0,6.0,0.0,0.0,0.0,0.0,0.0,0.0,0.0,0.0,0.0,0.0,0.0,0.0,0.0,0.0,0.0,0.0,0.0,0.0,0.0,0.0,0.0,0.0,0.0,0.0,0.0,0.0,0.0,0.0,0.0,0.0,0.0,0.0,0.0,0.0,0.0,0.0,0.0,0.0,0.0,0.0,0.0,0.0,0.0,0.0,0.0,0.0,0.0,0.0,0.0,0.0,0.0,0.0,0.0,0.0,8.0,6.0,8.0,8.0,8.0,6.0,7.0,8.0,6.0,6.0,4.0,2.0,0.0,0.0,0.0
2025-02-18,0.0,0.0,0.0,0.0,0.0,0.0,0.0,0.0,0.0,0.0,0.0,0.0,0.0,0.0,0.0,0.0,0.0,0.0,0.0,0.0,0.0,0.0,0.0,0.0,0.0,0.0,0.0,0.0,0.0,0.0,0.0,0.0,0.0,0.0,0.0,0.0,0.0,0.0,0.0,0.0,0.0,0.0,0.0,0.0,0.0,0.0,0.0,0.0,0.0,0.0,0.0,0.0,0.0,0.0,0.0,0.0,0.0,0.0,0.0,0.0,0.0,0.0,0.0,0.0,0.0,0.0,0.0,0.0,0.0,0.0,0.0,0.0,0.0,0.0,0.0,0.0,0.0,8.0,10.0,10.0,10.0,10.0,8.0,8.0,6.0,4.0,2.0,0.0,0.0,0.0,0.0,0.0,0.0,0.0,0.0,0.0
2025-02-19,0.0,0.0,0.0,0.0,0.0,0.0,0.0,0.0,0.0,0.0,0.0,0.0,0.0,0.0,0.0,0.0,0.0,0.0,0.0,0.0,0.0,0.0,0.0,0.0,0.0,0.0,0.0,0.0,0.0,0.0,0.0,0.0,0.0,0.0,0.0,0.0,0.0,0.0,0.0,0.0,0.0,0.0,0.0,0.0,0.0,0.0,0.0,0.0,0.0,0.0,0.0,0.0,0.0,0.0,0.0,0.0,0.0,0.0,0.0,0.0,0.0,0.0,0.0,0.0,0.0,0.0,0.0,0.0,0.0,0.0,0.0,0.0,0.0,0.0,0.0,0.0,0.0,0.0,0.0,0.0,0.0,0.0,2.0,2.0,0.0,0.0,4.0,10.0,10.0,10.0,10.0,10.0,10.0,8.0,6.0,2.0
2025-02-20,0.0,0.0,0.0,0.0,0.0,0.0,0.0,0.0,0.0,0.0,0.0,0.0,8.0,8.0,6.0,6.0,6.0,6.0,2.0,2.0,0.0,0.0,0.0,0.0,0.0,0.0,0.0,0.0,0.0,0.0,0.0,0.0,0.0,0.0,0.0,0.0,0.0,0.0,0.0,0.0,0.0,0.0,0.0,0.0,0.0,0.0,0.0,0.0,2.0,0.0,2.0,2.0,2.0,2.0,0.0,0.0,2.0,2.0,2.0,2.0,0.0,0.0,0.0,0.0,0.0,0.0,0.0,0.0,0.0,0.0,0.0,0.0,0.0,0.0,0.0,0.0,0.0,2.0,0.0,0.0,0.0,0.0,0.0,0.0,0.0,0.0,0.0,6.0,6.0,6.0,6.0,4.0,2.0,2.0,0.0,0.0
2025-02-21,0.0,0.0,0.0,0.0,0.0,0.0,0.0,0.0,0.0,0.0,0.0,0.0,0.0,0.0,0.0,0.0,0.0,0.0,0.0,0.0,0.0,0.0,0.0,0.0,0.0,0.0,0.0,0.0,0.0,0.0,0.0,0.0,0.0,0.0,0.0,0.0,0.0,0.0,0.0,0.0,0.0,0.0,0.0,0.0,0.0,0.0,0.0,0.0,0.0,0.0,0.0,0.0,0.0,0.0,0.0,0.0,0.0,0.0,0.0,0.0,0.0,0.0,0.0,0.0,0.0,0.0,0.0,0.0,0.0,0.0,0.0,0.0,0.0,0.0,0.0,4.0,8.0,4.0,0.0,0.0,0.0,0.0,0.0,0.0,0.0,0.0,0.0,4.0,4.0,4.0,4.0,12.0,10.0,18.0,18.0,18.0
2025-02-22,18.0,18.0,18.0,18.0,18.0,18.0,16.0,14.0,6.0,0.0,0.0,0.0,0.0,0.0,0.0,0.0,0.0,0.0,0.0,0.0,0.0,0.0,0.0,0.0,2.0,4.0,0.0,0.0,0.0,0.0,0.0,0.0,0.0,0.0,0.0,0.0,0.0,0.0,0.0,0.0,0.0,0.0,0.0,0.0,0.0,0.0,0.0,0.0,0.0,0.0,0.0,0.0,0.0,0.0,0.0,0.0,0.0,0.0,0.0,0.0,0.0,0.0,0.0,0.0,0.0,0.0,0.0,0.0,0.0,0.0,0.0,2.0,4.0,4.0,4.0,4.0,4.0,2.0,0.0,0.0,0.0,0.0,0.0,0.0,0.0,0.0,0.0,0.0,0.0,0.0,0.0,0.0,0.0,0.0,0.0,0.0
2025-02-23,0.0,0.0,0.0,0.0,0.0,0.0,0.0,0.0,0.0,0.0,0.0,0.0,0.0,0.0,0.0,0.0,0.0,2.0,2.0,0.0,0.0,2.0,2.0,0.0,0.0,0.0,0.0,0.0,0.0,0.0,0.0,0.0,0.0,0.0,0.0,0.0,0.0,0.0,0.0,0.0,0.0,0.0,0.0,0.0,0.0,0.0,0.0,0.0,0.0,0.0,0.0,0.0,0.0,0.0,0.0,0.0,0.0,0.0,0.0,0.0,0.0,0.0,0.0,0.0,0.0,0.0,0.0,0.0,0.0,0.0,0.0,0.0,0.0,0.0,0.0,0.0,0.0,0.0,0.0,0.0,0.0,0.0,0.0,0.0,0.0,0.0,0.0,0.0,0.0,8.0,14.0,14.0,0.0,0.0,0.0,0.0
2025-02-24,0.0,0.0,0.0,0.0,0.0,0.0,0.0,0.0,0.0,0.0,0.0,0.0,0.0,0.0,0.0,0.0,0.0,6.0,4.0,4.0,4.0,4.0,4.0,4.0,4.0,4.0,6.0,4.0,4.0,3.5,3.0,2.5,2.0,1.5,1.0,0.5,0.0,0.0,0.0,0.0,0.0,0.0,0.0,0.0,0.0,0.0,0.0,0.0,0.0,0.0,0.0,0.0,0.0,0.0,0.0,0.0,0.0,0.0,0.0,0.0,0.0,0.0,0.0,0.0,0.0,0.0,0.0,0.0,0.0,0.0,0.0,0.0,0.0,0.0,0.0,2.0,0.0,0.0,0.0,0.0,2.0,0.0,0.0,0.0,0.0,0.0,0.0,0.0,0.0,0.0,0.0,2.0,4.0,4.0,4.0,4.0
2025-02-25,0.0,0.0,0.0,0.0,0.0,0.0,0.0,0.0,0.0,0.0,0.0,0.0,0.0,0.0,0.0,0.0,0.0,0.0,0.0,0.0,2.0,12.0,10.0,10.0,10.0,10.0,10.0,6.0,0.0,0.0,0.0,0.0,0.0,0.0,0.0,0.0,0.0,0.0,0.0,0.0,0.0,0.0,0.0,0.0,0.0,0.0,0.0,0.0,0.0,0.0,4.0,8.0,8.0,7.0,6.0,6.0,6.0,8.0,4.0,2.0,2.0,0.0,0.0,0.0,0.0,0.0,0.0,0.0,0.0,0.0,0.0,0.0,0.0,0.0,0.0,0.0,0.0,0.0,0.0,0.0,0.0,2.0,0.0,0.0,0.0,0.0,0.0,0.0,0.0,0.0,0.0,0.0,0.0,0.0,0.0,0.0
2025-02-26,0.0,0.0,0.0,0.0,0.0,0.0,0.0,0.0,0.0,0.0,0.0,0.0,0.0,0.0,0.0,0.0,0.0,0.0,0.0,0.0,0.0,0.0,0.0,2.0,14.0,14.0,13.0,12.0,10.0,10.0,8.0,0.0,0.0,0.0,0.0,0.0,0.0,0.0,0.0,0.0,0.0,0.0,0.0,0.0,0.0,0.0,0.0,0.0,0.0,0.0,0.0,0.0,0.0,0.0,0.0,0.0,0.0,0.0,0.0,0.0,0.0,0.0,0.0,0.0,0.0,0.0,0.0,0.0,0.0,0.0,0.0,0.0,0.0,0.0,0.0,0.0,0.0,0.0,0.0,0.0,0.0,0.0,0.0,0.0,0.0,0.0,0.0,0.0,0.0,0.0,0.0,0.0,0.0,0.0,0.0,0.0
2025-03-01,0.0,0.0,0.0,0.0,0.0,0.0,0.0,0.0,0.0,0.0,0.0,0.0,0.0,0.0,0.0,0.0,0.0,0.0,0.0,0.0,0.0,0.0,0.0,0.0,0.0,0.0,0.0,0.0,0.0,0.0,0.0,0.0,0.0,0.0,0.0,0.0,2.0,6.0,10.0,8.0,8.0,6.0,6.0,6.0,6.0,4.0,4.0,6.0,4.0,2.0,0.0,0.0,0.0,0.0,0.0,0.0,0.0,0.0,0.0,0.0,0.0,0.0,0.0,0.0,0.0,0.0,0.0,0.0,0.0,0.0,0.0,0.0,0.0,0.0,0.0,0.0,0.0,0.0,0.0,0.0,0.0,0.0,0.0,0.0,0.0,0.0,0.0,0.0,0.0,0.0,0.0,0.0,0.0,0.0,0.0,0.0
2025-03-02,0.0,0.0,0.0,0.0,0.0,0.0,0.0,0.0,0.0,0.0,0.0,0.0,0.0,0.0,0.0,0.0,0.0,0.0,0.0,0.0,0.0,0.0,0.0,0.0,0.0,0.0,0.0,0.0,0.0,0.0,0.0,0.0,0.0,0.0,0.0,0.0,0.0,0.0,0.0,0.0,0.0,0.0,0.0,0.0,0.0,0.0,0.0,0.0,0.0,0.0,0.0,0.0,0.0,0.0,0.0,0.0,0.0,0.0,0.0,0.0,0.0,0.0,0.0,0.0,0.0,0.0,0.0,0.0,0.0,0.0,0.0,0.0,0.0,0.0,0.0,0.0,0.0,0.0,0.0,0.0,0.0,6.0,14.0,16.0,16.0,16.0,16.0,16.0,16.0,14.0,14.0,14.0,14.0,14.0,14.0,14.0
2025-03-03,14.0,14.0,14.0,14.0,14.0,14.0,14.0,14.0,2.0,0.0,0.0,0.0,0.0,0.0,0.0,0.0,0.0,0.0,0.0,0.0,0.0,0.0,4.0,10.0,10.0,10.0,10.0,8.0,2.0,4.0,4.0,0.0,0.0,0.0,5.0,10.0,10.0,10.0,10.0,12.0,8.0,6.0,2.0,2.0,0.0,0.0,0.0,0.0,0.0,0.0,0.0,0.0,0.0,0.0,0.0,0.0,0.0,0.0,0.0,0.0,0.0,0.0,0.0,0.0,0.0,0.0,0.0,0.0,0.0,0.0,0.0,0.0,0.0,0.0,0.0,0.0,4.0,10.0,14.0,14.0,6.0,0.0,0.0,0.0,0.0,0.0,0.0,0.0,2.0,8.0,8.0,4.0,4.0,6.0,6.0,6.0
2025-03-04,6.0,6.0,6.0,4.0,4.0,2.0,0.0,0.0,0.0,0.0,0.0,0.0,0.0,0.0,0.0,0.0,0.0,0.0,0.0,0.0,0.0,0.0,0.0,0.0,0.0,0.0,0.0,0.0,0.0,0.0,2.0,0.0,0.0,0.0,0.0,0.0,0.0,0.0,0.0,0.0,0.0,0.0,0.0,0.0,0.0,0.0,0.0,0.0,0.0,0.0,0.0,0.0,0.0,0.0,0.0,0.0,0.0,0.0,0.0,0.0,0.0,0.0,0.0,0.0,0.0,0.0,0.0,0.0,4.0,4.0,4.0,2.0,2.0,4.0,4.0,2.0,4.0,16.0,20.0,14.0,4.0,4.0,4.0,4.0,4.0,4.0,4.0,4.0,4.0,4.0,4.0,2.0,2.0,14.0,16.0,16.0
2025-03-05,16.0,12.0,8.0,6.0,4.0,6.0,6.0,8.0,8.0,8.0,6.0,4.0,2.0,2.0,0.0,0.0,0.0,0.0,0.0,0.0,0.0,0.0,0.0,0.0,0.0,0.0,0.0,0.0,0.0,0.0,0.0,0.0,0.0,0.0,0.0,0.0,0.0,0.0,0.0,0.0,0.0,0.0,0.0,0.0,0.0,0.0,0.0,0.0,0.0,0.0,0.0,0.0,0.0,0.0,0.0,0.0,0.0,0.0,0.0,0.0,0.0,0.0,0.0,0.0,0.0,0.0,0.0,0.0,0.0,0.0,0.0,0.0,0.0,0.0,0.0,0.0,0.0,2.0,0.0,0.0,0.0,10.0,10.0,10.0,10.0,2.0,0.0,0.0,0.0,0.0,0.0,0.0,0.0,0.0,0.0,0.0
2025-03-06,0.0,0.0,0.0,0.0,0.0,0.0,0.0,0.0,0.0,0.0,0.0,0.0,0.0,0.0,0.0,0.0,0.0,0.0,0.0,0.0,0.0,0.0,6.0,2.0,2.0,2.0,2.0,0.0,0.0,0.0,0.0,0.0,0.0,0.0,0.0,0.0,0.0,0.0,0.0,0.0,0.0,0.0,0.0,0.0,0.0,0.0,0.0,0.0,0.0,0.0,0.0,0.0,0.0,0.0,0.0,0.0,0.0,0.0,0.0,0.0,0.0,0.0,0.0,0.0,0.0,2.0,0.0,0.0,0.0,6.0,4.0,6.0,6.0,6.0,6.0,10.0,4.0,0.0,0.0,0.0,0.0,0.0,0.0,0.0,2.0,4.0,6.0,14.0,14.0,4.0,2.0,2.0,2.0,2.0,2.0,2.0
2025-03-07,2.0,2.0,2.0,2.0,2.0,2.0,2.0,2.0,2.0,2.0,2.0,2.0,0.0,0.0,0.0,0.0,0.0,0.0,0.0,0.0,8.0,9.0,10.0,8.0,6.0,4.0,2.0,0.0,2.0,0.0,0.0,0.0,0.0,0.0,0.0,0.0,0.0,0.0,0.0,0.0,0.0,0.0,0.0,0.0,0.0,0.0,0.0,0.0,0.0,0.0,0.0,0.0,0.0,0.0,0.0,0.0,0.0,0.0,0.0,0.0,0.0,0.0,0.0,0.0,0.0,0.0,0.0,0.0,0.0,0.0,0.0,0.0,0.0,0.0,0.0,2.0,2.0,0.0,0.0,0.0,0.0,0.0,0.0,0.0,0.0,0.0,0.0,0.0,0.0,0.0,0.0,0.0,0.0,0.0,0.0,0.0
2025-03-08,0.0,10.0,8.0,0.0,0.0,0.0,0.0,0.0,0.0,0.0,0.0,0.0,0.0,0.0,0.0,0.0,0.0,0.0,0.0,0.0,0.0,6.0,2.0,0.0,0.0,0.0,0.0,0.0,0.0,0.0,0.0,0.0,0.0,0.0,0.0,0.0,0.0,0.0,0.0,0.0,0.0,0.0,0.0,0.0,0.0,0.0,0.0,0.0,0.0,0.0,0.0,0.0,0.0,0.0,0.0,0.0,0.0,0.0,0.0,0.0,0.0,0.0,0.0,0.0,0.0,0.0,0.0,0.0,0.0,0.0,0.0,0.0,0.0,0.0,0.0,0.0,0.0,0.0,0.0,0.0,0.0,0.0,0.0,0.0,0.0,0.0,0.0,0.0,0.0,0.0,0.0,0.0,0.0,0.0,0.0,0.0
2025-03-09,0.0,0.0,0.0,0.0,0.0,0.0,0.0,0.0,0.0,0.0,0.0,0.0,0.0,0.0,0.0,0.0,0.0,0.0,0.0,0.0,0.0,0.0,0.0,0.0,10.0,12.0,6.0,2.0,2.0,2.0,2.0,2.0,2.0,2.0,0.0,0.0,0.0,0.0,0.0,0.0,0.0,0.0,0.0,0.0,0.0,0.0,0.0,0.0,0.0,0.0,0.0,0.0,0.0,0.0,0.0,0.0,0.0,0.0,2.0,2.0,2.0,2.0,2.0,2.0,2.0,2.0,2.0,0.0,0.0,0.0,0.0,0.0,0.0,0.0,0.0,0.0,0.0,0.0,0.0,0.0,0.0,0.0,0.0,0.0,0.0,0.0,0.0,0.0,0.0,0.0,0.0,0.0,0.0,0.0,0.0,0.0
2025-03-10,0.0,0.0,0.0,0.0,0.0,0.0,0.0,0.0,2.0,2.0,0.0,0.0,0.0,0.0,0.0,0.0,0.0,0.0,0.0,0.0,0.0,0.0,0.0,0.0,0.0,0.0,0.0,0.0,2.0,2.0,2.0,2.0,2.0,0.0,0.0,0.0,2.0,2.0,2.0,0.0,0.0,0.0,0.0,2.0,2.0,2.0,0.0,0.0,0.0,0.0,0.0,0.0,0.0,0.0,0.0,0.0,0.0,0.0,0.0,0.0,0.0,0.0,0.0,0.0,0.0,0.0,0.0,0.0,0.0,0.0,0.0,0.0,0.0,0.0,0.0,0.0,0.0,0.0,0.0,0.0,0.0,0.0,0.0,0.0,8.0,0.0,6.0,14.0,14.0,16.0,16.0,16.0,12.0,11.73913043478261,11.478260869565217,11.217391304347826
2025-03-12,6.0,6.0,4.0,2.0,2.0,0.0,0.0,0.0,0.0,0.0,0.0,0.0,0.0,0.0,0.0,0.0,0.0,0.0,0.0,0.0,0.0,0.0,0.0,0.0,0.0,0.0,0.0,6.0,4.0,4.0,4.0,4.0,2.0,0.0,0.0,0.0,0.0,0.0,0.0,0.0,0.0,0.0,0.0,0.0,0.0,0.0,0.0,0.0,2.0,6.0,6.0,6.0,4.0,4.0,6.0,6.0,4.0,2.0,2.0,0.0,0.0,0.0,0.0,0.0,0.0,0.0,0.0,0.0,0.0,0.0,0.0,0.0,0.0,0.0,0.0,8.0,8.0,8.0,8.0,8.0,8.0,2.0,0.0,0.0,0.0,0.0,0.0,0.0,0.0,0.0,0.0,0.0,0.0,2.0,12.0,14.0
2025-03-13,8.0,8.0,4.0,2.0,0.0,0.0,0.0,0.0,0.0,0.0,0.0,0.0,0.0,0.0,0.0,0.0,0.0,0.0,0.0,2.0,0.0,0.0,0.0,0.0,0.0,0.0,0.0,0.0,0.0,0.0,0.0,0.0,0.0,0.0,0.0,0.0,0.0,0.0,0.0,0.0,0.0,0.0,0.0,0.0,0.0,0.0,0.0,0.0,0.0,0.0,0.0,0.0,0.0,0.0,0.0,0.0,0.0,0.0,0.0,0.0,10.0,28.0,182.0,6.0,30.0,0.0,0.0,0.0,0.0,0.0,0.0,30.0,184.0,238.0,238.0,230.0,222.0,216.0,208.0,204.0,202.0,202.0,208.0,208.0,206.0,206.0,204.0,200.0,198.0,198.0,196.0,196.0,194.0,190.0,190.0,190.0
2025-03-14,188.0,198.0,198.0,196.0,194.0,194.0,192.0,192.0,190.0,190.0,188.0,188.0,188.0,188.0,188.0,188.0,186.0,186.0,180.0,184.0,184.0,184.0,184.0,182.0,182.0,182.0,182.0,163.0,144.0,125.0,106.0,87.0,68.0,49.0,30.0,170.0,180.0,180.0,182.0,2.0,0.0,0.0,0.0,0.0,0.0,0.0,0.0,0.0,0.0,0.0,0.0,0.0,0.0,2.0,13.0,24.0,22.0,20.0,0.0,0.0,0.0,16.0,0.0,0.0,0.0,0.0,0.0,2.0,28.0,156.0,232.0,228.0,230.0,226.0,222.0,216.0,216.0,220.0,214.0,210.0,210.0,206.0,200.0,196.0,194.0,192.0,192.0,196.0,70.0,54.0,200.0,204.0,204.0,202.0,202.0,202.0
2025-03-15,200.0,200.0,198.0,198.0,196.0,196.0,194.0,194.0,192.0,192.0,192.0,190.0,190.0,190.0,188.0,188.0,186.0,184.0,184.0,182.0,182.0,182.0,180.0,180.0,180.0,180.0,163.33333333333334,146.66666666666666,130.0,113.33333333333333,96.66666666666666,80.0,63.33333333333333,46.66666666666666,30.0,158.0,182.0,180.0,186.0,192.0,200.0,194.0,196.0,194.0,198.0,198.0,204.0,210.0,191.0,172.0,153.0,134.0,208.0,178.0,36.0,8.0,26.0,146.0,214.0,214.0,176.0,0.0,0.0,8.0,38.0,200.0,202.0,204.0,226.0,226.0,226.0,228.0,226.0,176.0,0.0,0.0,0.0,0.0,0.0,8.0,34.0,212.0,216.0,216.0,216.0,2.0,0.0,0.0,0.0,0.0,0.0,0.0,0.0,0.0,0.0,0.0
2025-03-16,0.0,0.0,0.0,0.0,0.0,0.0,0.0,0.0,0.0,0.0,0.0,0.0,0.0,0.0,0.0,0.0,0.0,0.0,0.0,0.0,0.0,0.0,0.0,0.0,0.0,0.0,0.0,0.0,0.0,0.0,0.0,0.0,0.0,10.0,38.0,188.0,206.0,208.0,210.0,208.0,208.0,206.0,204.0,204.0,202.0,200.0,196.0,194.0,196.0,198.0,198.0,196.0,200.0,202.0,214.0,218.0,220.0,214.0,208.0,206.0,218.0,218.0,220.0,110.0,0.0,0.0,6.0,28.0,162.0,202.0,196.0,194.0,190.0,198.0,84.0,0.0,0.0,0.0,0.0,0.0,0.0,0.0,0.0,0.0,0.0,0.0,0.0,0.0,20.0,88.0,198.0,202.0,204.0,206.0,198.0,194.0
2025-03-17,190.0,190.0,190.0,188.0,186.0,188.0,186.0,184.0,182.0,182.0,182.0,182.0,180.0,180.0,180.0,180.0,178.0,178.0,178.0,178.0,178.0,178.0,176.0,176.0,176.0,176.0,176.0,174.0,172.0,172.0,172.0,145.2,118.4,91.6,64.8,38.0,176.0,172.0,174.0,174.0,176.0,186.0,184.0,182.0,133.33333333333334,84.66666666666667,36.0,194.0,190.0,190.0,194.0,18.0,0.0,0.0,0.0,0.0,0.0,0.0,0.0,0.0,0.0,0.0,0.0,0.0,0.0,0.0,0.0,0.0,0.0,0.0,0.0,22.0,108.0,206.0,22.0,0.0,0.0,0.0,0.0,0.0,0.0,0.0,24.0,112.0,2.0,26.0,44.0,202.0,210.0,214.0,212.0,212.0,210.0,206.0,202.0,198.0
2025-03-18,194.0,190.0,188.0,186.0,184.0,182.0,182.0,182.0,180.0,180.0,180.0,180.0,178.0,178.0,178.0,178.0,176.0,176.0,176.0,176.0,176.0,176.0,174.0,174.0,174.0,174.0,170.0,170.0,170.0,168.0,170.0,168.0,166.0,168.0,170.0,170.0,172.0,170.0,2.0,6.0,30.0,188.0,190.0,130.0,78.0,78.0,178.0,212.0,214.0,212.0,212.0,212.0,208.0,218.0,218.0,216.0,216.0,210.0,16.0,0.0,4.0,30.0,206.0,220.0,230.0,226.0,214.0,214.0,230.0,230.0,8.0,0.0,22.0,96.0,216.0,206.0,202.0,192.0,194.0,112.0,12.0,6.0,4.0,0.0,0.0,0.0,0.0,0.0,28.0,128.0,160.0,14.0,72.0,206.0,208.0,208.0
2025-03-19,214.0,214.0,208.0,204.0,198.0,194.0,190.0,188.0,186.0,184.0,182.0,180.0,180.0,180.0,178.0,178.0,178.0,178.0,178.0,176.0,176.0,176.0,174.0,176.0,174.0,174.0,174.0,172.0,170.0,170.0,168.0,168.0,170.0,168.0,168.0,166.0,170.0,168.0,170.0,168.0,176.0,174.0,172.0,170.0,170.0,170.0,176.0,174.0,140.0,94.0,96.0,96.0,94.0,88.0,84.0,196.0,210.0,208.0,208.0,174.0,64.0,0.0,0.0,6.0,28.0,220.0,232.0,220.0,218.0,216.0,210.0,206.0,196.0,178.0,0.0,0.0,0.0,0.0,10.0,44.0,116.0,188.0,176.0,178.0,182.0,2.0,0.0,0.0,4.0,10.0,10.0,6.0,6.0,10.0,10.0,24.0
2025-03-20,74.0,198.0,204.0,204.0,202.0,200.0,196.0,192.0,188.0,186.0,184.0,182.0,180.0,180.0,180.0,178.0,178.0,178.0,178.0,176.0,176.0,78.0,90.0,174.0,172.0,172.0,170.0,158.33333333333334,146.66666666666666,135.0,123.33333333333334,111.66666666666667,100.0,180.0,172.0,172.0,170.0,146.66666666666666,123.33333333333334,100.0,188.0,176.0,174.0,182.0,172.0,182.0,184.0,178.0,178.0,180.0,178.0,178.0,178.0,178.0,182.0,178.0,188.0,186.0,190.0,194.0,190.0,184.0,196.0,202.0,198.0,208.0,156.0,88.0,84.0,84.0,84.0,206.0,206.0,204.0,206.0,4.0,0.0,0.0,0.0,0.0,0.0,0.0,0.0,0.0,4.0,32.0,176.0,198.0,204.0,202.0,196.0,198.0,200.0,200.0,198.0,196.0
2025-03-21,192.0,188.0,184.0,180.0,178.0,178.0,176.0,174.0,172.0,172.0,172.0,172.0,170.0,170.0,170.0,170.0,170.0,170.0,168.0,168.0,168.0,168.0,168.0,168.0,168.0,150.0,108.0,102.0,98.0,96.0,96.0,96.0,96.0,96.0,96.0,96.0,94.0,94.0,92.0,90.0,88.0,86.0,84.0,82.0,82.0,82.0,82.0,82.0,82.0,82.0,82.0,82.0,84.0,84.0,84.0,144.0,208.0,210.0,212.0,206.0,204.0,202.0,202.0,200.0,200.0,202.0,202.0,200.0,196.0,196.0,2.0,0.0,0.0,0.0,0.0,0.0,0.0,0.0,0.0,8.0,14.0,0.0,0.0,0.0,0.0,30.0,130.0,184.0,186.0,184.0,182.0,178.0,176.0,174.0,174.0,174.0
2025-03-22,172.0,170.0,168.0,168.0,166.0,166.0,166.0,166.0,166.0,166.0,166.0,164.0,164.0,164.0,162.0,162.0,162.0,162.0,160.0,160.0,160.0,158.0,158.0,158.0,156.0,156.0,156.0,158.0,156.0,154.0,154.0,152.0,154.0,152.0,152.0,150.0,152.0,154.0,154.0,154.0,160.0,160.0,174.0,2.0,0.0,0.0,0.0,0.0,0.0,0.0,0.0,0.0,0.0,0.0,0.0,0.0,0.0,0.0,0.0,0.0,0.0,0.0,0.0,0.0,4.0,28.0,178.0,196.0,202.0,192.0,196.0,188.0,190.0,114.0,22.0,130.0,226.0,218.0,210.0,206.0,202.0,198.0,192.0,188.0,186.0,184.0,178.0,176.0,174.0,172.0,172.0,170.0,168.0,166.0,164.0,164.0
2025-03-23,164.0,162.0,162.0,162.0,162.0,162.0,162.0,160.0,160.0,160.0,158.0,158.0,158.0,158.0,158.0,156.0,158.0,156.0,156.0,156.0,156.0,154.0,154.0,154.0,154.0,154.0,152.0,152.0,152.0,152.0,152.0,156.0,162.0,164.0,164.0,164.0,164.0,162.0,122.0,52.0,182.0,176.0,170.0,4.0,0.0,0.0,0.0,0.0,0.0,0.0,2.0,32.0,160.0,184.0,194.0,192.0,196.0,206.0,194.0,196.0,184.0,180.0,180.0,98.0,0.0,0.0,0.0,28.0,148.0,188.0,202.0,184.0,198.0,122.0,100.66666666666667,79.33333333333334,58.0,200.0,200.0,214.0,104.0,30.0,162.0,30.0,158.0,186.0,188.0,186.0,180.0,178.0,180.0,122.0,0.0,30.0,156.0,194.0
2025-03-25,182.0,200.0,204.0,202.0,198.0,194.0,190.0,184.0,180.0,178.0,174.0,174.0,172.0,172.0,170.0,170.0,170.0,168.0,168.0,168.0,166.0,166.0,166.0,166.0,166.0,164.0,164.0,164.0,38.0,112.0,164.0,160.0,160.0,158.0,158.0,158.0,158.0,156.0,158.0,158.0,160.0,172.0,166.0,164.0,164.0,164.0,164.0,164.0,166.0,172.0,168.0,166.0,182.0,180.0,2.0,0.0,0.0,0.0,0.0,0.0,0.0,0.0,0.0,0.0,22.0,108.0,198.0,208.0,206.0,210.0,206.0,202.0,198.0,198.0,196.0,204.0,194.0,188.0,184.0,178.0,178.0,176.0,174.0,188.0,188.0,184.0,178.0,130.0,26.0,142.0,202.0,198.0,196.0,196.0,192.0,192.0
2025-03-26,190.0,186.0,182.0,180.0,180.0,178.0,176.0,176.0,174.0,174.0,172.0,172.0,172.0,174.0,172.0,170.0,170.0,170.0,170.0,170.0,168.0,168.0,168.0,166.0,166.0,166.0,154.22222222222223,142.44444444444446,130.66666666666666,118.88888888888889,107.11111111111111,95.33333333333333,83.55555555555554,71.77777777777777,60.0,170.0,172.0,170.0,170.0,170.0,170.0,180.0,174.0,170.0,188.0,186.0,186.0,180.0,180.0,186.0,186.0,184.0,196.0,176.0,190.0,190.0,192.0,174.0,174.0,176.0,170.0,166.0,162.0,168.0,60.0,0.0,2.0,30.0,186.0,214.0,208.0,206.0,202.0,196.0,188.0,182.0,180.0,180.0,176.0,176.0,174.0,174.0,172.0,176.0,174.0,170.0,0.0,0.0,8.0,42.0,196.0,202.0,190.0,188.0,24.0,116.0
2025-03-27,180.0,178.0,176.0,176.0,174.0,174.0,172.0,172.0,172.0,170.0,170.0,168.0,168.0,168.0,166.0,166.0,166.0,166.0,164.0,164.0,164.0,162.0,164.0,162.0,162.0,162.0,160.0,160.0,160.0,158.0,158.0,160.0,158.0,156.0,156.0,156.0,156.0,162.0,158.0,158.0,156.0,160.0,166.0,172.0,174.0,170.0,170.0,178.0,129.0,80.0,66.0,0.0,0.0,12.0,60.0,194.0,200.0,206.0,200.0,0.0,10.0,22.0,0.0,0.0,0.0,2.0,28.0,162.0,196.0,124.0,0.0,0.0,0.0,18.0,84.0,192.0,194.0,194.0,192.0,110.0,46.0,8.0,0.0,0.0,0.0,2.0,0.0,6.0,10.0,10.0,10.0,18.0,22.0,38.0,92.0,188.0
2025-03-29,178.0,178.0,176.0,176.0,174.0,174.0,172.0,172.0,172.0,170.0,170.0,170.0,168.0,168.0,168.0,168.0,166.0,166.0,166.0,164.0,164.0,164.0,162.0,164.0,162.0,162.0,160.0,160.0,160.0,160.0,158.0,158.0,156.0,158.0,156.0,154.0,156.0,156.0,156.0,158.0,158.0,162.0,164.0,170.0,174.0,178.0,176.0,180.0,178.0,176.0,184.0,116.0,38.0,186.0,188.0,186.0,2.0,1.0,0.0,0.0,0.0,24.0,118.0,188.0,192.0,196.0,176.0,28.0,160.0,198.0,196.0,196.0,194.0,188.0,188.0,188.0,104.0,0.0,22.0,35.2,48.4,61.599999999999994,74.8,88.0,188.0,192.0,194.0,192.0,194.0,188.0,186.0,184.0,182.0,180.0,178.0,180.0
2025-03-30,182.0,186.0,184.0,178.0,178.0,176.0,174.0,172.0,172.0,172.0,170.0,170.0,170.0,168.0,168.0,166.0,166.0,166.0,166.0,164.0,164.0,164.0,164.0,166.0,166.0,164.0,152.22222222222223,140.44444444444446,128.66666666666666,116.88888888888889,105.11111111111111,93.33333333333333,81.55555555555554,69.77777777777777,58.0,166.0,170.0,170.0,170.0,176.0,172.0,168.0,168.0,186.0,190.0,190.0,192.0,190.0,188.0,2.0,0.0,0.0,0.0,0.0,10.0,48.0,190.0,200.0,204.0,156.0,28.0,186.0,212.0,210.0,170.0,178.0,180.0,28.0,0.0,0.0,0.0,2.0,30.0,174.0,190.0,182.0,180.0,70.0,22.0,118.0,208.0,202.0,198.0,194.0,198.0,194.0,192.0,190.0,188.0,186.0,184.0,182.0,180.0,178.0,176.0,174.0
2025-03-31,174.0,174.0,172.0,172.0,170.0,170.0,170.0,169.0,168.0,168.0,168.0,166.0,166.0,168.0,166.0,166.0,164.0,164.0,164.0,164.0,164.0,164.0,162.0,162.0,160.0,158.0,158.0,158.0,158.0,158.0,158.0,160.0,160.0,158.0,158.0,158.0,158.0,158.0,156.0,162.0,170.0,164.0,164.0,164.0,170.0,162.0,170.0,176.0,172.0,182.0,180.0,176.0,174.0,172.0,182.0,190.0,190.0,186.0,180.0,40.0,0.0,0.0,18.0,90.0,192.0,196.0,200.0,198.0,132.0,0.0,0.0,0.0,0.0,0.0,0.0,0.0,0.0,0.0,0.0,0.0,0.0,0.0,0.0,12.0,34.0,146.0,2.0,0.0,0.0,0.0,2.0,12.0,38.0,128.0,188.0,194.0
2025-04-01,200.0,204.0,202.0,198.0,194.0,191.0,188.0,186.0,184.0,182.0,180.0,178.0,176.0,176.0,158.0,80.0,80.0,80.0,82.0,84.0,86.0,46.0,82.0,174.0,174.0,174.0,162.8,151.6,140.4,129.2,118.0,106.80000000000001,95.60000000000001,84.4,73.2,62.0,164.0,168.0,170.0,170.0,172.0,172.0,170.0,172.0,170.0,168.0,168.0,168.0,182.0,180.0,179.0,178.0,174.0,174.0,182.0,180.0,176.0,178.0,184.0,123.0,62.0,190.0,196.0,196.0,204.0,200.0,202.0,198.0,202.0,54.0,0.0,0.0,0.0,0.0,0.0,0.0,0.0,0.0,0.0,22.0,98.0,170.0,170.0,168.0,70.0,8.0,10.0,12.0,30.0,66.0,188.0,160.0,40.0,152.0,186.0,182.0
2025-04-02,56.0,114.0,182.0,180.0,180.0,178.0,178.0,176.0,174.0,174.0,174.0,172.0,172.0,154.0,88.0,86.0,88.0,86.0,78.0,28.0,134.0,170.0,172.0,170.0,172.0,168.72727272727272,165.45454545454547,162.1818181818182,158.9090909090909,155.63636363636363,152.36363636363637,149.0909090909091,145.8181818181818,142.54545454545453,139.27272727272728,136.0,166.0,168.0,166.0,166.0,170.0,174.0,170.0,168.0,172.0,172.0,170.0,174.0,176.0,172.0,174.0,174.0,178.0,126.0,36.0,28.0,0.0,0.0,0.0,0.0,0.0,0.0,0.0,0.0,0.0,0.0,0.0,0.0,0.0,0.0,0.0,0.0,0.0,0.0,0.0,0.0,0.0,0.0,0.0,0.0,0.0,0.0,2.0,32.0,140.0,176.0,182.0,188.0,190.0,190.0,192.0,188.0,168.0,30.0,152.0,176.0
2025-04-03,174.0,172.0,170.0,170.0,168.0,168.0,166.0,166.0,166.0,166.0,166.0,166.0,166.0,164.0,164.0,164.0,162.0,164.0,162.0,162.0,160.0,158.0,158.0,156.0,156.0,156.0,156.0,154.0,154.0,156.0,156.0,154.0,154.0,152.0,152.0,152.0,154.0,154.0,154.0,154.0,160.0,162.0,160.0,160.0,160.0,160.0,156.0,158.0,160.0,164.0,168.0,172.0,168.0,166.0,164.0,170.0,16.0,0.0,0.0,0.0,0.0,0.0,0.0,0.0,0.0,0.0,0.0,0.0,0.0,0.0,0.0,0.0,0.0,0.0,0.0,2.0,14.0,14.0,16.0,26.0,20.0,8.0,2.0,2.0,2.0,0.0,0.0,20.0,26.0,30.0,142.0,168.0,110.0,54.0,174.0,176.0
2025-04-04,176.0,174.0,174.0,172.0,170.0,170.0,170.0,168.0,168.0,166.0,164.0,164.0,164.0,162.0,162.0,162.0,162.0,160.0,160.0,160.0,160.0,160.0,158.0,158.0,158.0,158.0,158.0,154.0,154.0,152.0,154.0,152.0,154.0,154.0,152.0,152.0,154.0,152.0,152.0,154.0,158.0,166.0,162.0,162.0,168.0,164.0,168.0,174.0,174.0,174.0,180.0,180.0,180.0,180.0,182.0,180.0,180.0,182.0,180.0,178.0,182.0,180.0,184.0,180.0,190.0,188.0,186.0,186.0,184.0,184.0,184.0,182.0,180.0,138.0,46.0,0.0,0.0,0.0,0.0,0.0,0.0,0.0,0.0,0.0,0.0,0.0,0.0,0.0,0.0,0.0,0.0,26.0,110.0,170.0,178.0,180.0
2025-04-05,182.0,182.0,180.0,180.0,178.0,176.0,176.0,174.0,172.0,172.0,172.0,170.0,168.0,168.0,168.0,166.0,166.0,164.0,164.0,164.0,164.0,162.0,164.0,164.0,158.0,158.0,158.0,158.0,158.0,156.0,156.0,158.0,156.0,156.0,158.0,158.0,160.0,158.0,158.0,158.0,160.0,160.0,162.0,166.0,162.0,172.0,172.0,170.0,172.0,174.0,174.0,174.0,176.0,178.0,176.0,186.0,186.0,190.0,188.0,186.0,196.0,202.0,202.0,204.0,202.0,198.0,182.0,38.0,0.0,0.0,0.0,0.0,0.0,0.0,0.0,0.0,6.0,30.0,172.0,180.0,2.0,0.0,0.0,8.0,40.0,170.0,176.0,180.0,180.0,182.0,180.0,178.0,178.0,176.0,174.0,174.0
2025-04-06,172.0,172.0,170.0,170.0,168.0,168.0,166.0,166.0,166.0,164.0,164.0,164.0,164.0,164.0,162.0,162.0,162.0,162.0,160.0,160.0,160.0,160.0,168.0,168.0,172.0,166.0,164.0,162.0,164.0,160.0,156.0,156.0,156.0,156.0,158.0,156.0,156.0,156.0,162.0,158.0,0.0,0.0,0.0,0.0,0.0,0.0,0.0,0.0,0.0,0.0,0.0,0.0,0.0,0.0,0.0,0.0,0.0,0.0,26.0,124.0,176.0,182.0,184.0,184.0,186.0,186.0,184.0,184.0,184.0,184.0,34.0,0.0,0.0,0.0,0.0,0.0,0.0,0.0,0.0,0.0,0.0,0.0,0.0,0.0,0.0,0.0,8.0,34.0,164.0,172.0,176.0,178.0,182.0,184.0,186.0,188.0
2025-04-07,188.0,192.0,184.0,180.0,178.0,178.0,176.0,174.0,174.0,172.0,170.0,170.0,170.0,168.0,168.0,166.0,166.0,166.0,166.0,166.0,164.0,164.0,164.0,162.0,162.0,160.0,158.0,158.0,158.0,156.0,156.0,156.0,158.0,156.0,158.0,154.0,36.0,36.0,20.0,22.0,116.0,166.0,166.0,164.0,166.0,164.0,164.0,174.0,170.0,172.0,172.0,170.0,172.0,176.0,104.0,32.0,176.0,176.0,180.0,182.0,178.0,176.0,178.0,184.0,178.0,176.0,182.0,176.0,174.0,178.0,176.0,174.0,174.0,170.0,170.0,170.0,170.0,168.0,162.0,164.0,160.0,160.0,160.0,164.0,164.0,4.0,0.0,0.0,0.0,0.0,0.0,0.0,0.0,0.0,26.0,110.0
2025-04-08,168.0,172.0,172.0,172.0,170.0,170.0,168.0,168.0,168.0,166.0,166.0,164.0,164.0,162.0,162.0,162.0,160.0,160.0,160.0,160.0,158.0,158.0,158.0,158.0,158.0,158.0,156.0,154.0,154.0,154.0,152.0,152.0,152.0,156.0,158.0,158.0,158.0,160.0,160.0,160.0,160.0,160.0,160.0,162.0,162.0,162.0,162.0,160.0,94.0,28.0,140.0,170.0,178.0,2.0,0.0,0.0,0.0,0.0,0.0,0.0,0.0,0.0,0.0,0.0,0.0,0.0,0.0,0.0,0.0,0.0,0.0,0.0,0.0,0.0,0.0,0.0,0.0,0.0,0.0,0.0,0.0,0.0,0.0,0.0,0.0,0.0,0.0,10.0,40.0,136.0,170.0,174.0,174.0,172.0,172.0,170.0
2025-04-09,170.0,168.0,168.0,174.0,44.0,10.0,10.0,22.0,36.0,54.0,164.0,146.0,80.0,80.0,104.0,170.0,170.0,168.0,166.0,166.0,164.0,164.0,164.0,162.0,162.0,160.0,162.0,160.0,160.0,158.0,158.0,156.0,158.0,160.0,160.0,162.0,164.0,162.0,162.0,162.0,162.0,162.0,162.0,162.0,160.0,160.0,158.0,162.0,166.0,164.0,166.0,166.0,2.0,0.0,0.0,0.0,0.0,0.0,0.0,0.0,0.0,0.0,0.0,0.0,0.0,0.0,0.0,0.0,0.0,0.0,2.0,30.0,105.0,180.0,186.0,180.0,176.0,182.0,188.0,186.0,172.0,170.0,172.0,172.0,172.0,172.0,88.0,0.0,2.0,10.0,10.0,6.0,8.0,10.0,44.0,150.0
2025-04-10,182.0,182.0,180.0,178.0,176.0,176.0,174.0,172.0,170.0,170.0,168.0,168.0,168.0,166.0,166.0,164.0,164.0,164.0,162.0,162.0,164.0,162.0,160.0,74.0,84.0,109.33333333333333,134.66666666666666,160.0,160.0,158.0,160.0,158.0,158.0,156.0,156.0,156.0,156.0,156.0,158.0,158.0,158.0,160.0,158.0,160.0,162.0,164.0,164.0,123.0,82.0,176.0,172.0,170.0,170.0,170.0,174.0,174.0,170.0,170.0,172.0,170.0,170.0,40.0,130.0,182.0,184.0,182.0,184.0,186.0,4.0,0.0,0.0,0.0,0.0,0.0,0.0,0.0,0.0,0.0,0.0,0.0,8.0,10.0,40.0,154.0,180.0,184.0,182.0,142.0,30.0,168.0,174.0,172.0,172.0,170.0,170.0,168.0
2025-04-11,168.0,168.0,166.0,166.0,166.0,164.0,164.0,164.0,162.0,162.0,162.0,150.0,88.0,84.0,84.0,84.0,84.0,84.0,86.0,86.0,86.0,86.0,86.0,86.0,36.0,86.0,162.0,164.0,162.0,162.0,162.0,160.0,160.0,160.0,162.0,162.0,162.0,162.0,162.0,162.0,162.0,162.0,164.0,162.0,162.0,160.0,158.0,158.0,158.0,160.0,160.0,158.0,166.0,154.0,142.0,130.0,118.0,106.0,94.0,82.0,170.0,170.0,166.0,2.0,0.0,0.0,0.0,0.0,0.0,0.0,0.0,0.0,0.0,0.0,0.0,0.0,0.0,0.0,0.0,0.0,0.0,0.0,0.0,0.0,0.0,0.0,0.0,20.0,0.0,0.0,0.0,0.0,0.0,0.0,22.0,94.0
2025-04-12,162.0,166.0,170.0,170.0,170.0,168.0,166.0,166.0,164.0,164.0,162.0,162.0,161.0,160.0,158.0,158.0,158.0,158.0,156.0,156.0,156.0,156.0,154.0,154.0,154.0,154.0,152.0,152.0,150.0,148.0,148.0,148.0,148.0,148.0,148.0,148.0,150.0,150.0,150.0,152.0,152.0,152.0,154.0,154.0,158.0,156.0,156.0,154.0,154.0,156.0,156.0,164.0,160.0,106.0,0.0,0.0,0.0,0.0,0.0,0.0,0.0,0.0,0.0,0.0,0.0,0.0,0.0,0.0,0.0,0.0,10.0,44.0,158.0,162.0,162.0,162.0,162.0,160.0,120.0,0.0,0.0,0.0,0.0,0.0,0.0,0.0,0.0,0.0,0.0,0.0,0.0,0.0,0.0,0.0,8.0,36.0
2025-04-13,158.0,166.0,168.0,170.0,170.0,168.0,168.0,168.0,170.0,168.0,168.0,166.0,166.0,164.0,163.0,162.0,162.0,162.0,160.0,160.0,160.0,158.0,158.0,158.0,156.0,154.0,156.0,156.0,154.0,154.0,152.0,152.0,152.0,152.0,152.0,152.0,154.0,156.0,154.0,152.0,174.0,158.0,156.0,164.0,164.0,160.0,158.0,158.0,160.0,168.0,168.0,174.0,176.0,174.0,178.0,174.0,2.0,0.0,0.0,20.0,94.0,178.0,178.0,178.0,180.0,180.0,178.0,176.0,178.0,100.0,0.0,0.0,0.0,0.0,0.0,28.0,118.0,176.0,180.0,97.0,14.0,66.0,174.0,176.0,176.0,176.0,176.0,174.0,174.0,170.0,168.0,166.0,164.0,166.0,166.0,166.0
2025-04-14,166.0,166.0,164.0,164.0,162.0,161.0,160.0,160.0,160.0,158.0,158.0,158.0,158.0,158.0,156.0,156.0,156.0,156.0,158.0,156.0,154.0,154.0,154.0,154.0,152.0,152.0,154.0,150.0,150.0,150.0,152.0,152.0,150.0,150.0,150.0,150.0,2.0,0.0,0.0,0.0,0.0,0.0,0.0,0.0,0.0,0.0,0.0,0.0,28.0,126.0,166.0,168.0,168.0,166.0,168.0,170.0,168.0,168.0,172.0,182.0,180.0,154.0,0.0,0.0,0.0,0.0,0.0,0.0,0.0,0.0,0.0,4.0,8.0,8.0,8.0,8.0,8.0,10.0,8.0,6.0,4.0,2.0,0.0,0.0,0.0,0.0,0.0,0.0,0.0,0.0,0.0,14.0,60.0,162.0,170.0,176.0
2025-04-15,178.0,178.0,176.0,176.0,174.0,174.0,172.0,172.0,170.0,170.0,168.0,168.0,168.0,166.0,168.0,166.0,166.0,166.0,166.0,166.0,164.0,164.0,162.0,160.0,160.0,160.0,118.0,82.0,82.0,82.0,44.0,68.0,158.0,160.0,158.0,158.0,158.0,158.0,160.0,158.0,162.0,161.0,160.0,160.0,162.0,158.0,158.0,164.0,166.0,166.0,166.0,166.0,166.0,164.0,164.0,164.0,164.0,164.0,2.0,0.0,0.0,0.0,0.0,0.0,0.0,0.0,0.0,0.0,0.0,0.0,0.0,0.0,0.0,0.0,0.0,0.0,0.0,0.0,4.0,8.0,0.0,0.0,0.0,0.0,18.0,72.0,166.0,174.0,176.0,178.0,180.0,178.0,177.0,176.0,176.0,174.0
2025-04-16,172.0,172.0,170.0,170.0,170.0,168.0,168.0,166.0,166.0,164.0,164.0,164.0,162.0,162.0,156.0,90.0,84.0,84.0,84.0,82.0,68.0,32.0,62.0,170.0,170.0,168.0,48.0,104.0,160.0,160.0,134.0,30.0,146.0,162.0,160.0,158.0,158.0,158.0,160.0,158.0,164.0,160.0,164.0,160.0,158.0,162.0,168.0,168.0,99.0,30.0,140.0,172.0,170.0,180.0,184.0,184.0,182.0,180.0,180.0,180.0,180.0,180.0,178.0,180.0,182.0,186.0,184.0,182.0,180.0,178.0,176.0,174.0,100.0,0.0,30.0,140.0,178.0,178.0,180.0,178.0,174.0,172.0,172.0,170.0,170.0,168.0,170.0,170.0,170.0,172.0,172.0,172.0,170.0,170.0,168.0,168.0
2025-04-17,166.0,166.0,166.0,164.0,164.0,164.0,164.0,162.0,160.0,160.0,160.0,160.0,160.0,160.0,160.0,160.0,158.0,158.0,158.0,156.0,156.0,156.0,156.0,154.0,156.0,154.0,154.0,154.0,152.0,152.0,152.0,152.0,152.0,152.0,150.0,152.0,152.0,152.0,152.0,152.0,152.0,152.0,154.0,108.0,20.0,30.0,160.0,162.0,168.0,166.0,164.0,162.0,170.0,166.0,164.0,164.0,166.0,166.0,164.0,166.0,2.0,0.0,0.0,0.0,0.0,4.0,28.0,156.0,176.0,164.0,168.0,172.0,166.0,166.0,166.0,164.0,162.0,164.0,164.0,162.0,170.0,170.0,166.0,166.0,164.0,164.0,162.0,164.0,24.0,92.0,164.0,164.0,162.0,162.0,162.0,160.0
2025-04-18,160.0,158.0,158.0,156.0,156.0,156.0,156.0,154.0,154.0,154.0,154.0,154.0,152.0,152.0,152.0,152.0,152.0,152.0,152.0,152.0,152.0,154.0,154.0,152.0,152.0,152.0,152.0,2.0,18.0,80.0,154.0,154.0,152.0,150.0,150.0,152.0,152.0,150.0,152.0,152.0,152.0,158.0,156.0,154.0,158.0,156.0,156.0,156.0,158.0,158.0,164.0,168.0,84.0,0.0,0.0,0.0,0.0,0.0,0.0,0.0,18.0,86.0,172.0,178.0,180.0,180.0,178.0,176.0,176.0,172.0,116.0,0.0,0.0,0.0,0.0,12.0,60.0,168.0,168.0,166.0,166.0,166.0,164.0,110.0,0.0,0.0,0.0,0.0,0.0,0.0,0.0,22.0,90.0,166.0,170.0,172.0
2025-04-19,172.0,172.0,170.0,170.0,168.0,168.0,166.0,166.0,164.0,162.0,2.0,8.0,34.0,162.0,164.0,162.0,162.0,162.0,162.0,160.0,160.0,160.0,160.0,158.0,158.0,158.0,158.0,156.0,154.0,154.0,152.0,152.0,152.0,150.0,150.0,150.0,152.0,154.0,154.0,154.0,154.0,158.0,162.0,168.0,166.0,162.0,164.0,164.0,170.0,174.0,170.0,168.0,166.0,168.0,178.0,172.0,170.0,172.0,174.0,172.0,176.0,170.0,172.0,170.0,170.0,174.0,6.0,30.0,154.0,170.0,170.0,168.0,170.0,168.0,166.0,168.0,172.0,173.0,174.0,176.0,174.0,2.0,0.0,0.0,0.0,0.0,0.0,0.0,0.0,0.0,2.0,30.0,136.0,164.0,166.0,168.0
2025-04-20,168.0,168.0,168.0,170.0,168.0,168.0,168.0,166.0,166.0,164.0,164.0,164.0,162.0,162.0,160.0,160.0,160.0,160.0,158.0,158.0,156.0,156.0,156.0,156.0,154.0,154.0,154.0,154.0,154.0,154.0,154.0,152.0,152.0,152.0,150.0,150.0,152.0,156.0,156.0,128.0,80.0,80.0,80.0,80.0,82.0,82.0,84.0,86.0,86.0,116.0,170.0,6.0,0.0,0.0,0.0,0.0,14.0,28.0,158.0,174.0,176.0,176.0,178.0,182.0,184.0,182.0,180.0,184.0,92.0,0.0,0.0,0.0,0.0,0.0,0.0,0.0,0.0,0.0,0.0,0.0,0.0,0.0,0.0,0.0,0.0,0.0,8.0,34.0,156.0,162.0,164.0,174.0,174.0,174.0,174.0,172.0
2025-04-21,172.0,172.0,170.0,169.0,168.0,168.0,168.0,166.0,166.0,164.0,164.0,164.0,162.0,162.0,162.0,160.0,160.0,158.0,158.0,158.0,156.0,156.0,156.0,156.0,154.0,154.0,152.0,152.0,82.0,70.0,156.0,156.0,154.0,154.0,154.0,164.0,162.0,164.0,164.0,162.0,160.0,162.0,166.0,166.0,168.0,168.0,2.0,0.0,10.0,40.0,34.0,28.0,126.0,168.0,168.0,168.0,168.0,168.0,174.0,172.0,170.0,170.0,168.0,170.0,170.0,170.0,162.0,92.0,72.0,26.0,28.0,166.0,176.0,176.0,178.0,180.0,180.0,176.0,174.0,172.0,170.0,168.0,166.0,162.0,166.0,164.0,160.0,158.0,158.0,156.0,156.0,166.0,162.0,160.0,158.0,158.0
2025-04-22,160.0,160.0,160.0,158.0,156.0,156.0,156.0,154.0,154.0,4.0,0.0,0.0,0.0,0.0,0.0,0.0,0.0,0.0,0.0,0.0,0.0,0.0,0.0,0.0,0.0,0.0,0.0,0.0,0.0,0.0,0.0,0.0,0.0,0.0,0.0,22.0,88.0,152.0,156.0,158.0,160.0,160.0,160.0,160.0,160.0,160.0,164.0,165.0,166.0,164.0,168.0,170.0,170.0,170.0,99.0,28.0,116.0,172.0,172.0,174.0,172.0,172.0,170.0,168.0,174.0,136.0,0.0,0.0,0.0,0.0,0.0,0.0,0.0,0.0,0.0,0.0,0.0,0.0,0.0,0.0,2.0,30.0,144.0,168.0,170.0,170.0,170.0,170.0,170.0,166.0,160.0,160.0,158.0,156.0,158.0,156.0
2025-04-23,156.0,154.0,154.0,152.0,150.0,150.0,150.0,150.0,150.0,150.0,76.0,2.0,0.0,0.0,0.0,0.0,0.0,0.0,0.0,0.0,0.0,0.0,0.0,0.0,0.0,0.0,0.0,0.0,0.0,0.0,0.0,0.0,0.0,0.0,0.0,0.0,0.0,0.0,0.0,0.0,0.0,0.0,10.0,38.0,148.0,152.0,152.0,154.0,152.0,119.0,86.0,162.0,160.0,160.0,158.0,158.0,158.0,156.0,158.0,156.0,158.0,156.0,156.0,156.0,156.0,156.0,154.0,154.0,158.0,154.0,154.0,152.0,150.0,156.0,154.0,152.0,150.0,150.0,154.0,150.0,148.0,148.0,152.0,150.0,146.0,150.0,154.0,156.0,156.0,158.0,160.0,164.0,162.0,160.0,158.0,160.0
2025-04-24,160.0,158.0,158.0,156.0,156.0,156.0,154.0,154.0,152.0,152.0,152.0,152.0,152.0,152.0,150.0,150.0,150.0,150.0,148.0,148.0,148.0,148.0,148.0,148.0,148.0,148.0,148.0,146.0,146.0,146.0,144.0,146.0,146.0,144.0,146.0,146.0,148.0,148.0,4.0,30.0,134.0,158.0,156.0,156.0,156.0,154.0,154.0,154.0,154.0,156.0,154.0,156.0,158.0,158.0,158.0,164.0,168.0,166.0,162.0,160.0,162.0,162.0,2.0,0.0,0.0,0.0,0.0,0.0,0.0,0.0,0.0,0.0,0.0,0.0,0.0,0.0,0.0,0.0,0.0,0.0,0.0,0.0,0.0,0.0,0.0,0.0,0.0,0.0,0.0,0.0,0.0,0.0,0.0,0.0,0.0,0.0
2025-04-25,0.0,0.0,0.0,0.0,0.0,0.0,0.0,0.0,0.0,0.0,0.0,0.0,0.0,0.0,0.0,0.0,0.0,0.0,0.0,0.0,0.0,0.0,0.0,0.0,0.0,0.0,0.0,0.0,0.0,0.0,0.0,0.0,0.0,0.0,0.0,0.0,14.0,54.0,154.0,160.0,162.0,164.0,164.0,151.42857142857142,138.85714285714286,126.28571428571428,113.71428571428572,101.14285714285714,88.57142857142857,76.0,168.0,172.0,172.0,172.0,174.0,174.0,174.0,176.0,174.0,172.0,172.0,170.0,171.0,172.0,166.0,84.0,36.0,82.0,170.0,166.0,166.0,168.0,164.0,164.0,162.0,162.0,162.0,2.0,0.0,0.0,0.0,0.0,0.0,0.0,0.0,18.0,72.0,154.0,156.0,158.0,156.0,156.0,156.0,156.0,154.0,154.0
2025-04-26,154.0,152.0,152.0,150.0,150.0,148.0,148.0,148.0,148.0,146.0,146.0,146.0,146.0,2.0,0.0,0.0,0.0,0.0,0.0,0.0,0.0,0.0,0.0,22.0,86.0,150.0,152.0,152.0,150.0,150.0,150.0,148.0,150.0,152.0,152.0,152.0,152.0,152.0,154.0,154.0,152.0,152.0,152.0,150.0,156.0,158.0,158.0,156.0,158.0,160.0,158.0,156.0,160.0,160.0,160.0,158.0,156.0,156.0,2.0,0.0,0.0,0.0,0.0,0.0,0.0,0.0,0.0,0.0,0.0,0.0,0.0,0.0,0.0,0.0,0.0,0.0,0.0,0.0,0.0,0.0,0.0,0.0,0.0,0.0,0.0,0.0,0.0,0.0,0.0,0.0,0.0,0.0,0.0,0.0,0.0,0.0
2025-04-30,0.0,0.0,0.0,0.0,0.0,0.0,0.0,0.0,0.0,0.0,0.0,0.0,0.0,0.0,0.0,0.0,0.0,0.0,0.0,0.0,0.0,0.0,0.0,0.0,0.0,0.0,0.0,0.0,0.0,0.0,0.0,0.0,0.0,0.0,0.0,0.0,0.0,0.0,0.0,0.0,0.0,0.0,0.0,0.0,0.0,0.0,0.0,0.0,0.0,0.0,0.0,0.0,0.0,0.0,0.0,0.0,0.0,0.0,0.0,0.0,0.0,0.0,0.0,0.0,0.0,0.0,0.0,0.0,0.0,0.0,0.0,0.0,0.0,0.0,0.0,0.0,0.0,0.0,0.0,0.0,0.0,0.0,0.0,0.0,0.0,0.0,0.0,0.0,18.0,72.0,156.0,156.0,156.0,158.0,158.0,160.0
2025-05-01,162.0,162.0,164.0,166.0,166.0,170.0,166.0,166.0,164.0,164.0,164.0,162.0,162.0,162.0,160.0,160.0,160.0,158.0,158.0,158.0,156.0,156.0,156.0,154.0,154.0,154.0,154.0,152.0,152.0,32.0,122.0,154.0,154.0,154.0,156.0,156.0,156.0,154.0,154.0,156.0,156.0,156.0,156.0,158.0,156.0,154.0,154.0,154.0,154.0,156.0,156.0,154.0,156.0,156.0,156.0,156.0,98.0,28.0,80.0,76.0,68.0,28.0,138.0,162.0,160.0,160.0,160.0,158.0,158.0,156.0,156.0,154.0,154.0,154.0,2.0,0.0,0.0,0.0,0.0,0.0,0.0,0.0,0.0,0.0,0.0,0.0,30.0,130.0,156.0,156.0,156.0,156.0,154.0,154.0,154.0,152.0
2025-05-02,152.0,152.0,152.0,150.0,150.0,148.0,148.0,148.0,148.0,148.0,148.0,146.0,150.0,150.0,150.0,148.0,148.0,148.0,148.0,148.0,148.0,146.0,148.0,150.0,146.0,144.0,144.0,144.0,144.0,144.0,142.0,142.0,142.0,142.0,142.0,144.0,142.0,142.0,140.0,142.0,142.0,142.0,142.0,142.0,142.0,142.0,142.0,142.0,144.0,144.0,123.0,102.0,150.0,148.0,148.0,148.0,148.0,148.0,146.0,146.0,154.0,152.0,2.0,0.0,0.0,0.0,0.0,0.0,0.0,0.0,0.0,0.0,0.0,0.0,0.0,0.0,0.0,0.0,0.0,0.0,0.0,16.0,64.0,154.0,158.0,160.0,160.0,160.0,162.0,160.0,162.0,162.0,162.0,160.0,158.0,158.0
2025-05-03,158.0,158.0,156.0,156.0,156.0,156.0,154.0,152.0,152.0,152.0,150.0,150.0,148.0,148.0,148.0,148.0,148.0,146.0,146.0,146.0,146.0,146.0,144.0,144.0,144.0,144.0,144.0,144.0,142.0,142.0,142.0,142.0,142.0,140.0,140.0,140.0,140.0,140.0,142.0,142.0,144.0,144.0,144.0,144.0,144.0,146.0,146.0,146.0,146.0,154.0,152.0,152.0,152.0,154.0,154.0,2.0,0.0,0.0,0.0,0.0,0.0,0.0,0.0,0.0,0.0,0.0,0.0,0.0,0.0,0.0,0.0,0.0,0.0,0.0,0.0,0.0,0.0,0.0,0.0,0.0,0.0,0.0,0.0,24.0,94.0,154.0,156.0,154.0,156.0,158.0,158.0,156.0,158.0,158.0,158.0,156.0
2025-05-04,156.0,154.0,154.0,154.0,152.0,152.0,152.0,150.0,150.0,150.0,148.0,148.0,148.0,148.0,146.0,146.0,146.0,146.0,146.0,146.0,146.0,146.0,144.0,144.0,144.0,144.0,144.0,144.0,142.0,142.0,142.0,140.0,140.0,140.0,144.0,146.0,144.0,146.0,146.0,146.0,146.0,148.0,148.0,148.0,150.0,150.0,2.0,0.0,0.0,0.0,38.0,130.0,156.0,160.0,158.0,66.0,88.0,168.0,168.0,168.0,168.0,170.0,172.0,172.0,170.0,170.0,178.0,176.0,166.0,164.0,154.0,0.0,0.0,0.0,0.0,0.0,0.0,0.0,0.0,0.0,0.0,0.0,6.0,0.0,0.0,0.0,0.0,0.0,0.0,8.0,40.0,124.0,164.0,166.0,168.0,168.0
2025-05-05,166.0,164.0,164.0,162.0,160.0,158.0,156.0,156.0,156.0,154.0,154.0,154.0,154.0,154.0,152.0,152.0,152.0,150.0,150.0,150.0,150.0,150.0,150.0,148.0,150.0,150.0,148.0,146.0,146.0,146.0,146.0,144.0,146.0,144.0,146.0,138.30769230769232,130.6153846153846,122.92307692307692,115.23076923076923,107.53846153846153,99.84615384615384,92.15384615384616,84.46153846153847,76.76923076923077,69.07692307692308,61.38461538461539,53.69230769230769,46.0,44.0,42.0,40.0,38.0,36.0,34.0,32.0,30.0,60.0,28.0,28.0,88.0,158.0,162.0,162.0,162.0,162.0,162.0,162.0,22.0,0.0,2.0,2.0,2.0,2.0,2.0,2.0,2.0,2.0,2.0,2.0,4.0,10.0,10.0,10.0,16.0,24.0,52.0,158.0,164.0,162.0,160.0,160.0,160.0,82.0,80.0,158.0,158.0
2025-05-06,158.0,156.0,156.0,156.0,154.0,154.0,154.0,2.0,0.0,0.0,0.0,0.0,0.0,0.0,0.0,0.0,0.0,0.0,0.0,0.0,0.0,0.0,0.0,0.0,0.0,0.0,0.0,0.0,0.0,0.0,0.0,0.0,0.0,0.0,0.0,0.0,0.0,0.0,0.0,24.0,96.0,150.0,152.0,154.0,154.0,154.0,154.0,156.0,156.0,156.0,160.0,158.0,160.0,162.0,160.0,93.0,26.0,34.0,162.0,164.0,162.0,162.0,162.0,162.0,164.0,164.0,164.0,162.0,64.0,0.0,0.0,0.0,0.0,0.0,0.0,0.0,0.0,0.0,0.0,0.0,8.0,0.0,0.0,0.0,4.0,40.0,103.0,166.0,166.0,170.0,168.0,168.0,166.0,162.0,160.0,156.0
2025-05-07,156.0,154.0,154.0,154.0,152.0,152.0,152.0,152.0,150.0,150.0,150.0,150.0,146.0,30.0,124.0,150.0,150.0,148.0,148.0,2.0,14.0,62.0,146.0,148.0,146.0,146.0,144.0,144.0,144.0,144.0,144.0,144.0,142.0,142.0,140.0,142.0,142.0,144.0,144.0,144.0,144.0,144.0,144.0,144.0,146.0,146.0,146.0,146.0,144.0,149.0,154.0,156.0,156.0,156.0,158.0,162.0,164.0,164.0,162.0,164.0,170.0,172.0,172.0,174.0,176.0,176.0,170.0,164.0,12.0,0.0,0.0,0.0,0.0,0.0,0.0,0.0,0.0,0.0,0.0,0.0,0.0,0.0,0.0,0.0,0.0,0.0,0.0,4.0,30.0,140.0,152.0,154.0,156.0,156.0,154.0,152.0
2025-05-08,152.0,152.0,152.0,152.0,150.0,150.0,150.0,150.0,150.0,150.0,148.0,148.0,148.0,148.0,148.0,148.0,146.0,146.0,146.0,145.0,144.0,144.0,144.0,144.0,142.0,142.0,144.0,142.0,142.0,142.0,142.0,140.0,140.0,140.0,142.0,142.0,142.0,142.0,142.0,140.0,140.0,140.0,142.0,142.0,142.0,142.0,142.0,144.0,144.0,148.0,146.0,146.0,144.0,146.0,24.0,0.0,0.0,0.0,0.0,0.0,0.0,0.0,0.0,0.0,0.0,0.0,0.0,0.0,0.0,0.0,4.0,8.0,8.0,8.0,8.0,8.0,8.0,8.0,8.0,6.0,6.0,4.0,0.0,0.0,0.0,0.0,0.0,4.0,4.0,28.0,94.0,154.0,152.0,152.0,152.0,152.0
2025-05-09,2.0,0.0,0.0,0.0,0.0,0.0,0.0,0.0,0.0,0.0,0.0,0.0,0.0,0.0,0.0,0.0,0.0,0.0,0.0,0.0,0.0,0.0,0.0,0.0,0.0,0.0,0.0,0.0,0.0,0.0,0.0,0.0,0.0,8.0,76.0,144.0,148.0,150.0,152.0,152.0,152.0,158.0,160.0,158.0,158.0,156.0,154.0,156.0,156.0,156.0,156.0,154.0,156.0,154.0,154.0,154.0,154.0,154.0,66.0,0.0,0.0,0.0,0.0,0.0,0.0,0.0,0.0,0.0,0.0,0.0,0.0,0.0,0.0,0.0,0.0,0.0,0.0,0.0,2.0,10.0,10.0,10.0,10.0,10.0,10.0,8.0,6.0,2.0,2.0,16.0,58.0,144.0,148.0,150.0,150.0,150.0
2025-05-10,150.0,150.0,148.0,148.0,148.0,148.0,146.0,146.0,146.0,146.0,146.0,144.0,144.0,144.0,144.0,144.0,144.0,144.0,144.0,144.0,142.0,142.0,142.0,142.0,142.0,140.0,140.0,138.0,2.0,0.0,0.0,0.0,0.0,0.0,0.0,0.0,4.0,16.0,0.0,0.0,28.0,106.0,144.0,144.0,146.0,146.0,146.0,148.0,148.0,148.0,148.0,150.0,148.0,150.0,148.0,148.0,152.0,152.0,150.0,152.0,150.0,152.0,154.0,160.0,158.0,156.0,156.0,158.0,158.0,156.0,154.0,154.0,156.0,154.0,152.0,42.0,0.0,0.0,0.0,0.0,14.0,12.0,10.0,10.0,10.0,10.0,8.0,6.0,4.0,2.0,16.0,60.0,148.0,150.0,152.0,152.0
2025-05-11,152.0,152.0,150.0,150.0,150.0,148.0,148.0,148.0,146.0,146.0,146.0,146.0,144.0,144.0,146.0,144.0,144.0,144.0,142.0,142.0,142.0,142.0,140.0,142.0,140.0,140.0,140.0,140.0,140.0,138.0,138.0,138.0,138.0,138.0,140.0,138.0,140.0,140.0,140.0,140.0,142.0,142.0,146.0,146.0,144.0,146.0,146.0,146.0,146.0,146.0,150.0,148.0,148.0,148.0,148.0,148.0,130.0,0.0,0.0,0.0,0.0,0.0,0.0,0.0,0.0,0.0,0.0,0.0,0.0,0.0,0.0,0.0,0.0,0.0,0.0,0.0,4.0,10.0,10.0,10.0,10.0,10.0,10.0,8.0,4.0,2.0,2.0,0.0,0.0,0.0,0.0,22.0,86.0,150.0,156.0,158.0
2025-05-12,160.0,158.0,158.0,158.0,156.0,156.0,154.0,154.0,154.0,152.0,152.0,152.0,150.0,150.0,150.0,2.0,0.0,0.0,0.0,0.0,0.0,0.0,0.0,0.0,0.0,0.0,0.0,0.0,0.0,0.0,0.0,0.0,0.0,0.0,0.0,0.0,22.0,82.0,146.0,148.0,152.0,156.0,158.0,160.0,156.0,156.0,154.0,154.0,156.0,154.0,154.0,156.0,156.0,156.0,154.0,156.0,154.0,154.0,154.0,154.0,152.0,154.0,154.0,152.0,152.0,152.0,152.0,76.0,0.0,0.0,0.0,0.0,0.0,0.0,0.0,0.0,0.0,0.0,0.0,0.0,0.0,12.0,50.0,146.0,148.0,150.0,148.0,148.0,148.0,146.0,146.0,146.0,148.0,148.0,148.0,146.0
2025-05-13,146.0,146.0,146.0,144.0,144.0,144.0,144.0,144.0,144.0,142.0,142.0,142.0,142.0,142.0,140.0,140.0,140.0,140.0,140.0,140.0,140.0,140.0,138.0,138.0,138.0,138.0,136.0,136.0,136.0,136.0,136.0,136.0,136.0,136.0,136.0,136.0,136.0,137.0,138.0,136.0,140.0,140.0,138.0,138.0,138.0,140.0,140.0,140.0,140.0,142.0,140.0,142.0,144.0,148.0,66.0,0.0,0.0,0.0,0.0,0.0,0.0,0.0,0.0,0.0,0.0,0.0,0.0,0.0,0.0,0.0,0.0,0.0,0.0,0.0,0.0,2.0,8.0,10.0,10.0,6.0,0.0,0.0,0.0,0.0,0.0,0.0,0.0,0.0,10.0,20.0,78.0,156.0,158.0,160.0,162.0,164.0
2025-05-14,162.0,162.0,160.0,160.0,158.0,154.0,150.0,148.0,146.0,146.0,146.0,146.0,144.0,144.0,144.0,144.0,144.0,144.0,144.0,144.0,144.0,140.0,140.0,136.0,140.0,140.0,140.0,140.0,138.0,138.0,2.0,0.0,0.0,0.0,2.0,30.0,126.0,140.0,140.0,144.0,146.0,146.0,146.0,146.0,146.0,146.0,162.0,154.0,156.0,100.0,38.0,74.0,115.0,156.0,156.0,160.0,128.0,28.0,156.0,16.0,8.0,0.0,0.0,12.0,56.0,68.0,0.0,0.0,0.0,0.0,0.0,0.0,0.0,0.0,0.0,0.0,0.0,0.0,0.0,0.0,0.0,0.0,6.0,8.0,8.0,8.0,6.0,6.0,8.0,8.0,10.0,38.0,134.0,116.0,36.0,152.0
2025-05-15,156.0,156.0,156.0,154.0,152.0,152.0,125.0,98.0,106.0,112.0,118.0,118.0,110.0,112.0,106.0,106.0,108.0,112.0,114.0,116.0,106.0,112.0,120.0,106.0,100.0,70.0,42.0,146.0,146.0,146.0,144.0,144.0,144.0,144.0,144.0,144.0,144.0,144.0,144.0,146.0,148.0,148.0,148.0,146.0,146.0,148.0,146.0,148.0,146.0,146.0,148.0,148.0,148.0,148.0,148.0,70.0,0.0,0.0,0.0,0.0,0.0,0.0,0.0,0.0,0.0,0.0,0.0,0.0,0.0,0.0,0.0,0.0,0.0,0.0,0.0,0.0,0.0,0.0,0.0,0.0,0.0,0.0,2.0,6.0,10.0,10.0,10.0,10.0,34.0,110.0,156.0,158.0,158.0,158.0,156.0,154.0
2025-05-16,152.0,150.0,148.0,146.0,146.0,146.0,32.0,112.0,144.0,144.0,144.0,142.0,144.0,142.0,142.0,140.0,142.0,140.0,140.0,140.0,140.0,140.0,140.0,138.0,140.0,138.0,138.0,136.0,138.0,136.0,136.0,136.0,136.0,136.0,136.0,136.0,138.0,138.0,138.0,136.0,144.0,144.0,144.0,144.0,144.0,144.0,148.0,146.0,78.0,0.0,0.0,0.0,0.0,0.0,0.0,0.0,0.0,0.0,0.0,0.0,0.0,0.0,0.0,0.0,0.0,0.0,0.0,0.0,0.0,0.0,0.0,0.0,0.0,0.0,0.0,0.0,0.0,0.0,0.0,0.0,0.0,0.0,0.0,0.0,0.0,10.0,38.0,142.0,148.0,148.0,150.0,150.0,150.0,150.0,150.0,152.0
2025-05-17,152.0,150.0,150.0,148.0,148.0,148.0,148.0,146.0,146.0,146.0,146.0,146.0,144.0,144.0,144.0,144.0,144.0,144.0,144.0,144.0,144.0,142.0,142.0,142.0,142.0,142.0,140.0,140.0,140.0,140.0,140.0,138.0,138.0,138.0,138.0,138.0,138.0,139.0,140.0,140.0,140.0,140.0,140.0,142.0,144.0,144.0,144.0,144.0,144.0,144.0,144.0,144.0,144.0,146.0,142.0,144.0,142.0,138.0,138.0,136.0,136.0,136.0,134.0,134.0,134.0,134.0,130.0,130.0,130.0,130.0,130.0,132.0,132.0,132.0,132.0,132.0,132.0,132.0,132.0,130.0,132.0,132.0,136.0,138.0,132.0,90.0,86.0,86.0,88.0,88.0,88.0,88.0,90.0,90.0,90.0,50.0
2025-05-18,70.0,140.0,140.0,140.0,140.0,140.0,140.0,138.0,138.0,138.0,138.0,138.0,138.0,136.0,136.0,138.0,136.0,136.0,136.0,136.0,136.0,136.0,136.0,136.0,140.0,136.0,134.0,134.0,134.0,134.0,134.0,134.0,134.0,136.0,134.0,134.0,134.0,134.0,134.0,134.0,134.0,134.0,132.0,134.0,134.0,132.0,132.0,132.0,134.0,132.0,132.0,132.0,132.0,132.0,132.0,132.0,132.0,132.0,132.0,134.0,132.0,132.0,2.0,0.0,0.0,0.0,0.0,20.0,82.0,136.0,136.0,136.0,136.0,134.0,134.0,134.0,134.0,136.0,136.0,136.0,134.0,134.0,134.0,134.0,134.0,134.0,134.0,132.0,132.0,132.0,136.0,138.0,136.0,136.0,135.0,134.0
2025-05-19,134.0,134.0,134.0,134.0,134.0,134.0,132.0,132.0,132.0,132.0,132.0,132.0,132.0,132.0,132.0,130.0,130.0,130.0,130.0,130.0,130.0,130.0,132.0,132.0,130.0,130.0,130.0,130.0,130.0,130.0,128.0,128.0,128.0,130.0,130.0,130.0,130.0,130.0,130.0,130.0,130.0,130.0,132.0,132.0,132.0,132.0,132.0,132.0,132.0,134.0,134.0,134.0,134.0,134.0,136.0,138.0,138.0,136.0,136.0,138.0,138.0,138.0,139.0,140.0,140.0,138.0,138.0,140.0,36.0,18.0,0.0,0.0,0.0,0.0,0.0,0.0,0.0,0.0,0.0,0.0,0.0,0.0,0.0,2.0,10.0,8.0,6.0,4.0,2.0,0.0,18.0,64.0,138.0,140.0,140.0,138.0
2025-05-20,138.0,134.0,92.0,2.0,0.0,0.0,0.0,0.0,0.0,0.0,0.0,0.0,0.0,0.0,0.0,0.0,0.0,0.0,0.0,0.0,0.0,0.0,0.0,0.0,0.0,0.0,0.0,0.0,0.0,0.0,0.0,0.0,4.0,8.0,32.0,134.0,136.0,136.0,136.0,136.0,136.0,138.0,138.0,142.0,142.0,140.0,140.0,140.0,142.0,140.0,156.0,176.0,162.0,152.0,148.0,146.0,156.0,148.0,144.0,140.0,140.0,138.0,136.0,136.0,132.0,132.0,130.0,130.0,132.0,132.0,132.0,132.0,132.0,132.0,130.0,130.0,130.0,130.0,130.0,132.0,62.0,0.0,0.0,0.0,0.0,0.0,0.0,0.0,0.0,10.0,8.0,4.0,4.0,2.0,2.0,0.0
2025-05-21,0.0,0.0,0.0,0.0,0.0,0.0,0.0,0.0,0.0,0.0,0.0,0.0,0.0,0.0,0.0,0.0,0.0,0.0,14.0,56.0,134.0,134.0,134.0,134.0,134.0,132.0,132.0,132.0,132.0,132.0,132.0,132.0,132.0,131.0,130.0,130.0,132.0,132.0,132.0,132.0,132.0,132.0,132.0,132.0,130.0,132.0,4.0,0.0,0.0,0.0,0.0,0.0,0.0,0.0,0.0,0.0,0.0,0.0,0.0,0.0,0.0,0.0,0.0,0.0,0.0,0.0,0.0,0.0,0.0,0.0,0.0,0.0,0.0,0.0,0.0,0.0,0.0,0.0,0.0,0.0,0.0,0.0,0.0,0.0,0.0,0.0,0.0,0.0,0.0,0.0,0.0,0.0,0.0,0.0,0.0,0.0
2025-05-22,0.0,0.0,0.0,0.0,0.0,0.0,0.0,0.0,0.0,0.0,0.0,0.0,0.0,0.0,0.0,0.0,0.0,0.0,0.0,0.0,0.0,0.0,0.0,0.0,0.0,0.0,0.0,0.0,0.0,0.0,0.0,0.0,0.0,0.0,0.0,0.0,0.0,30.0,68.0,160.0,164.0,160.0,160.0,160.0,160.0,46.0,100.0,144.0,142.0,144.0,142.0,142.0,144.0,2.0,0.0,0.0,0.0,0.0,0.0,0.0,0.0,0.0,0.0,0.0,0.0,0.0,0.0,0.0,0.0,0.0,0.0,0.0,0.0,0.0,0.0,0.0,0.0,0.0,0.0,0.0,0.0,0.0,30.0,120.0,142.0,142.0,144.0,142.0,142.0,144.0,146.0,148.0,150.0,148.0,148.0,148.0
2025-05-23,146.0,146.0,146.0,146.0,144.0,144.0,144.0,142.0,142.0,142.0,140.0,142.0,138.0,106.0,92.0,96.0,108.0,112.0,112.0,110.0,110.0,110.0,110.0,110.0,104.0,86.0,32.0,140.0,138.0,138.0,138.0,136.0,136.0,136.0,136.0,138.0,138.0,138.0,138.0,138.0,138.0,140.0,140.0,140.0,138.0,136.0,136.0,134.0,134.0,136.0,134.0,136.0,134.0,134.0,134.0,134.0,134.0,132.0,132.0,130.0,130.0,130.0,132.0,130.0,130.0,132.0,132.0,132.0,134.0,134.0,134.0,134.0,134.0,134.0,134.0,132.0,132.0,132.0,136.0,142.0,140.0,138.0,138.0,138.0,136.0,136.0,136.0,136.0,134.0,134.0,134.0,134.0,134.0,134.0,134.0,134.0
2025-05-24,134.0,134.0,132.0,132.0,132.0,132.0,132.0,132.0,132.0,132.0,132.0,132.0,130.0,130.0,130.0,130.0,130.0,130.0,130.0,130.0,130.0,130.0,130.0,130.0,128.0,128.0,128.0,128.0,128.0,130.0,130.0,130.0,130.0,128.0,128.0,128.0,130.0,130.0,130.0,130.0,130.0,130.0,130.0,132.0,130.0,132.0,132.0,128.0,58.0,50.0,74.0,32.0,48.0,44.0,36.0,82.0,78.0,78.0,78.0,78.0,78.0,78.0,78.0,78.0,78.0,18.0,0.0,12.0,50.0,136.0,136.0,136.0,136.0,136.0,134.0,132.0,134.0,132.0,132.0,130.0,130.0,130.0,2.0,0.0,0.0,0.0,0.0,0.0,0.0,0.0,0.0,10.0,40.0,132.0,134.0,134.0
2025-05-25,134.0,134.0,134.0,134.0,132.0,132.0,132.0,132.0,132.0,132.0,132.0,132.0,132.0,132.0,130.0,132.0,130.0,130.0,130.0,130.0,130.0,130.0,130.0,130.0,130.0,130.0,130.0,130.0,128.0,128.0,128.0,128.0,126.0,126.0,128.0,128.0,128.0,128.0,128.0,128.0,128.0,130.0,2.0,0.0,0.0,0.0,0.0,0.0,0.0,0.0,0.0,0.0,0.0,0.0,0.0,0.0,0.0,0.0,0.0,0.0,0.0,0.0,0.0,0.0,0.0,0.0,0.0,0.0,0.0,0.0,0.0,0.0,8.0,10.0,10.0,10.0,10.0,10.0,10.0,10.0,8.0,4.0,2.0,2.0,0.0,0.0,0.0,0.0,0.0,0.0,0.0,0.0,2.0,30.0,118.0,142.0
2025-05-26,146.0,146.0,146.0,146.0,146.0,146.0,144.0,144.0,144.0,142.0,142.0,142.0,142.0,142.0,140.0,140.0,140.0,140.0,140.0,140.0,138.0,138.0,136.0,136.0,136.0,136.0,136.0,136.0,134.0,136.0,136.0,134.0,134.0,134.0,134.0,132.0,132.0,134.0,134.0,136.0,2.0,0.0,0.0,0.0,0.0,0.0,0.0,0.0,0.0,0.0,0.0,0.0,0.0,0.0,0.0,0.0,0.0,0.0,0.0,0.0,0.0,0.0,0.0,0.0,0.0,0.0,0.0,0.0,0.0,0.0,0.0,0.0,0.0,0.0,0.0,0.0,0.0,0.0,0.0,0.0,0.0,0.0,0.0,0.0,0.0,0.0,0.0,0.0,0.0,0.0,4.0,8.0,6.0,28.0,108.0,142.0
2025-05-27,144.0,146.0,146.0,146.0,144.0,144.0,144.0,142.0,142.0,142.0,142.0,142.0,142.0,142.0,140.0,140.0,140.0,138.0,138.0,138.0,138.0,138.0,138.0,136.0,136.0,136.0,136.0,134.0,134.0,134.0,134.0,134.0,134.0,134.0,134.0,134.0,132.0,132.0,128.85714285714286,125.71428571428571,122.57142857142857,119.42857142857143,116.28571428571429,113.14285714285714,110.0,136.0,2.0,0.0,0.0,0.0,0.0,0.0,0.0,0.0,0.0,0.0,0.0,0.0,0.0,0.0,0.0,0.0,0.0,0.0,0.0,0.0,0.0,0.0,0.0,0.0,0.0,0.0,0.0,0.0,0.0,0.0,0.0,0.0,0.0,0.0,30.0,118.0,122.0,10.0,10.0,10.0,10.0,10.0,20.0,58.0,142.0,142.0,146.0,146.0,148.0,146.0
2025-05-28,146.0,146.0,144.0,144.0,142.0,142.0,142.0,140.0,140.0,140.0,140.0,138.0,138.0,138.0,138.0,138.0,136.0,136.0,136.0,136.0,136.0,134.0,134.0,134.0,134.0,134.0,134.0,134.0,134.0,134.0,134.0,132.0,134.0,132.0,132.0,130.0,130.0,132.0,132.0,130.0,130.0,132.0,132.0,132.0,134.0,134.0,134.0,134.0,134.0,134.0,136.0,136.0,136.0,138.0,138.0,112.0,10.0,10.0,10.0,10.0,2.0,0.0,0.0,0.0,0.0,0.0,0.0,0.0,0.0,0.0,0.0,0.0,0.0,0.0,0.0,2.0,2.0,2.0,2.0,2.0,0.0,0.0,0.0,0.0,0.0,10.0,10.0,10.0,28.0,20.0,38.0,134.0,136.0,136.0,136.0,136.0
2025-05-29,134.0,2.0,0.0,0.0,0.0,0.0,0.0,0.0,0.0,0.0,0.0,0.0,0.0,0.0,0.0,0.0,0.0,0.0,0.0,0.0,0.0,0.0,0.0,0.0,0.0,0.0,0.0,0.0,0.0,16.0,58.0,134.0,136.0,136.0,136.0,138.0,136.0,134.0,134.0,134.0,132.0,132.0,132.0,54.0,0.0,0.0,0.0,0.0,6.0,10.0,10.0,10.0,10.0,10.0,10.0,8.0,4.0,2.0,2.0,0.0,0.0,0.0,0.0,0.0,0.0,0.0,0.0,0.0,0.0,0.0,0.0,0.0,0.0,0.0,0.0,0.0,0.0,0.0,0.0,0.0,0.0,0.0,0.0,0.0,0.0,0.0,0.0,0.0,22.0,82.0,136.0,138.0,138.0,138.0,138.0,136.0
2025-05-30,136.0,136.0,134.0,134.0,134.0,134.0,132.0,132.0,132.0,132.0,132.0,130.0,130.0,130.0,130.0,130.0,130.0,130.0,130.0,130.0,130.0,130.0,128.0,128.0,2.0,0.0,0.0,0.0,0.0,0.0,0.0,0.0,0.0,0.0,0.0,0.0,0.0,0.0,0.0,0.0,0.0,0.0,0.0,6.0,30.0,128.0,114.0,84.0,84.0,88.0,18.0,52.0,140.0,140.0,138.0,142.0,140.0,140.0,140.0,140.0,38.0,0.0,4.0,10.0,10.0,10.0,2.0,0.0,0.0,0.0,0.0,0.0,0.0,0.0,0.0,0.0,0.0,0.0,0.0,0.0,0.0,0.0,0.0,0.0,0.0,0.0,0.0,0.0,0.0,0.0,0.0,0.0,26.0,52.0,138.0,142.0
2025-05-31,144.0,144.0,142.0,142.0,142.0,142.0,140.0,140.0,138.0,138.0,138.0,136.0,136.0,136.0,136.0,134.0,134.0,134.0,134.0,134.0,132.0,132.0,132.0,132.0,132.0,132.0,132.0,130.0,130.0,130.0,128.0,128.0,128.0,128.0,128.0,128.0,130.0,130.0,130.0,130.0,130.0,130.0,130.0,130.0,130.0,132.0,132.0,132.0,132.0,132.0,134.0,132.0,134.0,136.0,136.0,136.0,136.0,134.0,2.0,0.0,0.0,0.0,0.0,0.0,0.0,0.0,0.0,0.0,0.0,0.0,0.0,0.0,0.0,0.0,0.0,0.0,0.0,0.0,0.0,0.0,0.0,0.0,0.0,0.0,0.0,0.0,0.0,0.0,0.0,0.0,0.0,0.0,0.0,0.0,0.0,0.0
2025-06-01,0.0,0.0,0.0,0.0,0.0,0.0,0.0,0.0,0.0,0.0,0.0,0.0,0.0,0.0,0.0,0.0,0.0,0.0,0.0,0.0,0.0,0.0,0.0,0.0,0.0,0.0,0.0,0.0,24.0,90.0,136.0,138.0,138.0,130.0,96.0,104.0,106.0,112.0,116.0,88.0,84.0,148.0,152.0,152.0,152.0,152.0,152.0,152.0,152.0,152.0,154.0,154.0,152.0,148.0,146.0,146.0,146.0,146.0,100.0,0.0,0.0,0.0,0.0,0.0,0.0,0.0,0.0,0.0,0.0,0.0,0.0,0.0,0.0,0.0,0.0,0.0,0.0,0.0,0.0,0.0,0.0,6.0,2.0,4.0,2.0,2.0,2.0,2.0,2.0,2.0,2.0,2.0,2.0,2.0,2.0,2.0
2025-06-02,2.0,2.0,0.0,0.0,0.0,0.0,0.0,0.0,2.0,2.0,0.0,0.0,0.0,0.0,0.0,0.0,0.0,0.0,0.0,0.0,0.0,0.0,0.0,0.0,0.0,0.0,0.0,0.0,0.0,0.0,0.0,0.0,0.0,0.0,0.0,0.0,0.0,0.0,0.0,0.0,0.0,2.0,2.0,4.0,4.0,4.0,4.0,4.0,4.0,2.0,1.3333333333333335,0.6666666666666667,0.0,0.0,0.0,18.0,68.0,140.0,142.0,144.0,142.0,140.0,140.0,140.0,138.0,46.0,0.0,0.0,0.0,0.0,0.0,0.0,0.0,0.0,0.0,0.0,0.0,0.0,0.0,0.0,0.0,0.0,0.0,0.0,0.0,0.0,0.0,0.0,0.0,0.0,8.0,10.0,8.0,8.0,8.0,8.0
2025-06-03,6.0,4.0,2.0,0.0,0.0,0.0,0.0,0.0,0.0,0.0,0.0,0.0,0.0,0.0,0.0,0.0,0.0,0.0,0.0,0.0,0.0,0.0,0.0,0.0,0.0,0.0,0.0,0.0,0.0,0.0,28.0,100.0,136.0,136.0,136.0,134.0,134.0,134.0,132.0,132.0,132.0,132.0,134.0,134.0,134.0,132.0,134.0,134.0,12.0,0.0,0.0,0.0,0.0,0.0,0.0,0.0,0.0,0.0,0.0,0.0,0.0,0.0,0.0,0.0,0.0,0.0,0.0,0.0,0.0,0.0,0.0,0.0,18.0,70.0,144.0,2.0,0.0,30.0,120.0,146.0,146.0,146.0,144.0,144.0,144.0,144.0,144.0,142.0,144.0,144.0,142.0,142.0,140.0,140.0,138.0,138.0
2025-06-04,140.0,138.0,138.0,138.0,138.0,138.0,136.0,136.0,136.0,134.0,134.0,134.0,134.0,134.0,134.0,134.0,122.0,108.0,108.0,112.0,116.0,118.0,116.0,120.0,116.0,116.0,118.0,118.0,116.0,116.0,112.0,112.0,112.0,108.0,110.0,112.0,114.0,110.0,108.0,110.0,24.0,0.0,10.0,66.0,122.0,114.0,120.0,118.0,120.0,122.0,122.0,120.0,118.0,118.0,118.0,114.0,114.0,28.0,0.0,0.0,0.0,0.0,0.0,0.0,0.0,0.0,0.0,0.0,0.0,0.0,0.0,0.0,0.0,0.0,0.0,0.0,0.0,0.0,0.0,2.0,8.0,10.0,10.0,10.0,10.0,10.0,8.0,6.0,0.0,0.0,0.0,0.0,0.0,0.0,0.0,0.0
2025-06-05,0.0,0.0,0.0,0.0,0.0,0.0,0.0,0.0,0.0,0.0,0.0,0.0,0.0,0.0,0.0,0.0,0.0,0.0,0.0,0.0,10.0,44.0,132.0,136.0,136.0,136.0,136.0,4.0,0.0,0.0,0.0,0.0,0.0,0.0,0.0,0.0,0.0,0.0,0.0,0.0,0.0,0.0,0.0,0.0,0.0,0.0,0.0,0.0,0.0,0.0,0.0,0.0,0.0,8.0,38.0,136.0,142.0,142.0,142.0,144.0,144.0,142.0,142.0,142.0,142.0,142.0,112.0,0.0,0.0,0.0,0.0,0.0,0.0,0.0,0.0,0.0,0.0,0.0,0.0,0.0,0.0,0.0,0.0,0.0,0.0,0.0,0.0,0.0,26.0,98.0,140.0,142.0,142.0,142.0,140.0,140.0
2025-06-06,140.0,138.0,138.0,138.0,136.0,136.0,136.0,136.0,136.0,136.0,134.0,134.0,134.0,132.0,132.0,132.0,132.0,130.0,130.0,130.0,130.0,130.0,130.0,130.0,130.0,22.0,72.0,132.0,130.0,130.0,128.0,128.0,128.0,128.0,128.0,128.0,126.0,126.0,128.0,126.0,126.0,128.0,128.0,128.0,128.0,128.0,128.0,128.0,130.0,130.0,132.0,136.0,132.0,114.0,0.0,0.0,0.0,0.0,0.0,0.0,0.0,0.0,0.0,0.0,0.0,0.0,0.0,0.0,0.0,0.0,0.0,0.0,0.0,0.0,0.0,0.0,0.0,0.0,0.0,0.0,0.0,0.0,0.0,0.0,0.0,0.0,0.0,0.0,0.0,0.0,0.0,0.0,0.0,0.0,0.0,0.0
2025-06-07,0.0,0.0,0.0,0.0,0.0,0.0,0.0,0.0,0.0,0.0,0.0,0.0,0.0,0.0,0.0,0.0,0.0,0.0,0.0,0.0,0.0,0.0,0.0,0.0,0.0,0.0,0.0,0.0,0.0,0.0,0.0,0.0,0.0,0.0,0.0,4.0,46.0,122.0,138.0,140.0,138.0,136.0,118.0,0.0,0.0,0.0,0.0,0.0,0.0,0.0,0.0,0.0,0.0,0.0,0.0,0.0,0.0,0.0,0.0,0.0,0.0,0.0,0.0,0.0,0.0,0.0,0.0,24.0,122.0,228.0,230.0,240.0,236.0,226.0,160.0,2.0,2.0,2.0,12.0,48.0,144.0,142.0,138.0,138.0,136.0,134.0,134.0,132.0,132.0,132.0,130.0,130.0,130.0,130.0,128.0,128.0
2025-06-08,128.0,128.0,128.0,128.0,128.0,128.0,126.0,126.0,126.0,126.0,126.0,124.0,124.0,124.0,124.0,124.0,124.0,124.0,124.0,124.0,124.0,122.0,122.0,124.0,124.0,124.0,122.0,86.0,0.0,0.0,0.0,26.0,90.0,128.0,102.0,100.0,102.0,104.0,106.0,104.0,104.0,104.0,104.0,104.0,100.0,104.0,22.0,42.0,132.0,132.0,132.0,132.0,130.0,130.0,130.0,130.0,130.0,132.0,132.0,130.0,130.0,130.0,130.0,130.0,112.0,0.0,0.0,0.0,0.0,0.0,0.0,0.0,0.0,0.0,0.0,0.0,0.0,0.0,0.0,0.0,0.0,0.0,0.0,0.0,0.0,0.0,0.0,0.0,0.0,0.0,0.0,0.0,0.0,0.0,0.0,0.0
2025-06-09,0.0,0.0,0.0,0.0,0.0,0.0,0.0,0.0,0.0,0.0,0.0,0.0,0.0,0.0,0.0,0.0,0.0,0.0,0.0,0.0,0.0,0.0,0.0,0.0,0.0,0.0,10.0,42.0,130.0,132.0,132.0,134.0,132.0,134.0,132.0,134.0,136.0,136.0,134.0,134.0,134.0,134.0,132.0,134.0,2.0,0.0,0.0,0.0,0.0,0.0,0.0,0.0,0.0,0.0,0.0,0.0,0.0,0.0,0.0,0.0,0.0,0.0,0.0,0.0,0.0,0.0,0.0,0.0,0.0,0.0,0.0,0.0,0.0,0.0,0.0,0.0,0.0,0.0,0.0,0.0,0.0,0.0,0.0,0.0,0.0,0.0,0.0,0.0,0.0,0.0,0.0,0.0,0.0,0.0,0.0,0.0
2025-06-10,0.0,0.0,0.0,0.0,0.0,0.0,0.0,0.0,0.0,0.0,0.0,0.0,0.0,0.0,0.0,0.0,0.0,0.0,0.0,0.0,0.0,0.0,10.0,42.0,132.0,134.0,134.0,134.0,134.0,134.0,132.0,130.0,130.0,130.0,130.0,130.0,130.0,130.0,130.0,130.0,130.0,130.0,130.0,130.0,130.0,132.0,132.0,134.0,134.0,134.0,134.0,136.0,136.0,136.0,134.0,136.0,136.0,26.0,0.0,0.0,0.0,0.0,0.0,0.0,0.0,0.0,0.0,0.0,0.0,0.0,0.0,0.0,0.0,0.0,0.0,0.0,0.0,0.0,0.0,0.0,0.0,0.0,0.0,0.0,0.0,0.0,0.0,0.0,0.0,0.0,0.0,0.0,0.0,2.0,10.0,10.0
2025-06-11,8.0,8.0,8.0,6.0,4.0,2.0,2.0,0.0,0.0,0.0,0.0,0.0,0.0,0.0,0.0,0.0,0.0,0.0,0.0,0.0,0.0,0.0,0.0,0.0,0.0,0.0,0.0,0.0,0.0,0.0,0.0,0.0,0.0,0.0,24.0,84.0,136.0,138.0,138.0,140.0,140.0,140.0,138.0,138.0,52.0,0.0,0.0,0.0,0.0,0.0,0.0,0.0,0.0,0.0,0.0,0.0,0.0,0.0,0.0,0.0,0.0,0.0,0.0,0.0,0.0,0.0,0.0,0.0,0.0,0.0,0.0,0.0,0.0,0.0,0.0,0.0,0.0,4.0,6.0,6.0,6.0,6.0,6.0,6.0,6.0,6.0,0.0,0.0,0.0,6.0,10.0,10.0,8.0,6.0,6.0,2.0
2025-06-12,2.0,0.0,0.0,0.0,0.0,0.0,0.0,0.0,0.0,0.0,0.0,0.0,0.0,0.0,0.0,0.0,0.0,0.0,0.0,0.0,0.0,0.0,28.0,98.0,132.0,134.0,132.0,132.0,130.0,130.0,132.0,130.0,130.0,130.0,130.0,130.0,82.0,0.0,0.0,0.0,0.0,0.0,0.0,0.0,0.0,0.0,0.0,0.0,0.0,0.0,0.0,0.0,0.0,0.0,0.0,0.0,0.0,0.0,0.0,0.0,0.0,2.0,10.0,10.0,10.0,10.0,10.0,10.0,8.0,4.0,2.0,2.0,0.0,0.0,0.0,0.0,0.0,0.0,0.0,2.0,0.0,0.0,0.0,0.0,0.0,0.0,0.0,0.0,0.0,0.0,0.0,0.0,0.0,0.0,0.0,0.0
2025-06-13,0.0,0.0,0.0,0.0,0.0,0.0,0.0,0.0,0.0,0.0,0.0,0.0,0.0,0.0,0.0,0.0,0.0,0.0,0.0,0.0,0.0,2.0,0.0,0.0,2.0,10.0,10.0,4.0,0.0,0.0,0.0,0.0,0.0,0.0,0.0,0.0,0.0,0.0,0.0,0.0,0.0,0.0,0.0,0.0,0.0,0.0,0.0,0.0,0.0,0.0,0.0,0.0,0.0,0.0,0.0,0.0,0.0,0.0,0.0,0.0,0.0,0.0,0.0,0.0,0.0,0.0,0.0,0.0,0.0,0.0,0.0,0.0,0.0,0.0,0.0,0.0,0.0,0.0,0.0,0.0,0.0,0.0,0.0,0.0,0.0,0.0,0.0,0.0,0.0,0.0,0.0,0.0,0.0,0.0,0.0,0.0
2025-06-14,0.0,0.0,0.0,0.0,0.0,0.0,0.0,0.0,0.0,0.0,0.0,0.0,0.0,0.0,0.0,0.0,0.0,0.0,0.0,0.0,0.0,0.0,0.0,0.0,0.0,0.0,0.0,0.0,0.0,0.0,26.0,92.0,134.0,136.0,136.0,134.0,134.0,134.0,68.0,0.0,0.0,0.0,0.0,0.0,0.0,0.0,0.0,0.0,0.0,0.0,0.0,0.0,0.0,0.0,0.0,0.0,0.0,0.0,0.0,0.0,0.0,0.0,0.0,0.0,0.0,0.0,0.0,0.0,0.0,0.0,0.0,0.0,0.0,0.0,0.0,0.0,0.0,0.0,0.0,0.0,0.0,0.0,0.0,0.0,0.0,0.0,0.0,0.0,0.0,0.0,0.0,0.0,0.0,0.0,0.0,0.0
2025-06-20,0.0,0.0,0.0,0.0,0.0,0.0,0.0,0.0,0.0,0.0,0.0,0.0,0.0,0.0,0.0,0.0,0.0,0.0,0.0,0.0,0.0,0.0,0.0,0.0,0.0,0.0,4.0,6.0,6.0,4.0,6.0,6.0,0.0,0.0,0.0,0.0,0.0,0.0,0.0,0.0,0.0,0.0,0.0,0.0,0.0,0.0,0.0,0.0,0.0,0.0,0.0,0.0,0.0,0.0,0.0,0.0,0.0,0.0,0.0,0.0,0.0,0.0,0.0,0.0,0.0,0.0,0.0,0.0,0.0,0.0,0.0,0.0,0.0,0.0,0.0,0.0,0.0,0.0,0.0,0.0,0.0,0.0,0.0,0.0,0.0,0.0,0.0,0.0,0.0,0.0,0.0,0.0,0.0,0.0,0.0,0.0
2025-06-23,0.0,0.0,0.0,0.0,0.0,0.0,0.0,0.0,0.0,0.0,0.0,0.0,0.0,0.0,0.0,0.0,0.0,0.0,0.0,0.0,0.0,0.0,0.0,0.0,0.0,0.0,0.0,0.0,0.0,0.0,0.0,0.0,0.0,0.0,0.0,0.0,0.0,0.0,0.0,0.0,0.0,0.0,0.0,0.0,0.0,0.0,0.0,0.0,0.0,0.0,0.0,0.0,0.0,0.0,0.0,0.0,0.0,0.0,0.0,0.0,0.0,0.0,0.0,0.0,0.0,0.0,0.0,0.0,0.0,0.0,0.0,6.0,10.0,10.0,10.0,10.0,10.0,10.0,0.0,0.0,0.0,0.0,0.0,0.0,0.0,0.0,0.0,0.0,0.0,0.0,0.0,0.0,10.0,10.0,10.0,8.0
2025-06-24,4.0,2.0,2.0,0.0,0.0,0.0,0.0,0.0,0.0,0.0,0.0,0.0,0.0,0.0,2.0,0.0,0.0,0.0,0.0,0.0,0.0,0.0,0.0,0.0,0.0,0.0,0.0,0.0,0.0,0.0,0.0,0.0,0.0,0.0,0.0,0.0,0.0,0.0,0.0,0.0,0.0,0.0,0.0,0.0,0.0,0.0,0.0,0.0,0.0,0.0,0.0,0.0,0.0,0.0,0.0,0.0,0.0,0.0,0.0,0.0,0.0,0.0,0.0,0.0,0.0,0.0,0.0,0.0,0.0,0.0,0.0,0.0,0.0,0.0,0.0,0.0,0.0,0.0,0.0,0.0,0.0,0.0,0.0,0.0,0.0,0.0,0.0,0.0,0.0,0.0,0.0,0.0,0.0,0.0,0.0,0.0
2025-06-25,0.0,0.0,8.0,8.0,8.0,6.0,8.0,8.0,8.0,6.0,4.0,2.0,2.0,0.0,0.0,0.0,0.0,0.0,0.0,0.0,0.0,0.0,0.0,0.0,0.0,0.0,0.0,0.0,0.0,0.0,0.0,4.0,30.0,128.0,136.0,138.0,140.0,138.0,138.0,2.0,0.0,0.0,0.0,0.0,0.0,0.0,0.0,0.0,0.0,0.0,0.0,0.0,0.0,0.0,0.0,0.0,0.0,0.0,0.0,0.0,0.0,0.0,0.0,0.0,0.0,0.0,0.0,0.0,0.0,0.0,0.0,0.0,0.0,0.0,0.0,0.0,0.0,0.0,0.0,0.0,0.0,0.0,0.0,0.0,0.0,0.0,0.0,0.0,0.0,0.0,0.0,0.0,0.0,0.0,0.0,0.0
2025-06-26,0.0,0.0,0.0,0.0,0.0,0.0,0.0,0.0,0.0,0.0,0.0,0.0,0.0,0.0,0.0,0.0,0.0,0.0,0.0,0.0,0.0,0.0,0.0,0.0,0.0,0.0,0.0,0.0,0.0,0.0,0.0,0.0,0.0,0.0,0.0,0.0,0.0,0.0,0.0,0.0,0.0,0.0,0.0,0.0,0.0,0.0,0.0,0.0,0.0,0.0,0.0,0.0,0.0,0.0,0.0,0.0,0.0,0.0,0.0,0.0,0.0,0.0,0.0,0.0,0.0,0.0,0.0,0.0,0.0,0.0,0.0,0.0,0.0,0.0,0.0,0.0,0.0,0.0,0.0,0.0,0.0,0.0,0.0,4.0,12.0,12.0,14.0,12.0,4.0,4.0,4.0,4.0,6.0,14.0,14.0,14.0
2025-06-27,10.0,10.0,6.0,4.0,2.0,2.0,2.0,0.0,2.0,0.0,0.0,0.0,0.0,2.0,0.0,0.0,0.0,0.0,0.0,0.0,0.0,0.0,0.0,0.0,0.0,0.0,0.0,0.0,0.0,0.0,0.0,0.0,0.0,0.0,0.0,0.0,2.0,4.0,6.0,6.0,6.0,6.0,6.0,6.0,6.0,6.0,4.0,2.0,2.0,6.0,30.0,128.0,136.0,138.0,138.0,138.0,138.0,136.0,136.0,136.0,136.0,136.0,136.0,134.0,134.0,134.0,134.0,90.0,0.0,0.0,0.0,0.0,0.0,0.0,0.0,0.0,0.0,0.0,0.0,0.0,0.0,0.0,0.0,0.0,0.0,0.0,0.0,0.0,0.0,0.0,2.0,2.0,2.0,2.0,4.0,8.0
2025-06-28,8.0,10.0,6.0,6.0,10.0,10.0,10.0,6.0,4.0,2.0,2.0,0.0,0.0,0.0,0.0,0.0,0.0,0.0,0.0,0.0,0.0,0.0,0.0,0.0,0.0,0.0,0.0,0.0,0.0,0.0,0.0,0.0,0.0,0.0,0.0,0.0,0.0,0.0,0.0,0.0,0.0,0.0,0.0,0.0,0.0,0.0,0.0,0.0,0.0,0.0,0.0,0.0,0.0,0.0,0.0,0.0,0.0,0.0,0.0,0.0,0.0,0.0,0.0,0.0,0.0,0.0,0.0,0.0,0.0,0.0,0.0,0.0,0.0,0.0,0.0,0.0,0.0,0.0,0.0,0.0,0.0,0.0,0.0,0.0,0.0,0.0,0.0,0.0,0.0,0.0,0.0,0.0,0.0,0.0,0.0,0.0
2025-07-01,0.0,0.0,0.0,0.0,0.0,0.0,0.0,0.0,0.0,0.0,0.0,0.0,0.0,0.0,0.0,0.0,0.0,0.0,0.0,0.0,0.0,0.0,0.0,0.0,0.0,0.0,0.0,0.0,0.0,0.0,0.0,0.0,0.0,0.0,0.0,0.0,0.0,0.0,0.0,0.0,0.0,0.0,0.0,0.0,0.0,0.0,0.0,0.0,0.0,0.0,0.0,0.0,0.0,0.0,0.0,0.0,0.0,0.0,0.0,0.0,0.0,0.0,0.0,0.0,0.0,0.0,0.0,0.0,0.0,0.0,0.0,2.0,2.0,2.0,0.0,0.0,0.0,0.0,0.0,0.0,0.0,0.0,0.0,8.0,12.0,12.0,10.0,12.0,16.0,12.0,10.0,12.0,10.0,6.0,4.0,8.0
2025-07-02,34.0,124.0,138.0,140.0,140.0,140.0,140.0,138.0,138.0,138.0,136.0,136.0,134.0,134.0,134.0,134.0,134.0,132.0,132.0,132.0,132.0,130.0,130.0,130.0,130.0,128.0,128.0,128.0,128.0,128.0,126.0,126.0,124.0,124.0,124.0,124.0,126.0,126.0,124.0,124.0,126.0,126.0,126.0,124.0,126.0,128.0,128.0,128.0,124.0,98.0,98.0,106.0,108.0,32.0,28.0,68.0,76.0,14.0,0.0,0.0,0.0,0.0,0.0,0.0,0.0,0.0,0.0,0.0,0.0,0.0,0.0,0.0,0.0,0.0,0.0,0.0,0.0,0.0,0.0,0.0,0.0,0.0,0.0,0.0,0.0,0.0,0.0,0.0,0.0,0.0,0.0,0.0,0.0,0.0,0.0,0.0
2025-07-03,0.0,0.0,0.0,0.0,0.0,0.0,0.0,0.0,0.0,0.0,0.0,0.0,0.0,0.0,0.0,0.0,0.0,0.0,0.0,0.0,0.0,0.0,0.0,0.0,0.0,0.0,0.0,0.0,18.0,64.0,130.0,132.0,132.0,132.0,130.0,128.0,128.0,128.0,128.0,126.0,126.0,126.0,126.0,126.0,126.0,126.0,126.0,126.0,124.0,124.0,122.0,0.0,0.0,0.0,0.0,0.0,0.0,0.0,0.0,0.0,0.0,0.0,0.0,0.0,0.0,0.0,0.0,0.0,0.0,0.0,0.0,0.0,0.0,4.0,4.0,8.0,8.0,6.0,6.0,6.0,6.0,4.0,2.0,0.0,0.0,0.0,0.0,0.0,0.0,0.0,0.0,0.0,0.0,0.0,0.0,0.0
2025-07-04,0.0,0.0,0.0,0.0,0.0,0.0,0.0,0.0,0.0,0.0,0.0,0.0,0.0,0.0,0.0,0.0,0.0,0.0,0.0,0.0,0.0,0.0,0.0,10.0,10.0,14.0,14.0,4.0,0.0,0.0,0.0,0.0,0.0,0.0,0.0,24.0,84.0,132.0,132.0,132.0,132.0,130.0,130.0,130.0,128.0,128.0,128.0,128.0,126.0,126.0,126.0,126.0,126.0,126.0,126.0,124.0,126.0,124.0,124.0,124.0,124.0,2.0,0.0,0.0,0.0,0.0,0.0,0.0,0.0,0.0,0.0,0.0,0.0,0.0,0.0,0.0,0.0,0.0,0.0,0.0,0.0,0.0,0.0,0.0,0.0,0.0,0.0,0.0,0.0,0.0,0.0,0.0,0.0,0.0,0.0,0.0
2025-07-24,0.0,0.0,0.0,0.0,0.0,0.0,0.0,0.0,0.0,0.0,0.0,0.0,0.0,0.0,0.0,0.0,0.0,0.0,0.0,0.0,0.0,0.0,0.0,0.0,0.0,0.0,0.0,0.0,0.0,0.0,0.0,0.0,0.0,0.0,0.0,0.0,0.0,0.0,0.0,0.0,0.0,0.0,0.0,0.0,0.0,0.0,0.0,0.0,0.0,0.0,0.0,0.0,0.0,0.0,0.0,0.0,0.0,2.0,0.0,0.0,0.0,0.0,0.0,0.0,0.0,0.0,0.0,0.0,0.0,14.0,56.0,136.0,140.0,142.0,140.0,140.0,140.0,138.0,138.0,136.0,136.0,134.0,136.0,136.0,136.0,134.0,134.0,134.0,134.0,132.0,132.0,132.0,132.0,132.0,132.0,130.0
2025-07-25,130.0,130.0,130.0,130.0,128.0,128.0,128.0,128.0,128.0,128.0,126.0,126.0,126.0,126.0,126.0,126.0,126.0,126.0,126.0,126.0,126.0,126.0,124.0,124.0,124.0,96.0,94.0,94.0,96.0,60.0,4.0,30.0,120.0,126.0,126.0,126.0,126.0,126.0,126.0,126.0,126.0,124.0,124.0,124.0,124.0,126.0,126.0,126.0,126.0,126.0,126.0,126.0,126.0,126.0,2.0,0.0,0.0,0.0,0.0,0.0,0.0,0.0,0.0,0.0,0.0,0.0,0.0,0.0,0.0,0.0,0.0,0.0,0.0,0.0,0.0,0.0,0.0,0.0,0.0,20.0,74.0,128.0,128.0,128.0,126.0,126.0,124.0,126.0,126.0,126.0,126.0,126.0,126.0,98.66666666666667,71.33333333333334,44.0
2025-07-27,0.0,0.0,0.0,0.0,0.0,0.0,0.0,0.0,0.0,0.0,0.0,0.0,0.0,0.0,0.0,0.0,0.0,0.0,0.0,0.0,0.0,0.0,0.0,0.0,0.0,0.0,0.0,0.0,0.0,0.0,0.0,0.0,0.0,0.0,0.0,0.0,0.0,8.0,36.0,126.0,128.0,128.0,128.0,128.0,128.0,128.0,126.0,126.0,126.0,32.0,0.0,0.0,0.0,0.0,0.0,0.0,0.0,0.0,0.0,0.0,0.0,0.0,0.0,0.0,0.0,0.0,0.0,0.0,0.0,0.0,0.0,0.0,0.0,0.0,0.0,0.0,0.0,0.0,0.0,0.0,0.0,0.0,0.0,0.0,0.0,0.0,0.0,0.0,0.0,0.0,0.0,0.0,0.0,0.0,0.0,0.0
2025-08-02,132.0,132.0,131.0,130.0,130.0,130.0,128.0,128.0,128.0,128.0,126.0,126.0,126.0,126.0,126.0,126.0,126.0,126.0,124.0,124.0,124.0,124.0,124.0,124.0,124.0,122.0,113.0,104.0,95.0,86.0,77.0,68.0,10.0,0.0,12.0,24.0,36.0,48.0,60.0,72.0,84.0,126.0,110.25,94.5,78.75,63.0,47.25,31.5,15.75,0.0,18.0,68.0,128.0,85.33333333333334,42.66666666666667,0.0,0.0,0.0,0.0,0.0,0.0,0.0,0.0,0.0,0.0,0.0,0.0,0.0,0.0,0.0,0.0,0.0,0.0,30.0,2.0,0.0,22.0,84.0,132.0,136.0,136.0,136.0,134.0,132.0,132.0,130.0,130.0,130.0,128.0,126.0,126.0,124.0,124.0,106.0,0.0,0.0
2025-08-03,0.0,0.0,0.0,0.0,0.0,0.0,0.0,0.0,0.0,0.0,0.0,0.0,0.0,0.0,0.0,0.0,0.0,0.0,0.0,0.0,0.0,0.0,0.0,0.0,2.0,30.0,116.0,126.0,128.0,128.0,128.0,106.0,84.0,128.0,128.0,126.0,128.0,128.0,128.0,128.0,128.0,128.0,128.0,128.0,128.0,132.0,2.0,0.0,0.0,0.0,0.0,0.0,0.0,0.0,0.0,0.0,0.0,0.0,0.0,0.0,0.0,0.0,0.0,0.0,0.0,0.0,0.0,0.0,0.0,0.0,0.0,0.0,0.0,0.0,0.0,0.0,0.0,0.0,0.0,0.0,0.0,0.0,0.0,0.0,0.0,0.0,0.0,0.0,0.0,0.0,0.0,0.0,0.0,0.0,0.0,0.0
2025-08-13,0.0,0.0,0.0,0.0,0.0,0.0,0.0,0.0,0.0,0.0,0.0,0.0,0.0,0.0,0.0,0.0,0.0,0.0,0.0,0.0,0.0,0.0,0.0,0.0,0.0,0.0,0.0,0.0,0.0,0.0,0.0,0.0,0.0,0.0,0.0,0.0,0.0,0.0,0.0,0.0,0.0,0.0,0.0,0.0,0.0,0.0,0.0,0.0,0.0,0.0,0.0,0.0,0.0,0.0,0.0,0.0,0.0,0.0,0.0,0.0,0.0,0.0,0.0,0.0,0.0,0.0,0.0,0.0,0.0,0.0,0.0,0.0,0.0,0.0,0.0,0.0,0.0,0.0,0.0,0.0,0.0,0.0,0.0,0.0,0.0,0.0,0.0,0.0,0.0,0.0,0.0,0.0,2.0,2.0,2.0,2.0
2025-08-14,2.0,2.0,2.0,2.0,2.0,2.0,2.0,2.0,2.0,0.0,2.0,0.0,0.0,0.0,0.0,0.0,0.0,0.0,0.0,0.0,0.0,0.0,0.0,0.0,0.0,0.0,0.0,0.0,2.0,6.0,6.0,6.0,6.0,4.0,4.0,6.0,6.0,6.0,6.0,6.0,6.0,4.0,4.0,2.0,2.0,6.0,0.0,0.0,0.0,0.0,2.0,2.0,0.0,0.0,2.0,0.0,0.0,0.0,0.0,0.0,0.0,0.0,0.0,0.0,0.0,0.0,0.0,0.0,0.0,0.0,0.0,0.0,0.0,0.0,0.0,0.0,0.0,2.0,0.0,2.0,16.0,18.0,10.0,6.0,6.0,4.0,2.0,4.0,4.0,2.0,0.0,0.0,0.0,0.0,0.0,0.0
2025-08-15,0.0,0.0,0.0,0.0,0.0,0.0,0.0,0.0,0.0,0.0,0.0,0.0,0.0,0.0,0.0,0.0,0.0,0.0,0.0,0.0,0.0,0.0,0.0,0.0,0.0,0.0,0.0,4.0,6.0,0.0,2.0,2.0,0.0,0.0,0.0,2.0,0.0,2.0,2.0,2.0,0.0,0.0,0.0,0.0,0.0,0.0,0.0,0.0,0.0,0.0,0.0,0.0,0.0,0.0,0.0,0.0,0.0,2.0,2.0,2.0,2.0,0.0,0.0,0.0,2.0,0.0,0.0,0.0,2.0,2.0,2.0,0.0,0.0,0.0,0.0,0.0,0.0,0.0,0.0,2.0,0.0,0.0,0.0,0.0,2.0,0.0,0.0,1.0,2.0,0.0,0.0,0.0,0.0,0.0,0.0,0.0
2025-08-16,0.0,0.0,0.0,0.0,0.0,0.0,0.0,0.0,0.0,0.0,0.0,2.0,0.0,0.0,0.0,0.0,0.0,0.0,0.0,0.0,0.0,0.0,0.0,0.0,0.0,0.0,0.0,0.0,0.0,0.0,0.0,0.0,0.0,0.0,0.0,0.0,0.0,0.0,0.0,2.0,2.0,0.0,2.0,2.0,0.0,0.0,0.0,0.0,0.0,0.0,0.0,0.0,0.0,0.0,0.0,0.0,0.0,0.0,0.0,0.0,0.0,0.0,0.0,0.0,0.0,0.0,0.0,0.0,0.0,0.0,0.0,0.0,0.0,0.0,2.0,2.0,0.0,0.0,0.0,0.0,0.0,0.0,0.0,0.0,0.0,0.0,0.0,0.0,0.0,0.0,0.0,2.0,2.0,2.0,2.0,2.0
2025-08-17,2.0,2.0,2.0,2.0,2.0,0.0,2.0,0.0,0.0,0.0,0.0,0.0,0.0,0.0,0.0,0.0,0.0,0.0,0.0,0.0,0.0,0.0,4.0,2.0,0.0,0.0,2.0,2.0,2.0,0.0,0.0,0.0,0.0,0.0,0.0,2.0,0.0,0.0,0.0,0.0,0.0,0.0,2.0,2.0,2.0,2.0,0.0,6.0,2.0,0.0,0.0,0.0,0.0,0.0,0.0,0.0,2.0,2.0,1.0,0.0,0.0,0.0,0.0,0.0,0.0,0.0,0.0,0.0,0.0,0.0,0.0,0.0,0.0,0.0,0.0,0.0,0.0,2.0,0.0,0.0,4.0,4.0,0.0,0.0,0.0,0.0,0.0,0.0,0.0,0.0,0.0,0.0,0.0,0.0,0.0,0.0
2025-08-18,0.0,0.0,0.0,0.0,0.0,0.0,0.0,0.0,0.0,0.0,0.0,2.0,2.0,2.0,2.0,2.0,0.0,0.0,0.0,0.0,0.0,0.0,0.0,0.0,0.0,0.0,0.0,0.0,0.0,0.0,0.0,0.0,0.0,0.0,0.0,0.0,0.0,0.0,0.0,0.0,0.0,2.0,2.0,2.0,2.0,0.0,2.0,0.0,0.0,0.0,0.0,0.0,0.0,0.0,0.0,0.0,0.0,0.0,0.0,0.0,0.0,0.0,0.0,0.0,0.0,0.0,0.0,0.0,0.0,0.0,0.0,0.0,0.0,0.0,0.0,0.0,2.0,0.0,0.0,0.0,0.0,0.0,0.0,0.0,0.0,0.0,0.0,0.0,0.0,0.0,0.0,0.0,0.0,0.0,0.0,0.0
2025-08-19,0.0,0.0,0.0,0.0,0.0,0.0,0.0,0.0,0.0,0.0,0.0,0.0,0.0,0.0,0.0,2.0,2.0,0.0,0.0,0.0,0.0,0.0,0.0,0.0,0.0,0.0,0.0,0.0,0.0,0.0,0.0,0.0,0.0,0.0,0.0,0.0,0.0,0.0,0.0,0.0,0.0,0.0,0.0,0.0,0.0,0.0,0.0,0.0,0.0,2.0,2.0,2.0,2.0,2.0,2.0,2.0,0.0,0.0,0.0,0.0,0.0,0.0,0.0,0.0,0.0,0.0,0.0,0.0,0.0,2.0,2.0,0.0,0.0,0.0,0.0,0.0,0.0,0.0,0.0,2.0,2.0,2.0,2.0,0.0,0.0,0.0,0.0,0.0,0.0,0.0,0.0,0.0,0.0,0.0,0.0,0.0
2025-08-20,0.0,0.0,0.0,0.0,0.0,0.0,0.0,0.0,0.0,0.0,0.0,0.0,0.0,0.0,0.0,0.0,0.0,0.0,0.0,0.0,0.0,0.0,0.0,0.0,0.0,0.0,0.0,0.0,0.0,0.0,0.0,0.0,0.0,0.0,0.0,0.0,0.0,0.0,0.0,0.0,0.0,0.0,0.0,0.0,0.0,0.0,0.0,1.0,2.0,0.0,0.0,0.0,0.0,0.0,0.0,0.0,0.0,0.0,0.0,0.0,0.0,0.0,0.0,0.0,0.0,0.0,0.0,0.0,0.0,0.0,0.0,0.0,0.0,0.0,2.0,0.0,0.0,0.0,0.0,0.0,0.0,0.0,0.0,0.0,0.0,0.0,0.0,0.0,0.0,0.0,0.0,0.0,0.0,0.0,0.0,0.0
2025-08-21,0.0,0.0,0.0,0.0,0.0,0.0,0.0,0.0,0.0,0.0,0.0,0.0,0.0,0.0,0.0,0.0,0.0,0.0,0.0,0.0,2.0,6.0,0.0,0.0,0.0,0.0,0.0,0.0,0.0,0.0,0.0,0.0,0.0,0.0,0.0,0.0,0.0,0.0,0.0,0.0,0.0,0.0,0.0,0.0,0.0,0.0,0.0,0.0,0.0,0.0,0.0,0.0,0.0,0.0,0.0,0.0,0.0,0.0,0.0,0.0,0.0,0.0,0.0,0.0,0.0,0.0,0.0,0.0,0.0,0.0,0.0,0.0,0.0,0.0,0.0,0.0,0.0,0.0,0.0,0.0,0.0,0.0,0.0,0.0,0.0,0.0,2.0,0.0,0.0,0.0,0.0,0.0,0.0,0.0,0.0,2.0
2025-08-22,2.0,2.0,2.0,2.0,2.0,2.0,2.0,2.0,0.0,2.0,2.0,2.0,0.0,0.0,0.0,0.0,0.0,0.0,0.0,0.0,0.0,0.0,0.0,0.0,0.0,0.0,0.0,0.0,0.0,0.0,0.0,0.0,0.0,0.0,0.0,0.0,0.0,0.0,0.0,0.0,0.0,0.0,0.0,0.0,0.0,0.0,0.0,2.0,0.0,0.0,0.0,0.0,0.0,0.0,0.0,0.0,0.0,0.0,0.0,0.0,0.0,0.0,0.0,0.0,0.0,0.0,0.0,0.0,0.0,0.0,0.0,0.0,0.0,0.0,0.0,0.0,0.0,0.0,0.0,0.0,0.0,0.0,0.0,0.0,0.0,0.0,0.0,0.0,0.0,0.0,0.0,0.0,0.0,0.0,0.0,0.0
2025-08-28,0.0,0.0,0.0,0.0,0.0,0.0,0.0,0.0,0.0,0.0,0.0,0.0,0.0,0.0,0.0,0.0,0.0,0.0,0.0,0.0,0.0,0.0,0.0,0.0,0.0,0.0,0.0,0.0,0.0,0.0,0.0,0.0,0.0,0.0,0.0,0.0,0.0,0.0,0.0,0.0,0.0,0.0,0.0,0.0,0.0,0.0,0.0,0.0,0.0,0.0,0.0,0.0,0.0,0.0,0.0,0.0,0.0,0.0,0.0,0.0,0.0,0.0,0.0,0.0,0.0,0.0,0.0,0.0,0.0,0.0,0.0,0.0,0.0,0.0,0.0,0.0,0.0,0.0,0.0,0.0,0.0,0.0,0.0,0.0,0.0,6.0,4.0,0.0,0.0,0.0,0.0,0.0,0.0,0.0,0.0,0.0
2025-08-29,0.0,0.0,0.0,0.0,0.0,0.0,0.0,0.0,0.0,0.0,0.0,0.0,0.0,0.0,0.0,0.0,0.0,0.0,0.0,0.0,0.0,0.0,0.0,0.0,0.0,0.0,0.0,0.0,0.0,0.0,0.0,0.0,0.0,0.0,0.0,0.0,2.0,2.0,0.0,0.0,2.0,0.0,0.0,0.0,0.0,0.0,0.0,0.0,0.0,0.0,0.0,0.0,2.0,2.0,2.0,2.0,2.0,2.0,0.0,0.0,0.0,0.0,0.0,0.0,0.0,0.0,0.0,0.0,2.0,2.0,2.0,2.0,2.0,2.0,2.0,2.0,2.0,2.0,4.0,4.0,0.0,0.0,0.0,0.0,0.0,0.0,0.0,0.0,0.0,0.0,0.0,0.0,0.0,0.0,2.0,2.0
2025-08-30,2.0,2.0,2.0,2.0,2.0,2.0,2.0,2.0,2.0,2.0,2.0,2.0,0.0,30.0,100.0,126.0,118.0,2.0,2.0,2.0,2.0,2.0,2.0,2.0,0.0,0.0,0.0,6.0,2.0,0.0,0.0,0.0,0.0,0.0,0.0,0.0,0.0,0.0,0.0,0.0,0.0,0.0,0.0,0.0,0.0,0.0,0.0,0.0,0.0,0.0,2.0,0.0,0.0,0.0,0.0,0.0,0.0,0.0,0.0,0.0,0.0,0.0,0.0,0.0,0.0,0.0,0.0,0.0,0.0,0.0,0.0,0.0,0.0,0.0,0.0,0.0,0.0,0.0,0.0,0.0,0.0,0.0,4.0,10.0,8.0,0.0,2.0,4.0,0.0,0.0,0.0,0.0,2.0,10.0,12.0,6.0
2025-08-31,0.0,0.0,0.0,0.0,0.0,0.0,0.0,0.0,0.0,0.0,0.0,0.0,0.0,0.0,0.0,0.0,0.0,0.0,0.0,0.0,0.0,0.0,0.0,0.0,0.0,0.0,0.0,0.0,0.0,0.0,0.0,0.0,0.0,0.0,0.0,0.0,0.0,0.0,0.0,0.0,2.0,2.0,2.0,2.0,0.0,2.0,0.0,0.0,0.0,0.0,0.0,0.0,0.0,0.0,0.0,0.0,0.0,0.0,0.0,0.0,0.0,0.0,0.0,0.0,0.0,0.0,0.0,0.0,0.0,0.0,0.0,0.0,0.0,0.0,0.0,0.0,0.0,0.0,0.0,4.0,6.0,0.0,0.0,0.0,0.0,0.0,0.0,0.0,0.0,0.0,0.0,2.0,4.0,4.0,2.0,0.0
2025-09-01,0.0,0.0,0.0,0.0,0.0,0.0,0.0,0.0,0.0,0.0,0.0,0.0,0.0,0.0,0.0,0.0,0.0,0.0,0.0,0.0,2.0,6.0,14.0,8.0,10.0,6.0,6.0,4.0,0.0,0.0,0.0,0.0,0.0,0.0,0.0,0.0,0.0,0.0,0.0,0.0,0.0,0.0,0.0,0.0,0.0,0.0,0.0,0.0,0.0,0.0,0.0,0.0,0.0,0.0,0.0,0.0,0.0,0.0,0.0,0.0,0.0,0.0,0.0,0.0,0.0,0.0,0.0,0.0,0.0,0.0,0.0,0.0,0.0,0.0,0.0,0.0,0.0,2.0,0.0,0.0,0.0,0.0,0.0,0.0,0.0,0.0,0.0,0.0,0.0,0.0,0.0,0.0,0.0,0.0,0.0,0.0
2025-09-03,10.0,10.0,8.0,10.0,8.0,6.0,4.0,2.0,2.0,0.0,0.0,0.0,0.0,0.0,0.0,0.0,0.0,0.0,0.0,0.0,0.0,0.0,0.0,0.0,0.0,0.0,0.0,0.0,2.0,4.0,4.0,0.0,0.0,0.0,0.0,0.0,0.0,0.0,0.0,0.0,0.0,0.0,0.0,0.0,0.0,0.0,0.0,0.0,0.0,0.0,0.0,0.0,0.0,2.0,0.0,0.0,0.0,0.0,0.0,0.0,0.0,0.0,0.0,0.0,0.0,0.0,0.0,0.0,0.0,0.0,0.0,0.0,0.0,0.0,0.0,0.0,0.0,0.0,2.0,10.0,10.0,8.0,8.0,10.0,10.0,0.0,0.0,0.0,0.0,0.0,0.0,0.0,0.0,0.0,0.0,0.0
2025-09-04,0.0,0.0,0.0,0.0,0.0,0.0,0.0,0.0,0.0,0.0,0.0,0.0,0.0,0.0,0.0,0.0,0.0,0.0,0.0,0.0,0.0,0.0,0.0,0.0,2.0,5.0,8.0,6.0,4.0,0.0,0.0,0.0,0.0,0.0,0.0,0.0,0.0,0.0,0.0,0.0,0.0,0.0,0.0,0.0,0.0,0.0,0.0,0.0,0.0,0.0,0.0,0.0,0.0,0.0,0.0,0.0,0.0,0.0,0.0,0.0,0.0,0.0,0.0,0.0,0.0,0.0,0.0,0.0,0.0,0.0,0.0,0.0,0.0,0.0,0.0,0.0,0.0,0.0,0.0,0.0,0.0,10.0,10.0,12.0,12.0,12.0,12.0,10.0,0.0,0.0,0.0,0.0,2.0,10.0,10.0,8.0
2025-09-05,8.0,14.0,10.0,6.0,4.0,2.0,2.0,0.0,0.0,0.0,0.0,0.0,0.0,0.0,0.0,0.0,0.0,0.0,0.0,0.0,0.0,0.0,0.0,0.0,0.0,0.0,0.0,0.0,0.0,0.0,0.0,0.0,0.0,0.0,0.0,0.0,0.0,0.0,0.0,0.0,0.0,0.0,0.0,0.0,0.0,0.0,0.0,0.0,0.0,0.0,0.0,0.0,0.0,0.0,10.0,42.0,128.0,132.0,130.0,8.0,128.0,176.0,90.0,0.0,0.0,0.0,0.0,0.0,0.0,0.0,0.0,0.0,0.0,0.0,0.0,0.0,0.0,0.0,0.0,0.0,0.0,0.0,0.0,0.0,0.0,0.0,0.0,0.0,0.0,0.0,0.0,0.0,0.0,0.0,0.0,0.0
2025-09-07,0.0,0.0,0.0,0.0,0.0,0.0,0.0,0.0,0.0,0.0,0.0,0.0,0.0,0.0,0.0,0.0,0.0,0.0,0.0,0.0,0.0,0.0,0.0,0.0,0.0,0.0,0.0,0.0,0.0,0.0,0.0,0.0,0.0,0.0,0.0,0.0,0.0,0.0,0.0,0.0,0.0,0.0,0.0,0.0,0.0,0.0,0.0,0.0,0.0,0.0,0.0,0.0,0.0,0.0,0.0,0.0,0.0,0.0,0.0,0.0,0.0,0.0,0.0,0.0,0.0,0.0,0.0,0.0,0.0,0.0,0.0,0.0,0.0,0.0,0.0,0.0,0.0,0.0,0.0,0.0,0.0,0.0,0.0,0.0,0.0,4.0,14.0,14.0,16.0,16.0,14.0,14.0,14.0,10.0,14.0,16.0
2025-09-08,14.0,14.0,2.0,0.0,0.0,0.0,0.0,0.0,0.0,0.0,0.0,0.0,0.0,0.0,0.0,0.0,0.0,0.0,0.0,2.0,0.0,6.0,6.0,4.0,4.0,2.0,0.0,0.0,0.0,0.0,0.0,0.0,0.0,0.0,0.0,0.0,0.0,0.0,0.0,0.0,0.0,0.0,0.0,0.0,0.0,0.0,10.0,6.0,0.0,0.0,0.0,0.0,0.0,0.0,0.0,0.0,0.0,0.0,0.0,0.0,0.0,0.0,0.0,0.0,0.0,0.0,0.0,0.0,0.0,0.0,0.0,0.0,0.0,0.0,0.0,0.0,0.0,0.0,0.0,10.0,12.0,10.0,6.0,6.0,6.0,4.0,4.0,4.0,2.0,2.0,2.0,2.0,2.0,2.0,0.0,2.0
2025-09-10,0.0,0.0,0.0,0.0,0.0,0.0,0.0,0.0,0.0,0.0,0.0,0.0,0.0,0.0,0.0,0.0,0.0,0.0,0.0,0.0,0.0,0.0,0.0,2.0,8.0,16.0,14.0,10.0,0.0,0.0,0.0,0.0,0.0,0.0,0.0,0.0,0.0,0.0,0.0,0.0,0.0,0.0,0.0,6.0,0.0,0.0,0.0,0.0,0.0,0.0,0.0,0.0,0.0,0.0,0.0,0.0,0.0,0.0,0.0,0.0,0.0,0.0,0.0,0.0,0.0,0.0,0.0,0.0,0.0,18.0,88.0,244.0,256.0,256.0,244.0,234.0,232.0,232.0,230.0,226.0,224.0,82.0,116.0,222.0,220.0,218.93333333333334,217.86666666666667,216.8,215.73333333333332,214.66666666666666,213.6,212.53333333333333,211.46666666666667,210.4,209.33333333333334,208.26666666666668
2025-09-11,207.2,206.13333333333333,205.06666666666666,204.0,202.0,4.0,0.0,0.0,0.0,0.0,0.0,0.0,0.0,0.0,0.0,0.0,0.0,0.0,0.0,0.0,0.0,0.0,0.0,0.0,0.0,0.0,0.0,0.0,0.0,24.0,108.0,190.0,196.0,198.0,198.0,198.0,200.0,200.0,198.0,198.0,198.0,200.0,200.0,198.0,198.0,198.0,204.0,202.0,202.0,204.0,204.0,206.0,118.0,30.0,202.0,214.0,212.0,232.0,228.0,226.0,102.0,0.0,0.0,0.0,0.0,0.0,0.0,0.0,16.0,18.0,86.0,204.0,210.0,212.0,158.0,0.0,0.0,0.0,0.0,0.0,0.0,0.0,8.0,34.0,214.0,218.0,90.0,80.0,216.0,220.0,218.0,218.0,86.0,126.0,220.0,220.0
2025-09-12,114.0,82.0,202.0,204.0,204.0,204.0,202.0,202.0,200.0,198.0,198.0,198.0,198.0,196.0,196.0,196.0,194.0,194.0,192.0,192.0,192.0,190.0,190.0,190.0,190.0,190.0,190.0,190.0,188.0,188.0,188.0,186.0,184.0,184.0,184.0,186.0,186.0,2.0,0.0,0.0,0.0,0.0,0.0,0.0,0.0,0.0,0.0,0.0,0.0,0.0,0.0,0.0,0.0,0.0,0.0,0.0,0.0,0.0,0.0,0.0,0.0,0.0,0.0,0.0,0.0,0.0,0.0,0.0,0.0,0.0,0.0,0.0,0.0,0.0,0.0,0.0,2.0,0.0,0.0,2.0,10.0,10.0,10.0,10.0,2.0,0.0,0.0,0.0,0.0,0.0,0.0,0.0,0.0,0.0,0.0,0.0
2025-09-14,192.0,192.0,192.0,192.0,192.0,190.0,190.0,190.0,188.0,188.0,188.0,188.0,188.0,186.0,186.0,186.0,186.0,124.0,62.0,0.0,0.0,0.0,0.0,0.0,0.0,0.0,0.0,0.0,0.0,0.0,0.0,0.0,0.0,0.0,0.0,0.0,0.0,0.0,0.0,0.0,0.0,0.0,0.0,0.0,0.0,0.0,0.0,0.0,0.0,0.0,0.0,0.0,0.0,0.0,0.0,0.0,0.0,0.0,0.0,0.0,0.0,0.0,0.0,0.0,0.0,0.0,0.0,0.0,0.0,0.0,0.0,0.0,0.0,0.0,0.0,0.0,0.0,0.0,0.0,0.0,0.0,0.0,0.0,0.0,0.0,0.0,0.0,0.0,0.0,0.0,0.0,0.0,0.0,0.0,0.0,0.0
2025-09-15,0.0,0.0,0.0,0.0,0.0,0.0,0.0,0.0,0.0,0.0,0.0,0.0,0.0,0.0,0.0,0.0,0.0,0.0,0.0,0.0,0.0,0.0,0.0,0.0,0.0,0.0,0.0,0.0,0.0,0.0,0.0,0.0,0.0,0.0,0.0,0.0,0.0,0.0,0.0,0.0,0.0,0.0,0.0,0.0,0.0,0.0,0.0,0.0,0.0,0.0,0.0,0.0,0.0,0.0,0.0,0.0,0.0,0.0,0.0,0.0,0.0,0.0,0.0,0.0,0.0,0.0,0.0,0.0,0.0,0.0,8.0,36.0,218.0,254.0,258.0,256.0,250.0,244.0,240.0,236.0,232.0,228.0,226.0,216.0,216.0,210.0,206.0,206.0,212.0,210.0,208.0,206.0,60.0,146.0,210.0,212.0
2025-09-16,214.0,214.0,212.0,210.0,206.0,204.0,202.0,200.0,198.0,198.0,196.0,196.0,196.0,194.0,194.0,194.0,194.0,194.0,192.0,192.0,192.0,158.0,30.0,182.0,188.0,186.0,186.0,184.0,186.0,182.0,184.0,182.0,180.0,182.0,184.0,184.0,2.0,0.0,0.0,0.0,0.0,0.0,0.0,0.0,0.0,0.0,0.0,0.0,0.0,0.0,0.0,0.0,0.0,0.0,0.0,0.0,0.0,0.0,0.0,0.0,0.0,0.0,0.0,0.0,0.0,0.0,0.0,0.0,0.0,0.0,0.0,0.0,0.0,0.0,0.0,0.0,0.0,0.0,0.0,0.0,0.0,0.0,0.0,0.0,0.0,34.0,132.0,196.0,198.0,202.0,204.0,204.0,200.0,198.0,194.0,194.0
2025-09-17,192.0,192.0,190.0,190.0,188.0,188.0,188.0,188.0,188.0,186.0,186.0,186.0,186.0,184.0,184.0,184.0,184.0,160.0,42.0,192.0,188.0,184.0,184.0,192.0,192.0,190.0,190.0,186.0,178.0,172.0,172.0,172.0,170.0,170.0,168.0,170.0,170.0,166.0,166.0,166.0,174.0,170.0,166.0,162.0,162.0,72.0,0.0,0.0,0.0,0.0,0.0,0.0,0.0,0.0,0.0,0.0,0.0,0.0,0.0,0.0,0.0,0.0,0.0,0.0,0.0,0.0,0.0,0.0,0.0,0.0,0.0,0.0,0.0,0.0,160.0,138.0,0.0,0.0,0.0,0.0,0.0,0.0,0.0,6.0,6.0,4.0,10.0,346.0,502.0,584.0,586.0,578.0,572.0,568.0,562.0,556.0
2025-09-18,548.0,542.0,534.0,530.0,526.0,522.0,518.0,518.0,516.0,514.0,510.0,510.0,508.0,508.0,506.0,504.0,504.0,406.0,318.0,314.0,314.0,314.0,316.0,314.0,312.0,310.0,308.0,304.0,304.0,302.0,300.0,298.0,300.0,298.0,294.0,290.0,294.0,290.0,294.0,296.0,316.0,314.0,270.0,0.0,0.0,0.0,0.0,0.0,0.0,0.0,0.0,0.0,0.0,0.0,0.0,48.0,334.0,10.0,0.0,0.0,84.0,342.0,346.0,342.0,344.0,346.0,348.0,348.0,346.0,346.0,344.0,338.0,334.0,282.0,0.0,0.0,0.0,0.0,22.0,8.0,12.0,10.0,8.0,8.0,276.0,340.0,332.0,330.0,330.0,14.0,332.0,324.0,320.0,318.0,318.0,318.0
2025-09-19,316.0,314.0,314.0,312.0,312.0,312.0,312.0,312.0,310.0,310.0,308.0,308.0,306.0,304.0,302.0,302.0,300.0,298.0,298.0,296.0,296.0,296.0,294.0,292.0,294.0,290.0,300.0,292.0,292.0,292.0,290.0,288.0,286.0,286.0,284.0,286.0,286.0,0.0,0.0,0.0,0.0,0.0,0.0,0.0,0.0,0.0,0.0,0.0,0.0,0.0,0.0,0.0,0.0,0.0,0.0,0.0,0.0,0.0,0.0,0.0,0.0,0.0,64.0,10.0,10.0,10.0,10.0,10.0,10.0,8.0,16.0,58.0,204.0,210.0,78.0,0.0,0.0,0.0,0.0,0.0,0.0,0.0,0.0,0.0,0.0,0.0,0.0,0.0,0.0,0.0,0.0,0.0,0.0,0.0,0.0,0.0
2025-09-20,0.0,0.0,0.0,0.0,0.0,0.0,0.0,0.0,0.0,0.0,0.0,0.0,0.0,0.0,0.0,0.0,0.0,0.0,0.0,0.0,0.0,0.0,0.0,10.0,10.0,8.0,2.0,4.0,2.0,1.0,0.0,0.0,46.0,24.0,12.0,0.0,0.0,0.0,0.0,0.0,0.0,0.0,0.0,0.0,0.0,0.0,0.0,0.0,0.0,0.0,0.0,0.0,0.0,0.0,0.0,0.0,0.0,0.0,0.0,0.0,0.0,0.0,346.0,356.0,350.0,350.0,350.0,348.0,344.0,8.0,0.0,0.0,0.0,0.0,0.0,0.0,0.0,0.0,0.0,0.0,288.0,318.0,314.0,314.0,316.0,312.0,312.0,316.0,320.0,318.0,318.0,314.0,314.0,316.0,314.0,314.0
2025-09-21,316.0,316.0,314.0,8.0,0.0,0.0,0.0,0.0,0.0,0.0,0.0,0.0,0.0,0.0,0.0,0.0,0.0,0.0,0.0,0.0,0.0,0.0,0.0,0.0,0.0,0.0,0.0,0.0,0.0,0.0,0.0,0.0,0.0,0.0,0.0,0.0,0.0,0.0,0.0,0.0,0.0,0.0,0.0,0.0,0.0,0.0,0.0,0.0,0.0,0.0,0.0,0.0,0.0,0.0,0.0,0.0,0.0,0.0,0.0,0.0,0.0,0.0,0.0,0.0,0.0,0.0,0.0,26.0,140.0,220.0,222.0,64.0,10.0,10.0,10.0,10.0,14.0,12.0,14.0,14.0,10.0,0.0,0.0,2.0,2.0,0.0,0.0,0.0,312.0,356.0,356.0,360.0,354.0,350.0,350.0,348.0
2025-09-22,346.0,342.0,342.0,342.0,340.0,338.0,336.0,334.0,334.0,332.0,332.0,330.0,328.0,328.0,328.0,328.0,326.0,324.0,324.0,324.0,322.0,322.0,322.0,320.0,318.0,316.0,316.0,316.0,314.0,312.0,310.0,310.0,310.0,310.0,308.0,310.0,302.0,300.0,304.0,306.0,304.0,336.0,76.0,0.0,0.0,0.0,0.0,0.0,0.0,0.0,0.0,0.0,0.0,0.0,0.0,0.0,0.0,0.0,0.0,0.0,0.0,0.0,0.0,112.0,360.0,374.0,352.0,332.0,174.0,10.0,10.0,10.0,8.0,8.0,8.0,8.0,4.0,2.0,0.0,0.0,0.0,4.0,4.0,4.0,6.0,4.0,4.0,4.0,4.0,4.0,4.0,4.0,28.0,354.0,358.0,356.0
2025-09-23,356.0,356.0,354.0,352.0,350.0,348.0,346.0,342.0,340.0,340.0,340.0,340.0,338.0,338.0,336.0,336.0,334.0,24.0,334.0,330.0,326.0,326.0,324.0,322.0,320.0,320.0,320.0,320.0,318.0,318.0,310.0,308.0,306.0,308.0,306.0,304.0,304.0,300.0,296.0,294.0,294.0,296.0,306.0,300.0,300.0,300.0,307.0,314.0,312.0,318.0,6.0,0.0,0.0,0.0,0.0,0.0,0.0,0.0,0.0,0.0,0.0,0.0,0.0,0.0,0.0,0.0,0.0,0.0,0.0,0.0,0.0,62.0,6.0,4.0,4.0,4.0,4.0,8.0,0.0,0.0,0.0,0.0,0.0,0.0,0.0,0.0,0.0,0.0,0.0,0.0,0.0,2.0,10.0,10.0,8.0,8.0
2025-09-24,10.0,8.0,4.0,2.0,2.0,0.0,0.0,0.0,0.0,0.0,0.0,0.0,0.0,0.0,0.0,0.0,0.0,0.0,0.0,0.0,0.0,0.0,76.0,200.0,324.0,322.0,322.0,322.0,320.0,320.0,320.0,316.0,312.0,314.0,316.0,314.0,306.0,44.0,29.333333333333336,14.666666666666668,0.0,0.0,0.0,0.0,0.0,0.0,0.0,0.0,0.0,0.0,0.0,0.0,0.0,0.0,0.0,2.0,2.0,2.0,4.0,2.0,2.0,0.0,0.0,0.0,0.0,0.0,0.0,0.0,0.0,0.0,0.0,0.0,0.0,0.0,0.0,0.0,0.0,0.0,0.0,10.0,10.0,10.0,2.0,0.0,0.0,0.0,0.0,0.0,0.0,0.0,0.0,0.0,0.0,0.0,0.0,0.0
2025-09-26,183.0,194.0,205.0,216.0,212.0,210.0,208.0,204.0,204.0,202.0,200.0,198.0,196.0,194.0,192.0,192.0,190.0,188.0,188.0,186.0,186.0,184.0,182.0,182.0,184.0,182.0,182.0,184.0,2.0,0.0,0.0,32.0,152.0,180.0,178.0,178.0,182.0,182.0,180.0,180.0,182.0,180.0,180.0,178.0,182.0,182.0,182.0,182.0,182.0,190.0,188.0,108.0,0.0,0.0,0.0,0.0,0.0,0.0,14.0,72.0,200.0,200.0,196.0,190.0,172.0,0.0,0.0,0.0,0.0,0.0,0.0,0.0,0.0,0.0,0.0,2.0,4.0,4.0,20.0,78.0,204.0,364.0,560.0,570.0,558.0,564.0,554.0,546.0,534.0,528.0,524.0,524.0,522.0,518.0,512.0,510.0
2025-09-27,510.0,508.0,504.0,502.0,498.0,494.0,496.0,504.0,504.0,502.0,500.0,498.0,496.0,496.0,494.0,492.0,490.0,490.0,488.0,16.0,0.0,0.0,192.0,408.0,500.0,498.0,490.0,490.0,488.0,488.0,488.0,474.0,472.0,468.0,472.0,480.0,480.0,474.0,304.0,302.0,292.0,290.0,194.0,50.0,176.0,178.0,178.0,182.0,314.0,298.0,8.0,0.0,0.0,0.0,0.0,0.0,0.0,0.0,0.0,0.0,0.0,0.0,0.0,0.0,0.0,0.0,0.0,0.0,0.0,0.0,0.0,0.0,0.0,0.0,0.0,0.0,0.0,0.0,0.0,0.0,0.0,0.0,0.0,0.0,0.0,0.0,0.0,0.0,0.0,0.0,0.0,0.0,0.0,0.0,0.0,0.0
2025-09-28,0.0,0.0,0.0,0.0,0.0,0.0,0.0,0.0,0.0,0.0,0.0,0.0,0.0,0.0,0.0,0.0,0.0,0.0,0.0,0.0,0.0,0.0,64.0,12.0,12.0,12.0,12.0,12.0,232.0,342.0,338.0,334.0,336.0,334.0,334.0,334.0,328.0,326.0,328.0,330.0,328.0,330.0,330.0,330.0,336.0,76.0,4.0,8.0,8.0,8.0,8.0,6.0,6.0,6.0,6.0,4.0,0.0,0.0,0.0,0.0,0.0,0.0,0.0,0.0,240.0,8.0,0.0,0.0,0.0,0.0,0.0,0.0,0.0,0.0,0.0,0.0,0.0,0.0,0.0,0.0,0.0,0.0,0.0,0.0,0.0,0.0,0.0,0.0,0.0,0.0,0.0,0.0,0.0,0.0,0.0,0.0
2025-09-29,0.0,0.0,0.0,0.0,0.0,0.0,0.0,0.0,0.0,0.0,0.0,0.0,0.0,0.0,0.0,0.0,0.0,0.0,0.0,0.0,0.0,0.0,0.0,0.0,0.0,0.0,0.0,0.0,0.0,0.0,0.0,0.0,0.0,0.0,182.0,326.0,326.0,324.0,324.0,326.0,328.0,336.0,320.0,306.0,304.0,302.0,300.0,308.0,308.0,162.0,0.0,0.0,0.0,0.0,0.0,0.0,0.0,0.0,0.0,0.0,0.0,0.0,0.0,0.0,0.0,0.0,0.0,0.0,0.0,0.0,0.0,0.0,0.0,2.0,4.0,0.0,2.0,0.0,0.0,4.0,4.0,4.0,6.0,6.0,4.0,6.0,6.0,6.0,6.0,6.0,2.0,0.0,0.0,0.0,0.0,0.0
2025-09-30,0.0,0.0,0.0,0.0,0.0,0.0,0.0,0.0,0.0,0.0,0.0,0.0,0.0,0.0,0.0,0.0,0.0,0.0,0.0,0.0,0.0,0.0,0.0,0.0,0.0,0.0,0.0,0.0,0.0,0.0,0.0,0.0,0.0,0.0,0.0,0.0,0.0,0.0,0.0,38.0,141.33333333333331,244.66666666666666,348.0,338.0,342.0,6.0,0.0,0.0,0.0,0.0,0.0,0.0,0.0,0.0,0.0,0.0,0.0,0.0,0.0,0.0,0.0,0.0,0.0,0.0,0.0,0.0,0.0,0.0,0.0,0.0,0.0,0.0,0.0,0.0,0.0,12.0,6.0,4.0,6.0,10.0,4.0,4.0,6.0,6.0,0.0,94.0,356.0,364.0,356.0,354.0,350.0,344.0,348.0,338.0,338.0,336.0
2025-10-01,336.0,334.0,334.0,332.0,332.0,330.0,328.0,328.0,326.0,326.0,324.0,322.0,324.0,322.0,320.0,320.0,318.0,318.0,316.0,316.0,8.0,0.0,0.0,0.0,0.0,0.0,0.0,0.0,52.0,308.0,300.0,296.0,298.0,306.0,302.0,304.0,208.0,0.0,0.0,0.0,0.0,0.0,0.0,0.0,0.0,0.0,0.0,0.0,0.0,0.0,0.0,0.0,0.0,0.0,0.0,0.0,0.0,0.0,0.0,0.0,0.0,0.0,0.0,0.0,0.0,0.0,0.0,0.0,0.0,0.0,0.0,0.0,0.0,0.0,0.0,0.0,0.0,0.0,0.0,0.0,0.0,0.0,0.0,0.0,0.0,0.0,0.0,0.0,0.0,0.0,0.0,0.0,0.0,0.0,0.0,0.0
2025-10-02,0.0,0.0,0.0,0.0,0.0,0.0,0.0,0.0,0.0,0.0,0.0,0.0,0.0,0.0,0.0,0.0,0.0,0.0,0.0,0.0,0.0,166.0,324.0,320.0,316.0,314.0,314.0,316.0,318.0,316.0,316.0,314.0,116.0,0.0,0.0,0.0,0.0,0.0,0.0,0.0,0.0,0.0,0.0,0.0,4.0,6.0,6.0,6.0,6.0,6.0,6.0,6.0,0.0,0.0,0.0,0.0,0.0,0.0,0.0,0.0,0.0,0.0,0.0,0.0,0.0,0.0,0.0,0.0,0.0,0.0,0.0,0.0,0.0,0.0,0.0,0.0,0.0,0.0,0.0,0.0,0.0,0.0,0.0,0.0,180.0,336.0,342.0,334.0,190.0,0.0,0.0,4.0,296.0,362.0,358.0,350.0
2025-10-03,346.0,344.0,342.0,340.0,338.0,336.0,334.0,336.0,336.0,334.0,332.0,332.0,330.0,330.0,326.0,324.0,324.0,322.0,324.0,322.0,320.0,320.0,146.0,322.0,318.0,324.0,314.0,308.0,306.0,304.0,302.0,298.0,38.0,10.0,10.0,10.0,10.0,10.0,10.0,8.0,4.0,2.0,2.0,0.0,0.0,168.0,322.0,320.0,316.0,316.0,314.0,240.0,0.0,0.0,2.0,2.0,2.0,0.0,2.0,2.0,0.0,0.0,0.0,0.0,0.0,0.0,0.0,2.0,2.0,2.0,2.0,2.0,2.0,2.0,2.0,2.0,2.0,2.0,2.0,0.0,0.0,0.0,0.0,0.0,0.0,0.0,0.0,4.0,4.0,2.0,0.0,0.0,4.0,348.0,350.0,350.0
2025-10-04,8.0,0.0,0.0,0.0,0.0,0.0,0.0,0.0,0.0,0.0,0.0,0.0,0.0,0.0,0.0,0.0,0.0,0.0,0.0,0.0,0.0,0.0,0.0,0.0,0.0,0.0,0.0,0.0,0.0,0.0,0.0,130.0,336.0,336.0,328.0,326.0,328.0,330.0,330.0,328.0,328.0,328.0,324.0,326.0,328.0,328.0,332.0,330.0,328.0,328.0,328.0,320.0,322.0,318.0,78.0,0.0,0.0,0.0,0.0,0.0,0.0,0.0,0.0,0.0,0.0,0.0,0.0,0.0,0.0,0.0,0.0,0.0,0.0,0.0,0.0,0.0,0.0,0.0,8.0,10.0,10.0,6.0,0.0,0.0,0.0,0.0,4.0,4.0,4.0,4.0,4.0,4.0,4.0,254.0,364.0,364.0
2025-10-05,366.0,366.0,364.0,362.0,360.0,356.0,354.0,350.0,350.0,348.0,344.0,342.0,338.0,336.0,336.0,336.0,334.0,334.0,332.0,330.0,330.0,330.0,328.0,328.0,326.0,320.0,316.0,322.0,314.0,312.0,312.0,310.0,308.0,310.0,308.0,306.0,306.0,306.0,8.0,0.0,0.0,0.0,0.0,0.0,0.0,0.0,0.0,0.0,0.0,0.0,0.0,0.0,0.0,0.0,0.0,0.0,0.0,350.0,342.0,336.0,308.0,0.0,0.0,0.0,2.0,0.0,0.0,0.0,0.0,0.0,0.0,0.0,0.0,0.0,0.0,0.0,0.0,0.0,0.0,0.0,0.0,0.0,0.0,0.0,0.0,0.0,0.0,0.0,0.0,2.0,10.0,10.0,10.0,10.0,10.0,6.0
2025-10-06,4.0,2.0,2.0,0.0,0.0,0.0,0.0,0.0,0.0,0.0,0.0,0.0,0.0,0.0,0.0,0.0,0.0,0.0,0.0,0.0,0.0,0.0,0.0,0.0,232.0,326.0,324.0,320.0,318.0,316.0,318.0,318.0,316.0,314.0,314.0,316.0,304.0,322.0,310.0,8.0,0.0,0.0,0.0,0.0,0.0,0.0,0.0,0.0,0.0,0.0,0.0,0.0,0.0,0.0,0.0,0.0,0.0,0.0,0.0,0.0,0.0,0.0,0.0,0.0,0.0,0.0,0.0,0.0,0.0,0.0,0.0,0.0,0.0,0.0,0.0,0.0,0.0,0.0,0.0,0.0,0.0,298.0,302.0,0.0,0.0,8.0,8.0,8.0,6.0,10.0,10.0,10.0,8.0,4.0,2.0,2.0
2025-10-07,0.0,0.0,0.0,0.0,0.0,0.0,0.0,0.0,0.0,0.0,0.0,0.0,0.0,0.0,0.0,2.0,0.0,0.0,0.0,0.0,0.0,0.0,0.0,0.0,0.0,0.0,0.0,0.0,0.0,0.0,0.0,0.0,0.0,0.0,0.0,0.0,0.0,0.0,0.0,0.0,0.0,0.0,0.0,0.0,0.0,0.0,0.0,108.0,320.0,308.0,304.0,0.0,0.0,0.0,0.0,0.0,0.0,0.0,0.0,0.0,0.0,0.0,0.0,0.0,0.0,0.0,0.0,0.0,0.0,0.0,0.0,0.0,0.0,0.0,0.0,0.0,0.0,2.0,10.0,10.0,10.0,60.0,332.0,334.0,330.0,326.0,324.0,326.0,326.0,328.0,328.0,326.0,326.0,324.0,324.0,324.0
2025-10-08,322.0,320.0,318.0,318.0,318.0,316.0,314.0,314.0,314.0,312.0,312.0,310.0,310.0,308.0,306.0,306.0,304.0,302.0,300.0,298.0,296.0,296.0,294.0,292.0,292.0,292.0,292.0,288.0,8.0,0.0,18.0,304.0,296.0,96.0,0.0,0.0,0.0,0.0,2.0,2.0,2.0,2.0,2.0,2.0,2.0,2.0,2.0,2.0,2.0,2.0,2.0,0.0,6.0,8.0,10.0,8.0,8.0,8.0,8.0,6.0,4.0,2.0,2.0,0.0,0.0,0.0,0.0,0.0,0.0,0.0,0.0,0.0,0.0,0.0,0.0,0.0,0.0,0.0,10.0,10.0,10.0,10.0,10.0,10.0,2.0,0.0,0.0,0.0,66.0,348.0,352.0,346.0,346.0,346.0,342.0,338.0
2025-10-09,338.0,336.0,334.0,334.0,334.0,332.0,330.0,328.0,326.0,326.0,324.0,324.0,324.0,322.0,320.0,318.0,318.0,316.0,316.0,316.0,314.0,312.0,312.0,312.0,308.0,306.0,304.0,300.0,298.0,182.0,0.0,0.0,0.0,0.0,0.0,0.0,0.0,0.0,0.0,0.0,0.0,0.0,0.0,0.0,0.0,0.0,0.0,0.0,0.0,0.0,0.0,0.0,0.0,0.0,0.0,0.0,0.0,0.0,0.0,0.0,0.0,20.0,96.0,226.0,246.0,250.0,250.0,248.0,246.0,242.0,236.0,146.0,446.0,628.0,628.0,624.0,618.0,614.0,616.0,598.0,596.0,582.0,574.0,570.0,558.0,546.0,548.0,554.0,550.0,552.0,550.0,546.0,544.0,538.0,534.0,530.0
2025-10-10,528.0,526.0,524.0,522.0,520.0,518.0,518.0,518.0,516.0,516.0,514.0,514.0,18.0,0.0,0.0,0.0,0.0,0.0,0.0,0.0,34.0,324.0,318.0,316.0,316.0,316.0,318.0,320.0,318.0,314.0,310.0,310.0,312.0,308.0,306.0,306.0,304.0,306.0,312.0,316.0,318.0,318.0,322.0,328.0,330.0,348.0,336.0,334.0,344.0,334.0,372.0,378.0,364.0,360.0,364.0,368.0,354.0,352.0,360.0,8.0,0.0,0.0,0.0,0.0,0.0,0.0,0.0,0.0,360.0,360.0,356.0,354.0,350.0,350.0,348.0,344.0,338.0,344.0,340.0,338.0,338.0,336.0,336.0,338.0,336.0,336.0,336.0,334.0,334.0,332.0,332.0,332.0,332.0,332.0,332.0,332.0
2025-10-11,332.0,332.0,330.0,330.0,328.0,328.0,330.0,328.0,328.0,328.0,328.0,328.0,328.0,328.0,326.0,326.0,326.0,326.0,324.0,324.0,324.0,326.0,322.0,322.0,320.0,8.0,0.0,0.0,0.0,0.0,168.0,322.0,318.0,318.0,290.0,10.0,202.0,320.0,314.0,10.0,10.0,10.0,10.0,10.0,10.0,6.0,4.0,2.0,0.0,0.0,0.0,0.0,0.0,0.0,0.0,0.0,0.0,0.0,0.0,0.0,0.0,0.0,0.0,0.0,0.0,0.0,0.0,0.0,0.0,0.0,0.0,0.0,0.0,0.0,0.0,0.0,8.0,10.0,10.0,10.0,10.0,10.0,10.0,10.0,10.0,10.0,10.0,10.0,14.0,22.0,22.0,12.0,8.0,214.0,370.0,374.0
2025-10-12,370.0,364.0,360.0,356.0,354.0,352.0,350.0,348.0,346.0,344.0,342.0,340.0,338.0,336.0,336.0,334.0,334.0,332.0,330.0,330.0,328.0,328.0,326.0,326.0,326.0,324.0,324.0,323.0,322.0,320.0,316.0,320.0,320.0,318.0,316.0,316.0,322.0,320.0,312.0,316.0,318.0,318.0,320.0,320.0,318.0,320.0,318.0,316.0,316.0,270.0,0.0,0.0,0.0,0.0,0.0,0.0,0.0,0.0,0.0,0.0,0.0,0.0,0.0,0.0,0.0,0.0,0.0,0.0,0.0,0.0,0.0,0.0,0.0,0.0,0.0,0.0,0.0,0.0,0.0,0.0,0.0,0.0,0.0,0.0,0.0,0.0,4.0,10.0,72.0,352.0,344.0,342.0,338.0,338.0,336.0,334.0
2025-10-13,332.0,332.0,328.0,328.0,326.0,326.0,324.0,322.0,320.0,320.0,318.0,316.0,314.0,312.0,312.0,310.0,306.0,304.0,304.0,302.0,298.0,294.0,294.0,288.0,284.0,220.0,0.0,0.0,0.0,0.0,0.0,0.0,0.0,8.0,10.0,10.0,10.0,8.0,6.0,4.0,2.0,2.0,0.0,0.0,0.0,0.0,0.0,0.0,0.0,0.0,0.0,0.0,0.0,0.0,0.0,0.0,0.0,0.0,0.0,0.0,0.0,0.0,0.0,0.0,0.0,0.0,0.0,0.0,0.0,0.0,0.0,0.0,0.0,0.0,0.0,0.0,0.0,0.0,0.0,0.0,0.0,0.0,0.0,0.0,0.0,0.0,0.0,0.0,0.0,0.0,0.0,0.0,0.0,4.0,10.0,10.0
2025-10-14,8.0,8.0,10.0,10.0,8.0,4.0,2.0,2.0,0.0,0.0,0.0,0.0,0.0,0.0,0.0,0.0,0.0,0.0,0.0,0.0,0.0,0.0,0.0,0.0,0.0,0.0,0.0,0.0,0.0,0.0,0.0,0.0,0.0,0.0,0.0,0.0,0.0,0.0,0.0,0.0,0.0,0.0,0.0,0.0,0.0,0.0,0.0,0.0,0.0,0.0,0.0,0.0,0.0,0.0,0.0,0.0,0.0,0.0,0.0,0.0,0.0,0.0,0.0,0.0,0.0,0.0,6.0,10.0,10.0,10.0,10.0,10.0,10.0,6.0,4.0,12.0,346.0,362.0,362.0,356.0,354.0,328.0,352.0,348.0,344.0,340.0,338.0,334.0,332.0,332.0,332.0,334.0,336.0,334.0,334.0,332.0
2025-10-15,330.0,328.0,328.0,328.0,326.0,326.0,324.0,324.0,322.0,322.0,320.0,320.0,320.0,318.0,318.0,316.0,314.0,314.0,312.0,316.0,316.0,316.0,304.0,304.0,10.0,0.0,0.0,0.0,0.0,0.0,0.0,0.0,0.0,0.0,0.0,0.0,0.0,0.0,0.0,0.0,0.0,0.0,0.0,0.0,0.0,0.0,0.0,0.0,0.0,0.0,0.0,0.0,0.0,0.0,0.0,0.0,0.0,0.0,0.0,0.0,0.0,0.0,0.0,0.0,0.0,0.0,0.0,0.0,0.0,0.0,0.0,0.0,0.0,0.0,0.0,0.0,0.0,0.0,0.0,0.0,92.0,298.0,0.0,0.0,0.0,0.0,0.0,0.0,0.0,0.0,0.0,0.0,0.0,0.0,0.0,0.0
2025-10-16,6.0,10.0,10.0,8.0,10.0,10.0,8.0,6.0,4.0,2.0,0.0,0.0,0.0,0.0,0.0,0.0,0.0,0.0,0.0,0.0,0.0,0.0,82.0,326.0,320.0,318.0,314.0,314.0,312.0,310.0,310.0,308.0,308.0,302.0,302.0,10.0,0.0,0.0,0.0,0.0,0.0,0.0,0.0,4.0,10.0,8.0,10.0,10.0,10.0,10.0,10.0,10.0,8.0,4.0,2.0,0.0,0.0,0.0,0.0,0.0,0.0,0.0,0.0,0.0,0.0,0.0,0.0,0.0,0.0,0.0,0.0,0.0,0.0,0.0,0.0,0.0,0.0,0.0,0.0,0.0,0.0,0.0,0.0,0.0,0.0,0.0,0.0,0.0,0.0,0.0,0.0,0.0,0.0,0.0,0.0,0.0
2025-10-17,0.0,0.0,0.0,0.0,0.0,0.0,0.0,0.0,0.0,0.0,0.0,0.0,0.0,0.0,0.0,0.0,0.0,0.0,0.0,0.0,0.0,0.0,0.0,0.0,0.0,0.0,0.0,0.0,54.0,320.0,310.0,302.0,298.0,210.0,0.0,0.0,0.0,0.0,0.0,0.0,0.0,0.0,0.0,0.0,0.0,0.0,0.0,0.0,0.0,0.0,2.0,2.0,2.0,2.0,2.0,2.0,0.0,0.0,2.0,2.0,2.0,2.0,2.0,0.0,0.0,0.0,0.0,0.0,0.0,0.0,0.0,0.0,0.0,0.0,0.0,0.0,292.0,388.0,402.0,402.0,394.0,386.0,378.0,370.0,364.0,360.0,356.0,356.0,352.0,350.0,346.0,344.0,344.0,342.0,340.0,338.0
2025-10-18,338.0,336.0,334.0,334.0,332.0,330.0,330.0,328.0,328.0,326.0,324.0,324.0,322.0,320.0,320.0,320.0,318.0,316.0,316.0,314.0,313.0,312.0,312.0,310.0,310.0,308.0,308.0,308.0,306.0,302.0,306.0,300.0,300.0,298.0,300.0,302.0,298.0,300.0,300.0,138.0,0.0,0.0,0.0,0.0,0.0,0.0,0.0,0.0,0.0,0.0,0.0,0.0,0.0,0.0,0.0,0.0,0.0,0.0,0.0,0.0,0.0,0.0,0.0,0.0,0.0,0.0,0.0,0.0,0.0,0.0,0.0,0.0,0.0,0.0,0.0,0.0,0.0,10.0,0.0,0.0,0.0,0.0,0.0,0.0,0.0,0.0,0.0,0.0,0.0,0.0,0.0,0.0,0.0,0.0,48.0,324.0
2025-10-19,324.0,320.0,318.0,316.0,314.0,314.0,312.0,310.0,308.0,306.0,304.0,304.0,304.0,8.0,0.0,0.0,0.0,0.0,0.0,0.0,0.0,0.0,0.0,0.0,0.0,0.0,0.0,0.0,0.0,0.0,0.0,0.0,0.0,0.0,0.0,0.0,0.0,0.0,0.0,0.0,0.0,0.0,0.0,0.0,0.0,0.0,0.0,0.0,0.0,0.0,0.0,0.0,0.0,0.0,0.0,0.0,0.0,0.0,0.0,0.0,0.0,0.0,0.0,0.0,0.0,0.0,0.0,0.0,0.0,0.0,0.0,0.0,0.0,0.0,0.0,0.0,0.0,0.0,0.0,0.0,0.0,0.0,0.0,0.0,0.0,0.0,0.0,0.0,0.0,0.0,0.0,0.0,0.0,0.0,0.0,0.0
2025-10-20,0.0,0.0,0.0,0.0,0.0,0.0,0.0,0.0,0.0,0.0,0.0,0.0,0.0,0.0,0.0,0.0,0.0,0.0,0.0,0.0,0.0,0.0,0.0,0.0,0.0,0.0,0.0,0.0,0.0,0.0,0.0,0.0,0.0,0.0,0.0,0.0,0.0,0.0,0.0,0.0,0.0,0.0,0.0,0.0,0.0,0.0,0.0,0.0,0.0,0.0,0.0,0.0,0.0,0.0,0.0,0.0,0.0,0.0,0.0,0.0,0.0,0.0,0.0,0.0,0.0,0.0,0.0,0.0,0.0,0.0,0.0,0.0,0.0,0.0,0.0,0.0,0.0,4.0,10.0,226.0,380.0,396.0,390.0,382.0,372.0,364.0,356.0,356.0,358.0,350.0,350.0,344.0,342.0,342.0,342.0,340.0
2025-10-21,338.0,336.0,334.0,332.0,330.0,328.0,328.0,326.0,326.0,324.0,322.0,322.0,320.0,320.0,318.0,318.0,316.0,314.0,314.0,313.0,312.0,310.0,308.0,308.0,308.0,306.0,304.0,304.0,8.0,0.0,318.0,312.0,312.0,308.0,304.0,174.0,10.0,10.0,10.0,10.0,10.0,10.0,8.0,6.0,4.0,2.0,0.0,146.0,332.0,326.0,328.0,327.0,326.0,376.0,372.0,370.0,362.0,358.0,0.0,0.0,0.0,0.0,0.0,0.0,0.0,0.0,0.0,0.0,0.0,0.0,0.0,0.0,0.0,0.0,0.0,0.0,0.0,0.0,0.0,0.0,0.0,0.0,8.0,30.0,30.0,30.0,30.0,134.0,394.0,406.0,396.0,364.0,352.0,356.0,354.0,354.0
2025-10-22,350.0,350.0,346.0,344.0,344.0,342.0,340.0,340.0,338.0,336.0,336.0,334.0,334.0,332.0,330.0,330.0,328.0,326.0,326.0,326.0,326.0,326.0,322.0,322.0,322.0,322.0,322.0,322.0,340.0,318.0,322.0,318.0,316.0,314.0,312.0,312.0,312.0,312.0,310.0,308.0,310.0,310.0,6.0,0.0,0.0,0.0,0.0,0.0,0.0,0.0,0.0,0.0,0.0,0.0,0.0,0.0,0.0,0.0,0.0,0.0,0.0,0.0,0.0,0.0,0.0,0.0,0.0,0.0,0.0,0.0,0.0,0.0,0.0,0.0,0.0,0.0,0.0,0.0,0.0,0.0,0.0,0.0,0.0,0.0,0.0,0.0,0.0,0.0,0.0,0.0,0.0,0.0,0.0,0.0,0.0,0.0
2025-10-23,0.0,0.0,0.0,0.0,0.0,0.0,0.0,0.0,0.0,0.0,0.0,0.0,0.0,0.0,0.0,0.0,0.0,0.0,0.0,0.0,0.0,0.0,0.0,0.0,0.0,0.0,0.0,0.0,0.0,0.0,0.0,0.0,0.0,0.0,0.0,0.0,0.0,0.0,0.0,52.0,10.0,10.0,10.0,10.0,10.0,12.0,10.0,6.0,2.0,0.0,160.0,362.0,330.0,0.0,0.0,0.0,0.0,0.0,0.0,8.0,10.0,8.0,8.0,8.0,4.0,2.0,2.0,0.0,0.0,0.0,0.0,0.0,0.0,0.0,0.0,0.0,0.0,0.0,0.0,0.0,8.0,6.0,0.0,0.0,0.0,0.0,46.0,344.0,364.0,358.0,356.0,356.0,354.0,350.0,348.0,344.0
2025-10-24,342.0,340.0,336.0,336.0,334.0,334.0,332.0,332.0,332.0,330.0,330.0,328.0,326.0,326.0,324.0,322.0,322.0,322.0,322.0,320.0,318.0,314.0,50.0,10.0,8.0,8.0,8.0,218.0,306.0,302.0,308.0,302.0,294.0,290.0,294.0,292.0,292.0,292.0,66.0,0.0,0.0,0.0,0.0,0.0,0.0,0.0,0.0,0.0,0.0,0.0,0.0,0.0,0.0,0.0,0.0,0.0,0.0,0.0,0.0,0.0,0.0,332.0,12.0,314.0,384.0,380.0,386.0,380.0,362.0,124.0,0.0,0.0,0.0,0.0,0.0,0.0,0.0,0.0,0.0,0.0,0.0,0.0,0.0,0.0,0.0,0.0,0.0,0.0,0.0,0.0,0.0,0.0,0.0,0.0,0.0,0.0
2025-10-25,0.0,0.0,0.0,0.0,0.0,0.0,0.0,0.0,0.0,0.0,0.0,0.0,0.0,0.0,0.0,0.0,0.0,0.0,0.0,0.0,0.0,0.0,0.0,0.0,0.0,0.0,0.0,0.0,0.0,0.0,0.0,0.0,0.0,0.0,0.0,0.0,0.0,0.0,0.0,0.0,0.0,2.0,2.0,2.0,2.0,2.0,2.0,2.0,2.0,2.0,2.0,2.0,0.0,0.0,0.0,0.0,0.0,0.0,0.0,0.0,0.0,206.0,370.0,386.0,386.0,384.0,378.0,374.0,370.0,360.0,354.0,352.0,354.0,350.0,350.0,348.0,344.0,344.0,342.0,340.0,336.0,324.0,322.0,316.0,322.0,318.0,314.0,314.0,312.0,316.0,318.0,318.0,318.0,316.0,316.0,312.0
2025-10-26,310.0,310.0,310.0,6.0,0.0,0.0,0.0,0.0,0.0,0.0,0.0,0.0,0.0,0.0,0.0,0.0,0.0,0.0,0.0,0.0,0.0,0.0,0.0,0.0,0.0,0.0,0.0,0.0,0.0,0.0,0.0,0.0,0.0,0.0,0.0,0.0,0.0,0.0,0.0,0.0,0.0,0.0,0.0,0.0,0.0,0.0,0.0,0.0,0.0,0.0,0.0,0.0,0.0,0.0,0.0,0.0,0.0,0.0,0.0,0.0,0.0,0.0,0.0,0.0,0.0,0.0,0.0,0.0,0.0,0.0,0.0,0.0,0.0,0.0,0.0,0.0,0.0,0.0,0.0,0.0,0.0,0.0,0.0,0.0,0.0,0.0,0.0,0.0,0.0,0.0,0.0,4.0,340.0,334.0,340.0,338.0
2025-10-27,340.0,338.0,336.0,332.0,332.0,330.0,328.0,326.0,324.0,322.0,320.0,320.0,318.0,316.0,316.0,316.0,314.0,312.0,312.0,310.0,308.0,306.0,300.0,302.0,304.0,304.0,298.0,296.0,292.0,288.0,34.0,0.0,0.0,0.0,0.0,0.0,0.0,0.0,0.0,0.0,0.0,0.0,0.0,0.0,0.0,0.0,0.0,0.0,0.0,0.0,0.0,0.0,0.0,4.0,6.0,6.0,6.0,4.0,4.0,4.0,8.0,8.0,6.0,4.0,2.0,0.0,0.0,0.0,0.0,0.0,0.0,0.0,0.0,0.0,0.0,0.0,0.0,0.0,0.0,0.0,0.0,4.0,4.0,0.0,0.0,0.0,0.0,0.0,122.0,352.0,356.0,360.0,368.0,368.0,364.0,362.0
2025-10-28,358.0,356.0,352.0,350.0,348.0,346.0,344.0,344.0,344.0,342.0,342.0,342.0,340.0,338.0,336.0,334.0,332.0,332.0,330.0,330.0,332.0,326.0,320.0,316.0,314.0,312.0,314.0,314.0,312.0,314.0,313.0,312.0,310.0,312.0,310.0,308.0,304.0,298.0,300.0,308.0,314.0,308.0,306.0,306.0,316.0,306.0,306.14285714285717,306.2857142857143,306.42857142857144,306.57142857142856,306.7142857142857,306.85714285714283,307.0,307.14285714285717,307.2857142857143,307.42857142857144,307.57142857142856,307.7142857142857,307.85714285714283,308.0,0.0,0.0,0.0,0.0,0.0,0.0,0.0,0.0,0.0,0.0,0.0,0.0,0.0,4.0,10.0,10.0,10.0,8.0,10.0,10.0,8.0,4.0,0.0,0.0,0.0,0.0,0.0,0.0,0.0,0.0,0.0,0.0,0.0,0.0,0.0,0.0
2025-10-29,0.0,0.0,0.0,0.0,0.0,0.0,0.0,0.0,0.0,0.0,0.0,0.0,0.0,0.0,0.0,0.0,0.0,0.0,0.0,170.0,324.0,322.0,320.0,320.0,316.0,316.0,312.0,20.0,0.0,0.0,0.0,0.0,0.0,0.0,0.0,0.0,0.0,0.0,0.0,0.0,0.0,0.0,0.0,0.0,0.0,0.0,0.0,0.0,0.0,0.0,0.0,0.0,0.0,0.0,0.0,0.0,0.0,0.0,0.0,0.0,0.0,0.0,0.0,0.0,8.0,6.0,4.0,4.0,6.0,8.0,72.0,2.0,354.0,392.0,398.0,394.0,392.0,384.0,380.0,372.0,366.0,362.0,356.0,354.0,348.0,8.0,116.0,348.0,342.0,338.0,336.0,334.0,336.0,338.0,340.0,338.0
2025-10-30,338.0,336.0,336.0,334.0,334.0,332.0,332.0,330.0,328.0,328.0,328.0,326.0,325.0,324.0,322.0,322.0,322.0,320.0,318.0,316.0,314.0,312.0,316.0,316.0,310.0,306.0,310.0,318.0,306.0,216.0,310.0,306.0,302.0,300.0,300.0,296.0,296.0,298.0,298.0,300.0,312.0,310.0,310.0,314.0,332.0,330.0,328.0,332.0,328.0,136.0,0.0,0.0,0.0,0.0,0.0,0.0,0.0,0.0,0.0,0.0,0.0,0.0,0.0,0.0,0.0,0.0,0.0,0.0,0.0,0.0,0.0,0.0,0.0,0.0,0.0,0.0,4.0,0.0,0.0,0.0,0.0,0.0,0.0,0.0,2.0,10.0,10.0,8.0,8.0,8.0,4.0,8.0,6.0,4.0,2.0,0.0
2025-10-31,0.0,0.0,0.0,0.0,0.0,0.0,0.0,0.0,0.0,0.0,0.0,0.0,0.0,0.0,0.0,0.0,0.0,0.0,0.0,110.0,326.0,326.0,328.0,324.0,8.0,0.0,0.0,0.0,0.0,256.0,316.0,314.0,308.0,308.0,308.0,310.0,306.0,304.0,306.0,358.0,386.0,378.0,372.0,364.0,354.0,348.0,344.0,352.0,348.0,346.0,184.0,0.0,0.0,0.0,0.0,0.0,0.0,0.0,0.0,0.0,0.0,0.0,0.0,356.0,10.0,0.0,0.0,0.0,0.0,0.0,0.0,0.0,0.0,0.0,0.0,0.0,0.0,0.0,0.0,0.0,0.0,0.0,0.0,0.0,0.0,0.0,0.0,0.0,0.0,0.0,0.0,0.0,0.0,0.0,0.0,0.0
2025-11-01,0.0,0.0,0.0,0.0,0.0,0.0,0.0,0.0,0.0,0.0,0.0,0.0,0.0,0.0,0.0,0.0,0.0,0.0,0.0,0.0,0.0,0.0,0.0,0.0,0.0,0.0,0.0,0.0,0.0,0.0,0.0,0.0,0.0,0.0,0.0,0.0,0.0,0.0,0.0,0.0,0.0,0.0,0.0,0.0,0.0,0.0,0.0,0.0,0.0,0.0,0.0,0.0,0.0,0.0,0.0,0.0,0.0,0.0,0.0,242.0,380.0,394.0,390.0,388.0,384.0,160.0,0.0,0.0,0.0,20.0,398.0,410.0,406.0,398.0,394.0,390.0,386.0,380.0,376.0,372.0,370.0,366.0,366.0,362.0,8.0,224.0,356.0,352.0,348.0,344.0,340.0,338.0,336.0,336.0,334.0,332.0
2025-11-02,330.0,332.0,334.0,332.0,334.0,334.0,334.0,334.0,332.0,332.0,330.0,330.0,328.0,330.0,328.0,326.0,326.0,324.0,322.0,320.0,320.0,318.0,318.0,316.0,316.0,318.0,316.0,6.0,0.0,0.0,0.0,0.0,0.0,0.0,0.0,0.0,0.0,0.0,0.0,0.0,0.0,0.0,0.0,0.0,0.0,0.0,246.0,324.0,280.0,0.0,0.0,0.0,0.0,60.0,364.0,354.0,348.0,350.0,372.0,142.0,0.0,0.0,0.0,0.0,0.0,0.0,0.0,0.0,0.0,0.0,0.0,0.0,0.0,0.0,0.0,0.0,2.0,10.0,10.0,10.0,10.0,10.0,10.0,8.0,6.0,4.0,2.0,0.0,0.0,0.0,0.0,0.0,304.0,364.0,358.0,350.0
2025-11-03,346.0,344.0,342.0,338.0,336.0,334.0,334.0,332.0,330.0,328.0,330.0,329.0,328.0,326.0,324.0,324.0,324.0,322.0,320.0,320.0,318.0,318.0,316.0,316.0,315.0,314.0,314.0,312.0,310.0,310.0,308.0,308.0,306.0,306.0,302.0,298.0,296.0,294.0,294.0,292.0,290.0,288.0,6.0,0.0,0.0,0.0,0.0,0.0,0.0,0.0,0.0,0.0,0.0,0.0,0.0,0.0,0.0,0.0,0.0,0.0,0.0,0.0,0.0,0.0,0.0,0.0,0.0,0.0,0.0,0.0,0.0,0.0,0.0,0.0,0.0,0.0,0.0,0.0,0.0,0.0,0.0,0.0,0.0,0.0,0.0,2.0,8.0,4.0,10.0,10.0,8.0,338.0,342.0,340.0,336.0,336.0
2025-11-04,336.0,336.0,334.0,332.0,330.0,330.0,328.0,328.0,330.0,330.0,326.0,324.0,322.0,320.0,318.0,318.0,316.0,314.0,8.0,0.0,0.0,0.0,0.0,0.0,0.0,0.0,0.0,0.0,0.0,0.0,92.0,316.0,314.0,306.0,300.0,302.0,300.0,294.0,296.0,294.0,296.0,296.0,298.0,300.0,8.0,0.0,0.0,0.0,0.0,0.0,0.0,0.0,0.0,0.0,0.0,0.0,0.0,0.0,0.0,0.0,0.0,0.0,0.0,0.0,0.0,0.0,0.0,0.0,0.0,0.0,0.0,0.0,0.0,0.0,0.0,0.0,174.0,360.0,342.0,214.0,0.0,0.0,0.0,0.0,0.0,0.0,0.0,0.0,0.0,8.0,370.0,372.0,354.0,352.0,156.0,0.0
2025-11-05,0.0,0.0,0.0,0.0,0.0,0.0,0.0,0.0,0.0,0.0,0.0,0.0,0.0,0.0,0.0,0.0,0.0,0.0,0.0,0.0,0.0,0.0,88.0,350.0,364.0,362.0,348.0,348.0,344.0,344.0,344.0,344.0,346.0,346.0,344.0,344.0,342.0,342.0,342.0,340.0,336.0,332.0,338.0,338.0,336.0,332.0,340.0,336.0,340.0,340.0,346.0,360.0,342.0,346.0,348.0,350.0,344.0,308.0,0.0,0.0,0.0,0.0,0.0,0.0,0.0,0.0,0.0,0.0,0.0,0.0,0.0,0.0,0.0,0.0,0.0,0.0,0.0,0.0,0.0,0.0,0.0,0.0,0.0,80.0,332.0,324.0,332.0,8.0,0.0,0.0,0.0,324.0,334.0,328.0,328.0,328.0
2025-11-06,328.0,326.0,326.0,326.0,326.0,324.0,324.0,324.0,300.0,8.0,10.0,10.0,10.0,10.0,10.0,10.0,6.0,4.0,2.0,2.0,0.0,0.0,0.0,208.0,318.0,314.0,308.0,306.0,306.0,302.0,304.0,304.0,302.0,8.0,0.0,0.0,0.0,0.0,0.0,0.0,0.0,0.0,0.0,0.0,0.0,0.0,0.0,0.0,0.0,0.0,0.0,0.0,0.0,0.0,0.0,0.0,0.0,0.0,0.0,0.0,0.0,0.0,0.0,0.0,0.0,0.0,0.0,0.0,0.0,0.0,0.0,0.0,0.0,0.0,0.0,6.0,0.0,0.0,0.0,6.0,10.0,10.0,10.0,10.0,2.0,0.0,0.0,26.0,336.0,352.0,352.0,350.0,330.0,294.0,0.0,0.0
2025-11-07,0.0,0.0,0.0,0.0,0.0,0.0,0.0,0.0,0.0,0.0,0.0,0.0,0.0,0.0,0.0,0.0,0.0,0.0,0.0,0.0,10.0,10.0,10.0,10.0,10.0,10.0,162.0,332.0,334.0,330.0,328.0,328.0,328.0,330.0,330.0,328.0,330.0,332.0,330.0,330.0,328.0,328.0,328.0,326.0,326.0,326.0,226.0,0.0,18.0,328.0,320.0,316.0,318.0,322.0,290.0,0.0,0.0,0.0,0.0,0.0,0.0,0.0,0.0,0.0,0.0,0.0,0.0,0.0,0.0,0.0,0.0,0.0,0.0,0.0,0.0,0.0,0.0,0.0,0.0,0.0,0.0,0.0,0.0,0.0,0.0,0.0,0.0,0.0,0.0,0.0,0.0,0.0,0.0,0.0,0.0,0.0
2025-11-08,0.0,0.0,0.0,0.0,0.0,0.0,0.0,0.0,0.0,0.0,0.0,0.0,0.0,0.0,0.0,0.0,0.0,0.0,0.0,0.0,0.0,0.0,0.0,0.0,0.0,0.0,40.0,324.0,322.0,317.0,312.0,310.0,310.0,306.0,306.0,306.0,304.0,304.0,302.0,316.0,328.0,6.0,0.0,0.0,0.0,0.0,0.0,0.0,0.0,0.0,0.0,0.0,0.0,0.0,0.0,0.0,0.0,0.0,0.0,0.0,0.0,0.0,0.0,0.0,0.0,0.0,0.0,0.0,0.0,0.0,0.0,0.0,0.0,0.0,0.0,0.0,0.0,0.0,0.0,0.0,0.0,0.0,0.0,0.0,0.0,0.0,0.0,0.0,66.0,336.0,344.0,344.0,344.0,342.0,340.0,338.0
2025-11-09,334.0,332.0,328.0,328.0,328.0,326.0,328.0,328.0,326.0,324.0,322.0,320.0,320.0,318.0,318.0,316.0,8.0,0.0,0.0,0.0,0.0,0.0,0.0,0.0,0.0,0.0,0.0,0.0,0.0,0.0,0.0,0.0,0.0,0.0,0.0,0.0,0.0,0.0,0.0,212.0,268.0,0.0,0.0,0.0,0.0,0.0,0.0,0.0,0.0,0.0,0.0,0.0,0.0,0.0,0.0,0.0,0.0,0.0,0.0,0.0,0.0,0.0,0.0,0.0,0.0,0.0,0.0,0.0,0.0,0.0,0.0,0.0,0.0,0.0,0.0,0.0,0.0,0.0,0.0,0.0,0.0,174.0,188.0,0.0,0.0,0.0,196.0,372.0,374.0,364.0,368.0,364.0,358.0,354.0,350.0,344.0
2025-11-10,342.0,342.0,340.0,340.0,338.0,336.0,334.0,336.0,336.0,334.0,332.0,332.0,330.0,330.0,330.0,330.0,328.0,328.0,328.0,324.0,322.0,322.0,322.0,320.0,320.0,318.0,8.0,0.0,0.0,0.0,0.0,0.0,0.0,0.0,0.0,0.0,0.0,0.0,0.0,0.0,0.0,0.0,0.0,0.0,0.0,0.0,0.0,0.0,0.0,0.0,48.0,346.0,348.0,340.0,146.0,0.0,0.0,0.0,294.0,342.0,338.0,338.0,184.0,0.0,0.0,0.0,0.0,0.0,0.0,0.0,0.0,0.0,0.0,0.0,0.0,0.0,0.0,0.0,2.0,10.0,10.0,10.0,10.0,10.0,8.0,0.0,0.0,308.0,342.0,348.0,346.0,346.0,346.0,344.0,342.0,340.0
2025-11-11,336.0,336.0,334.0,332.0,332.0,332.0,330.0,328.0,326.0,326.0,324.0,324.0,322.0,320.0,320.0,318.0,318.0,310.0,306.0,304.0,304.0,316.0,310.0,308.0,308.0,306.0,302.0,296.0,294.0,292.0,294.0,294.0,294.0,292.0,290.0,290.0,290.0,288.0,296.0,292.0,0.0,0.0,0.0,0.0,0.0,0.0,0.0,0.0,0.0,0.0,0.0,0.0,0.0,0.0,0.0,0.0,0.0,0.0,0.0,0.0,0.0,0.0,0.0,0.0,0.0,0.0,0.0,0.0,0.0,0.0,0.0,0.0,0.0,0.0,0.0,0.0,0.0,0.0,4.0,10.0,10.0,10.0,10.0,10.0,8.0,6.0,2.0,0.0,120.0,352.0,346.0,346.0,338.0,8.0,0.0,0.0
2025-11-12,0.0,0.0,0.0,0.0,0.0,0.0,0.0,0.0,0.0,0.0,0.0,0.0,0.0,0.0,0.0,0.0,0.0,0.0,0.0,0.0,0.0,0.0,0.0,0.0,0.0,0.0,0.0,0.0,0.0,0.0,0.0,0.0,0.0,0.0,0.0,0.0,0.0,0.0,0.0,0.0,0.0,0.0,0.0,0.0,0.0,0.0,0.0,0.0,0.0,0.0,0.0,0.0,0.0,0.0,0.0,0.0,0.0,0.0,0.0,0.0,0.0,0.0,0.0,0.0,0.0,0.0,0.0,0.0,0.0,0.0,0.0,0.0,24.0,368.0,390.0,388.0,384.0,380.0,374.0,368.0,362.0,360.0,352.0,348.0,346.0,346.0,346.0,346.0,346.0,342.0,342.0,342.0,338.0,338.0,336.0,334.0
2025-11-13,334.0,334.0,332.0,332.0,332.0,330.0,330.0,330.0,328.0,328.0,328.0,326.0,326.0,10.0,0.0,0.0,0.0,0.0,0.0,0.0,0.0,0.0,0.0,0.0,0.0,0.0,0.0,0.0,0.0,0.0,0.0,0.0,0.0,0.0,0.0,0.0,0.0,0.0,0.0,0.0,0.0,0.0,0.0,0.0,0.0,0.0,0.0,0.0,0.0,0.0,0.0,0.0,0.0,0.0,0.0,0.0,0.0,0.0,0.0,0.0,0.0,0.0,0.0,0.0,0.0,0.0,0.0,0.0,0.0,0.0,0.0,0.0,0.0,0.0,0.0,0.0,0.0,0.0,0.0,0.0,0.0,0.0,0.0,0.0,0.0,0.0,0.0,0.0,0.0,0.0,0.0,0.0,0.0,0.0,0.0,0.0
2025-11-14,0.0,0.0,0.0,0.0,0.0,0.0,0.0,0.0,0.0,0.0,0.0,0.0,0.0,0.0,0.0,0.0,0.0,0.0,0.0,0.0,0.0,0.0,0.0,0.0,0.0,0.0,0.0,0.0,0.0,0.0,0.0,0.0,0.0,0.0,0.0,0.0,0.0,0.0,84.0,336.0,330.0,326.0,318.0,324.0,330.0,332.0,340.0,338.0,334.0,338.0,336.0,346.0,118.0,0.0,0.0,0.0,0.0,0.0,0.0,0.0,0.0,0.0,0.0,0.0,0.0,0.0,0.0,0.0,0.0,0.0,0.0,0.0,0.0,0.0,0.0,0.0,2.0,10.0,10.0,12.0,16.0,16.0,12.0,12.0,14.0,38.0,18.0,30.0,30.0,28.0,24.0,22.0,20.0,16.0,2.0,2.0
2025-11-15,2.0,2.0,2.0,2.0,0.0,0.0,0.0,0.0,0.0,0.0,0.0,0.0,0.0,0.0,0.0,0.0,8.0,10.0,10.0,10.0,18.0,20.0,20.0,20.0,20.0,18.0,22.0,16.0,12.0,13.0,14.0,10.0,16.0,20.0,238.0,348.0,344.0,338.0,142.0,10.0,8.0,12.0,14.0,14.0,4.0,2.0,2.0,2.0,138.0,342.0,328.0,350.0,354.0,340.0,320.0,214.0,0.0,0.0,0.0,0.0,0.0,0.0,0.0,0.0,0.0,0.0,0.0,0.0,0.0,0.0,0.0,0.0,0.0,0.0,0.0,8.0,10.0,10.0,10.0,10.0,10.0,10.0,10.0,10.0,10.0,10.0,10.0,10.0,10.0,10.0,10.0,10.0,12.0,18.0,28.0,28.0
2025-11-16,28.0,26.0,10.0,20.0,22.0,20.0,20.0,18.0,18.0,18.0,16.0,16.0,16.0,14.0,10.0,10.0,10.0,10.0,10.0,10.0,10.0,10.0,10.0,10.0,10.0,10.0,10.0,10.0,4.0,0.0,0.0,0.0,0.0,0.0,0.0,0.0,0.0,0.0,0.0,0.0,0.0,0.0,0.0,0.0,0.0,0.0,0.0,0.0,0.0,0.0,0.0,0.0,0.0,6.0,6.0,6.0,6.0,4.0,2.0,0.0,0.0,0.0,0.0,4.0,292.0,368.0,360.0,354.0,344.0,330.0,322.0,380.0,386.0,412.0,416.0,412.0,410.0,386.0,194.0,10.0,10.0,10.0,10.0,10.0,10.0,10.0,10.0,12.0,22.0,20.0,16.0,4.0,2.0,2.0,0.0,0.0
2025-11-17,0.0,0.0,0.0,0.0,0.0,0.0,0.0,0.0,0.0,0.0,0.0,0.0,0.0,0.0,0.0,0.0,2.0,0.0,0.0,0.0,0.0,0.0,0.0,0.0,0.0,0.0,0.0,0.0,0.0,0.0,0.0,0.0,0.0,0.0,0.0,0.0,0.0,0.0,0.0,0.0,0.0,0.0,0.0,0.0,0.0,0.0,0.0,0.0,0.0,0.0,0.0,0.0,0.0,0.0,0.0,0.0,0.0,0.0,0.0,0.0,222.0,396.0,410.0,408.0,406.0,398.0,384.0,376.0,52.0,0.0,0.0,0.0,0.0,0.0,0.0,0.0,0.0,0.0,86.0,360.0,340.0,8.0,10.0,10.0,8.0,8.0,8.0,6.0,4.0,4.0,2.0,120.0,350.0,340.0,338.0,336.0
2025-11-18,338.0,334.0,334.0,332.0,330.0,330.0,326.0,326.0,324.0,322.0,322.0,322.0,320.0,320.0,318.0,316.0,316.0,314.0,316.0,310.0,8.0,0.0,0.0,0.0,0.0,0.0,0.0,0.0,0.0,0.0,0.0,0.0,0.0,0.0,0.0,0.0,0.0,0.0,0.0,0.0,0.0,0.0,0.0,0.0,0.0,0.0,0.0,0.0,0.0,0.0,0.0,0.0,0.0,0.0,0.0,0.0,0.0,0.0,0.0,0.0,0.0,0.0,0.0,0.0,0.0,0.0,0.0,0.0,0.0,0.0,0.0,0.0,0.0,0.0,0.0,0.0,0.0,0.0,0.0,0.0,0.0,0.0,0.0,0.0,0.0,0.0,0.0,0.0,0.0,0.0,0.0,0.0,4.0,10.0,10.0,10.0
2025-11-19,10.0,10.0,10.0,6.0,4.0,2.0,2.0,0.0,0.0,0.0,2.0,0.0,0.0,0.0,0.0,0.0,0.0,0.0,0.0,0.0,0.0,0.0,0.0,0.0,0.0,0.0,0.0,0.0,0.0,0.0,274.0,336.0,332.0,328.0,326.0,326.0,322.0,328.0,344.0,338.0,336.0,224.0,112.0,0.0,0.0,0.0,0.0,0.0,0.0,0.0,0.0,0.0,0.0,0.0,0.0,0.0,0.0,0.0,0.0,0.0,0.0,0.0,318.0,362.0,360.0,358.0,360.0,356.0,90.0,0.0,0.0,0.0,0.0,0.0,0.0,0.0,0.0,0.0,0.0,10.0,8.0,16.0,20.0,20.0,16.0,8.0,2.0,2.0,0.0,0.0,2.0,38.0,356.0,364.0,360.0,355.0
2025-11-20,350.0,346.0,342.0,338.0,338.0,336.0,336.0,338.0,326.0,324.0,326.0,326.0,324.0,322.0,322.0,320.0,320.0,318.0,316.0,316.0,314.0,314.0,10.0,0.0,0.0,0.0,0.0,0.0,0.0,0.0,0.0,0.0,0.0,0.0,0.0,0.0,0.0,0.0,0.0,0.0,0.0,0.0,0.0,0.0,0.0,0.0,0.0,0.0,0.0,2.0,2.0,2.0,2.0,2.0,2.0,2.0,2.0,2.0,2.0,2.0,2.0,2.0,0.0,0.0,0.0,0.0,0.0,0.0,0.0,0.0,0.0,0.0,0.0,0.0,0.0,0.0,8.0,8.0,0.0,0.0,120.0,368.0,370.0,364.0,354.0,356.0,340.0,336.0,332.0,328.0,330.0,324.0,320.0,326.0,324.0,320.0
2025-11-21,336.0,342.0,340.0,342.0,340.0,338.0,336.0,10.0,0.0,0.0,0.0,0.0,0.0,0.0,0.0,0.0,0.0,0.0,0.0,0.0,0.0,0.0,0.0,0.0,0.0,0.0,0.0,0.0,0.0,0.0,0.0,0.0,0.0,0.0,0.0,0.0,0.0,0.0,0.0,0.0,0.0,0.0,0.0,0.0,0.0,0.0,0.0,0.0,0.0,0.0,0.0,0.0,0.0,0.0,0.0,0.0,0.0,0.0,0.0,0.0,0.0,0.0,0.0,0.0,0.0,0.0,0.0,0.0,0.0,0.0,0.0,0.0,0.0,0.0,0.0,0.0,0.0,0.0,0.0,0.0,0.0,0.0,0.0,0.0,0.0,0.0,0.0,0.0,0.0,0.0,0.0,162.0,350.0,350.0,362.0,362.0
2025-11-22,360.0,356.0,354.0,350.0,348.0,348.0,348.0,344.0,344.0,344.0,342.0,340.0,340.0,338.0,338.0,336.0,334.0,334.0,332.0,332.0,332.0,330.0,330.0,332.0,326.0,324.0,324.0,326.0,324.0,324.0,322.0,320.0,320.0,6.0,0.0,0.0,0.0,0.0,0.0,0.0,0.0,0.0,0.0,0.0,0.0,0.0,0.0,0.0,0.0,0.0,0.0,0.0,0.0,0.0,0.0,0.0,0.0,0.0,0.0,0.0,0.0,0.0,0.0,0.0,0.0,0.0,0.0,0.0,0.0,0.0,0.0,0.0,0.0,0.0,0.0,0.0,0.0,0.0,0.0,0.0,0.0,0.0,0.0,0.0,0.0,0.0,0.0,0.0,0.0,0.0,0.0,0.0,0.0,302.0,352.0,344.0
2025-11-23,106.0,8.0,10.0,340.0,374.0,366.0,360.0,356.0,352.0,352.0,350.0,350.0,348.0,348.0,348.0,346.0,344.0,342.0,340.0,338.0,338.0,332.0,342.0,340.0,338.0,334.0,332.0,330.0,322.0,326.0,324.0,322.0,324.0,320.0,320.0,324.0,318.0,10.0,0.0,0.0,0.0,0.0,0.0,0.0,0.0,0.0,0.0,0.0,0.0,0.0,0.0,0.0,0.0,0.0,0.0,0.0,0.0,0.0,0.0,0.0,0.0,0.0,0.0,0.0,0.0,0.0,0.0,0.0,0.0,0.0,0.0,0.0,0.0,0.0,0.0,0.0,0.0,0.0,0.0,0.0,0.0,0.0,0.0,0.0,0.0,0.0,0.0,0.0,0.0,0.0,46.0,0.0,0.0,0.0,0.0,0.0
2025-11-24,58.0,378.0,382.0,384.0,382.0,376.0,368.0,364.0,358.0,358.0,354.0,352.0,352.0,350.0,348.0,346.0,346.0,344.0,342.0,342.0,340.0,338.0,336.0,334.0,334.0,332.0,328.0,322.0,318.0,322.0,324.0,324.0,320.0,320.0,322.0,316.0,314.0,8.0,0.0,0.0,0.0,0.0,0.0,0.0,0.0,0.0,0.0,0.0,0.0,0.0,0.0,0.0,0.0,0.0,0.0,0.0,0.0,0.0,0.0,0.0,0.0,0.0,0.0,0.0,0.0,0.0,0.0,0.0,0.0,0.0,0.0,0.0,0.0,0.0,0.0,0.0,0.0,0.0,0.0,0.0,0.0,0.0,0.0,0.0,0.0,0.0,0.0,0.0,0.0,40.0,340.0,350.0,352.0,352.0,350.0,352.0
2025-11-25,352.0,350.0,348.0,346.0,346.0,344.0,344.0,344.0,343.0,342.0,342.0,340.0,338.0,338.0,336.0,336.0,334.0,334.0,332.0,330.0,326.0,324.0,320.0,322.0,324.0,322.0,322.0,316.0,314.0,318.0,316.0,8.0,0.0,114.0,318.0,314.0,318.0,314.0,314.0,348.0,352.0,348.0,344.0,184.0,0.0,0.0,0.0,0.0,0.0,0.0,0.0,0.0,0.0,0.0,0.0,0.0,0.0,0.0,0.0,0.0,0.0,0.0,0.0,0.0,0.0,0.0,0.0,0.0,0.0,0.0,0.0,0.0,0.0,0.0,0.0,0.0,0.0,0.0,6.0,0.0,0.0,0.0,0.0,0.0,0.0,4.0,270.0,356.0,352.0,350.0,344.0,326.0,338.0,340.0,340.0,340.0
2025-11-26,338.0,338.0,338.0,336.0,338.0,338.0,334.0,334.0,332.0,330.0,328.0,328.0,326.0,326.0,320.0,320.0,316.0,314.0,314.0,312.0,310.0,306.0,304.0,304.0,302.0,302.0,6.0,0.0,0.0,0.0,0.0,0.0,0.0,0.0,0.0,0.0,0.0,0.0,0.0,0.0,0.0,0.0,0.0,0.0,0.0,0.0,0.0,0.0,0.0,0.0,0.0,0.0,0.0,0.0,0.0,0.0,0.0,0.0,0.0,4.0,10.0,8.0,10.0,12.0,12.0,10.0,8.0,8.0,6.0,4.0,4.0,2.0,2.0,0.0,0.0,0.0,0.0,0.0,0.0,0.0,0.0,0.0,2.0,2.0,2.0,2.0,8.0,14.0,14.0,12.0,12.0,12.0,12.0,10.0,10.0,202.0
2025-11-27,366.0,376.0,370.0,358.0,350.0,350.0,348.0,346.0,344.0,342.0,340.0,338.0,336.0,336.0,334.0,332.0,332.0,330.0,330.0,328.0,326.0,326.0,322.0,324.0,328.0,318.0,316.0,316.0,316.0,310.0,310.0,308.0,310.0,310.0,308.0,296.0,0.0,0.0,0.0,0.0,0.0,0.0,0.0,0.0,0.0,0.0,0.0,0.0,0.0,0.0,0.0,0.0,0.0,0.0,318.0,452.0,460.0,462.0,474.0,478.0,470.0,464.0,462.0,452.0,454.0,446.0,442.0,444.0,468.0,466.0,558.0,636.0,636.0,632.0,624.0,622.0,612.0,604.0,600.0,584.0,568.0,552.0,462.0,392.0,544.0,546.0,540.0,544.0,538.0,532.0,528.0,528.0,526.0,528.0,522.0,522.0
2025-11-28,528.0,534.0,532.0,530.0,526.0,522.0,522.0,518.0,516.0,514.0,512.0,512.0,510.0,510.0,508.0,508.0,508.0,506.0,504.0,406.0,346.0,350.0,348.0,346.0,348.0,344.0,344.0,338.0,336.0,334.0,334.0,334.0,334.0,334.0,332.0,334.0,332.0,332.0,334.0,332.0,334.0,336.0,336.0,338.0,340.0,334.0,340.0,340.0,340.0,342.0,340.0,342.0,342.0,342.0,338.0,340.0,344.0,342.0,336.0,338.0,340.0,336.0,342.0,336.0,338.0,344.0,342.0,344.0,344.0,344.0,344.0,342.0,338.0,336.0,338.0,336.0,326.0,324.0,322.0,328.0,328.0,330.0,330.0,330.0,328.0,322.0,322.0,328.0,328.0,326.0,320.0,316.0,318.0,318.0,322.0,322.0
2025-11-29,322.0,322.0,322.0,322.0,322.0,320.0,320.0,320.0,320.0,320.0,320.0,316.0,316.0,316.0,316.0,316.0,314.0,314.0,312.0,312.0,314.0,310.0,304.0,300.0,300.0,298.0,298.0,296.0,296.0,294.0,292.0,294.0,290.0,286.0,288.0,292.0,294.0,344.0,458.0,194.0,6.0,0.0,12.0,54.0,186.0,194.0,194.0,192.0,190.0,190.0,538.0,570.0,560.0,554.0,476.0,12.0,2.0,4.0,308.0,64.0,302.0,400.0,394.0,382.0,382.0,368.0,358.0,366.0,356.0,14.0,0.0,0.0,0.0,0.0,0.0,0.0,0.0,0.0,0.0,0.0,0.0,0.0,0.0,0.0,0.0,0.0,0.0,0.0,0.0,0.0,0.0,0.0,0.0,0.0,0.0,0.0
2025-11-30,0.0,0.0,0.0,0.0,0.0,0.0,0.0,0.0,0.0,0.0,0.0,0.0,0.0,0.0,0.0,0.0,0.0,0.0,0.0,0.0,0.0,0.0,0.0,0.0,0.0,0.0,0.0,0.0,0.0,0.0,0.0,0.0,0.0,0.0,0.0,0.0,0.0,0.0,0.0,0.0,0.0,0.0,0.0,0.0,0.0,0.0,0.0,0.0,0.0,0.0,0.0,0.0,0.0,0.0,0.0,0.0,0.0,0.0,0.0,0.0,0.0,0.0,0.0,0.0,0.0,0.0,0.0,0.0,0.0,0.0,0.0,0.0,0.0,0.0,0.0,0.0,0.0,0.0,0.0,0.0,0.0,0.0,0.0,4.0,4.0,6.0,6.0,6.0,6.0,8.0,6.0,6.0,6.0,6.0,6.0,6.0
