season,seed,slot_0,slot_1,slot_2,slot_3,slot_4,slot_5,slot_6,slot_7,slot_8,slot_9,slot_10,slot_11,slot_12,slot_13,slot_14,slot_15,slot_16,slot_17,slot_18,slot_19,slot_20,slot_21,slot_22,slot_23,slot_24,slot_25,slot_26,slot_27,slot_28,slot_29,slot_30,slot_31,slot_32,slot_33,slot_34,slot_35,slot_36,slot_37,slot_38,slot_39,slot_40,slot_41,slot_42,slot_43,slot_44,slot_45,slot_46,slot_47,slot_48,slot_49,slot_50,slot_51,slot_52,slot_53,slot_54,slot_55,slot_56,slot_57,slot_58,slot_59,slot_60,slot_61,slot_62,slot_63,slot_64,slot_65,slot_66,slot_67,slot_68,slot_69,slot_70,slot_71,slot_72,slot_73,slot_74,slot_75,slot_76,slot_77,slot_78,slot_79,slot_80,slot_81,slot_82,slot_83,slot_84,slot_85,slot_86,slot_87,slot_88,slot_89,slot_90,slot_91,slot_92,slot_93,slot_94,slot_95
Dry season,0,150.1635271933994,147.80152042430893,142.6147760691187,133.78377956564313,139.03977028656712,136.1659495765581,136.9750973111866,129.23535380416953,134.069534740252,134.56531642278543,131.61547189645322,137.29776374307485,134.7134971175783,137.09764715197076,137.39251560111228,137.37536921187026,141.17504847264996,138.52469560168223,134.9365212226545,135.37483520228176,136.31696898435828,137.41630595071678,135.3190554114679,136.9729091831273,134.85717482342957,137.90910322975375,135.1799181966742,134.3380827409388,135.8791051164056,137.5430770119925,132.46582091619456,140.69000139195785,139.15068521319432,134.03914732308323,132.37479334585794,134.40778079689207,133.7338425591943,134.62356831453184,135.09980956180883,132.60661748203952,130.7803043673786,129.07870446329133,133.38087147083507,130.73996668016824,131.58827757084524,131.18052059425017,132.31756539191136,132.46983744824206,133.48091051066223,129.2226149053711,122.63130458060344,132.5023165554246,123.60633021972389,125.83049944469808,119.42728805791062,121.09299652258736,110.96754621005519,88.40289788856771,82.0653387619611,83.95567034144656,87.22641000192534,88.83982614359661,85.57704476620873,88.70262407030812,86.82274048592832,88.98499109393676,88.31800759380825,85.41514786361806,89.7097022078112,93.70405461530399,86.6552769368568,89.31163015116371,84.65945705398975,91.31689133807339,85.08501840559329,90.36630456789317,88.78562599292533,89.50537196281375,85.79158344529861,87.87918330847907,88.81259043590227,87.74082234829146,94.22852433208375,90.8091573681896,87.5166669955641,83.04839343001936,91.64625973431073,88.61061776248847,83.28379875251397,84.94108634390464,92.20997629391768,63.8740220195974,93.53843147779426,148.61205845670676,158.23235505109864,155.61127706427
Dry season,1,150.61357853107862,140.23908298646845,139.51648491570958,142.40760538077242,145.83351965481026,141.05774263740446,139.54930743450478,140.0500185483337,137.182143768213,138.79545198907624,134.56424181393854,137.11002996744693,134.02318424777243,135.56603630109757,132.14596181653508,132.36659863081462,136.89448217675354,133.6968572484007,134.51681659862868,131.976629427431,132.13328348565827,131.73715298950918,136.486857681407,135.40656589084185,130.4632831075703,132.23295160205305,133.72954321927543,137.83711659069013,136.06233667482695,139.92273434757072,136.75727770930098,133.62548040962525,137.02318957002984,130.87848909477574,139.33217306648535,138.83282153890084,133.56099761935388,137.29042209580427,138.2334413776968,132.35750100081265,128.27571127871906,128.46880259290845,133.12179327404033,136.37527854389458,135.21595223330598,133.25860832622737,131.47833813500256,134.8547067846985,132.10997910883538,123.68448004700697,127.48636021365955,126.16087802003511,124.90173484137428,129.63985042001687,123.17656107279012,116.85326037159773,109.11941932391429,88.48059725028845,81.93832669350437,84.93793589397687,80.94730408923712,89.89901693528827,88.64364566764785,88.86967282793863,89.624246609864,85.41829636389983,90.6397153921988,91.06366776196354,88.62321484180788,88.29076534348327,89.3149788308865,93.6101556642146,86.77454759060319,88.48781090484046,87.75723849945794,91.10001667917376,86.17178574464195,93.16335634063178,90.02257250066513,89.81275817549333,91.28584260578351,86.22997759086037,88.38171532792099,89.6517399627958,85.4580295371284,89.61575347442862,86.8183209154247,89.30244793664302,85.52190300745089,79.10790002007157,82.82216172849006,62.580013590277325,90.90808164087166,145.26254684528047,144.43566969940278,150.90623578049983
Dry season,2,155.27405269785456,150.1526799904281,141.231989412959,140.39848832160442,142.6828817247774,137.66300342065747,134.23793576483183,135.21324867394267,137.58265976657597,139.87751981326275,134.06203177416316,136.9768842479304,139.1183242001802,140.7791055124079,134.7040209477069,140.90112902415336,139.8146057014222,139.59277684924464,134.29896311511294,137.1714202878384,141.10235331894597,136.22096066909629,139.19612753901254,138.4590902658794,136.2387972710474,136.16241074372584,135.93068296932069,137.2102856159593,133.82174199474056,137.07922134347535,138.42114517359005,136.55267068386996,134.13778283267783,137.956286477434,129.25084750521037,131.49083218520423,134.54050382581738,130.12654805555215,132.50219493643286,127.09037589794413,132.16233976594535,130.0542910067348,136.56467763556893,138.78107161504994,136.88589802715896,133.06041554494828,128.1668658671182,134.59767005521013,130.86191886997216,129.45443185783898,132.5581228789348,131.79605472463177,122.35706888586606,127.9588682610674,122.10895697717798,127.9283445579863,117.52475630389247,84.02164510880809,88.56212672954585,83.29068852339724,88.7907921140845,87.43732773375027,83.72607760253666,87.65038471414664,85.3664783508975,88.04940856680409,88.89531495547286,89.2080536994129,90.1343356167235,87.44132024182767,89.8480443750593,91.32879645448783,88.53971131535233,94.44427488166258,89.52463504628517,91.54784623194095,90.0031989476347,89.42387973873399,90.01850681988091,94.13914283193454,89.23882122432752,86.55430700353695,87.11377040016488,88.93230011700373,86.85161963692704,86.53039926652197,84.57171022307081,84.55367971804101,83.02152716978026,87.25102642988422,89.02391709883861,60.8179852515073,90.32372823376971,152.27588855049524,157.6512298431807,158.7794119454676
Dry season,3,147.1465870230122,141.6925521872042,142.01473049018654,142.5016335637094,142.79757755134472,140.1631758451312,139.18093024566664,130.30366914017034,135.48278140557906,140.2208642429401,139.28452923756979,139.08687993671896,141.38815294762432,135.89453162263646,138.86575221036074,136.48457050313203,136.1716103554757,139.07711437395616,139.11777511472428,135.53377686935522,137.44705315536217,134.47805952380483,135.9491971831098,137.6842853136636,132.95882716697926,133.84893226266206,134.36537979523783,133.46584207718357,138.42202285306857,132.45028046348764,138.0125477940138,139.24792814169203,135.53438223633333,133.78916223573034,138.7341424583879,134.4755881950562,132.6795788962064,131.34845715271615,130.75130165113117,133.1697555104601,137.03431562062562,134.5201335807808,134.03460165680897,128.7701188076834,132.9537176878485,123.90515131325411,123.42308545196434,126.64257950288975,126.77434489415653,129.7101451423088,124.57752679440686,127.35101355042356,123.53294632704981,121.3685553980596,119.05037066074775,118.6887246939486,111.58593638420899,87.35131189584742,84.8755775755093,85.64957717411953,90.30317704196082,86.9211074701021,89.00854449711737,89.36270189754026,88.45987738957017,90.44131673414059,87.47579992088417,89.75874327855813,85.23213418949872,94.11587495083404,89.78514219158338,90.07079375685062,90.86601712658073,89.72277531028739,86.798059330286,93.41376887339412,86.70474817341125,85.0903037763109,93.06665258845092,90.79382513854542,91.7472247639355,90.66971280297875,85.95531788839979,87.27492985068044,89.49036534936677,86.78996158542783,88.95988299199868,86.05222723687446,87.87482150328442,82.03448537998109,83.0117953944919,63.95221728242687,89.96748603982964,146.02887001504467,142.52257743183503,153.13926040203597
Dry season,4,153.133500525858,145.64391962451745,139.7032119736204,141.4797913697202,140.60348871905128,139.31930469498997,136.32122266764907,134.0709129557404,137.77761931551177,137.5573975917147,135.4243200324835,132.65618634767932,138.84155464431112,136.8597851875756,135.9586709629116,132.19339771295415,129.49065044513273,134.9388698454448,137.90229625854172,134.97581108108471,131.7194181805329,135.37379043143068,139.43306158106054,135.098228935391,134.50543237014216,134.43193515877425,129.07568950150414,127.46697268914517,135.74998605609204,129.1133776156739,131.2652283478897,132.00800204757505,133.25315504245657,133.263457716378,127.5206981748885,129.21589717711782,130.09107292354545,136.33797887550924,134.78742982613178,133.86594472941294,133.7503865090092,128.84283443306842,131.6844600570968,134.0362240409695,125.99947812216763,128.59583135722548,132.17815974153257,131.73620682289908,130.42430255969433,136.46457633467716,127.84335765851641,123.40751448765204,115.19444359562257,126.4978617582453,122.70611405496956,116.35900636378258,109.2232015983265,85.9496449138815,85.35252477656694,91.11646440468606,86.4221267904874,88.99874770411515,88.67664103992948,87.83968366654106,90.80753962395458,89.59468542795577,89.24120042989148,89.2680088276978,91.7060028732481,91.36981457105934,92.36757601529264,89.34701951401884,87.8663557345474,89.95334109588354,85.52936593180537,84.01993764065541,89.71966608846063,89.03553430926216,89.65549626540945,86.03183233722481,87.29027530251768,91.64766886040476,91.17850236171012,87.63954912903561,90.11435192310961,84.27440092241926,85.9822769201844,87.1327895104573,91.43416195715778,84.2323213407297,92.65636302620686,56.19738341371635,82.94898839939384,141.53900293030455,146.30377967693366,151.49871936907732
Dry season,5,149.4716150321938,144.28137044296554,145.87289196057316,141.85934649545354,138.22178424545058,143.40889456627872,136.97606593928126,142.74773649358653,141.01986792992113,140.36196414206728,138.40015063370734,141.33706189807933,141.41210278683002,140.1407384608612,135.72810433792344,137.6448355027321,135.63223142609445,137.29157316882163,137.3372191160262,133.5699054927681,139.8748936839212,135.08937550028037,139.8946994623007,136.8203541060401,137.4021173870488,138.79797625888935,137.9016031666064,134.34578876192262,141.45341641823308,137.21395280193562,141.71666983617715,138.81949719422556,135.43887145337996,138.30980653351813,139.21446160107104,142.23327377781635,139.98971183725112,134.8723119074495,138.80655393154194,135.39182895996336,139.04517508013222,134.67041027266438,135.60292871902416,135.9407931086319,135.40025610408597,130.75295337929686,130.45004066209685,131.78825252631748,133.87529339945263,138.26809065704228,134.0637340102031,128.51930567730446,131.8433974187471,128.32559734184213,127.78071339560634,122.8673510664562,114.38955677639493,89.91587994329453,85.16059435790366,91.70765111420707,82.17024132733744,84.39918061602927,90.50155919830028,85.96386096662778,89.71631791586738,89.25848945768801,87.30263618729889,87.94650284677783,90.51757438283059,84.91559723715552,94.08397364449347,92.0140107354758,89.0443471566497,91.7486006295733,89.34513417390461,88.0447380799121,90.22868044613112,92.25821600635604,88.35935312185572,89.58021568759926,90.72207515817712,87.94653100749726,87.23111000447628,93.89974801688456,90.89849396763755,90.1055947731545,86.65888910983139,84.6803715648817,88.89435457834078,83.48830785855861,85.29598612945753,68.59935170959473,88.72096936776038,145.78288364504658,154.2555036643864,151.1710363162544
Dry season,6,150.75248824858457,141.86787930760866,140.61963137226988,137.36794094478893,135.94109847319774,133.02593974281092,132.54513413431619,132.88905923861265,139.23291394391237,136.12655093862625,132.1545747774889,134.84774146360607,136.13469437062543,139.12714762736397,135.75498006149616,136.62923681125494,127.73763609577689,135.29944052768266,128.33526801064085,128.9032494055534,133.9959220315512,133.0247989405385,128.34628831595916,128.7277192914752,134.19636681944272,131.91030278942836,133.73360412076008,133.75807830688728,134.67964547279064,133.10028218962285,133.07046111739177,132.31069437651038,129.8339992736672,130.1816934277525,131.50025365641633,131.7827289637882,124.62961794558515,128.42266126091351,132.4326408763937,132.25845868711204,134.82301078053632,128.40652554144575,124.48893439343384,126.46933548236719,123.55852282594887,129.3533154997354,128.73563399054072,128.87055877530253,129.07194418841775,127.50485115439096,125.41898349954046,122.26315927834959,119.29949568570551,125.37350406398612,119.61632747684023,115.99247198565041,105.47815891520891,90.10615987808923,80.29963964826344,82.23362377059614,83.6129343497341,83.16308090027756,81.30144400552656,88.27654250700881,88.3796800970314,86.29362961128575,84.95747904620818,89.66157904436605,85.19142607097446,84.86225355912784,86.42420484076628,86.82583421490536,90.02103844937803,83.95336288872257,87.29746534329495,83.11852883861074,89.37132105194311,88.85982193306545,90.13742692183487,87.2524579194544,84.71300516527768,86.7274414529377,87.30609437918875,86.82925195692982,86.5824166697485,82.98033300636116,84.04876413456745,84.77742324148785,82.50557561190509,82.39766889697428,84.14179325589677,57.490725498902904,90.57380515274544,138.31347163937073,148.4046726552257,147.00236800777526
Dry season,7,148.34014318935593,140.7008287256942,138.11101008697779,144.2281980304211,133.0942240777539,137.80857211282643,141.01104199574257,129.74533477619113,139.9866673555403,139.388538615515,138.5961730702914,138.07202443020213,136.97905269234994,136.38387843533937,131.4891428519969,137.38020025432587,140.15749316578425,141.3946482744628,137.98343942821495,135.23110310538652,136.79096109721192,132.36833492666918,137.50025912184952,137.77566497333362,135.63327413494898,139.14983466558866,139.87994386785073,131.299472285151,132.33456722241198,134.06128292955242,130.04030894677078,137.30496952511825,131.40068846103173,131.96260147099343,132.8617545459654,130.08298925368547,135.20009215745173,130.66179110523422,130.4698376379744,134.1826888097947,133.9435591901392,133.83008738492381,133.6899119895405,131.19151181211905,128.67371824448819,133.7736576802609,132.78051697778014,122.9615503875211,126.77088886284741,125.42711236694733,124.12689525234727,120.75300656003093,121.43703633151803,125.50688229357787,125.05853581603543,125.72885620452244,113.59624261441135,90.54171146419581,84.32985350801205,89.89633494369501,84.05911350859508,89.92500436882406,94.03468185501805,91.01282902973539,90.03500105389708,88.3271208120125,85.31914215032407,88.50133452336495,88.93198650211174,88.65609194480577,90.0443311668733,93.89186163425514,86.73853073394272,87.9029608955419,91.66820669244943,90.82239731254683,88.17287241698301,89.33455691842634,90.0764835237431,92.25170200279929,91.33718961418646,94.03263714137026,89.14703671600063,92.38278606999785,91.10270041252718,89.79626703910986,86.41008924228143,87.56466954517307,86.1922584269753,84.84560212843604,86.21501548218022,67.71074919793776,89.4568921992283,149.31079629981136,149.99928993488874,158.6679219302192
Dry season,8,149.37151401983866,145.67172663130415,148.96222876713992,145.2605117060792,143.1087861242228,136.1778623790569,144.90601696855435,138.9165143341099,138.78309825603097,142.3740924379295,136.74751352163582,142.0453693354957,142.3805802903525,132.8676883798913,135.27904030209703,137.44195690267878,132.18154049901804,140.06328469049856,138.48053475850932,136.5027611351913,141.9480189795274,135.36272531718922,136.25888318181742,136.88400648533485,136.48849609420344,137.3595881571499,129.99700179763116,134.49891290656348,138.28023884752366,138.586655721846,138.95892786087924,131.72667564803967,133.0233535464428,136.84626521670765,135.0978037720587,131.1402764379417,131.4977206715251,131.47202100151318,131.19254797626718,130.51587399392596,135.5834739514372,132.91909275830707,133.4165792001705,131.1011259786564,129.54523213902854,131.02719805297772,134.95858778726188,133.08909404837715,130.09113243301638,126.74051088110244,128.76276571813116,126.92185528328552,129.51593845202936,123.00593271013152,124.36171818060933,120.1042849799078,114.54397006559424,90.4467090358859,86.74318384220992,84.51494613127787,86.18186236556284,80.08987891445176,80.41733591632108,85.58635229513554,86.71214398809994,84.82515822371802,87.22964111781438,90.08512961196433,90.03467380368893,90.38178481502386,85.49679245744717,93.0074510486817,89.31906928310327,88.14409689877402,85.00246779906122,89.4916562338979,88.72327909272376,91.6051329940965,89.52994875151872,92.23801152815885,88.10757881764083,91.5434124207697,90.39354990074239,90.4068485928569,90.30685723930277,88.25866888376571,86.0239992631594,86.151691340354,88.76664553787222,83.4510822132136,87.97898651804898,62.26456842735369,91.23201012937595,150.3234053688973,157.10934463114103,157.70723873961924
Dry season,9,143.71280914519855,138.86553035270694,136.79390012258628,136.1269507788535,139.510663406325,137.68412877533424,138.22159848040306,142.5785772317468,141.66150295233538,142.84059517258933,139.98371452453296,138.12161507929426,140.45303950367057,141.01059418908736,140.4370958167642,139.71626661342358,139.23537948887846,137.4979127311298,137.96369713749502,135.94323121670297,132.35443459869046,137.02273656949066,135.90130121186715,139.5485579520538,141.11946505015612,137.90484907728123,137.0564849102852,136.23748091780945,140.44072891394396,136.90599829700395,135.58489335280655,136.8231671086509,135.63324489354548,132.01216347444966,134.7213100790765,126.83275589877425,132.59429567645756,136.31998452061978,137.22757789141687,135.5235046989812,131.60271911281308,132.13954292574624,137.8160919964492,135.62586265536274,135.47572769052476,137.4257259056218,133.54749356155907,131.78910904036144,132.02943949411545,135.48630674231703,131.3215927007559,123.16221948493536,127.53952009267095,118.76567243741307,124.20918510914716,117.7731045857104,112.81052779412077,87.14955557214641,89.6044005793117,90.70058122835432,83.81399210765882,88.00880956675276,90.89808845068784,86.01877177229863,91.56869817672865,87.76917312985299,87.62472195659579,88.445293259297,85.39733357337407,91.54881833331342,88.23446110500275,85.80989846445252,82.95548420817836,88.85730412829334,93.0192468706989,91.22282280516175,87.15564525056514,84.93205395009217,86.76861730975114,89.26219430838562,86.67742885712401,83.65341066973481,84.80141682282671,91.57234403377771,85.10826276335439,90.73964126146224,86.9089916142836,84.56103853473402,85.62128656073952,77.58779792628413,83.89600519149248,65.82131992026022,85.194323804067,143.68677700670233,149.52881133014387,148.35184849156107
Dry season,10,146.13734357302212,143.1973516653693,141.4453415231135,146.46799853021696,144.2071268962351,139.3721324978177,145.4975331112479,143.93828730290514,133.01767366504285,132.870764679614,137.8906552966802,136.10838746293646,142.24996259316717,140.0718183227464,131.41030776728266,140.33693756852657,136.030845126982,137.0126712843926,139.0779323473259,134.70646006191194,136.4853711352047,136.91046859546407,136.37152180049094,137.4400241592229,137.19123777756536,130.8737185199792,139.42047642979983,135.7449351437977,135.3788144637099,138.60201037273734,137.19863506797296,134.72724882629444,135.69374613306607,141.34170966282016,135.90182930848098,135.38992690935956,138.91510725213269,143.6177591411502,136.8899371672338,135.26671323741368,135.07783708073003,140.41625197008506,130.11293934272723,135.98805401568768,133.8344599004061,131.38894295577876,132.68294971080667,128.43715639751406,124.94254944424041,125.25678846361156,124.68683126032873,126.80847560485748,126.19691921448417,126.26121343735367,119.99304668736048,121.74849880567265,105.40045947841158,90.37634857698148,85.93519988093729,86.8129707044155,83.15945744053947,92.32146224048974,88.31843440439671,90.12295987175021,89.6279921604373,90.96791439204445,87.13467200640416,90.2566519035804,87.46397905596592,89.83642531277123,89.70434034116857,90.29959380625151,95.49768574030536,93.0777082628818,89.52147675900787,86.78985748527998,86.86402781577561,90.59466905565542,88.26367052766959,87.56177492980285,88.89098546320014,90.8346316769982,92.93500532354132,86.01421787352356,88.10634996456903,84.79651101767132,88.5876198563317,84.95412123180945,87.39223730394859,85.88927820813778,85.27625564914541,61.25199848218937,92.14246789572114,146.77577832645548,148.40206893404812,152.89058577733877
Dry season,11,151.54450646147927,147.54067266145006,146.04611170800283,138.40017738466975,140.2163026101651,138.17227335586952,138.12960502055694,140.03744564350595,142.86799511000928,136.6601954285033,135.30898959093955,134.7039314735612,138.0270661195829,132.43769146675834,138.94538923759066,133.6246636148507,136.89254255545515,136.77270824416536,139.0803650942675,138.66354323634022,142.00074071371833,142.5603592510659,136.044963816723,134.25346304096237,136.81817015485234,133.8597165137634,134.44578813539636,133.98682952981855,134.44580108716983,141.7278691093466,138.19348191763217,137.2515794170874,133.689984651198,133.017571343593,134.86854314858914,139.76410996175665,136.61479228710934,135.23846577064032,135.83443677004257,131.5661222544831,136.32626742498158,133.94344360970612,136.8628720924584,137.76767478662376,131.19655084751383,127.70971512889811,135.59437349136502,132.0588628203145,138.17108903956276,135.3744022936298,130.41869321701404,129.21765887598505,129.0018961570842,124.68633445863159,128.99739814031403,126.70344061807697,115.05593366181579,91.52876459634031,82.08846651128653,89.27707619647187,83.66219279899232,88.82588515517548,85.8347982384195,89.16052022983003,92.14905304990694,85.38586943599267,91.45072560847983,93.14879316808505,93.96832556028136,90.9321143386289,87.96918417759868,89.16704223903669,91.24167395094922,86.56548925980192,89.06431142599222,90.59061871711489,93.99457363181824,89.01835879205143,87.54098375926868,87.23979570981332,87.27389799858082,92.66928709065954,87.59685476454806,86.72120330120104,85.65870652004479,84.24980411484175,93.30666478142032,84.95542696267468,84.66642705466919,78.545819869939,83.59530400267708,66.99867731196406,91.33300197964276,145.6377685268065,140.26895026931535,155.3980906534852
Dry season,12,155.57270454878986,144.34047029272367,140.99267768207093,143.0800620753354,138.61670965636011,139.62992258553442,147.22579752354054,141.9072886086854,140.7745222502208,139.70937168235383,139.14477524061112,136.3029282008006,134.15912761281433,138.69563732760625,138.73575376528981,136.59309742387683,134.25086554480507,137.76219687867382,134.17860925962523,137.2629719137707,133.41104458868668,140.04314560045313,136.74129397736334,140.8618171702869,137.0373607634453,136.07497713419187,132.92295691916067,137.00937364563384,137.1843816017232,136.22897783196316,132.64601476051988,133.64594525511401,135.66774838830005,137.19997293595213,141.12059463838793,140.1251031295415,137.38637720646796,136.60633448644938,134.28533660931896,134.91526761940028,139.62086937848673,136.45836216722049,134.34777897625503,135.779499002525,131.77174736244703,136.08374621377757,131.08736433763613,133.0476137876278,132.26834018127576,131.30002267997565,129.92515433220873,132.81216831274352,126.12375413505853,124.53684355902746,127.0497556474697,121.01930623807833,107.1834953369245,88.37489896900021,88.83396418956575,86.15146928636683,84.5352319949912,87.79262049584409,86.5402127893831,86.13851921131,92.54495088003945,90.12817844766633,82.97097690431413,93.23663940090408,92.18376409299714,88.81834672953714,90.28913094901523,85.60426910673335,89.55041985599695,87.93909349875298,91.77191579029984,88.55859242825176,92.22934859352023,86.0965751557968,87.39213257636872,89.20557690249969,85.3886436337481,90.84244047494995,83.58934145189693,85.7322381729434,91.47354463537887,92.01208204903621,89.73585460020963,90.07353044869433,81.08252284229712,86.18260287629778,87.03100999325402,64.18670450270666,90.9041080044313,156.27037138282677,155.73559385412173,155.02919986124428
Dry season,13,148.90276427713292,140.45299285337242,138.45094637444402,137.16613655216062,133.9462683314342,135.7876191521551,132.8744895147829,135.8723123472251,138.80488529595883,139.26921227494367,139.00099366894335,138.43643122776206,133.8843830330889,137.31221430718068,138.13361178653295,141.02679605637675,137.29072742619448,136.51983635547896,134.42123789830438,140.37467322478858,139.33752047272526,141.62939732831944,142.66320092737658,134.41905342096317,136.60566866692014,136.29774917624644,141.72315360294854,134.366899864911,141.34761492077982,135.28227560923617,133.16745718445162,141.28167686537773,135.3649910468082,131.58205797530488,137.72036180389898,139.8443456032859,138.75516839815748,137.77151687944195,133.94272339050858,135.57392963000885,129.53180416923323,132.02685730133027,134.25610679210746,124.9314668263969,125.89221421175293,132.88641544026726,132.57862255699123,135.09176489829133,125.24871141848715,127.3142390749162,126.57046415498418,129.99293545955896,129.24847565189845,126.03720166055315,120.88275662036388,119.46956531448988,109.67631026944902,94.86697387054616,87.79234155196133,84.08927741445316,87.18444783128115,89.8371043374334,89.86749202148643,91.51512319448489,90.83426714275974,89.54883944434832,88.71420586433501,88.9394057744204,90.88550974327237,84.9703928942046,90.87173087052523,90.39713885624205,86.61646965770544,88.92673127786892,89.64436100914017,88.30324223201622,85.86011660302135,91.68208323943976,88.90842282035842,93.39995247262041,90.10203846185064,91.54910786365188,88.52774209622662,84.12402339905672,87.28202435705002,83.35657506108289,86.92802814980278,77.05261797708644,83.96062090994431,83.24742712876956,84.37835768239435,63.10911468634347,98.54854855361833,144.71991287811394,151.340897379785,150.8312862690572
Dry season,14,147.35420935428996,138.33571485875214,134.33063483373678,135.52013796633585,137.43729716153027,139.00589528918672,132.32425452534633,133.22842633987378,133.79459585989744,134.33199539445758,130.81325979564522,127.66522826633876,139.727296168607,136.44421808989983,130.3585508675539,134.999331190341,133.44264719830122,135.473614899823,135.82667562068312,134.68372595775278,136.7868694552038,131.97687515732974,134.40263332891624,133.37098818759918,136.73303913758716,136.9868567528499,139.61554018827357,134.1354069759872,134.65294286584466,136.29031276744846,133.8664480033259,132.86622350625174,134.90807353605024,135.36821809197,140.25252578472472,134.34254012170877,134.0653306739906,129.25732754279917,132.58012540174622,128.67126373627642,132.01804389396335,135.0082025787889,133.899751528604,134.94311758003508,129.5781890973739,132.94064443926837,134.0234553296491,129.84512860483085,125.5680922607869,132.06724789970062,128.3133381069842,125.5203428946168,132.8609398425913,118.50699191713674,121.84235946353552,115.69130092217408,102.29400658695526,90.58687297406405,86.81920798876124,86.44646548772418,85.07153184539602,85.46620173858122,87.98275089825415,84.06415772368544,88.4501526344067,84.98024080292842,85.65859856893738,88.0006819145534,88.64695789826388,86.96780882943246,86.60341416195874,88.19688113673777,86.34744258562823,90.34739645310516,86.87321809251772,87.93238157901784,89.18254414593265,88.18892621739522,83.1305084175361,83.84729550201551,83.84122875086312,87.4876815340394,85.59514225917907,88.69980974798226,84.29938586817319,86.93619896963054,84.91665997673077,84.61426037634119,86.3989265677451,82.58541047313967,78.62151054303328,70.41549190652722,105.29840836098178,148.9399615152816,150.4136257163881,152.73187952337744
Dry season,15,150.48600745427086,144.4287731509178,136.79893901591103,132.9069246468888,131.75723955884877,137.33071750900916,129.37636819652795,133.6715954954236,133.67239510789378,142.57140862915205,134.93178393078693,135.04261690610232,132.72119126925074,133.5412803971049,137.15593088118808,135.45083860943217,134.0183676299375,133.2411842010609,131.45529359993006,128.7405108232459,136.3038505221898,136.23046709818993,135.20264733052002,137.09050435681303,140.68695251203437,129.61215199653546,133.434300960784,137.19892110811705,133.97277768082353,138.27122100706939,138.50195724591924,133.99854673925154,134.26606382694388,126.56033770738325,132.2149242378202,138.8670035040659,133.23778433671487,136.05908493453293,137.4620684152101,136.17752233735217,133.63311411879727,133.90002251158177,131.24830321130693,134.30793041014675,130.2863199461113,127.13603433695049,129.4135698949134,131.78236035868193,127.8967234209158,134.59346444554535,129.42527430849927,123.8639481312407,128.72577125812924,122.9280907843282,114.34128361552162,121.68759211892215,98.56694112697295,85.60937036716079,79.08880943861618,78.40716203385053,82.2296552102611,84.96402398555685,84.33915629374782,86.1656214030331,86.58428876267541,86.03689247708579,83.62187241965508,84.35760848993637,88.70560509105252,86.1431910993528,87.57274208831056,88.61759840004628,89.72536274683131,91.12367819247008,85.31585453743675,91.84025965315206,88.32418718681123,86.99577102567213,84.74182331499826,88.32265265347449,91.77111384134454,87.01015051132097,84.26126721704455,91.61475811200913,85.09989981050862,82.12300044306873,86.92745680764386,86.36439770204319,83.85821279175389,83.20757070886951,78.0039163440517,66.03429945709517,94.7654903721062,138.77617518221638,149.60387072161691,152.25727875641672
Dry season,16,158.8516184716211,148.58737599543318,147.34984492005404,139.5184667741267,143.32462942197182,142.69999342518332,143.22143633764043,137.9865221336184,135.64563292324172,136.50299082363722,140.8161905322582,136.3535208098504,139.99386336317983,141.85617134990127,133.5085314197964,143.02371027343537,138.00652901528252,142.3965062476004,136.4750785619476,137.20937294509497,143.9039803094933,139.54323973891323,135.69630883421465,136.63122549596545,139.64056020360798,139.82985525408793,136.02759142697275,134.9647692086414,136.30883335469377,137.78740491803134,135.2418930901665,136.11501142137752,140.3806338185241,138.45702750515622,138.4297421477077,133.4460792332217,138.1060643091675,135.49151920069,133.97064639022452,129.03475530640148,135.3822643583555,133.46953524492372,135.7190273115436,134.06785396434816,132.72461835893765,136.6111744989806,129.92806132781007,130.49868623096506,135.20950022746015,133.60254605721954,133.3818342437427,127.55738866248657,128.0618837259022,126.40222871034875,117.55115843497445,120.91673954443716,113.85190405532511,92.58273192682695,80.59418420127946,89.38075061994314,82.51538600604825,86.15383622502233,86.19569948190231,88.9604062588526,89.38256720334766,85.27098173825289,92.2087151608847,85.52985024571602,93.05288188910541,94.81355425394551,89.13591214381819,90.49559994758961,88.5794468369817,92.26709991346249,89.7556643380556,91.93902615340825,93.52992133451484,89.80417237500394,88.37698311911099,87.05570372520933,85.63116853787866,85.20209270781024,88.56629217376945,88.1991019827745,85.09105907403818,85.50812338626662,84.39498938138185,90.81007449369191,84.88571498017427,81.85429990407883,88.11214121910179,66.51704448022983,99.16029830737615,150.0308493441406,145.1255460247452,160.4470232746204
Dry season,17,155.59075141816797,147.422590511166,144.83315034144877,143.9770422533356,136.76164074531033,142.45345089964516,136.94985210990464,131.8923651199642,141.89311585901393,135.29120774855255,136.16979172130354,138.25501102927913,139.98253355498707,139.32551461128577,141.2063287128891,138.99974366543935,138.82531202030515,137.09654446041682,137.69473786453406,143.1489842149491,137.43425039494804,132.54171936195124,134.12094362029177,134.86152406261587,135.71100079277534,136.57321124902575,136.55932318369457,134.9937611767803,136.4276906117871,136.79685794558296,139.11255320524504,138.238300299594,139.05071088891216,140.57210584071,131.95014511629012,135.12045498967606,135.72766107910473,138.57394106049793,135.22790234171194,137.9831727113321,135.87034430768472,138.08513313801222,133.855983244298,131.84068044011988,129.34705101070557,132.3838085705286,136.98105812092234,139.45739444456132,130.70603172421127,129.63562476237382,128.75339290221652,128.3298007379903,129.6046291443996,125.54429598034108,121.80018678745087,120.7589350807432,108.56624488536492,92.30538080221962,89.77355237715429,84.63176513328723,87.30709163117619,89.27854783163714,85.9403863529191,85.94325329095663,93.05410483211548,90.25800717181323,91.2135612228671,86.21240498377232,90.3794562860025,88.3999365605003,89.24135920237958,92.04925320498464,92.39194314931832,86.88153535417966,88.20327136425144,87.35847146210651,90.73973543516597,89.91828549798683,87.56416307018588,85.95744488280975,86.1084128484224,89.10561972717984,88.8525914141204,87.3808891504694,88.3047078212363,87.15358386307182,88.74874862677103,87.03912744340651,86.97829794652128,85.762961120788,86.35991008901752,62.65679443237427,97.15544299940296,143.9803077416218,146.06978814859005,147.76852668328476
Dry season,18,156.5148947956455,146.7108138580597,145.783087969006,144.22444588460277,136.9699670360272,140.20355112927595,138.4349502015718,145.46726161976073,139.2399872929553,137.4202136457075,140.3379283377689,139.18246429778705,140.52955954219755,139.66797045211644,140.14915538517744,136.80810893568454,141.88047473387016,137.06535457333663,141.39024187303025,142.3160428280579,137.02800867185996,135.57381746816714,137.9057585083055,139.03426978058465,142.91072378964182,142.98742255734896,139.67817283673895,140.24628744637886,136.60105910885517,136.83626343564032,139.33085607751173,138.56087867445558,133.56392294219742,136.9048270781611,135.3243613639697,138.8075321221856,143.6804333764174,137.7252023087305,135.68592182786836,133.8061198584052,139.17980365717142,135.8035766308057,136.58739602397287,133.33908029162487,135.80151065748345,135.07068172709893,133.1396982536887,136.16581227416802,128.67806970982843,132.44210242013992,132.1886470629156,130.94185062881903,127.12790653516865,123.49580820267775,127.85633071027783,118.65279236730059,110.95830834048724,91.54065927949108,78.33358087350209,91.25944863126233,84.39753862370954,85.75021670974095,86.25483997208971,88.44153902787356,87.34635959150813,91.58013839162716,87.20800134503365,91.04533441893217,86.49204310306331,89.63601195516448,92.59005304725606,91.94418808534573,88.1860255326991,86.20664871500543,90.90772387466245,88.18897930999168,89.14197178230444,86.73880438845097,81.91377014133903,89.58717405113198,87.2908149972663,87.93045159233483,85.32483287709033,86.12261427703866,85.47521051750064,83.83698585254783,85.46455992038763,82.24780193138288,80.96139484264205,82.10161297375147,88.05062148543401,68.09129989125735,93.42640403945056,149.0559364183393,151.02253511781862,147.849216540453
Dry season,19,148.21720304755885,146.4790053163906,137.05000070786207,135.86580742316303,136.22630301167212,134.46196192697076,130.0175496664961,132.19700553464614,124.41031053069213,126.03941576564823,131.1464270264149,122.71298961205576,128.26709625548352,129.1133233540808,133.8749969202751,131.32544117442302,137.05379598174335,134.02375982612563,139.50147734953583,134.36171325867954,127.47263824152127,135.21386087989478,132.65357759414223,135.57125195435614,134.23757278031215,135.79966269753018,132.53999424234314,134.1811480992728,131.47070430841515,131.53363050720995,132.12268696406983,132.74408610487447,130.8251759782691,127.42630954266325,133.00433340936578,133.6524544655807,131.92094465773852,134.86851973313892,130.97468608228456,134.11412733505145,134.73763607822937,129.62186265726356,135.09428771924237,126.57894627910655,128.99671903605565,126.6273859655981,128.56431107512722,126.94743517876324,120.7656417567387,128.29503627834094,118.53042745326663,118.62560173646534,119.5056023822827,124.26575430179969,125.23709460900812,114.81634406451067,109.49081553322476,86.99198781807478,86.89111282789464,88.40783640756885,82.94289566066792,89.4447352140591,93.3965912287022,89.59200318703371,87.27135639739504,88.9178714911111,91.62786810865198,90.79737125695601,90.47398707904954,83.85937351921048,89.9629590332575,87.50497228326593,86.58971579610049,90.1990652333615,91.92177706657648,91.1909034282876,90.92464814166874,89.75285231441318,90.73054867152116,91.27682397199194,87.43277792370854,89.24744869761233,85.07255259645702,85.5490439553612,92.36571053874879,85.54767871853545,90.2459834961122,89.43701107774352,85.64730407742945,86.84746056333114,82.64077560204034,67.58361447067338,86.73857540072521,146.9176203953621,151.54684938157047,148.91602874264797
May,0,80.37931995173348,85.50124213402536,89.62951475837096,100.69596699345864,98.96448954002032,104.3869946373488,104.38878702216724,106.08625925280221,112.84219664105527,110.32047218687859,109.66182444509965,110.28275544262887,108.99004504533437,113.72066439975673,115.84836331913195,113.07570272451065,114.73077462767318,115.95529813242588,115.1320565190433,116.73111505444676,115.44520666164799,114.98912093749507,116.78596564091464,116.65803566877842,119.11141158531363,116.61311761857233,117.11164263043604,118.61408345039032,117.99314815685175,119.88384169220058,118.146072081722,119.13956631423576,116.7991742352201,122.81016170148064,117.51955160742332,118.459424553367,117.90351177631604,119.78032182756834,119.32651562441242,118.77667268861504,120.96769282713805,121.85036710008396,119.401785556325,119.77860147818147,121.34973548120578,121.7951370195902,119.47196812997575,120.32657546027873,119.77343591312449,119.51532025809601,118.36023966124668,122.01362830239664,117.81749785824759,120.47893168850247,118.56577264492721,114.65274236792216,118.94320591743819,114.41364438569582,113.96273765074949,113.73309956245454,77.02260907258844,27.843112029688022,21.678838954736484,19.53191651682306,20.97317775864549,21.212745891841145,21.2318682588778,21.08238361621376,20.960327111804002,21.919154644738796,21.058298868414262,20.546823980394702,21.748829294244437,21.235801369822266,21.186241628796438,21.89796851153326,20.986593711700298,20.64640677756848,21.089845766359257,20.94335703460756,20.879135356654192,20.275931627234527,20.645343368251282,15.004935288118174,44.49677316836286,70.74706352203629,69.42391537184498,70.44339316815216,68.16993533101336,74.68227999944529,71.85943399373468,73.2505891935854,76.70907242879967,74.14626374160756,77.97252069640095,77.48999447217959
May,1,80.2804526030478,92.20413592725906,99.14046667052618,100.80016521758007,103.9369276040813,104.77845350941003,110.00112107218908,110.52308662964744,110.38589910161092,115.95241563628629,111.02798951415998,113.17702702399295,117.06412062034961,116.74182035117047,112.80600323420646,116.59303125491995,111.16645546515191,117.16299452043755,116.64561572309675,114.18427566877853,112.46042336566393,116.63159227482934,117.01610378207586,115.227555314384,119.33128425166355,116.24358482737236,115.82261803395858,118.35891573041268,115.60756811371131,119.32449947394588,117.77204528272733,117.01285907057412,119.96015746142926,116.17862517369174,116.07242187615353,118.61513105958535,118.10721100347367,118.57282152208974,116.96195519254645,122.47322489492466,123.12328076126947,121.1892860251764,118.37750468807144,117.45401660937308,120.61606280061086,118.63806707885188,119.44518828309619,117.2592790847505,118.75842063185881,122.19080117782605,120.19717222040707,116.89137959140274,119.38540618960488,116.83137768023451,116.3868657232631,118.30496667955786,118.4257226237685,118.30205027289387,115.6405669213784,116.65429894066646,74.32877935276979,26.924571453112033,21.747280098180532,21.721136770618184,21.416921346204152,21.782572233918128,21.201812029286224,21.154089314027736,21.085127028519445,21.41143524335081,21.12931355320306,20.974293869400835,21.273676978635862,20.923695861046422,20.56672162644959,20.938423096092695,20.29903716715534,21.310069356108503,20.195766222127563,20.255118830086623,20.804899300794848,21.21784912899577,20.129820304247005,14.909970285879048,42.57243390348621,71.5747298703225,67.56366315744235,71.27448056792255,72.28682229245194,71.3521772095887,73.48612849452482,72.86710677958835,73.06844285279001,73.63880629696222,76.71443995034609,74.80966638780924
May,2,82.9336361578054,91.29407562285891,98.49745757769448,98.16225352690596,103.01890157664052,105.83728066708848,105.48307475790057,105.15985431294544,107.99524538827735,109.32117167347185,110.26586248429444,111.14458138998447,113.7160720789626,112.63794438352237,112.12748302589787,115.21404722605516,113.91544660674172,114.62259514599178,118.27365310511809,116.35932365598033,118.49486677092918,118.58792299738994,120.5033364288062,118.78015356957286,120.76459160551286,117.67888524621662,117.30322787708755,115.92506355466703,119.93638663236878,118.71939709634475,120.55412553043023,121.2376752171053,125.24321915181396,122.87544544270422,123.7475024148977,123.03135450889405,121.39619128562198,118.76092809745462,125.18548703711107,122.00978752553573,120.6314752465941,121.7896314110008,123.6007756780081,121.49682243483835,124.47387316078766,116.04536878320262,123.46595170309489,123.52227186951146,126.30127874128003,124.39105778006387,124.02846161512025,123.37460262417689,122.77284750502652,122.14272972559353,121.57184325137892,119.2258133524431,122.00701962420638,119.02367997721754,117.31428041550096,113.20850505564741,76.66894518044384,26.668460913943036,22.12823912298887,21.644517534655257,22.266715839422865,21.587275369398633,23.104889142095313,22.15555440434217,22.222389270133444,21.52877769515488,21.40611533166565,21.870726908897076,22.78824221317861,22.176944167815787,21.576558322908294,21.652183096217925,22.331158864952318,22.571839827463023,22.420974563211555,20.254156906779905,18.998459671850586,21.89228285598792,19.48253185174856,17.079813770345925,37.71669901606886,72.24055236474345,70.21423396758728,71.37061461506073,71.46458457516304,74.68805586240647,73.57695839657534,75.524922356674,72.96874279137124,75.27776089697088,74.39289700326053,76.2824060882623
May,3,82.32916742983583,86.83721670806213,95.43485727652852,98.78458606917239,102.96578663911676,102.25628716754308,105.32506723227613,109.71300306028905,107.8126945092116,112.79437936380184,108.45940780867599,112.21013970310077,113.04704724296754,109.7201899060282,109.40356932848725,112.96625614295998,115.5527266079638,115.65149373198783,112.70964389792645,117.92388628302797,114.93506495504171,117.5602277528549,118.55593185546704,117.66631217022628,116.69779498431059,120.11411563973068,118.12807794587914,118.13083620639864,116.6665045952114,118.70375320169164,119.94486021728811,118.03856550227813,117.61135314072087,118.17304996052304,118.48406354118158,119.79307474749436,120.65248903945776,119.65745006106573,117.67811595031881,120.91275548534757,119.17873456550446,118.84475632629984,120.31116401175034,120.79869926381672,119.70272333021846,119.00349603167089,120.52584492228553,117.21438370491252,121.74017178734087,123.31374193154635,118.31953414294496,119.92823897054615,120.97833679748481,118.15075743035473,113.6320429246555,120.62979674101635,113.87745767424052,115.72528365131716,120.6709727647185,109.60051065711926,75.68097963606495,27.27469229896236,21.9777331666018,20.916304868523202,23.553245616561494,22.783500734834146,21.42851424114786,21.637662219478045,21.97753211987133,20.930223902781673,20.381811720639025,22.15366963943103,22.235282390821872,22.107640628583855,21.79158867958503,22.102969548045117,22.501760170995908,21.2890281235513,21.34795968466487,21.417544327784604,21.43462125585792,20.143266041302116,20.811113525575784,14.323146807380523,42.65525063915074,72.26500566775621,70.36709685500607,71.43959507998615,76.53831969897377,76.67655117508998,74.07414276216286,74.34469255992457,75.38707546951532,76.99533513363382,77.79970310663874,76.57361708507293
May,4,79.38183743876989,87.37137184165258,91.57610521815333,93.73794616143753,97.69562736448155,101.8293547926768,101.17774220445804,104.25059203620987,107.13202084027935,103.15345593618339,104.84484701841512,107.17243388542153,110.48345332533304,111.8852332907442,110.3956791550675,109.87696933391902,114.28556316978319,116.30754785521292,116.00980558098854,114.3771419637123,111.70377024028075,115.10884611814559,116.67979750848382,114.34419016282632,113.9437163334753,116.96473637274522,115.8698642634159,115.85207894536049,116.85872478625723,112.15460705920604,114.8327073910415,117.24464189539432,117.4576935161417,115.57037727178964,119.5079431097292,119.11227365928283,119.97001723099953,120.21523895999324,117.64084823809732,118.98360550621199,120.90861940401487,120.34861735264829,116.40719777669625,117.17905895419705,121.1137509523005,120.03799271033235,122.49574876028925,121.57671466315621,119.76057041283899,119.6781721554592,118.41358556771164,116.20762834861954,115.55782546201424,119.7288742640648,121.09946363251105,116.4231220133153,116.74076990586418,119.54868024265757,112.203598385541,113.3728662688777,79.98047640154729,28.942959430134945,25.797689957516653,24.015479502339602,23.986013777008345,21.85755924193509,22.16052317213639,21.504260263789902,21.27835370047544,21.791344866395896,20.44962620911753,21.267457034124714,21.481972773338303,21.283542338848086,21.350038665216662,21.38719614801258,21.418758665248863,20.82082695302859,21.611746592281044,21.075772021123093,20.987886800516705,20.977473281162005,22.600887826465524,15.203701386318835,41.37951294871019,70.33377981939006,72.90433147258605,70.30296996188038,72.03009419554911,75.33285434100064,72.43513599749244,76.69999284816957,77.306177207999,73.61627035968124,75.47714323398233,76.06165048303632
May,5,80.86293968505076,89.09200669063462,93.94112916576071,97.39555248856924,96.8645282648114,97.54440895173917,103.85923699945359,106.30672995486913,105.28992560756679,107.39938057718433,106.89641048046704,109.23435507685912,109.05436048747147,112.91797042926501,112.47179668116604,111.26290284999529,116.19259722317285,117.29184172064177,114.72580295688739,115.37729773121048,116.31516963942634,117.82788105419849,113.76907747083168,116.21938389198644,116.38290578699157,114.89979662177707,115.15016534865805,115.45638889467607,121.47433193948223,117.47816824869925,119.87812056017307,120.05117601210198,116.71535049874501,120.39495918717245,120.63359462133349,119.70649165396391,121.17709385448414,121.76783341531244,123.26776472654608,121.1799431317549,121.76616433508201,119.30050080761028,119.56232036715765,121.51141241944693,120.31423282003642,117.83811922374144,120.73813685375694,120.9162197395217,120.89975805157518,119.16006090568409,120.3357062083428,122.35449755647961,121.1950843140577,116.04297369241657,118.42181863771883,120.90988305031988,121.76387293640973,120.42998207327398,117.13362048658034,111.72301043513302,75.00321313889822,23.969560946620113,20.77990719061383,21.041208006972642,21.07743075364313,20.047611621504245,22.070766081672442,21.7717025007449,21.36665413609658,22.364668729748374,22.38028157177374,21.96452964163155,20.84907429722905,21.508348079283383,21.472853072451315,20.09153193644457,21.321584420597073,20.43307368866134,22.366821630072767,20.039263236624116,20.189403772149383,20.787273254193895,20.179746167954267,15.036329589307293,42.3200976460896,72.44863778495255,72.16960440717429,70.48543542909286,73.82778297782762,74.04045782373126,74.57562887462743,73.31574828857488,76.58125239140985,75.76102927633377,77.03238610072734,75.24409106823673
May,6,80.36624376026998,90.95029860260874,97.73433994620278,97.99782038658881,100.12367905223635,103.8605475452242,103.5181571030888,110.05561637103953,106.94857380790248,108.00969822941184,112.6534711335418,113.05890871314008,111.99775284071696,114.5405642332231,113.98180365138732,118.09127369899507,115.42360543593809,115.78375340258657,115.58423208977725,116.08672414655581,119.33352907566474,120.81483242525674,118.23082933782105,118.97277528584983,119.0048270984788,119.45650838616574,122.68721448268934,117.27205280548205,123.47511205111951,120.20110248765197,120.95465588792027,115.43812734940803,120.0203155913977,121.42497896662938,119.24093293667005,119.22460404234121,122.61278580653406,123.82173670706136,124.07998360947961,124.02748072717596,122.65141841401145,117.64074445083385,121.49065430052453,120.26788135657853,119.17877586076514,119.69421197191673,122.37127817304012,119.34466736343498,121.96911262122575,120.37144871680167,121.23259913265092,120.59507221682931,119.6518759568135,117.2621335842297,122.7171045519693,122.70074353303882,115.01106759732805,116.19873523429483,116.99565741744308,114.6745961005548,71.38791167562546,27.667314433178586,21.320663303885645,21.177762851388692,21.321913051894057,20.78250038508601,20.287376633427222,21.278191289828523,21.807763679008904,20.45310608078687,20.33622506960194,21.867859162845924,21.978878310547497,20.81636291253795,21.725444116657066,21.27037076612997,20.577761818739763,20.22467421625968,20.672498602043916,20.6682405534676,21.379433282217402,20.137885708382267,19.76139317023748,15.673672925903213,46.00336436747188,70.14049818738519,71.00617619904897,72.90104103650461,70.9350082407302,73.13927918305018,75.40359965607823,73.03492468962038,75.67195645147656,72.4433230458602,74.57621843311912,75.13217004047154
May,7,80.65088100571921,92.34440932814265,91.33545386038367,98.24530869391766,101.93479374966384,101.8564347808289,102.69126437228346,106.17508239676886,109.88190090440987,107.85960446906523,111.15186270601657,111.46666329336958,111.51663617147761,113.13915173575035,112.59342939147044,112.30513214034683,113.73784431645471,116.41102633998138,113.5820478602224,117.70722212872873,118.22735672488696,117.26875309736616,118.93795589210792,118.1437721709671,118.64741831732184,117.28894358936434,119.35327105987355,119.60556682703506,116.83857506594231,117.27941061886207,116.36311610030637,118.77591199979416,118.37001474933805,116.56065864416293,123.43581416351644,118.79967206825637,116.80280894422303,122.2793691717555,120.92190458405189,120.60583633221107,119.94195906671675,121.74738234793726,121.00691802339188,118.41867425413072,122.6313418470592,119.15063745573214,118.44503391556044,121.50302497640912,123.10213488932025,120.2895020084533,119.3205681980114,120.26633307079514,123.6630699893128,117.67490866285102,118.9943098170607,117.74423052168181,118.36955038397595,116.26002080671675,115.77208808689764,115.45342905292065,69.86848668974562,27.505745245275897,21.714928065771606,20.449220078767347,19.876875352752844,20.14468663655809,20.52357341317759,19.9100672503964,20.987059398493038,21.48590891143534,20.68022364900277,20.978467140797015,21.380586165067612,20.536253215165313,22.025880423526477,19.747310066960846,20.801161344221093,22.055259423234286,20.13168735311165,19.832818012661964,19.092824308701413,20.547358968212603,19.1376668495163,16.113609798154496,42.00677323418329,71.2729372463958,69.9224281736884,67.87371931631093,74.97296121591167,73.08493311066533,74.79938775930007,77.02033476484264,72.08667887628498,74.22965611488686,76.23773542814547,72.51659520682018
May,8,81.73778727571325,83.08141251625966,92.42534557835866,97.57917720589381,97.48000092477992,102.2193432293049,102.44271588666199,101.15899455441068,106.48248176785357,108.52529550804356,107.26584834458104,110.28453849477579,107.60822139071144,110.45528223867547,108.47867801630794,112.88453978976396,107.71801148070806,110.93456116395006,111.52576784769973,116.98705528267436,113.08577090201089,114.03604833034862,113.11244890911323,114.09499050019544,115.35013748385926,117.14166855796948,117.96586286437271,119.74689806358657,117.20719175927323,116.4524269330497,120.37953520596687,119.52977366713449,119.95251607706368,116.3776754858844,117.74456326624883,113.65783141148036,120.04609979483317,121.09377746970473,119.19597987514497,119.42482315404804,117.00722994573506,121.41905365657335,120.90421389849452,120.48953369697695,123.0413016835387,121.92871359934209,124.86746295039522,124.17832771521874,118.32155960774179,121.16282006109334,122.57187408131021,118.09559524978891,117.79789786022893,120.36842727153748,120.45440071006256,115.78639709058986,118.0625269920486,117.70029903439405,119.89888859409957,112.52957114196934,79.44916933634053,29.24425991863051,25.112539322963336,24.806250201500454,23.574125001292657,23.170087048164078,22.885258990190632,23.214566964734395,21.92017121581875,20.714346795406748,21.82354145925709,20.843960624582085,20.98761211810974,20.995787516469715,20.639220415637656,20.299701646922006,20.3806371540001,20.779940169090843,20.264015061401363,20.413580541160798,20.537744017073564,21.05620087850799,20.355780370969235,14.467639303522274,40.576940987570985,69.97790396073563,70.4921091148813,68.61155793940844,70.91051196369446,71.44815151108953,73.70509934904449,73.53583184513808,73.31293497460166,74.66575336959794,75.13636489123641,76.69295441422558
May,9,78.88036030015596,84.76480360865285,96.6632011542291,101.0824581616041,102.19256681308813,107.520893037465,105.92639542425603,106.54969113154678,110.38283127934568,110.7459653446096,110.56786974830268,111.56590778942386,116.63245253058588,112.43504143234736,115.79214960713254,114.10692615370051,117.49327757005565,116.94267041731446,120.18774886469419,120.03204764603973,121.34724937108948,121.1212055666207,121.16503666335294,119.69013131788797,122.43082033510201,119.73583699619053,120.02511699151763,119.76286686658273,122.984047167927,123.79907660811595,123.8934172207639,121.18158961309045,123.75003580736166,125.06073758574051,124.53150647057389,123.0480632350322,122.14810172117926,122.28940424828012,120.99471038961306,124.01926806454449,122.9920058446561,122.69791142567958,124.17980258636439,124.12092284518403,124.9566794932541,123.00917759997077,122.64262574650961,124.44329433521041,122.09330489885637,127.7489842672967,122.5407006010902,119.53939446635263,122.26400420250668,122.59148247798004,121.40687488750561,118.00552910346387,116.06472471217462,121.20700561272542,114.93466430003535,113.72642407261019,71.73637595643085,27.137800059156643,23.67798540637431,20.925405272445385,20.310553792258677,21.538828201800012,21.217703460388293,21.938311808202958,22.400752631890374,22.221287459660736,22.735586295318743,20.69151054153156,21.006310113077138,21.206145614077588,22.568806159699644,21.792168652221697,21.90503055919388,22.051890236289044,21.378290224826465,19.899329894756043,19.195943071827255,21.31712650270182,20.168229445974344,15.103780902262285,37.00541228904063,71.33866021934264,73.02930803127627,69.86399307028144,72.93902779537987,72.34687313725512,75.06153246099066,76.50054758434696,75.01801362895431,75.74259690805938,72.08951652362732,77.87338004620021
May,10,83.62701354716691,93.0156005502928,94.62585997646893,100.14243947799217,102.76770246916614,103.3326561223756,107.27203272867355,107.06863563778259,106.55133655809506,105.62259308942322,109.72109482167167,111.83698336494851,112.79973976250731,109.38357719927127,113.76750636815436,113.07693992771775,112.81185182482382,115.10174159499027,113.19250861700259,116.08376439488693,114.98610817516607,119.86887763110056,117.67635680585491,121.08627118003149,118.66060626175818,118.60589352702999,121.90760333584632,118.25214976270527,120.27994652817637,122.4973986422847,122.87661517057126,123.36634435098388,120.35144432934732,124.66780929466762,121.80889436971326,120.8772386799022,123.07028900385414,120.92433454396921,121.16550772502065,120.36503105767679,120.70920142361699,123.59789853890452,126.17929715056646,120.5612226683067,123.00426981980458,122.28555589518383,118.18635853535662,119.50441508880935,122.39679620587977,121.64404177993349,122.25053890485633,123.48109952875022,120.88482285305298,120.5057868372793,122.4882013932729,117.3248329587714,118.24049006490472,119.27117738493386,109.2206450415847,111.46466148937333,77.02875130729791,27.846732401564378,22.611354314882437,20.307392359350946,20.81863598086513,20.169886441191917,20.47989461500633,21.379518406470822,19.886169642118748,21.507496630479128,20.28846360233739,20.249467219393686,21.29048383534684,21.322621838856215,21.34849840405625,20.53383768301156,20.897724284739766,20.279254110325393,21.09816334446315,21.052793326066997,20.05687455941787,20.325690766645824,21.399807975820348,15.341747343427961,39.088436636145715,68.2243253405849,70.40778048380471,71.97572135329116,70.5541740017322,73.4422753826047,73.71328112410266,72.70946118660972,76.40993241384844,77.19451621553529,74.75167783624552,74.80881786360975
May,11,81.69685914906036,91.49142391427975,92.89178720625922,96.59386087339355,101.81447579560115,98.58353576245385,101.62622247205749,103.72008515906194,104.72585298992145,103.73760885514459,108.97844747014288,108.15910973121163,109.45502581150423,109.92784162734657,113.29455667224846,110.6729964177319,110.89689725938014,112.41671277367585,113.33254933274584,111.87287411349871,117.96367055680986,112.4608402656457,115.96234640723476,113.80598426150844,114.6005770297454,115.75664933937777,115.16778514103592,118.09789061391636,117.83192628365308,114.8767388920642,117.68138299270593,118.99975163400713,117.51638667223658,117.23960533135929,118.11250459231613,120.8540931577608,120.07579037539928,119.2540498349147,118.46595752474799,116.94309644227283,120.09903510216665,121.80634108869948,120.30587750845497,118.69806419915822,119.57901633984481,118.39708925466925,118.33025618160804,119.13864238860192,119.43760026222712,120.55510926602233,116.77105490208287,118.4052705403085,118.30373162854123,120.83413908683968,119.89423489602194,120.8701797102894,116.03737565912643,113.95025033533385,117.46288632420627,110.27461855512384,78.93108178480345,26.84738760775179,21.650638327385046,20.39476354140111,21.462251593162907,21.265047632338124,21.941904485932117,20.978970721986727,21.506257957405797,20.35425267392643,21.726328214900565,20.279869773568812,21.869538384275028,21.37349847818333,22.128355141098414,21.961297021897007,20.476444446437334,20.024224481101623,20.312600571802232,21.49930270319089,19.92128797814755,21.00822468134695,20.312821363410425,14.633467210376955,42.40856001821488,70.95472586562427,70.609349575232,73.68107780735657,74.17436138620204,73.42175128647,73.65933415016073,76.44823372714976,74.8763701897856,77.58219418315763,77.4742281465956,78.92885506260752
May,12,82.99074540903612,88.57851742259656,98.45635218886804,100.1171230928963,103.4368458710604,103.85827589186464,103.12289762526964,103.1246022870462,104.617692184788,109.0078256426238,108.56171019302452,107.52461157313958,106.21380848565408,111.66146317905238,109.10597559554701,110.03097996206456,115.30487921112906,114.05525416196915,112.96153134799322,116.71451535000446,112.78583597782428,115.23959875198237,117.45990604801975,114.8727814767537,119.0918878446175,118.69249095069152,116.29782827982083,121.6277010752578,118.08109004880028,123.63459887291236,119.64980923193875,123.22298543966082,121.0369424862558,123.18885558397557,117.3405302327766,120.40705180854044,120.23942439005059,123.05214834295157,121.2340115407696,120.83563397137733,121.98338960642599,121.32017583478118,117.8763901433084,119.33325596703473,123.3907533541139,117.76053182900121,120.12184525334638,119.88522118663694,117.34259792471947,122.48296905797729,122.05551082501633,120.11689246511766,119.48255977732943,120.07772610040952,115.21611892456912,117.89622286487197,119.58208444340792,116.54565910050944,111.28245341808226,113.81015358213203,74.29946385943914,26.9056567604163,22.502361818746618,22.463156103293837,22.02738368070485,20.540140030853404,20.664015435488132,21.125786682042442,20.686260607213818,20.687869361246488,20.373384062644572,20.2198195334551,20.727271535763684,20.193675656967052,20.968336524397817,19.83055133224728,20.5782517436135,20.3055184285238,20.00562049442982,21.198840194799924,20.209863729704107,20.726770174337275,19.890686846974187,14.902815052605211,42.995941805180934,70.86134456340746,71.15361463814989,70.1828051818066,72.12006043872978,73.6252441388423,73.01307022903858,75.31009134805376,75.70037948497787,77.36814561745283,74.90279642517572,74.83710184779264
May,13,81.21050228930491,85.9720084462581,95.99771337747937,98.08141495698108,104.00001211079045,102.31936879675253,104.00639147859262,105.88016703265531,108.23030167849085,111.09827999806008,113.33820528633312,113.25694565036633,113.35181636928397,109.80220315276831,110.31873030966545,115.40015034646113,118.62396725731016,117.53343840008188,113.70613919771988,115.05651744571495,119.80343662570688,117.08738431485843,116.19210955860116,119.40264240717427,115.42424031777605,119.54385497266524,115.98527157959498,120.11464287331658,121.74046877990278,118.50770795043528,119.72121695271815,120.78591835078183,119.59051672347923,120.98170938257103,118.97473768857928,121.87823415005668,121.07417827956073,122.29866014076082,121.36559836289267,120.63929455126737,124.50437413155974,120.99041356535584,121.50513877018584,121.59632731174527,123.92005095490539,121.273564757446,118.38616503243084,122.43754611952839,122.19970881359203,120.87755310183624,121.64353129776215,120.32461912750318,118.36223042733633,122.07251068329325,119.85958150015034,113.99177562503763,114.38905626317083,118.40309736639671,116.25724159520813,113.79757866737936,78.54264810526739,30.018197658621734,22.839705327087245,23.597542468958444,22.606049805715916,21.78171588267429,19.89796820097857,20.652744060532413,20.716326362712934,20.079525582934757,19.707473580065273,21.646985811471552,21.00155535008156,21.119918217044344,21.440258457824815,21.45986774727456,19.791402480567125,19.621891263373833,19.566802797348792,20.963137844073948,19.847653719837815,20.176006885119666,20.65735982742273,15.409419911260105,35.6340414151503,73.21668934153227,70.80155012379781,73.43736897562044,71.2094103433259,72.12031887024996,73.85332493009939,74.41280262097364,74.4086381362153,76.58717507708137,72.94357722336686,78.65212846306855
May,14,79.10411018489827,92.28805334606187,98.79268860098296,100.21748977246615,101.34299109560878,104.29236827633235,111.1727625034768,107.66340021418253,111.41987410382234,107.36286406447333,110.8619645357607,111.77230029823706,111.78663427493574,114.77153621997033,113.99814923219128,114.6397577179186,115.97607377496405,115.89075810454007,120.00610750166975,119.45486812137348,118.09848182060465,120.20062213282765,120.2943417119186,120.5370386996421,121.35800611310393,118.75685111903196,121.02692002311862,117.51805446413418,118.15522737832573,121.97713359245319,122.15947386962692,120.14948330133221,120.11206145020311,120.34693949579345,122.83376964831716,126.29319588710219,125.87151514578755,122.02296040220497,119.46129998798389,122.81041021690682,121.45571716686142,122.18309299288438,124.42817673202912,123.74369018784475,124.39518708367702,122.59560203557224,123.3728647561176,120.83432944248075,120.18959059277887,124.33152525244091,123.43330387340833,121.62174316205679,117.68996401184819,116.84495706642419,121.73780303234624,117.99611812962812,121.29905119762573,115.08610822565738,118.63922161797042,114.86543638934539,79.710288102287,27.524080467168506,22.91344562045481,21.09788636915797,21.286687998062572,22.69333546534414,23.16824067118199,22.36355354886223,21.430454951128045,21.898783590997972,21.102556733231403,20.721598736601223,20.042194179395914,21.072067870168706,21.603969773283485,20.666640837125097,21.45160633567082,19.399517725390403,21.218081840568587,19.49459065043008,19.916907156875723,20.257483729957844,19.869667139840473,15.819489755040118,40.15795012005251,69.3726377533151,67.62312034068852,70.63327595226426,73.86009212499076,75.2331278517297,73.11959517521453,74.57329673734671,73.80928381221862,75.30703501175003,75.85778548781174,74.42178509072211
May,15,80.30277352229125,89.52644939322448,98.97519728902094,99.77911384446581,103.0340651848431,105.8975442440032,106.36054769735546,107.74823360604259,107.70465167985948,111.08397560557096,109.0488563237523,110.75138422871537,111.71459859018805,112.04421433285162,115.03311490937061,114.22589489647203,114.36065740899123,117.288694327943,114.9683538365052,115.18130971642888,116.5783829396596,118.53944675196941,117.43130170476856,117.56905191827559,116.59087393690614,119.56600328092439,119.08964933039398,119.51540263715135,116.26494061959157,117.61967782472975,120.79345243001922,113.48004576596918,117.07893680342386,120.66869692224539,120.44121041152965,121.58718765644105,119.88975710810016,120.34894778373089,118.7861768007027,120.134209267164,120.50830766738224,119.47024490849607,119.13616069211047,118.14819240211972,119.8547415203825,119.40266806214296,120.36291448481302,117.18629014396305,116.3969603248168,117.92385112001014,120.16997243868377,119.72400376824868,119.57197353741209,119.19968122588442,118.7416852303276,118.51726264500805,117.42653771033225,115.78637805673563,112.26440650977264,109.6965463242539,75.68012404571567,24.01199511352769,20.549625655116934,21.010024210295107,21.228375109914527,20.931704757934632,22.070691576949848,20.63629392016284,21.58476305177191,20.902645977540185,20.097707028678034,20.383133405805896,21.31285026821739,20.39718561663573,20.40898936615763,20.31300426192879,20.25359948811147,20.696893068404265,20.799659086382675,20.515991207599576,21.099458847608346,20.94109637966366,20.32414806381841,14.547739655498344,44.0855466694849,71.58041286271016,72.24516465142416,73.96332829455964,73.4307710206978,71.09327067255008,75.15828274729269,76.09665934129082,75.84325653065395,74.35155686888343,74.56773353957782,75.4305072907652
May,16,81.75389578868712,88.87494870414933,96.86754629100669,93.87893075507894,100.78593239876312,103.96671431910076,105.34874049941095,107.08111171059201,105.76732114538306,111.88686740249052,112.13124919364023,111.79301695005162,109.5915085354558,114.15993885450253,113.88477251049669,114.73031184920629,116.4372777521895,114.81434409263689,117.67538298079764,117.89287598747032,115.3467988235456,115.2780369195519,119.6566730632714,118.43673569894204,119.14408112437835,119.72599368680336,119.84966768680952,122.50419458909154,121.10539979466272,122.4534031449626,122.38592930360899,123.4992585168924,122.77462678566994,122.57842053100428,122.52339195279767,124.87615845184119,125.08010491067904,124.74778181328763,125.52418058182663,123.41693556068373,121.81565357259915,121.44995477836372,124.22671114166643,119.12721804946366,117.765885522642,119.19795403343294,119.20175928279575,119.58617267743259,119.59251610610158,122.47939946707065,117.32770092500583,120.17454730715009,117.2259598426222,118.83087214439472,120.99053098012574,118.66845925411539,119.12111876029418,112.5880727905308,115.79908696380147,116.2359455072222,75.07709941695644,29.57237137167847,21.432411778944935,20.655087970135092,19.882251022520304,21.584281122761897,20.66764993870387,21.383684393992198,21.053617766246347,19.930761897572197,21.10283653108813,21.129539411061614,20.98917735305834,20.885148826231102,21.60658722504979,21.25487409637542,22.3787241797402,20.771677085277236,20.691819185216172,20.094160750430323,20.87407748003176,20.357031590314072,20.89221847174239,14.753035575743523,36.34859462661247,72.7960664757751,70.17198785129746,72.76916049944514,71.45821990796298,72.1752959185108,74.23565828537389,74.52899059104615,75.71164574530471,74.20247230280825,73.69226112192067,76.85962735111515
May,17,85.23405174323501,90.26945839646602,91.24111108692345,94.16614573865671,96.71742295062549,95.97947553119563,104.55908639393463,102.63720845968517,105.1673632618034,103.22582749900783,104.76966188902387,107.34662761777435,104.99452429769715,111.11783169743711,110.6886205122145,112.76939039519358,112.47872306379435,111.2447937134449,113.68289738605553,114.9585310778134,113.84972009379784,115.34763145940336,111.05499279236602,116.63269820094598,114.22602507588435,119.13282210387524,118.41100567541112,117.84561805482079,118.62112836873312,114.36543278161948,117.28149427393677,115.77708761018731,119.9926612020205,120.58584797983445,119.02492926796587,118.88490532406874,120.67881870171833,120.14962032293955,116.88259807705103,123.52533311358343,120.64660568982899,121.48059595735076,123.7635465642559,119.22139027219032,119.92944808060471,116.17133255256473,122.8715017547955,119.35737284714736,121.4693256601116,121.40920765187927,117.24619174503292,121.143592191888,121.80967357544118,120.77953697620796,122.2445104316841,118.2482515337185,119.66197124976502,116.96779644447476,118.88569307101567,112.8293118917843,75.98956287990212,23.937273549926413,20.559631569325184,20.525204057001257,20.394663878937106,21.148399917702136,20.792392607161847,20.933730670829515,20.51283991402014,20.39044932272211,21.45283048355208,22.03324536855833,21.546600728553038,21.839381098650257,20.6530718278183,20.02345743365646,19.5812541221706,21.102750198325364,20.60057323571585,20.629514431210286,19.660297583376952,19.475727990518504,19.997135468134463,14.245752084005938,43.505000103591975,71.0572348782489,70.73300564664906,72.88860150128467,74.9844822712855,73.78506812626668,75.5147344592138,75.37515483020921,75.13029099580885,75.32597915933663,75.51079699513457,77.44725385966665
May,18,83.35639314469526,88.18520461548424,92.16857441641967,100.72172351551856,99.89919300140231,102.44275873728415,102.71066385097558,106.26815918687846,103.7379283798785,111.80730068527483,109.25836364002686,111.36426057439442,110.73501358380197,112.9685244119854,108.91032555368959,114.0470561912904,113.18969069973167,115.03106394242828,115.53116200125879,117.78741132716914,114.06945431394676,112.83647707276292,118.07066252861806,118.9337632818536,116.03990766855841,117.49456250035539,116.69662063892976,119.653604640298,116.59120066545239,118.66432556601079,118.52955325565613,117.65612466462223,117.69417347076394,118.25447207608293,117.33437997969274,119.27010863762757,119.47302108706258,113.87540351999272,122.08327221443714,118.27714882832214,119.84091711754564,120.63151908976955,119.57038927823777,119.02662563719032,118.46202247800387,121.2964458391097,120.63889538791831,123.43237819616674,122.86214793002266,118.69139669187878,118.7024329947829,120.11236563897387,120.08388292498566,118.47645907099214,115.92339827912971,116.74350422396417,118.55164330991471,116.54023766106722,117.14198600917766,108.90519949000719,77.00294857701245,26.90000642500527,23.97429982635059,23.829931902894966,22.507163916067253,23.97537660039436,23.436573713423158,24.717745153707305,22.86574069685398,23.408798459344588,23.484622198594028,24.487971146819614,23.637510769388268,23.29921406706065,22.37273336165766,21.78727526274611,22.864609153994675,22.261532618157705,22.877320041606133,21.546882987007248,19.91963679783441,19.56880469023539,19.960929265074878,15.420748052497624,43.16700098406425,71.60977237933271,74.6620775329047,73.82003153973588,74.51621339070802,74.770806395505,74.00815952881656,73.69914382991107,76.55279131674753,74.77460361586463,77.36394001992917,78.21371886737802
May,19,83.91159502992956,92.80927053491877,91.49976708371709,97.79821865680819,98.13031372273245,106.08992673600365,105.47948808735744,107.2454407430691,109.77164834151135,108.0080584539466,110.33841220918362,108.41423103427083,112.35934112163382,114.98335564114969,113.55616220533302,113.61948570920299,113.42777320300921,115.01363715343874,117.6259396720326,117.35314867040736,118.78920216834331,117.36334601752235,120.80443412338022,117.82281785004014,120.73740041014653,116.73576324451156,116.77118760450766,119.04514639831172,120.73467222611966,118.7104667343419,122.41609840610025,121.77350631273748,121.72420133771999,122.14916335334887,121.60031275024241,121.9071843884353,121.7535755506252,121.01884413543857,121.2670603752956,120.29493477330759,123.27984209874026,121.43414022279735,120.80016679633876,118.75796955699496,125.46115581655462,123.12604662484225,119.37517344793787,121.42043336002729,123.94500516368682,121.16566181742019,118.39116272667867,120.76073005702402,117.28213403829052,120.11091146782451,117.03346832122139,120.0179729879585,117.75722326284931,117.79510596247046,115.03753714678463,107.3597905286033,80.13707900643554,26.351324059633328,23.15460635761522,21.284608472508275,20.32682675982802,21.372763313301974,21.230058950529216,21.689738381722545,21.379271024651935,21.325166300230308,21.58282492948585,20.33090066225757,21.999324879678973,20.405391298626096,21.40940566673807,21.41606827579552,21.220296613618242,21.014519343287624,20.802668682676156,20.951677180306433,20.944064157550812,20.22906955410984,20.571396186490077,14.340912993528324,39.05363939439873,75.11892406531396,71.3342796258448,72.55886741544322,71.98054248927646,78.63975981944057,73.66452150962499,75.63812106049751,77.39295400896819,76.12327174588255,74.72681580003686,77.73561728194427
Rainy season,0,11.78130886183555,21.63688637991351,34.5536798806842,50.88625076144264,41.4402675390648,45.657247754146006,50.682915859119625,64.77715175452342,66.93162421578266,65.38414096131672,67.24153307136295,60.39583738272324,64.07590440078182,67.81331490129607,73.08516767113069,74.98424173700833,78.28810781623551,85.14548421638129,82.45431358077106,72.17790810692819,80.50214567910547,86.13070257347366,88.44536346092836,86.5240209826197,85.76797129910159,89.04650690946288,81.40729091461188,93.06243660324785,85.7704449792756,89.41093405023504,89.29115810956812,107.43178410573269,100.04668132066023,91.39435074750106,91.42785593998268,98.90688035609938,89.12638707575756,88.39778154709926,96.99367920371479,103.94516757632678,105.03095139979906,104.35824577535793,78.35538486649669,67.6263573493531,69.23536199402662,61.015911771693574,67.0339982562693,73.41382788828635,60.192929604229214,60.863758988129696,70.41822471034001,76.63623695282507,62.49120200795474,46.944640782906404,60.70737794017474,77.07527427015525,60.966449942781644,55.040444391297456,55.468466309504926,24.90293022320917,5.159947242327042,5.402502472212847,6.1760659977930095,4.230478093097446,15.3099001159579,13.66178649366207,13.144726805512061,9.05088229045325,11.191202299508877,11.891293564967677,12.046014587204072,8.276415184391068,14.952190747025904,10.214737285057863,7.972701625312052,10.697846830904366,18.39315504555105,9.278627756895618,8.320883563141157,11.923091804534177,15.153812414111062,10.602533268970442,8.415220223865457,11.710660218383717,15.792333843204853,11.843644397618728,8.424455456047497,9.852281249583609,14.854185960792966,11.828076261722032,11.684031057141707,12.912052817543978,13.49430708140846,10.198467634029392,10.005674116708962,15.726301511060724
Rainy season,1,14.40129191683303,18.739191287440246,26.568353799975576,29.60905081499788,30.99448865529617,38.847943862628796,50.272467986627255,56.21424291764711,57.36380804362877,60.110204880876736,61.8469976637717,64.31892391490119,70.9070250812039,79.67814482865427,68.92447284971233,67.56917595174731,73.62589458555604,90.65782512622322,76.53163798279823,73.66146212561371,72.30623114847059,85.68621882175725,75.29365914423776,84.79318865404721,83.35320413226684,95.38634855137356,87.31238348904701,90.62806128782073,89.31692223607268,108.68956198481548,91.35017483397922,97.26699642410722,89.73110994815838,109.10511254038524,105.22076180025083,108.89441269766166,90.8460895396456,89.29981781217128,82.29429426019128,107.95995149564722,105.08832331630047,103.05595784716243,79.84308624533197,66.08875475911846,62.37543131554868,72.04900469038942,69.76109434132022,64.95289041692807,60.93678543997814,63.558248258059194,58.057373895236886,64.56589941433506,68.22189469546952,70.99859958766068,63.43249792501191,74.90304778017243,76.9024748604007,57.74005208923174,42.10779628681694,18.149848249658316,11.752231148190592,6.946612005630271,5.599882979351159,9.466761744604774,15.144028146087587,17.27905767699429,9.26529973051239,8.279958719224135,14.030435764590257,15.525516481262597,11.17510925549178,11.57575058693733,12.647436570681586,11.56135448826899,12.98906207263023,13.28314549537909,12.16616123843367,11.581866336660811,13.591690536617627,12.056642614904892,13.15197289064667,10.28806760559987,12.96613923126331,12.040433323225427,14.249645026684808,10.39755439043599,15.636737425911209,13.111047397013238,11.753711673821131,11.435127914068245,13.066895151145104,14.664863596472117,9.98368931086293,12.761345841803335,12.333491381476074,13.83216491689996
Rainy season,2,16.373888079895476,23.647116638668372,29.664546899245906,46.0942715660709,56.95906564592015,59.01653305354925,58.58980408270857,60.09469139210066,67.83293299832732,62.00668142260658,72.52203697372124,69.69293465874712,84.2288188133893,77.9201369507379,88.74779726915956,76.93902797920865,93.26029371361827,79.4378709331674,95.29092030952218,89.10908871436926,101.846199412956,93.65176101774684,93.56248437534818,97.45874449031619,100.67388736596135,95.46091296352975,93.28018246288283,92.15070970480868,88.92084772110393,99.39571963406438,91.93372867021586,93.37803903228146,92.4058430564475,106.75066816502812,106.77476072032032,97.5987568356727,99.17931779271814,106.67055511963787,99.90143094159133,96.68334602074903,108.5003872401949,105.02230345412951,76.45596569883143,79.43981230652216,81.02683778221993,71.31630868029508,60.82869297107628,69.36684103489293,75.01194072932034,62.76010744316833,72.14292987725734,77.28483548264434,71.43348603891724,54.799651010704835,60.5117672899883,80.53785717437167,76.58094838926489,55.52997986018032,38.75504446710253,23.44197028480032,7.913382618998851,7.97773930639814,6.827827462849257,10.925072424671312,14.223128482765514,19.087797164455324,11.052890802909264,15.32933165216865,11.413428899333294,10.709311347745967,13.010440582179907,14.929701017592748,10.981174646700714,12.59485840063186,14.193032251296497,11.158323114724887,10.304531156582902,10.681425785019993,14.010707730397227,11.135878544754737,12.929721050003911,10.726505098353076,12.163133946876764,11.48253680246327,13.631799939581224,11.861607727249243,12.559424629181201,10.038008142408207,13.483795206421664,12.867982684406222,12.573896414695948,13.815892388265747,11.72415475685671,13.803029836777212,11.211475118536722,15.263421834306795
Rainy season,3,14.375442811099772,23.495914505576327,35.62078587678225,38.198129264339535,41.20338280081172,54.00108443076702,57.81374354422827,65.6852244407542,62.518977589005104,76.26213734309219,67.5817741557578,73.90764813037005,67.7665718843595,75.6232910340745,77.46714924586027,79.76805050205326,83.96347437613089,79.23548514811121,81.98009855830877,82.04065529812982,89.15835452115435,80.23846152131559,86.87590231511084,84.70478079808285,98.73028927991643,95.66847978366314,97.18941303250182,89.16010499775408,102.90272504414685,109.49102785671808,100.37540043584639,82.56554260001029,93.95118476469641,95.58795510539771,99.88517324647482,88.37872153442476,96.1678579118977,98.42859297850964,102.03065977095113,104.40172103105587,99.92172853632407,97.17766985885812,84.86905825795088,74.51789062522128,79.24793068602017,86.19872347274286,63.39282940780832,55.46776078645818,81.83866894993965,94.04673315046269,69.0764705306919,55.90605197972046,63.898751607635035,72.41157734400615,69.22492455975144,67.20519914922974,77.30655262654751,56.26853740506657,46.33014306813295,27.27095998343751,8.866016242184992,8.093213963126097,8.330437620838477,10.46833428346455,17.055638613579074,12.075303763910302,11.68110244693983,15.161093164282116,11.77896414658692,9.830327149002505,10.984204742081115,12.76296258405809,12.306141237808427,9.782492011367422,14.619962908481403,12.6596147603505,10.636341725170919,11.534769756214587,13.145182141013679,12.808113655356257,11.459838703997349,13.894566202397833,11.393406369130181,11.320959581876535,13.105255418540416,13.773530632628917,14.354900495657002,11.911473202913315,10.712826843273126,11.601160748696117,13.171584759731925,10.448218229087036,14.300353053089331,11.691289464322036,14.433958005346714,10.707679919493634
Rainy season,4,11.066867650412682,20.00427998260175,31.46907697726085,43.8005528229475,43.52498618793739,53.22242814915894,55.7804696069735,56.208735656512125,64.34931159210518,64.91703101330192,63.265722517606584,65.19230517842193,74.71390633967358,82.63114565860734,74.40246970778598,70.10330453528667,67.3758447473882,85.02381886547201,93.85471360997933,94.4274986872364,89.42971982215903,98.80760125635702,99.59089079595479,94.8625973613912,89.83442131655664,97.98689962432553,107.12257446756828,114.50306680895152,107.33749201303392,111.44689535329827,98.2350982216933,99.30197341809928,112.5192231886524,121.86037618505803,111.16684437336878,93.40994641447973,101.3169555929991,103.61772361937594,105.64099572078017,99.49090298468435,104.06795708583404,106.03485988029173,76.12218459228158,72.08370226396322,75.81960358629685,75.16913890514388,74.07965658538679,71.79030285872315,69.63579395351012,64.2002344230637,68.63018308556669,62.88365242905998,68.72147315652255,72.20382072249181,68.67903075200257,71.81004498286543,81.6583280301311,69.55110817916139,48.50838880699404,30.058247415125503,8.211261560593625,11.023350195142939,6.831626041053211,12.862996173193148,19.881564112638323,14.423316214836266,8.936155019437882,14.026796539926892,12.698084977519983,13.087874656510118,9.894587371607367,12.147786961393917,12.758376257529392,14.079029063463288,13.047824887129877,10.726478989131518,13.110483957098785,11.946546027124935,17.244633690811902,8.513401791637806,11.553593657503946,12.169285035451294,17.389131650265004,8.018694923264112,10.709247185779246,13.753679752942066,15.57554725217238,11.429994135747387,11.437023550974988,13.16798770968923,15.212196007226968,11.696430823190921,10.687942232517058,12.734092059083984,12.728017780559497,13.371391646178589
Rainy season,5,12.909756206689101,27.003309396102193,36.45631150535242,36.71561750630892,30.86926592022788,37.75421962923556,59.33914298118919,64.68453300191267,61.46751427089646,54.42571768317164,66.40930916084906,71.1534304877519,72.93569560776314,69.72638690003028,75.54882663542843,76.41774071328494,68.92419806113124,72.94122092399309,76.36409534539213,70.36183034356613,71.73731856879387,80.82230056237557,83.03273952458004,75.3991570379494,89.14764379768552,98.56958834532739,97.97246295373506,84.5858548093202,91.51635361224959,107.17121719850273,99.10838250717038,78.98091051119626,87.85678940082263,101.08127669954162,105.57509202748491,92.53176693308248,93.66276483434086,105.73874190529096,108.86188442005272,104.9410788165272,95.57966394801606,100.92821100456564,68.98119633981236,66.90944779065883,78.13274142615822,80.69494982204647,69.22643350245554,66.75880125485561,71.70292199741172,72.36439422773113,71.14395774328399,73.44004135796928,66.5164017494151,57.78132889112268,68.00092984791328,68.99361560543255,72.65257810267865,60.77783327794349,53.77678960583049,19.582970999882708,7.77085651002423,5.92043005225043,5.878792921211104,9.107712699742438,20.008688581687878,9.75192418665598,13.028364527142617,12.507104075710568,12.395890752006133,10.845006436645338,11.051224887180869,10.248957235677924,9.398100347564458,11.499527290434555,13.06897687271937,11.828395657463917,11.15014579401346,12.402978216623515,10.535540182073701,13.163225024805012,10.908317045483473,13.72192945410567,11.078259833101225,13.123084179019674,10.183885671226397,12.253594953967346,10.7981173306003,12.826721527667145,11.865701649581784,11.655866849085815,11.380762241281717,11.320168862676809,13.29710972501979,12.011489803743597,11.855213154034503,10.484822583099598
Rainy season,6,16.816922876232507,17.105920638395087,31.939003020889647,43.83973723033561,55.32285872388728,57.41267021781554,63.94657624665125,69.84527953218898,66.50480175587023,58.46399434495393,68.74620572764097,73.8895950624576,74.40487158187096,59.68781643400794,63.226999849927736,75.78692608152035,88.24690585722982,88.40726022843971,80.45513010797355,91.51380296110038,87.77169858236695,88.6083590883491,83.28539225160976,86.77132990685521,82.49751291687951,84.4934352498917,82.63942850832333,87.61653928472985,99.5752218969881,101.53481662811971,88.69865451219748,89.59465777936636,95.41369463718908,106.99998620104861,106.78964131305497,107.94897610556156,97.52649163569865,78.93067273558265,81.89165168339142,101.82629637729954,101.14386403750345,94.04483814091564,74.07244381929043,73.52748564613961,73.18194711904152,73.5793709147585,70.01188490826034,60.03858683412994,63.1635327926209,72.47552930202536,71.83998771372268,54.04662439986101,62.056552830463865,71.69114609978266,72.44505869661988,77.93833995494184,68.25036637809664,52.57130749022903,40.35082060115815,17.889020808442105,11.130637604367609,9.528541134275757,6.264155061317769,7.253132596741337,20.143820273923875,14.229666702346805,13.160278658802245,9.648351327533765,12.598956782276703,8.975277625831874,12.227192974579314,11.960723711126624,12.634224867091492,8.168703683955288,13.860522680176484,13.761384555317555,13.485161202588436,9.65638996081436,10.76551627193086,16.364464883958124,13.536709840277185,9.804972110267487,10.376808750555359,15.149510314494465,13.02972801800615,12.829175456994383,10.811628188252412,14.532655963609415,11.739609697840576,11.100429717609602,12.136324232617568,14.45655460735499,14.382666084297414,10.348626504113543,10.68491562542832,12.937709296357855
Rainy season,7,13.433099471345079,17.833538805930516,20.41132465218891,30.680074961753224,38.10326652948845,44.859363510733274,39.45432056193322,48.849992673998564,50.27581389757325,54.39735288812183,56.664039458523476,60.84097196592055,67.85112708191045,64.85025707376691,72.43737158957781,78.48139709523885,75.19640762111801,78.63609977919133,73.01382934139453,81.96595121852707,86.17679403434606,89.36794226483742,83.38046782038526,82.34009667597907,82.8888882975725,86.9110546432883,83.38729418114546,79.52089176995916,91.21372725723816,91.25845838249468,92.08873896832053,86.32299054338246,99.65236911122857,107.5617563331334,99.4715305978576,104.29826935767983,106.76054987824897,104.20083396403864,98.25464130219054,100.08617722900537,101.8920202090093,102.98238253732792,80.77822196641412,73.11515017085836,69.89775518800657,68.79722802070799,73.51338288882367,76.3565393146015,72.34718194302751,61.910148729204074,62.87797258762688,70.69168747513746,78.29604685914698,72.76913090642587,65.68984124039234,65.32127777534767,62.84026796200546,58.293330897632174,55.450985621048936,24.4235237760932,11.581991150706726,11.069613766986837,12.241780650818741,15.738794001500922,16.046567032309365,17.009311061780306,13.028602044694928,12.663632120922346,11.82231002237658,13.055074982554258,12.077987480773954,11.513826998179967,10.123816250528215,15.76745798396284,14.850172949325097,11.298530749365698,10.629980231720111,13.284793227164261,11.724074593281788,12.24754638721711,14.374521523027248,13.457267105606194,12.216438025289863,11.42639555963981,12.643379418293968,14.015068747376098,13.27316939625692,12.739799762904491,13.971024789514777,10.689241041242706,13.3293790114478,16.36522810662888,12.14468279905917,12.44790384932191,11.124841139760862,11.72030482186838
Rainy season,8,14.95001662311852,25.03202319277401,39.8491330333342,40.12758070215679,43.97904450024338,45.198481095981194,58.688229064070974,55.58094590894866,57.37426769689122,50.987850085929765,60.69623130994052,70.10750795838224,72.43876079937611,67.33237618506148,67.8756077473739,68.75163304083306,72.04888790531224,75.98632832415595,81.59219993089212,76.72389167731649,80.70651017314614,84.9030555161857,96.04124320013052,84.73950612332527,79.9442117947692,78.14096270837892,100.55487838934746,101.21564353238732,98.58355548937834,85.06192716309448,81.73786464825064,94.48243303590569,95.0579933307815,91.5863929120836,95.5936235200806,101.20040476169522,102.08992338380313,91.7546478347934,87.41072908184996,96.87851820031054,99.74770784566525,96.03197610424084,74.47575164184977,76.77980860584636,73.55131294308833,68.28644727217723,61.51243247640567,69.98940147398541,73.78141565441918,78.54753772122427,60.534612536757955,50.898424744315165,60.72335990112361,74.1169684462637,69.66177410779096,62.988962698584864,65.78896307304882,73.38453091557032,56.786342279515836,19.20222090119665,7.741935512086476,13.199772337764271,7.278197640122894,6.8190969990118315,13.202708845586866,15.696568732789299,12.090562434127033,11.849336779572672,11.277884502344945,9.285293609964183,12.754297581710992,12.979343060250612,11.55651706319463,10.17774272428418,14.0596828377896,12.188539802083111,14.179918686067884,9.297665620825326,13.415129832830651,13.600129767523258,11.34067455728779,11.366238554627477,11.650457457067564,15.612809968093854,11.330528267946194,10.97085303360145,10.388729994075153,15.428473211118673,12.592440262945097,9.357901239564969,14.035344301576995,14.39855354831555,9.486797344296612,10.390998136490676,13.892914758389313,12.516248005646755
Rainy season,9,14.532477175520123,14.829076773218306,25.399850009964364,33.44917327421412,40.13720279799672,44.688377620898834,52.97318032223537,51.134469124123754,54.1997487822374,54.476933005113814,64.30957753871122,63.398769151718206,64.3079766389073,68.73533705070375,74.47013407975479,69.58538003731385,69.43133002368964,75.51771386565909,78.93997228836811,78.25228507707554,73.28832799835355,76.69197396221001,80.5246757524187,74.12428112393259,81.10837310903436,82.11983894870203,91.86992148920017,90.67980812702216,98.78658280708315,93.42708160559728,97.67534039512539,91.90652715054459,97.49939894572655,93.84422146174191,91.3475540225954,100.34733425950962,104.70265934656075,98.85428947873324,97.15710770722953,94.18240496288175,98.64081901931601,92.27692840781863,62.61910961199758,66.9160089109774,79.27415492407347,83.70075491771198,63.513417310694805,55.76873116621843,68.85952468929618,80.01440559991254,67.90061975730305,49.93813935782787,50.57983765558939,63.460923616657126,63.018488565061254,58.53752927168858,63.481722654405615,56.054919287469495,56.535494037424584,26.666612751419,6.957910938277546,7.662446856763213,9.135244752690767,14.918808413747792,16.927409141705695,15.856645706709305,8.46903821817185,12.148736004750846,13.339269843776432,12.243300322311482,11.477817122865797,13.04536614521823,13.55718970357557,14.721632544977316,10.069847587678247,12.28218803839003,15.43758497506373,15.924446967100009,9.746930621898436,8.86239979168348,12.51897815453511,13.654627523666859,14.382101977909288,8.100462995759136,11.59394025393081,14.536937350844994,14.840996961724512,13.615208891761371,9.056196197970174,12.990181146625167,7.816267835702415,14.77551965187691,11.730963990085296,15.026371318246447,9.638328751736118,12.530418114336562
Rainy season,10,13.49451417192774,21.204153797412722,39.22371344249622,45.95981841401423,40.20965328943626,48.39853116869371,58.96007072535727,70.6939108536563,57.72562900202919,58.97221780962111,68.56520747159409,79.54327317798587,78.24525877682998,74.89866843997198,74.25093365110156,71.1348902136443,78.60377629684538,83.62880207068389,85.34770794395841,84.52475722338299,83.77522355194876,86.81027128822923,92.97636263830549,93.4326765940846,94.11616405414313,89.87039146680826,98.30517667477137,91.07746129939859,94.34964254738979,94.77279860955083,88.26279443729167,93.07205366353834,100.09576063768168,113.35748863234477,103.22360687840718,98.36503783383962,97.92952157073613,112.66094888030015,107.30382717404909,110.10812405867146,106.71769120174918,107.18277322086536,83.55443501095309,70.72747083386791,70.05170415951908,83.05138070451007,72.68708758196696,67.78054346288327,61.06546563235453,63.235702153936394,69.0814763532246,63.479988663477336,60.69021840113782,70.29835287862944,70.95947763061051,73.64202982085165,64.03793173457505,63.034310270465575,57.730245586178384,24.447091017819734,9.515388542246871,6.654201557736728,9.191010690403772,13.042757773125356,18.855375931180266,12.901817979196286,11.402755653762943,14.740260590207487,10.64320038837446,11.375259388248827,13.045303383169436,14.724353089858283,11.50896245206204,11.091857407904607,13.096488231005322,14.165887408973086,10.060642154939991,8.86349304987246,13.150432668770032,14.76786454867957,9.8019601883531,10.001180316934454,12.341568568628695,17.651498630749643,8.918815831704771,13.198093022164725,10.502853080169304,17.570075530480878,12.193784138571443,12.314077938949234,9.777211960088009,16.0826791010456,11.824941591119966,10.049054776092673,13.359288929338538,14.337632381166793
Rainy season,11,11.143286320101478,16.78216457985003,35.811402576785746,51.2096470988261,53.995305921479705,51.521883982612664,57.71086867649818,71.8235275019031,74.11282737189842,63.2661116818018,63.9234811793026,70.38525842374635,76.1133682268731,72.533383318329,71.83753492707393,91.8650118436661,91.89092067078761,87.29958147038612,75.13526928635136,98.25381263017722,101.17993256349018,88.12800366995167,81.3985569823651,96.38455824491326,98.63287927940291,94.10947177550416,90.88739176930405,94.42924672840222,100.30564841356339,111.13436259767344,105.28234362299963,95.69637756816942,91.99793521805913,101.47798197489064,99.59291529171391,103.22241707883738,102.26306227227296,93.11755507455305,93.15106070706716,108.47787097464828,115.59708297185828,98.25078219757984,69.73527288310326,74.73099559464055,84.15909233249744,73.18913886276333,67.73496787244086,69.13384902672621,72.55130882117508,67.38141997146604,63.250116859644976,65.46606328092342,72.67239467689544,75.47790568466868,68.87377907874975,70.86463417324718,66.31489196882848,60.4225222995621,59.55897009803498,26.589257606690737,6.121436701091393,10.37466697671464,5.516517106349312,7.406912617897145,18.623710909997566,18.39529215309552,11.883533149698275,10.918448515607501,12.232041649872972,12.64088083804856,13.996475135645511,11.314768374475939,12.856345542648212,12.086383706712367,13.07408701936613,12.126775732017695,10.633430837286788,12.616831453004378,15.591067342610597,14.543016203240642,10.166456084637137,11.765397887006802,16.733591952327277,11.42010352704122,10.332346734243213,9.711378875334331,16.172243978610293,11.681362118853095,12.301613397888826,11.151453027791376,12.665119174667245,11.269403188891934,12.757834172169261,13.026015776588483,14.783767668188121,12.129662347907406
Rainy season,12,16.714588070558303,17.60489566535564,38.45734578084243,49.81431991152359,55.3789058064916,51.472032087868314,53.39518891636257,58.1850317233257,63.7949904288205,65.59735802994152,59.57560024235133,62.55099102768518,80.42039613407663,89.95767192663511,70.68597291594348,59.501352734340195,70.53179533247273,82.80446258118296,77.38428148939542,79.37112906525931,87.02780519868051,93.94971913411966,84.55962746887107,76.9893809833137,89.76673260727479,95.58703840997508,92.34520845041894,91.2333683443946,95.87055033520167,96.49159473808773,103.91603077862152,103.37676829014227,99.16496925293042,80.71255368573422,97.60022635336075,110.44301211848943,112.51313431812932,98.65264940284843,93.60211229442044,104.06955943244293,101.24267648142607,99.12201748817812,81.10129723046663,79.89900831240638,79.39534015954604,69.4583842649742,61.68380749992236,68.85815640026013,85.33378977624365,72.83413677166459,60.22337966622016,62.774167088104726,70.753111518452,67.28877973817306,55.90994480087682,67.33396577769835,83.2076276264608,63.78931221524188,49.26857452962737,28.742876917641308,12.226341553448862,9.232219677978645,3.4695068118274306,4.9180809216124315,18.750800623903228,14.054717503457171,12.720045847053061,13.251399532092345,9.520857083292558,11.849061418478325,11.813392965204997,9.041737069288596,16.9156234057897,9.409374857784645,11.686799008407622,11.875458961921845,10.150784788751148,12.60235293636588,10.452287455178062,14.195883341705589,10.88894565740984,12.633385804666556,11.629286943543388,12.35937638090674,10.114689780181378,11.599656064105368,10.338954846377122,15.566713387910793,10.476416425869283,13.426004880266468,11.396015853795108,15.099476642737134,13.059407729301563,7.358904406284693,11.686486363519638,13.121385489865936
Rainy season,13,14.064956409701802,28.283254902127634,42.7924691505782,47.97569363246103,48.146312905054806,54.91212661638768,56.307224486640656,57.43917701701045,50.87499843074281,66.36165343052383,70.401258524401,79.8323233124734,70.28757758629973,77.0499325653792,73.7898814395718,78.5499061801185,75.9679100339459,75.92981013273102,77.2756454919569,89.54934850840876,85.14849557197152,78.20001376282345,79.51733960651175,94.69619036292944,93.6644143347734,87.6197958709835,90.5137367288748,99.48013396057237,95.55960397205929,95.08263772755559,94.08049481208845,98.57740792831252,91.21855179012086,92.7077512640904,92.80210167571771,99.4062804856594,85.1101888214843,84.82547107020977,103.55408611869392,109.84448748039931,94.5116971632117,95.38724216189158,91.67710620873189,88.72130306641796,71.70262948168315,57.38862835799947,61.56564709991771,69.98360030252886,74.24191756401113,67.0003271380431,67.58275765198218,65.9817451454013,65.78014189569352,64.68781514236827,66.58070779568152,75.06876205932444,75.03218205942561,59.125196414903904,51.020241749013636,20.94251887086183,14.984674184294427,12.169454960806892,4.750965336294715,7.641444881151832,19.190579116504434,17.45209184958537,11.51405041818531,8.995517784504319,11.921890730519246,12.311732489408836,14.598741131153329,9.010150576490178,11.456509572884988,9.18984861151725,16.914190662022484,11.324618864981352,11.339075441287353,9.215129704438782,12.545795080298367,13.49519750412472,9.923918945917393,11.043792356729826,14.016089259465074,11.175542139644012,10.407409610460526,13.945245480378443,13.487152705337733,9.849458059901881,9.478811288536859,14.965380213863744,13.008338251790159,13.03266195379803,9.75903433544003,13.606098058366266,12.505973648115866,10.591370285128876
Rainy season,14,10.140791057110723,19.1116014646315,31.297941562161075,38.76742046109233,43.33664176878236,43.16461436987672,49.9652924933408,46.93317748793216,57.21256154844448,58.6555646260338,71.45442650605482,62.11209542741316,73.51398821197222,71.83507904048614,79.20691260196052,68.69556860922093,78.42207371142435,81.36716215344889,87.67171631717625,75.92763056296423,74.82776818673054,84.36245007773003,77.87512970999225,73.72001922513975,76.48600864175215,91.00682779674135,88.46455830175663,84.21958784258706,83.22402394460622,82.1732328489289,100.67428488712879,97.53889674549238,94.85182328446643,89.07546165143373,99.96673792937264,102.28791320678377,97.58063452966293,101.61585320730985,99.17922393563018,112.42372321754019,107.36712500437896,99.91580872055296,86.25294687370534,81.9226164214923,70.66086051184281,72.08836407816476,80.58601575412156,64.49923456835822,60.22257187272725,63.40700563813979,69.97288203345565,68.85522665225808,65.34694763818048,66.95473305431831,80.11730011091537,84.17838011021621,63.33671755255761,50.703358884171,50.92328221304698,24.166388560086357,10.794345073260136,11.57986913150908,6.483998516463116,7.528439433813834,16.923417708044493,15.494600068113446,14.960597731173639,13.759734744743696,13.67013501578539,12.861769522165256,13.177955050132944,11.908215648064207,13.640554261084752,13.717530620668652,8.681483801040393,13.174719170373134,12.35887912874858,17.365483167130932,9.884406878771944,10.736492775477151,11.802872599304397,15.54580109171271,13.6734575158245,11.48460255710829,10.813588542418955,11.127451230196899,13.951359465337445,10.038818651991779,12.175136846312677,13.779971310831687,13.706870784052423,12.178655421090518,10.502202112908874,14.015030442654831,15.213332649630225,11.103625685869387
Rainy season,15,15.42966525538149,21.69276957213686,37.34102993813895,40.34505796989609,40.92939597478439,43.02920721572213,53.319134178614824,62.028866523388146,64.98996576671016,70.41491012936777,61.50450775111497,64.61931504088918,70.86725734056525,84.87277932429319,71.22576859184677,68.35939342336344,83.16219234955,83.89070630001385,85.9535536777343,75.60996054628099,98.4880261533553,87.23732254667445,89.55312101209682,81.65059845750069,100.9144028990482,92.83466514521281,94.04596771709265,93.54853847140846,91.23274504380477,94.9402761697298,93.70659113265906,96.16027195639641,92.32985079921453,93.09911673603169,105.92893157417716,108.22809305398582,98.08212039180412,80.51324835766341,86.2699442268806,104.20128984008362,119.09253024271742,113.23030159583116,84.73606605651476,82.1490442747946,74.52945683848642,66.36542360638346,68.96239140791654,72.86867027287414,75.0197513210032,64.06610160815664,68.04004936897582,73.79489376878799,77.63572218936866,66.92668495441606,56.86205048818577,66.94326661735035,78.28025097242114,62.64523011466702,39.13747084841828,21.823723125888797,13.602260675547337,6.250256972761759,4.553627038419718,7.3162778839658245,20.851179086601157,17.074676573607583,11.72682760717564,7.974247507822576,12.618174162163374,17.056006008075585,13.991035462807162,8.956027787793682,13.386908750777144,13.172264982296216,14.08460385592512,7.134515856113558,12.76772316462901,11.393009758818563,15.50943862798331,11.617962632829592,12.961608823035098,11.683690094654681,11.50062692127488,14.787519866250042,12.801964066534303,14.09905714068725,10.70533859535652,13.594060170316414,14.755299674468967,11.743272186939594,12.774453064351873,11.02232495374512,13.596006319474997,12.98237368716613,16.142057454144283,9.416700246219113
Rainy season,16,16.3206020844509,19.654790022122256,30.97206139866067,35.227675643086485,38.606659402193245,43.297073963613066,53.93458756718939,55.67963393746855,61.12667634206608,60.36751453211475,60.673468042408466,59.41403713942506,66.92680204060875,77.05634469414552,78.96984940965088,76.59033518587447,70.03861368945066,75.38194892984559,91.6862677331956,87.2465723504448,84.36823253396174,84.62921529575361,91.24690111041699,87.16916278504594,87.77369282898984,98.18659374231356,101.00190627318536,96.42660147183257,98.93354370921516,101.45997049435077,99.84253582406294,100.58671085984938,108.67119041115369,96.63469968566706,84.70340633110587,84.91551968152633,99.24238420726546,95.58947026089487,83.1677688630559,90.71369896984419,100.83421350476517,107.66375527434899,76.00831073486516,72.83178146797526,77.94768514769683,78.12422118906892,64.57026819269551,67.45416458458963,70.57661004796135,72.09138468420512,62.30392700459133,65.16659101538286,66.92794613056168,61.089844426787764,61.10070374340409,76.04345353240862,78.40997493181139,54.49311126579844,38.048560930206555,22.38948231051273,10.511181000037162,10.413997422843178,7.678737359458723,4.834852597728905,16.738698222429527,16.739863244204813,12.588216776495292,9.948008689422249,10.736948287684978,12.887825048862878,11.753855889817174,12.811603068807367,12.71133172614838,13.17367306392835,11.23537158287063,15.371631142881093,9.998032268237523,10.54169136441431,12.955447243203434,14.86951709632876,10.61446216306235,12.392015378236815,11.641673859225866,10.394224797821506,12.149648870667104,15.762424034632257,10.08831936009087,10.86867779864593,11.312118985904677,16.35789453123955,10.42241415755535,10.750652032371482,12.896506378722933,15.461149179576388,12.464396148659628,11.414823349723784
Rainy season,17,15.00411263824737,20.543797739157412,25.247285884926036,33.95072230792072,45.39901622087031,59.2080416790972,52.24758796360849,52.50123417263729,52.73080672026177,60.4275947031646,57.06482668546686,54.93016613685337,64.94110087892585,70.34525077852416,74.59871077853943,66.24129419349865,76.07010073198575,82.43418847947609,89.32829939511912,83.55476051405729,79.26680839819332,87.33155291929987,85.43947727362927,88.22402139153067,80.16498681508968,91.28125077540503,83.70102814833282,89.65153217885083,98.86733554201341,105.96954619842164,92.35440552291384,94.14280358326326,102.50996996338525,108.84572603201399,103.40223676388003,95.79744427678725,96.71796590179119,90.76533755899032,97.9920839540757,104.2922451336622,106.3283324581625,105.36356602007778,81.24940850069132,64.94531769720255,71.27019205922765,79.81854484456986,66.2577710316601,62.385896086157345,67.47598429375333,69.04704634714,72.9235641652604,68.25112177481988,64.27850211842025,60.257215513771676,67.06337491011571,77.0073047314251,77.82498465326937,50.8145311321582,41.26328719214687,23.819296233708275,11.586990342128926,11.162348713675119,6.071170110601291,8.199679716271016,18.100590092569124,12.493214440769707,13.111752841172997,13.06408333746464,11.269405782653637,13.33903461037926,13.90096068641205,15.841591950471077,9.430840042084164,13.937076093796422,9.884184502005594,13.34454271363203,11.660985802577663,11.866897233475154,12.874367738443915,13.316982211935834,11.786293530472433,11.854847950525377,10.306418788387566,11.334362577195032,17.182000857195206,12.56350071101823,7.930350417074966,13.400980900208216,15.99958028152356,13.080024128274976,11.203429398245401,10.141125619114826,16.697937111941794,14.796682053420863,12.521206792388357,10.473587868646865
Rainy season,18,15.132999968295332,24.35607311871746,26.9997761872169,35.499817025239054,37.900949343304575,50.35720844712045,55.85344982851603,55.286349405899145,51.30408283470107,52.55156708022001,60.83256723791728,62.26399329259978,60.01130275685138,60.8347695899574,71.79638686340526,69.13652396382469,72.29166829843324,67.68913108616408,74.73159469182195,76.29053778002293,82.01780714223382,79.0910830244413,76.63520742456788,83.6832740510584,88.66306008048163,91.05750879913289,76.8963720399065,85.52747764185253,88.59692960441622,99.57241947589249,91.83831446518965,91.76266176415716,90.1603843902413,93.14444840140895,91.4024217605691,86.35502815410365,95.03386524228955,101.80528759977095,104.67821476759082,91.61215004161954,103.55446644602804,115.45144490768251,80.67103831809088,74.63384433683702,77.55782357458686,75.83291354210863,57.679793107588,68.63333883714908,73.09423876005141,68.80743919339788,66.47762233935683,63.14859049995527,73.21510954894491,69.41108909652387,72.14915565159866,73.66198014083481,77.32916339854775,60.583710887004514,54.949947243918565,31.54127287902844,9.461599223477526,7.652967278444652,5.193507424398616,10.187536025483757,18.175755221584076,12.432110716921397,10.061409793542678,12.706723801301687,11.796948213142302,13.33123480136536,13.339176306436554,8.702622143876699,9.684135030243281,15.826811116023144,14.284100815574025,10.20127023059402,7.435954853606319,15.099791850730027,13.65430123160622,11.458673144882718,9.808037552301535,11.840555430588532,11.788002684595842,15.282642535703546,12.461970349039603,9.707169751411016,14.977317416412705,13.363331118512177,13.300046376535352,11.098555427702427,12.522736388770003,13.575941049448568,11.364288262442074,13.852128933102296,11.526202188497827,13.645017522601847
Rainy season,19,12.073670819988745,24.875055335363363,36.24561518749691,39.592384938008976,47.825272462005636,46.78151949093486,59.65030386019248,62.64288815155397,71.03731542632441,62.415160021330784,69.58523857279138,76.08290319374396,83.95463201445612,81.88014938941805,76.39855282030562,77.23147879990094,82.01773870411331,82.82574728225312,79.26884325238704,74.86750828528653,83.37168040845664,90.5370726745964,95.37763144472348,90.94198106966176,92.99585650259078,98.90735261102483,101.2795963108117,90.40499246677832,86.73165953007211,91.72027025931827,95.92829787293093,108.97712081014924,112.51344180547856,111.96862166364335,100.36136918071138,110.22820334110246,104.46437423232734,105.00487044019407,100.8399368326167,112.39008771564009,107.01183315367805,116.42414349556744,84.62768457935651,62.39880400336303,61.86767898945625,79.88194169106654,78.05515556702049,57.703367525410584,57.56490673725105,79.49986446553534,77.28001940788022,66.49390808796868,56.05594733064508,65.24296397318388,61.88176096718565,72.81416817001876,77.09700588665571,54.21370530890144,50.39357938307886,32.070796745018406,11.553943445490145,6.866072940536409,6.421243377654171,7.258471399249081,17.99959893394982,14.37189660416419,10.533365380101706,11.355645813693718,12.270568263615836,11.23744077929983,9.916196946780392,10.841616565198112,12.244468694997103,10.260970045732657,10.798348428074478,13.477001322933695,13.465780470976947,10.729461684019238,10.979954062667634,10.271061019759882,13.619424398541964,11.980455832429138,10.386247479516507,12.843149855007335,12.719358999053702,16.21244320055914,11.03026853083529,12.105748701947581,10.006116180480486,14.901240966576824,11.66777834186835,13.541624293450063,8.868920473627727,13.048814163145193,13.499747910496996,13.140813690883967
