date,0,1,2,3,4,5,6,7,8,9,10,11,12,13,14,15,16,17,18,19,20,21,22,23,24,25,26,27,28,29,30,31,32,33,34,35,36,37,38,39,40,41,42,43,44,45,46,47,48,49,50,51,52,53,54,55,56,57,58,59,60,61,62,63,64,65,66,67,68,69,70,71,72,73,74,75,76,77,78,79,80,81,82,83,84,85,86,87,88,89,90,91,92,93,94,95
2024-12-01,0.0,0.0,0.0,0.0,0.0,0.0,0.0,0.0,0.0,0.0,0.0,0.0,0.0,0.0,0.0,0.0,0.0,0.0,0.0,0.0,0.0,0.0,0.0,0.0,0.0,0.0,0.0,0.0,0.0,0.0,0.0,0.0,0.0,0.0,0.0,0.0,0.0,0.0,0.0,0.0,0.0,0.0,0.0,0.0,0.0,0.0,0.0,0.0,0.0,0.0,0.0,0.0,0.0,0.0,0.0,0.0,0.0,0.0,0.0,0.0,0.0,0.0,0.0,0.0,0.0,0.0,0.0,0.0,0.0,0.0,0.0,0.0,0.0,0.0,0.0,0.0,0.0,0.0,0.0,0.0,0.0,0.0,8.0,10.0,10.0,10.0,10.0,10.0,10.0,10.0,10.0,4.0,0.0,0.0,0.0,0.0
2024-12-10,0.0,0.0,0.0,0.0,0.0,0.0,0.0,0.0,0.0,0.0,0.0,0.0,0.0,0.0,0.0,0.0,0.0,0.0,0.0,0.0,0.0,0.0,0.0,0.0,0.0,0.0,0.0,0.0,0.0,0.0,0.0,0.0,0.0,0.0,0.0,0.0,0.0,0.0,0.0,0.0,0.0,0.0,0.0,0.0,0.0,0.0,0.0,0.0,0.0,0.0,0.0,0.0,0.0,0.0,0.0,0.0,0.0,0.0,0.0,0.0,0.0,0.0,0.0,0.0,0.0,0.0,0.0,0.0,0.0,0.0,0.0,0.0,0.0,0.0,0.0,0.0,0.0,0.0,0.0,0.0,0.0,0.0,8.0,9.0,10.0,10.0,10.0,10.0,10.0,8.0,6.0,0.0,0.0,0.0,0.0,0.0
2024-12-11,0.0,0.0,2.0,0.0,0.0,0.0,0.0,0.0,0.0,0.0,0.0,0.0,0.0,0.0,0.0,0.0,0.0,0.0,0.0,0.0,0.0,0.0,0.0,0.0,0.0,0.0,0.0,0.0,0.0,0.0,0.0,0.0,0.0,0.0,0.0,0.0,0.0,0.0,0.0,0.0,0.0,0.0,0.0,0.0,0.0,0.0,0.0,0.0,0.0,0.0,0.0,0.0,0.0,0.0,0.0,0.0,0.0,0.0,0.0,0.0,0.0,0.0,0.0,0.0,0.0,0.0,0.0,0.0,0.0,0.0,0.0,0.0,0.0,0.0,6.0,6.0,0.0,6.0,10.0,10.0,10.0,10.0,10.0,8.0,10.0,10.0,10.0,8.0,0.0,0.0,0.0,0.0,0.0,0.0,0.0,0.0
2024-12-12,0.0,0.0,0.0,0.0,0.0,0.0,0.0,0.0,0.0,0.0,0.0,0.0,0.0,0.0,0.0,0.0,0.0,0.0,0.0,0.0,0.0,0.0,0.0,0.0,0.0,0.0,0.0,0.0,0.0,0.0,0.0,0.0,0.0,0.0,0.0,0.0,0.0,0.0,0.0,0.0,0.0,0.0,0.0,0.0,0.0,0.0,0.0,0.0,0.0,0.0,0.0,0.0,0.0,0.0,0.0,0.0,0.0,0.0,0.0,0.0,0.0,0.0,0.0,0.0,0.0,0.0,0.0,0.0,0.0,0.0,0.0,0.0,0.0,0.0,0.0,0.0,0.0,0.0,0.0,0.0,4.0,2.0,0.0,0.0,0.0,10.0,0.0,0.0,0.0,0.0,0.0,0.0,0.0,0.0,0.0,0.0
2024-12-13,0.0,0.0,0.0,0.0,0.0,0.0,0.0,0.0,0.0,0.0,0.0,0.0,0.0,0.0,0.0,0.0,0.0,0.0,0.0,0.0,0.0,0.0,0.0,0.0,0.0,0.0,0.0,0.0,0.0,0.0,0.0,0.0,0.0,0.0,0.0,0.0,0.0,0.0,0.0,0.0,0.0,0.0,0.0,0.0,0.0,0.0,0.0,0.0,0.0,0.0,0.0,0.0,0.0,0.0,0.0,0.0,0.0,0.0,0.0,0.0,0.0,0.0,0.0,0.0,0.0,0.0,0.0,0.0,0.0,0.0,0.0,0.0,0.0,0.0,0.0,0.0,0.0,0.0,0.0,0.0,4.0,10.0,10.0,10.0,10.0,10.0,10.0,10.0,10.0,8.0,0.0,0.0,0.0,0.0,0.0,0.0
2024-12-14,0.0,0.0,0.0,0.0,0.0,0.0,0.0,0.0,0.0,0.0,0.0,0.0,0.0,0.0,0.0,0.0,0.0,0.0,0.0,0.0,0.0,0.0,0.0,0.0,0.0,0.0,0.0,0.0,0.0,0.0,0.0,0.0,0.0,0.0,0.0,0.0,0.0,0.0,0.0,0.0,0.0,0.0,0.0,0.0,0.0,0.0,0.0,0.0,0.0,0.0,0.0,0.0,0.0,0.0,0.0,0.0,0.0,0.0,0.0,0.0,0.0,0.0,0.0,0.0,0.0,0.0,0.0,0.0,0.0,0.0,0.0,0.0,0.0,0.0,0.0,0.0,0.0,0.0,0.0,0.0,0.0,0.0,0.0,6.0,22.0,20.0,20.0,20.0,0.0,0.0,0.0,0.0,0.0,0.0,0.0,0.0
2024-12-15,0.0,0.0,0.0,0.0,0.0,0.0,0.0,0.0,0.0,0.0,0.0,0.0,0.0,0.0,0.0,0.0,0.0,0.0,0.0,0.0,0.0,0.0,0.0,0.0,0.0,0.0,0.0,0.0,0.0,0.0,0.0,0.0,0.0,0.0,0.0,0.0,0.0,0.0,0.0,0.0,0.0,0.0,0.0,0.0,0.0,0.0,0.0,0.0,0.0,0.0,0.0,0.0,0.0,0.0,0.0,0.0,0.0,0.0,0.0,0.0,0.0,0.0,0.0,0.0,0.0,0.0,0.0,0.0,0.0,0.0,0.0,0.0,0.0,0.0,0.0,0.0,0.0,0.0,0.0,0.0,6.0,10.0,10.0,10.0,10.0,10.0,10.0,10.0,10.0,10.0,6.0,0.0,0.0,0.0,0.0,0.0
2024-12-16,0.0,0.0,0.0,0.0,0.0,0.0,0.0,0.0,0.0,0.0,0.0,0.0,0.0,0.0,0.0,0.0,0.0,0.0,0.0,0.0,0.0,0.0,0.0,0.0,0.0,0.0,0.0,0.0,4.0,0.0,0.0,0.0,0.0,0.0,0.0,0.0,0.0,0.0,0.0,0.0,0.0,0.0,0.0,0.0,0.0,0.0,0.0,0.0,0.0,0.0,0.0,0.0,0.0,0.0,0.0,0.0,0.0,0.0,0.0,0.0,0.0,0.0,0.0,0.0,0.0,0.0,0.0,0.0,0.0,0.0,0.0,0.0,0.0,0.0,0.0,0.0,0.0,0.0,0.0,8.0,10.0,10.0,10.0,10.0,10.0,10.0,10.0,10.0,10.0,6.0,0.0,0.0,0.0,0.0,0.0,0.0
2024-12-17,0.0,0.0,0.0,0.0,0.0,0.0,0.0,0.0,0.0,0.0,0.0,0.0,0.0,0.0,0.0,0.0,0.0,0.0,0.0,0.0,0.0,0.0,0.0,0.0,0.0,4.0,3.0,2.0,0.0,0.0,0.0,0.0,0.0,0.0,0.0,0.0,0.0,0.0,0.0,0.0,0.0,0.0,0.0,0.0,0.0,0.0,0.0,0.0,0.0,0.0,0.0,0.0,0.0,0.0,0.0,0.0,0.0,0.0,0.0,0.0,0.0,0.0,0.0,0.0,0.0,0.0,0.0,0.0,0.0,0.0,0.0,0.0,0.0,0.0,0.0,0.0,0.0,6.0,10.0,10.0,10.0,0.0,0.0,0.0,0.0,0.0,0.0,0.0,0.0,0.0,0.0,0.0,0.0,0.0,0.0,0.0
2024-12-18,0.0,0.0,0.0,0.0,0.0,0.0,0.0,0.0,0.0,0.0,0.0,0.0,0.0,0.0,0.0,0.0,0.0,0.0,0.0,0.0,0.0,0.0,0.0,0.0,0.0,0.0,0.0,0.0,0.0,0.0,0.0,0.0,0.0,0.0,0.0,0.0,0.0,0.0,0.0,0.0,0.0,0.0,0.0,0.0,0.0,0.0,0.0,0.0,0.0,0.0,0.0,0.0,0.0,0.0,0.0,0.0,0.0,0.0,0.0,0.0,0.0,0.0,0.0,0.0,0.0,0.0,0.0,0.0,0.0,0.0,0.0,0.0,0.0,0.0,0.0,0.0,0.0,0.0,0.0,0.0,0.0,0.0,0.0,0.0,0.0,0.0,0.0,0.0,0.0,0.0,6.0,10.0,10.0,10.0,10.0,10.0
2024-12-19,10.0,10.0,10.0,10.0,10.0,10.0,10.0,10.0,10.0,10.0,10.0,10.0,10.0,10.0,10.0,10.0,10.0,10.0,10.0,10.0,10.0,10.0,10.0,10.0,10.0,10.0,2.0,0.0,0.0,0.0,0.0,0.0,0.0,0.0,0.0,0.0,0.0,0.0,0.0,0.0,0.0,0.0,0.0,0.0,0.0,0.0,0.0,0.0,0.0,0.0,0.0,0.0,0.0,0.0,0.0,0.0,0.0,0.0,0.0,0.0,0.0,0.0,0.0,0.0,0.0,0.0,0.0,0.0,0.0,0.0,0.0,0.0,0.0,0.0,0.0,0.0,0.0,0.0,0.0,0.0,0.0,0.0,0.0,0.0,8.0,8.0,12.0,10.0,10.0,10.0,12.0,12.0,12.0,12.0,12.0,12.0
2024-12-20,12.0,12.0,12.0,12.0,12.0,12.0,12.0,12.0,12.0,12.0,12.0,12.0,12.0,12.0,12.0,12.0,12.0,12.0,12.0,12.0,12.0,12.0,14.0,14.0,14.0,10.0,2.0,2.0,2.0,2.0,2.0,1.0,0.0,0.0,0.0,0.0,0.0,0.0,0.0,0.0,0.0,0.0,0.0,0.0,0.0,0.0,0.0,0.0,0.0,0.0,0.0,0.0,0.0,0.0,0.0,0.0,0.0,0.0,0.0,0.0,0.0,0.0,0.0,0.0,0.0,0.0,0.0,0.0,0.0,0.0,0.0,0.0,0.0,0.0,0.0,0.0,0.0,0.0,8.0,12.0,12.0,12.0,12.0,12.0,12.0,12.0,14.0,14.0,12.0,14.0,14.0,14.0,12.0,10.0,12.0,12.0
2024-12-21,14.0,14.0,14.0,12.0,14.0,12.0,10.0,10.0,10.0,10.0,10.0,10.0,10.0,10.0,10.0,10.0,10.0,10.0,10.0,10.0,10.0,10.0,10.0,10.0,10.0,10.0,10.0,8.0,0.0,0.0,0.0,0.0,0.0,0.0,0.0,0.0,0.0,0.0,0.0,0.0,0.0,0.0,0.0,0.0,0.0,0.0,0.0,0.0,0.0,0.0,0.0,0.0,0.0,0.0,0.0,0.0,0.0,0.0,0.0,0.0,0.0,0.0,0.0,0.0,0.0,0.0,0.0,0.0,0.0,0.0,0.0,0.0,0.0,0.0,0.0,0.0,0.0,0.0,10.0,12.0,12.0,12.0,12.0,12.0,12.0,12.0,12.0,12.0,12.0,12.0,14.0,14.0,12.0,14.0,13.0,12.0
2024-12-22,12.0,12.0,10.0,10.0,10.0,10.0,10.0,10.0,10.0,10.0,10.0,10.0,10.0,10.0,10.0,10.0,10.0,10.0,10.0,14.0,14.0,14.0,14.0,12.0,10.0,10.0,4.0,0.0,0.0,0.0,0.0,0.0,0.0,0.0,0.0,0.0,0.0,0.0,0.0,0.0,0.0,0.0,0.0,0.0,0.0,0.0,0.0,0.0,0.0,0.0,0.0,0.0,0.0,0.0,0.0,0.0,0.0,0.0,0.0,0.0,0.0,0.0,0.0,0.0,0.0,0.0,0.0,0.0,0.0,0.0,0.0,0.0,0.0,0.0,0.0,0.0,4.0,22.0,14.0,14.0,14.0,22.0,14.0,14.0,12.0,8.0,10.0,10.0,0.0,0.0,0.0,0.0,0.0,0.0,0.0,0.0
2024-12-30,0.0,0.0,0.0,0.0,0.0,0.0,0.0,0.0,0.0,0.0,0.0,0.0,0.0,0.0,0.0,0.0,0.0,0.0,0.0,0.0,0.0,0.0,0.0,0.0,0.0,0.0,0.0,0.0,0.0,0.0,0.0,0.0,0.0,0.0,0.0,0.0,0.0,0.0,0.0,0.0,0.0,0.0,0.0,0.0,0.0,0.0,0.0,0.0,0.0,0.0,0.0,0.0,0.0,0.0,0.0,0.0,0.0,0.0,0.0,0.0,0.0,0.0,0.0,0.0,0.0,0.0,0.0,0.0,0.0,0.0,0.0,0.0,6.0,12.0,18.0,12.0,10.0,14.0,80.0,82.0,82.0,20.0,20.0,20.0,20.0,20.0,112.0,40.0,20.0,20.0,20.0,20.0,20.0,20.0,20.0,20.0
2024-12-31,20.0,20.0,20.0,20.0,20.0,20.0,20.0,20.0,20.0,20.0,20.0,20.0,20.0,20.0,20.0,20.0,20.0,20.0,20.0,20.0,20.0,20.0,20.0,20.0,20.0,20.0,20.0,20.0,20.0,20.0,20.0,20.0,20.0,20.0,24.0,46.0,76.0,80.0,76.0,89.0,102.0,166.0,168.0,10.0,62.0,148.0,192.0,182.0,170.0,170.0,168.0,172.0,152.0,140.0,122.0,142.0,142.0,142.0,138.0,126.0,132.0,154.0,144.0,18.0,18.0,18.0,18.0,18.0,18.0,18.0,18.0,18.0,32.0,100.0,64.0,52.0,52.0,52.0,52.0,52.0,52.0,92.0,122.0,152.0,140.0,86.0,86.0,84.0,84.0,84.0,86.0,84.0,86.0,82.0,78.0,86.0
2025-01-01,104.0,122.0,136.0,146.0,148.0,144.0,148.0,146.0,144.0,2.0,0.0,0.0,0.0,0.0,0.0,0.0,0.0,0.0,0.0,0.0,0.0,0.0,0.0,0.0,0.0,0.0,0.0,0.0,0.0,0.0,0.0,0.0,0.0,0.0,0.0,0.0,0.0,0.0,0.0,0.0,0.0,0.0,0.0,0.0,0.0,0.0,0.0,0.0,24.0,110.0,122.0,116.0,122.0,122.0,120.0,116.0,110.0,108.0,108.0,108.0,108.0,106.0,124.0,134.0,146.0,150.0,146.0,148.0,144.0,140.0,138.0,120.0,114.0,112.0,106.0,104.0,102.0,102.0,140.0,162.0,162.0,162.0,162.0,160.0,158.0,122.0,106.0,104.0,104.0,106.0,104.0,102.0,102.0,102.0,102.0,102.0
2025-01-02,102.0,102.0,102.0,102.0,104.0,104.0,106.0,154.0,160.0,162.0,162.0,160.0,158.0,154.0,154.0,152.0,152.0,150.0,150.0,148.0,148.0,148.0,148.0,148.0,148.0,150.0,150.0,148.0,148.0,148.0,148.0,148.0,134.0,127.71428571428571,121.42857142857143,115.14285714285714,108.85714285714286,102.57142857142857,96.28571428571428,90.0,90.0,90.0,92.0,92.0,92.0,90.0,88.0,82.0,86.0,78.0,78.0,76.0,76.0,76.0,74.0,72.0,78.0,88.0,68.0,64.0,72.0,96.0,26.0,22.0,30.0,22.0,22.0,22.0,22.0,22.0,22.0,22.0,22.0,22.0,22.0,22.0,22.0,22.0,22.0,22.0,26.0,40.0,28.0,38.0,94.0,112.0,110.0,110.0,110.0,110.0,108.0,64.0,64.0,64.0,64.0,64.0
2025-01-03,66.0,68.0,96.0,96.0,96.0,96.0,96.0,96.0,150.0,112.0,104.0,96.0,96.0,96.0,112.0,142.0,142.0,142.0,142.0,142.0,140.0,140.0,140.0,140.0,142.0,142.0,2.0,0.0,0.0,0.0,0.0,0.0,0.0,0.0,0.0,0.0,0.0,0.0,0.0,0.0,0.0,0.0,0.0,0.0,0.0,0.0,0.0,0.0,0.0,68.0,150.0,108.0,98.0,100.0,104.0,106.0,116.0,113.0,110.0,108.0,104.0,102.0,104.0,106.0,106.0,102.0,92.0,64.0,64.0,62.0,60.0,60.0,60.0,60.0,60.0,60.0,62.0,62.0,62.0,62.0,96.0,96.0,96.0,96.0,96.0,142.0,142.0,144.0,152.0,130.0,106.0,106.0,106.0,106.0,106.0,106.0
2025-01-04,104.0,106.0,106.0,106.0,106.0,106.0,106.0,106.0,106.0,104.0,118.0,134.0,134.0,134.0,134.0,134.0,134.0,134.0,134.0,134.0,134.0,134.0,134.0,134.0,138.0,144.0,134.0,78.0,64.0,64.0,59.333333333333336,54.666666666666664,50.0,45.33333333333333,40.666666666666664,36.0,31.33333333333333,26.666666666666664,22.0,22.0,22.0,22.0,22.0,22.0,22.0,22.0,22.0,22.0,22.0,22.0,22.0,22.0,22.0,22.0,22.0,26.0,26.0,28.0,28.0,28.0,28.0,26.0,28.0,28.0,26.0,26.0,22.0,20.0,18.0,20.0,20.0,20.0,20.0,20.0,20.0,20.0,18.0,22.0,28.0,158.0,144.0,136.0,126.0,112.0,98.0,98.0,98.0,96.0,96.0,96.0,100.0,106.0,98.0,96.0,96.0,96.0
2025-01-06,106.0,108.0,108.0,110.0,108.0,108.0,108.0,110.0,109.0,108.0,0.0,0.0,0.0,0.0,0.0,0.0,0.0,0.0,0.0,0.0,0.0,0.0,0.0,0.0,0.0,0.0,0.0,0.0,0.0,0.0,0.0,0.0,0.0,0.0,0.0,0.0,0.0,0.0,0.0,0.0,0.0,0.0,0.0,14.0,56.0,52.0,50.0,50.0,50.0,50.0,50.0,50.0,50.0,50.0,42.0,44.0,52.0,54.0,46.0,46.0,48.0,48.0,52.0,34.0,8.0,8.0,8.0,12.0,12.0,12.0,12.0,12.0,10.0,12.0,12.0,10.0,10.0,16.0,14.0,12.0,12.0,70.0,78.0,74.0,76.0,80.0,78.0,78.0,78.0,78.0,84.0,76.0,78.0,78.0,80.0,80.0
2025-01-07,76.0,74.0,112.0,114.0,108.0,104.0,108.0,108.0,110.0,112.0,106.0,100.0,96.0,96.0,94.0,94.0,94.0,86.0,84.0,86.0,88.0,90.0,96.0,96.0,94.0,96.0,96.0,96.0,100.0,46.0,34.0,30.0,26.0,24.0,24.0,24.0,24.0,24.0,40.0,58.0,66.0,68.0,68.0,74.0,46.0,38.0,38.0,38.0,34.0,30.0,28.0,50.0,64.0,58.0,62.0,68.0,70.0,68.0,72.0,76.0,74.0,70.0,70.0,76.0,72.0,76.0,76.0,72.0,80.0,86.0,40.0,38.0,38.0,46.0,36.0,38.0,54.0,102.0,128.0,116.0,100.0,50.0,48.0,48.0,48.0,48.0,0.0,0.0,0.0,0.0,0.0,0.0,0.0,100.0,124.0,128.0
2025-01-08,128.0,128.0,128.0,128.0,128.0,128.0,128.0,128.0,128.0,128.0,128.0,130.0,124.0,94.0,92.0,92.0,92.0,92.0,92.0,92.0,92.0,92.0,88.0,86.0,86.0,86.0,86.0,86.0,88.0,86.0,74.0,46.0,46.0,52.0,52.0,50.0,20.0,16.0,14.0,14.0,14.0,62.0,64.0,62.0,58.0,56.0,56.0,56.0,56.0,54.0,52.0,52.0,60.0,60.0,58.0,52.0,28.0,16.0,16.0,16.0,17.0,18.0,16.0,14.0,12.0,12.0,10.0,20.0,48.0,50.0,52.0,56.0,36.0,28.0,28.0,30.0,28.0,62.0,112.0,112.0,112.0,114.0,112.0,112.0,118.0,128.0,126.0,126.0,122.0,118.0,112.0,112.0,114.0,128.0,128.0,126.0
2025-01-09,128.0,128.0,128.0,128.0,124.0,122.0,120.0,118.0,118.0,118.0,86.0,82.0,80.0,80.0,82.0,84.0,82.0,78.0,74.0,74.0,72.0,72.0,74.0,72.0,72.0,84.0,86.0,90.0,86.0,86.0,78.0,28.0,24.0,28.0,26.0,24.0,24.0,20.0,20.0,18.0,26.0,26.0,28.0,26.0,22.0,22.0,22.0,20.0,50.0,58.0,70.0,74.0,74.0,74.0,72.0,72.0,68.0,64.0,62.0,61.0,60.0,60.0,58.0,60.0,78.0,80.0,78.0,80.0,78.0,76.0,70.0,66.0,70.0,66.0,74.0,92.0,92.0,100.0,138.0,144.0,136.0,132.0,118.0,118.0,118.0,124.0,130.0,128.0,132.0,132.0,130.0,132.0,140.0,140.0,110.0,108.0
2025-01-10,138.0,134.0,130.0,128.0,126.0,124.0,124.0,122.0,124.0,124.0,124.0,126.0,126.0,2.0,0.0,0.0,0.0,0.0,0.0,0.0,0.0,0.0,0.0,0.0,0.0,0.0,0.0,0.0,0.0,0.0,0.0,0.0,0.0,0.0,0.0,0.0,14.0,46.0,40.0,40.0,30.0,30.0,20.0,18.0,22.0,38.0,32.0,34.0,34.0,58.0,82.0,80.0,78.0,80.0,80.0,68.0,66.0,66.0,60.0,60.0,62.0,66.0,62.0,62.0,62.0,64.0,64.0,66.0,64.0,62.0,60.0,62.0,44.0,34.0,32.0,34.0,34.0,34.0,32.0,28.0,26.0,66.0,94.0,94.0,120.0,118.0,118.0,116.0,116.0,116.0,116.0,124.0,124.0,126.0,130.0,132.0
2025-01-11,140.0,116.0,82.0,78.0,80.0,78.0,74.0,70.0,64.0,62.0,60.0,58.0,58.0,56.0,56.0,56.0,56.0,56.0,56.0,56.0,56.0,56.0,56.0,56.0,56.0,56.0,56.0,56.0,56.0,56.0,56.0,56.0,58.0,56.0,56.0,38.0,20.0,22.0,20.0,16.0,14.0,28.0,30.0,36.0,38.0,40.0,38.0,34.0,24.0,24.0,22.0,20.0,21.0,22.0,18.0,18.0,60.0,82.0,98.0,42.0,32.0,22.0,20.0,20.0,18.0,40.0,54.0,64.0,64.0,66.0,64.0,54.0,20.0,20.0,18.0,16.0,12.0,12.0,12.0,10.0,10.0,16.0,98.0,116.0,116.0,116.0,116.0,116.0,116.0,104.0,76.0,76.0,76.0,76.0,84.0,112.0
2025-01-12,120.0,120.0,120.0,122.0,122.0,122.0,120.0,114.0,110.0,90.0,88.0,86.0,86.0,86.0,84.0,84.0,84.0,84.0,84.0,84.0,82.0,82.0,82.0,82.0,82.0,80.0,80.0,78.0,78.0,78.0,78.0,38.0,34.0,32.0,34.0,32.0,32.0,32.0,32.0,34.0,66.0,66.0,64.0,64.0,56.0,56.0,56.0,56.0,56.0,56.0,56.0,56.0,56.0,56.0,40.0,40.0,48.0,50.0,56.0,56.0,58.0,62.0,60.0,60.0,84.0,90.0,88.0,84.0,84.0,92.0,90.0,18.0,18.0,18.0,18.0,18.0,18.0,18.0,18.0,18.0,18.0,48.0,52.0,52.0,52.0,52.0,52.0,52.0,52.0,52.0,52.0,52.0,84.0,106.0,116.0,120.0
2025-01-13,114.0,112.0,112.0,110.0,112.0,114.0,112.0,114.0,114.0,112.0,110.0,106.0,0.0,106.0,104.0,104.0,102.0,102.0,102.0,102.0,102.0,102.0,102.0,116.0,114.0,114.0,112.0,108.0,106.0,106.0,108.0,106.0,102.0,68.0,68.0,68.0,62.0,56.0,54.0,56.0,58.0,56.0,58.0,58.0,56.0,52.0,50.0,56.0,50.0,50.0,50.0,50.0,50.0,46.0,50.0,52.0,52.0,54.0,58.0,65.0,72.0,78.0,80.0,68.0,70.0,82.0,90.0,92.0,88.0,88.0,90.0,86.0,48.0,38.0,36.0,34.0,32.0,64.0,62.0,76.0,104.0,102.0,98.0,98.0,98.0,98.0,68.0,60.0,60.0,60.0,60.0,60.0,60.0,60.0,60.0,60.0
2025-01-14,60.0,62.0,62.0,62.0,70.0,70.0,70.0,76.0,82.0,84.0,82.0,84.0,84.0,78.0,72.0,68.0,66.0,64.0,62.0,62.0,62.0,62.0,62.0,62.0,62.0,62.0,62.0,62.0,62.0,62.0,62.0,62.0,62.0,62.0,48.0,26.0,48.0,50.0,36.0,18.0,18.0,18.0,18.0,18.0,18.0,18.0,18.0,18.0,18.0,18.0,18.0,18.0,18.0,20.0,48.0,48.0,50.0,58.0,56.0,56.0,60.0,70.0,72.0,78.0,74.0,72.0,70.0,68.0,66.0,48.0,38.0,38.0,40.0,42.0,44.0,68.0,86.0,70.0,78.66666666666667,87.33333333333333,96.0,96.0,100.0,100.0,98.0,94.0,94.0,100.0,92.0,80.0,86.0,92.0,84.0,106.0,106.0,102.0
2025-01-15,100.0,98.0,96.0,94.0,90.0,86.0,86.0,90.0,88.0,84.0,80.0,78.0,78.0,78.0,78.0,78.0,74.0,74.0,74.0,86.0,94.0,94.0,94.0,92.0,88.0,88.0,86.0,84.0,84.0,84.0,84.0,82.0,74.0,46.0,44.0,40.0,38.0,38.0,40.666666666666664,43.333333333333336,46.0,46.0,46.0,46.0,46.0,30.0,16.0,26.0,80.0,78.0,77.0,76.0,74.0,74.0,74.0,74.0,72.0,75.0,78.0,81.0,84.0,79.0,74.0,38.0,40.0,38.0,39.0,40.0,33.0,26.0,26.0,30.0,22.0,18.0,16.0,16.0,14.0,50.0,114.0,72.0,62.0,62.0,62.0,62.0,62.0,64.0,90.0,134.0,136.0,140.0,140.0,144.0,144.0,144.0,130.0,114.0
2025-01-16,110.0,110.0,110.0,112.0,114.0,116.0,114.0,116.0,116.0,114.0,110.0,108.0,108.0,108.0,108.0,106.0,106.0,106.0,106.0,106.0,104.0,106.0,106.0,108.0,106.0,102.0,100.0,98.0,98.0,98.0,96.0,94.0,72.0,70.0,42.0,40.0,36.0,34.0,32.0,32.0,40.0,44.0,44.0,44.0,44.0,44.0,46.0,44.0,52.0,78.0,78.0,74.0,70.0,68.0,70.0,76.0,66.0,54.0,50.0,50.0,50.0,50.0,52.0,54.0,48.0,0.0,0.0,0.0,0.0,0.0,0.0,0.0,0.0,0.0,0.0,0.0,0.0,4.0,6.0,60.0,108.0,112.0,112.0,110.0,112.0,112.0,112.0,112.0,112.0,113.0,114.0,128.0,128.0,126.0,120.0,120.0
2025-01-17,120.0,120.0,122.0,122.0,120.0,116.0,114.0,114.0,114.0,112.0,112.0,112.0,112.0,112.0,112.0,112.0,112.0,112.0,114.0,112.0,112.0,112.0,112.0,108.0,84.0,94.0,36.0,0.0,0.0,2.0,2.0,0.0,0.0,0.0,0.0,0.0,0.0,0.0,0.0,0.0,8.0,8.0,8.0,10.0,10.0,8.0,0.0,0.0,0.0,0.0,0.0,0.0,0.0,0.0,0.0,0.0,0.0,0.0,0.0,0.0,0.0,0.0,0.0,0.0,0.0,8.0,10.0,8.0,8.0,10.0,10.0,10.0,10.0,4.0,2.0,2.0,0.0,0.0,38.0,40.0,36.0,36.0,36.0,36.0,36.0,36.0,38.0,42.0,40.0,36.0,36.0,36.0,34.0,36.0,36.0,36.0
2025-01-18,36.0,36.0,36.0,36.0,36.0,36.0,36.0,36.0,36.0,36.0,36.0,36.0,36.0,36.0,36.0,36.0,36.0,36.0,36.0,36.0,36.0,36.0,36.0,36.0,36.0,36.0,36.0,36.0,36.0,40.0,38.0,36.0,36.0,36.0,36.0,36.0,4.0,0.0,0.0,0.0,0.0,0.0,0.0,0.0,0.0,0.0,0.0,0.0,0.0,0.0,0.0,0.0,0.0,0.0,2.0,6.0,8.0,8.0,6.0,8.0,6.0,8.0,8.0,8.0,6.0,4.0,4.0,2.0,2.0,10.0,18.0,20.0,20.0,18.0,18.0,18.0,18.0,18.0,58.0,66.0,68.0,66.0,62.0,62.0,63.0,64.0,64.0,64.0,64.0,64.0,64.0,63.0,62.0,62.0,62.0,62.0
2025-01-19,62.0,66.0,72.0,72.0,72.0,72.0,74.0,70.0,68.0,66.0,66.0,68.0,66.0,64.0,64.0,62.0,62.0,0.0,0.0,0.0,0.0,0.0,0.0,0.0,0.0,0.0,0.0,0.0,0.0,0.0,0.0,0.0,0.0,0.0,0.0,12.0,28.0,30.0,30.0,30.0,30.0,27.0,24.0,26.0,26.0,26.0,28.0,32.0,32.0,48.0,50.0,40.0,38.0,42.0,42.0,40.0,30.0,0.0,22.0,142.0,100.0,92.0,60.0,60.0,58.0,58.0,58.0,68.0,84.0,102.0,76.0,20.0,22.0,22.0,22.0,22.0,22.0,18.0,16.0,14.0,12.0,22.0,86.0,72.0,116.0,118.0,122.0,124.0,120.0,126.0,130.0,130.0,122.0,114.0,78.0,78.0
2025-01-20,78.0,78.0,78.0,78.0,78.0,78.0,78.0,78.0,78.0,78.0,78.0,68.0,68.0,68.0,68.0,70.0,76.0,76.0,76.0,76.0,76.0,78.0,78.0,76.0,72.0,70.0,68.0,68.0,62.0,48.0,36.0,30.0,56.0,56.0,54.4,52.8,51.2,49.6,48.0,44.0,44.0,44.0,44.0,44.0,48.0,88.0,92.0,90.0,84.0,86.0,90.0,98.0,100.0,96.0,96.0,98.0,100.0,108.0,106.0,100.0,86.0,2.0,2.0,2.0,0.0,0.0,0.0,0.0,0.0,0.0,0.0,0.0,0.0,0.0,0.0,12.0,26.0,26.0,88.0,118.0,128.0,98.0,68.0,68.0,68.0,68.0,68.0,82.0,132.0,124.0,134.0,140.0,140.0,126.0,108.0,108.0
2025-01-21,108.0,108.0,108.0,108.0,106.0,108.0,112.0,114.0,112.0,112.0,112.0,112.0,112.0,110.0,110.0,110.0,108.0,108.0,108.0,108.0,108.0,108.0,108.0,84.0,78.0,76.0,78.0,78.0,80.0,78.0,80.0,50.0,58.0,66.0,62.0,58.0,2.0,0.0,0.0,0.0,0.0,0.0,0.0,0.0,0.0,0.0,0.0,0.0,0.0,0.0,34.0,66.0,64.0,64.0,64.0,66.0,66.0,66.0,66.0,66.0,66.0,66.0,66.0,66.0,66.0,66.0,66.0,80.0,90.0,24.0,14.0,12.0,8.0,16.0,14.0,14.0,12.0,12.0,10.0,24.0,126.0,142.0,146.0,138.0,70.0,72.0,70.0,78.0,76.0,78.0,78.0,78.0,74.0,74.0,64.0,62.0
2025-01-22,62.0,60.0,60.0,76.0,74.0,74.0,76.0,76.0,78.0,72.0,68.0,64.0,62.0,0.0,0.0,0.0,0.0,0.0,0.0,0.0,0.0,0.0,0.0,0.0,0.0,0.0,0.0,0.0,0.0,0.0,0.0,0.0,0.0,0.0,0.0,0.0,0.0,0.0,0.0,0.0,4.0,28.0,28.0,28.0,36.0,36.0,46.0,72.0,72.0,72.0,76.0,80.0,80.0,86.0,92.0,98.0,98.0,98.0,102.0,110.0,108.0,104.0,96.0,98.0,100.0,94.0,68.0,60.0,60.0,60.0,66.0,68.0,62.0,38.0,16.0,18.0,18.0,18.0,54.0,68.0,66.0,66.0,66.0,66.0,108.0,142.0,130.0,134.0,132.0,152.0,160.0,160.0,150.0,140.0,130.0,132.0
2025-01-23,136.0,136.0,136.0,136.0,136.0,132.0,130.0,128.0,128.0,128.0,126.0,126.0,126.0,126.0,130.0,132.0,130.0,130.0,130.0,130.0,128.0,130.0,130.0,120.0,100.0,100.0,98.0,98.0,100.0,82.0,60.0,52.0,50.0,12.0,12.0,12.0,0.0,0.0,0.0,0.0,0.0,0.0,0.0,0.0,0.0,0.0,0.0,40.0,58.0,76.0,74.0,74.0,76.0,78.0,78.0,80.0,88.0,96.0,100.0,98.0,98.0,98.0,92.0,92.0,92.0,106.0,112.0,108.0,138.0,140.0,42.0,16.0,14.0,10.0,9.0,8.0,48.0,50.0,50.0,48.0,48.0,48.0,50.0,52.0,52.0,52.0,52.0,90.0,110.0,112.0,108.0,96.0,96.0,96.0,96.0,96.0
2025-01-24,94.0,98.0,97.0,96.0,92.0,90.0,90.0,88.0,88.0,86.0,86.0,52.0,46.0,46.0,48.0,48.0,48.0,50.0,48.0,46.0,46.0,46.0,48.0,48.0,48.0,48.0,48.0,50.0,48.0,46.0,56.0,66.0,76.0,48.0,34.0,33.0,32.0,32.0,32.0,32.0,32.0,32.0,32.0,32.0,30.0,6.0,6.0,4.0,2.0,2.0,32.0,68.0,68.0,72.0,72.0,72.0,72.0,70.0,68.0,68.0,68.0,68.0,68.0,68.0,68.0,68.0,68.0,68.0,68.0,68.0,72.0,70.0,72.0,76.0,84.0,90.0,42.0,12.0,12.0,12.0,28.0,30.0,30.0,28.0,28.0,26.0,32.0,72.0,70.0,110.0,116.0,118.0,120.0,120.0,110.0,110.0
2025-01-25,108.0,108.0,108.0,110.0,110.0,102.0,96.0,96.0,98.0,98.0,98.0,98.0,98.0,94.0,92.0,90.0,88.0,64.0,56.0,54.0,54.0,54.0,54.0,54.0,54.0,54.0,56.0,55.0,54.0,40.0,32.0,46.0,46.0,48.0,44.0,40.0,40.0,50.0,46.0,44.0,46.0,64.0,68.0,61.333333333333336,54.666666666666664,48.0,41.33333333333333,34.666666666666664,28.0,26.0,26.0,30.0,34.0,46.666666666666664,59.33333333333333,72.0,71.5,71.0,70.5,70.0,72.0,74.0,76.0,76.0,75.33333333333333,74.66666666666667,74.0,73.33333333333333,72.66666666666667,72.0,70.0,60.0,52.0,60.0,14.0,14.0,22.0,54.0,128.0,121.0,114.0,114.0,114.0,110.0,112.0,112.0,112.0,64.0,58.0,58.0,58.0,58.0,68.0,106.0,106.0,106.0
2025-01-26,106.0,106.0,106.0,106.0,106.0,106.0,106.0,106.0,106.0,106.0,106.0,106.0,106.0,106.0,106.0,106.0,106.0,106.0,106.0,106.0,106.0,106.0,106.0,114.0,116.0,118.0,64.0,8.0,8.0,6.0,8.0,6.0,6.0,4.0,2.0,6.0,6.0,8.0,6.0,4.0,2.0,2.0,2.0,2.0,2.0,2.0,2.0,4.0,2.0,4.0,2.0,4.0,2.0,4.0,4.0,4.0,2.0,40.0,68.0,82.0,88.0,90.0,92.0,100.0,104.0,98.0,96.0,42.0,26.0,24.0,26.0,20.0,26.0,14.0,6.0,4.0,4.0,4.0,4.0,4.0,4.0,6.0,6.0,6.0,40.0,138.0,148.0,100.0,74.0,74.0,72.0,72.0,72.0,72.0,72.0,74.0
2025-01-27,126.0,130.0,128.0,130.0,130.0,128.0,128.0,122.0,120.0,114.0,112.0,112.0,110.0,108.0,108.0,108.0,108.0,108.0,110.0,112.0,110.0,108.0,108.0,110.0,110.0,110.0,110.0,112.0,112.0,112.0,80.0,44.0,56.0,58.0,60.0,58.0,60.0,60.833333333333336,61.666666666666664,62.5,63.333333333333336,64.16666666666667,65.0,65.83333333333334,66.66666666666667,67.5,68.33333333333333,69.16666666666667,70.0,78.0,78.0,86.0,86.0,85.33333333333333,84.66666666666667,84.0,83.33333333333333,82.66666666666667,82.0,81.33333333333333,80.66666666666667,80.0,88.0,86.0,86.0,88.0,90.0,92.0,90.0,90.0,58.0,46.0,52.0,84.0,82.0,28.0,12.0,14.0,62.0,74.0,70.0,62.0,62.0,62.0,66.0,66.0,66.0,68.0,68.0,66.0,64.0,62.0,60.0,68.0,110.0,124.0
2025-01-28,118.0,118.0,118.0,118.0,118.0,118.0,118.0,118.0,118.0,118.0,118.0,118.0,118.0,118.0,118.0,118.0,118.0,118.0,128.0,128.0,128.0,130.0,130.0,130.0,128.0,126.0,112.0,112.0,96.0,0.0,0.0,0.0,0.0,0.0,0.0,0.0,0.0,0.0,0.0,0.0,0.0,0.0,0.0,0.0,0.0,0.0,0.0,0.0,0.0,0.0,0.0,0.0,0.0,0.0,0.0,0.0,0.0,0.0,0.0,0.0,0.0,0.0,0.0,0.0,0.0,0.0,0.0,28.0,72.0,40.0,0.0,0.0,37.0,74.0,76.0,74.0,76.0,74.0,94.0,122.0,86.0,60.0,84.0,108.0,98.0,98.0,98.0,98.0,100.0,100.0,100.0,100.0,100.0,100.0,100.0,98.0
2025-01-29,96.0,96.0,98.0,98.0,98.0,98.0,98.0,98.0,96.0,98.0,96.0,98.0,97.0,96.0,98.0,98.0,98.0,98.0,98.0,98.0,98.0,98.0,98.0,98.0,98.0,98.0,98.0,98.0,98.0,48.0,48.0,54.0,54.0,54.0,32.0,26.0,26.0,26.0,42.0,66.0,66.0,68.0,68.0,70.0,76.0,76.0,76.0,76.0,76.0,62.0,44.0,80.0,80.0,84.0,88.0,94.0,88.0,92.0,92.0,86.0,86.0,86.0,78.0,16.0,16.0,17.0,18.0,48.0,78.0,78.0,80.0,84.0,38.0,12.0,16.0,18.0,28.0,28.0,30.0,136.0,140.0,128.0,102.0,92.0,92.0,92.0,90.0,90.0,90.0,90.0,90.0,90.0,90.0,90.0,90.0,94.0
2025-01-30,100.0,100.0,100.0,100.0,100.0,100.0,100.0,100.0,100.0,100.0,100.0,100.0,100.0,100.0,100.0,100.0,100.0,100.0,110.0,110.0,110.0,104.0,98.0,98.0,98.0,94.0,88.0,90.0,92.0,88.0,68.0,42.0,44.0,44.0,42.0,46.0,46.0,42.0,44.0,44.0,46.0,44.0,46.0,44.0,44.0,48.0,46.0,48.0,48.0,46.0,48.0,48.0,50.0,50.0,50.0,50.0,50.0,50.0,58.0,62.0,86.0,78.0,78.0,76.0,78.0,74.0,72.0,72.0,74.0,74.0,74.0,88.0,66.0,20.0,18.0,18.0,20.0,22.0,24.0,54.0,130.0,88.0,92.0,90.0,88.0,88.0,88.0,88.0,114.0,134.0,144.0,152.0,150.0,144.0,144.0,144.0
2025-01-31,140.0,134.0,126.0,132.0,134.0,132.0,132.0,132.0,132.0,132.0,130.0,126.0,124.0,122.0,122.0,122.0,120.0,120.0,2.0,0.0,0.0,0.0,0.0,0.0,0.0,32.0,92.0,86.0,82.0,78.0,54.0,40.0,42.0,40.0,48.0,50.0,52.0,48.0,30.0,28.0,26.0,22.0,18.0,18.0,16.0,16.0,14.0,14.0,14.0,14.0,14.0,14.0,14.0,36.0,46.0,56.0,58.0,54.0,56.0,58.0,58.0,68.0,68.0,64.0,64.0,68.0,82.0,98.0,96.0,98.0,96.0,96.0,96.0,94.0,88.0,88.0,88.0,102.0,102.0,94.0,96.0,102.0,106.0,102.0,102.0,100.0,100.0,100.0,96.0,94.0,92.0,96.0,102.0,102.0,100.0,100.0
2025-02-01,100.0,102.0,100.0,96.0,96.0,94.0,94.0,92.0,92.0,92.0,99.0,106.0,108.0,108.0,106.0,108.0,104.0,100.0,94.0,92.0,90.0,90.0,88.0,86.0,86.0,86.0,86.0,78.0,72.0,48.0,52.0,56.0,54.0,92.0,88.0,84.0,82.0,88.0,94.0,92.0,92.0,90.0,84.0,70.0,74.0,76.0,70.0,66.0,114.0,132.0,124.0,52.0,44.0,40.0,40.0,40.0,40.0,38.0,40.0,40.0,44.0,78.0,78.0,78.0,78.0,78.0,78.0,78.0,78.0,60.0,40.0,40.0,40.0,40.0,40.0,40.0,74.0,134.0,134.0,132.0,133.0,134.0,132.0,132.0,132.0,132.0,132.0,132.0,134.0,138.0,144.0,144.0,142.0,142.0,142.0,142.0
2025-02-03,108.0,112.0,110.0,110.0,112.0,112.0,110.0,108.0,106.0,106.0,104.0,104.0,104.0,104.0,104.0,104.0,104.0,104.0,104.0,104.0,104.0,102.0,102.0,102.0,102.0,91.0,80.0,80.0,80.0,80.0,68.0,52.0,52.0,54.0,54.0,50.0,42.0,42.0,42.0,42.0,42.0,46.0,48.0,50.0,50.0,48.0,50.0,52.0,50.0,50.0,46.0,44.0,44.0,42.0,66.0,70.0,72.0,72.0,78.0,88.0,88.0,94.0,90.0,88.0,88.0,98.0,98.0,96.0,94.0,84.0,86.0,78.0,80.0,84.0,72.0,46.0,44.0,42.0,48.0,64.0,52.0,104.0,128.0,128.0,128.0,124.0,122.0,118.0,112.0,114.0,114.0,116.0,116.0,116.0,116.0,116.0
2025-02-04,114.0,114.0,114.0,128.0,130.0,128.0,128.0,128.0,124.0,120.0,118.0,116.0,115.0,114.0,114.0,114.0,114.0,114.0,114.0,114.0,114.0,114.0,114.0,114.0,114.0,114.0,114.0,104.0,94.0,84.0,74.0,64.0,54.0,44.0,34.0,24.0,14.0,12.0,12.0,46.0,76.0,74.0,58.0,74.0,74.0,74.0,74.0,84.0,86.0,86.0,86.0,86.0,86.0,88.0,86.0,88.0,86.0,86.0,86.0,83.0,80.0,84.0,86.0,86.0,86.0,86.0,86.0,88.0,86.0,86.0,86.0,90.0,92.0,90.0,94.0,74.0,12.0,12.0,18.0,24.0,24.0,24.0,24.0,24.0,24.0,24.0,24.0,24.0,114.0,114.0,114.0,107.0,100.0,90.0,90.0,90.0
2025-02-05,90.0,90.0,90.0,90.0,102.0,132.0,128.0,124.0,130.0,134.0,134.0,134.0,136.0,136.0,136.0,134.0,130.0,128.0,126.0,124.0,124.0,125.0,126.0,124.0,114.0,110.0,114.0,112.0,108.0,106.0,106.0,108.0,100.25,92.5,84.75,77.0,69.25,61.5,53.75,46.0,78.0,78.0,64.0,66.0,50.0,42.0,42.0,42.0,42.0,42.0,42.0,46.0,42.0,42.0,42.0,64.0,84.0,86.0,88.0,86.0,84.0,86.0,82.0,82.0,82.0,80.0,80.0,80.0,80.0,80.0,80.0,82.0,80.0,82.0,94.0,90.0,50.0,54.0,58.0,58.0,60.0,60.0,60.0,60.0,60.0,62.0,68.0,70.0,106.0,146.0,143.0,140.0,142.0,140.0,138.0,136.0
2025-02-06,134.0,132.0,132.0,134.0,134.0,134.0,136.0,132.0,130.0,128.0,126.0,126.0,124.0,124.0,122.0,122.0,122.0,122.0,122.0,122.0,124.0,124.0,124.0,122.0,122.0,122.0,122.0,122.0,66.0,63.0,60.0,57.0,54.0,51.0,48.0,45.0,42.0,42.0,42.0,54.0,50.0,22.0,24.0,24.0,24.0,22.0,22.0,22.0,22.0,58.0,86.0,86.0,86.0,86.0,86.0,84.0,82.0,82.0,80.0,80.0,84.0,86.0,86.0,84.0,84.0,80.0,82.0,86.0,86.0,86.0,84.0,20.0,14.0,16.0,14.0,20.0,16.0,16.0,70.0,98.0,96.0,96.0,96.0,96.0,96.0,96.0,98.0,98.0,98.0,98.0,98.0,96.0,94.0,88.0,98.0,114.0
2025-02-07,112.0,114.0,114.0,112.0,112.0,112.0,114.0,122.0,122.0,120.0,122.0,122.0,124.0,122.0,122.0,118.0,116.0,114.0,114.0,114.0,116.0,122.0,122.0,122.0,122.0,122.0,122.0,122.0,112.0,72.0,42.0,42.0,42.0,28.0,16.0,16.0,16.0,14.0,52.0,66.0,66.0,78.0,100.0,102.0,102.0,102.0,104.0,118.0,122.0,122.0,114.0,130.0,134.0,132.0,131.0,130.0,130.0,130.0,128.0,132.0,132.0,138.0,136.0,140.0,138.0,138.0,138.0,140.0,140.0,116.0,100.0,98.0,100.0,100.0,98.0,98.0,98.0,100.0,68.0,60.0,62.0,60.0,60.0,60.0,60.0,48.0,48.0,48.0,56.8,65.6,74.4,83.2,92.0,116.0,116.0,121.0
2025-02-09,164.0,158.0,152.0,152.0,152.0,152.0,146.0,128.0,128.0,128.0,128.0,126.0,122.0,121.0,120.0,120.0,118.0,118.0,116.0,116.0,116.0,118.0,118.0,118.0,120.0,120.0,118.0,118.0,118.0,130.0,128.0,112.0,108.0,106.0,134.0,148.0,144.0,140.0,132.0,132.0,134.0,134.0,114.0,86.0,86.0,86.0,86.0,86.0,86.0,84.0,114.0,122.0,122.0,122.0,120.0,120.0,118.0,126.0,126.0,130.0,128.0,126.0,122.0,122.0,122.0,122.0,122.0,122.0,120.0,120.0,120.0,138.0,146.0,128.0,128.0,130.0,124.0,100.0,132.0,130.0,112.0,94.0,82.0,70.0,70.0,70.0,70.0,70.0,79.0,88.0,97.0,106.0,115.0,124.0,127.5,131.0
2025-02-10,134.5,138.0,134.0,132.0,130.0,129.0,128.0,128.0,126.0,126.0,126.0,126.0,126.0,126.0,126.0,126.0,126.0,126.0,126.0,126.0,129.5,133.0,136.5,140.0,138.0,138.0,134.66666666666666,131.33333333333334,128.0,118.0,108.0,98.0,86.0,48.0,40.0,40.0,42.0,48.0,48.0,48.0,44.0,52.0,16.0,16.0,16.0,16.0,20.0,56.0,56.0,84.0,100.0,82.0,84.0,84.0,78.0,74.0,76.0,78.0,82.0,48.0,50.0,70.0,70.0,70.0,70.0,88.0,78.0,60.0,66.0,64.0,62.0,52.0,48.0,48.0,48.0,48.0,48.0,86.0,126.0,126.0,130.0,132.0,144.0,154.0,96.0,94.0,102.0,104.0,108.0,94.0,72.0,70.0,68.0,70.0,104.0,106.0
2025-02-11,100.0,120.0,162.0,102.0,112.0,116.0,116.0,116.0,116.0,116.0,116.0,116.0,116.0,116.0,116.0,116.0,118.0,116.0,116.0,116.0,116.0,116.0,116.0,116.0,116.0,116.0,120.0,118.0,104.0,62.0,66.0,68.0,62.0,62.0,62.0,72.0,72.0,76.0,78.0,120.0,156.0,154.0,114.0,84.0,92.0,93.0,94.0,98.0,128.0,126.0,128.0,134.0,128.0,124.0,130.0,126.0,130.0,138.0,130.0,80.0,88.0,112.0,148.0,150.0,158.0,154.0,158.0,152.0,160.0,164.0,150.0,136.0,126.0,102.0,140.0,148.0,150.0,160.0,164.0,154.0,154.0,170.0,202.0,202.0,204.0,190.0,188.0,170.0,136.0,138.0,150.0,160.0,164.0,164.0,164.0,174.0
2025-02-12,194.0,190.0,190.0,190.0,190.0,190.0,190.0,196.0,200.0,200.0,200.0,200.0,198.0,150.0,148.0,150.0,150.0,150.0,138.0,126.0,126.0,126.0,128.0,128.0,126.0,128.0,180.0,173.0,166.0,116.0,114.0,114.0,112.0,120.0,132.0,130.0,128.0,128.0,118.0,118.0,110.0,102.0,100.0,96.0,90.0,104.0,106.0,100.0,98.0,128.0,140.0,142.0,132.0,128.0,134.0,130.0,138.0,136.0,130.0,130.0,136.0,166.0,178.0,176.0,180.0,186.0,174.0,166.0,168.0,150.0,148.0,146.0,148.0,148.0,148.0,148.0,154.0,188.0,164.0,162.0,150.0,134.0,112.0,112.0,112.0,112.0,112.0,124.0,156.0,178.0,190.0,198.0,180.0,110.0,110.0,110.0
2025-02-13,110.0,146.0,156.0,156.0,156.0,156.0,156.0,156.0,156.0,156.0,156.0,156.0,154.0,152.0,122.0,118.0,116.0,116.0,114.0,114.0,114.0,114.0,114.0,114.0,122.0,122.0,122.0,124.0,124.0,126.0,134.0,128.0,116.0,116.0,114.0,114.0,113.0,112.0,112.0,112.0,92.0,92.0,116.0,66.0,58.0,56.0,54.0,52.0,56.0,86.0,94.0,56.0,52.0,50.0,48.666666666666664,47.333333333333336,46.0,44.0,44.0,42.0,42.0,68.0,144.0,148.0,148.0,146.0,144.0,144.0,144.0,144.0,144.0,144.0,142.0,144.0,144.0,144.0,144.0,154.0,180.0,210.0,176.0,138.0,136.0,142.0,146.0,140.0,128.0,128.0,134.0,190.0,216.0,216.0,216.0,218.0,214.0,224.0
2025-02-14,224.0,214.0,190.0,188.0,190.0,190.0,192.0,190.0,190.0,190.0,190.0,190.0,190.0,188.0,190.0,166.0,154.0,154.0,154.0,158.0,160.0,162.0,162.0,162.0,170.0,170.0,170.0,170.0,170.0,164.0,160.0,156.0,98.0,76.0,78.0,70.0,74.0,70.0,70.0,68.0,68.0,70.0,68.0,68.0,68.0,68.0,68.0,114.0,176.0,180.0,178.0,170.0,144.0,144.0,144.0,152.0,158.0,152.0,150.0,152.0,154.0,152.0,152.0,152.0,152.0,150.0,152.0,156.0,150.0,86.0,12.0,12.0,12.0,12.0,12.0,17.0,22.0,28.0,30.0,30.0,32.0,32.0,28.0,24.0,24.0,24.0,24.0,24.0,26.0,27.0,28.0,28.0,24.0,16.0,16.0,16.0
2025-02-15,18.0,16.0,18.0,16.0,18.0,16.0,14.0,14.0,14.0,12.0,12.0,12.0,12.0,12.0,12.0,12.0,12.0,16.0,24.0,24.0,24.0,24.0,24.0,24.0,24.0,24.0,24.0,26.0,24.0,18.0,14.0,14.0,14.0,14.0,14.0,14.0,14.0,14.0,14.0,14.0,14.0,14.0,12.0,12.0,12.0,12.0,12.0,12.0,12.0,12.0,12.0,12.0,12.0,12.0,12.0,12.0,12.0,10.0,12.0,12.0,10.0,4.0,4.0,10.0,12.0,12.0,12.0,12.0,12.0,12.0,12.0,12.0,12.0,12.0,12.0,12.0,12.0,14.0,24.0,24.0,22.0,24.0,24.0,24.0,24.0,24.0,24.0,24.0,24.0,24.0,24.0,21.0,18.0,16.0,14.0,12.0
2025-02-16,12.0,18.0,14.0,14.0,14.0,14.0,14.0,14.0,14.0,14.0,14.0,14.0,14.0,14.0,14.0,14.0,14.0,14.0,14.0,14.0,14.0,20.0,22.0,24.0,24.0,24.0,24.0,23.0,22.0,21.0,20.0,19.0,18.0,17.0,16.0,15.0,14.0,13.0,12.0,12.0,14.0,16.0,16.0,20.0,20.0,12.0,14.0,14.0,14.0,12.0,12.0,12.0,12.0,12.0,6.0,2.0,2.0,2.0,2.0,2.0,2.0,4.0,4.0,4.0,4.0,4.0,2.0,2.0,2.0,2.0,2.0,2.0,2.0,2.0,4.0,4.0,4.0,12.0,16.0,16.0,16.0,14.0,16.0,16.0,16.0,16.0,16.0,14.0,14.0,14.0,14.0,16.0,16.0,14.0,16.0,14.0
2025-02-17,14.0,6.0,4.0,4.0,4.0,4.0,4.0,4.0,4.0,4.0,4.0,4.0,4.0,4.0,4.0,4.0,4.0,4.0,4.0,4.0,4.0,4.0,4.0,4.0,4.0,14.0,16.0,16.0,8.0,4.0,4.0,2.0,2.0,2.0,2.0,2.0,2.0,2.0,2.0,2.0,2.0,2.0,2.0,2.0,2.0,2.0,2.0,2.0,2.0,2.0,2.0,2.0,2.0,2.0,2.0,2.0,2.0,2.0,2.0,2.0,2.0,2.0,2.0,2.0,2.0,2.0,2.0,2.0,2.0,2.0,2.0,2.0,2.0,2.0,2.0,2.0,2.0,10.0,14.0,16.0,16.0,16.0,16.0,14.0,14.0,16.0,26.0,18.0,16.0,16.0,16.0,16.0,16.0,16.0,16.0,18.0
2025-02-18,20.0,20.0,20.0,20.0,20.0,20.0,20.0,20.0,20.0,20.0,20.0,20.0,20.0,20.0,18.0,18.0,16.0,16.0,6.0,4.0,4.0,4.0,4.0,4.0,4.0,14.0,14.0,14.0,8.0,2.0,2.0,2.0,2.0,2.0,2.0,2.0,2.0,2.0,2.0,2.0,2.0,2.0,2.0,2.0,2.0,2.0,2.0,2.0,2.0,2.0,2.0,2.0,2.0,2.0,2.0,2.0,2.0,2.0,2.0,2.0,2.0,2.0,2.0,2.0,2.0,2.0,2.0,2.0,2.0,2.0,2.0,2.0,2.0,2.0,2.0,2.0,2.0,2.0,6.0,14.0,14.0,14.0,14.0,14.0,14.0,14.0,14.0,14.0,14.0,14.0,14.0,14.0,14.0,14.0,14.0,14.0
2025-02-19,14.0,12.0,14.0,14.0,16.0,14.0,14.0,14.0,16.0,14.0,14.0,14.0,14.0,14.0,14.0,14.0,14.0,14.0,18.0,20.0,20.0,20.0,20.0,20.0,20.0,20.0,20.0,16.0,8.0,8.0,4.0,2.0,2.0,2.0,2.0,2.0,2.0,2.0,2.0,2.0,2.0,2.0,2.0,2.0,2.0,2.0,2.0,2.0,2.0,2.0,2.0,2.0,2.0,2.0,2.0,2.0,2.0,2.0,2.0,2.0,2.0,2.0,2.0,2.0,2.0,2.0,2.0,2.0,2.0,2.0,8.0,10.0,10.0,8.0,8.0,9.0,10.0,12.0,18.0,14.0,18.0,16.0,22.0,14.0,14.0,14.0,14.0,12.0,2.0,4.0,4.0,4.0,8.0,8.0,10.0,10.0
2025-02-20,10.0,10.0,8.0,14.0,20.0,20.0,20.0,18.0,18.0,16.0,16.0,16.0,14.0,14.0,14.0,14.0,14.0,14.0,14.0,14.0,16.0,18.0,18.0,18.0,18.0,18.0,18.0,8.0,6.0,6.0,2.0,2.0,2.0,2.0,2.0,2.0,2.0,2.0,2.0,2.0,2.0,2.0,2.0,2.0,2.0,2.0,2.0,2.0,2.0,2.0,2.0,2.0,2.0,2.0,2.0,2.0,2.0,2.0,2.0,2.0,2.0,2.0,2.0,2.0,2.0,2.0,2.0,2.0,2.0,2.0,2.0,2.0,2.0,2.0,2.0,2.0,6.0,14.0,14.0,14.0,14.0,14.0,14.0,14.0,14.0,14.0,16.0,16.0,16.0,16.0,16.0,16.0,16.0,16.0,16.0,18.0
2025-02-21,20.0,20.0,20.0,20.0,20.0,20.0,20.0,20.0,20.0,20.0,20.0,20.0,20.0,18.0,16.0,16.0,15.0,14.0,14.0,14.0,14.0,14.0,14.0,14.0,14.0,14.0,14.0,18.0,18.0,4.0,2.0,2.0,2.0,2.0,2.0,2.0,2.0,2.0,2.0,2.0,2.0,2.0,2.0,2.0,2.0,2.0,2.0,2.0,2.0,2.0,2.0,2.0,2.0,2.0,2.0,4.0,2.0,2.0,2.0,2.0,2.0,2.0,2.0,2.0,2.0,2.0,4.0,2.0,4.0,2.0,2.0,2.0,2.0,2.0,2.0,4.0,14.0,26.0,26.0,26.0,26.0,26.0,26.0,26.0,26.0,26.0,26.0,26.0,26.0,26.0,26.0,26.0,18.0,14.0,14.0,14.0
2025-02-22,14.0,14.0,14.0,14.0,14.0,14.0,14.0,14.0,14.0,14.0,14.0,14.0,14.0,14.0,14.0,16.0,18.0,18.0,18.0,18.0,18.0,18.0,18.0,16.0,18.0,20.0,30.0,20.0,10.0,6.0,6.0,6.0,6.0,6.0,8.0,6.0,6.0,6.0,6.0,4.0,4.0,4.0,4.0,2.0,4.0,4.0,4.0,4.0,2.0,4.0,4.0,2.0,4.0,4.0,4.0,4.0,4.0,4.0,4.0,4.0,4.0,4.0,88.0,92.0,104.0,114.0,94.0,92.0,90.0,68.0,16.0,38.0,130.0,146.0,142.0,144.0,150.0,194.0,162.0,162.0,210.0,210.0,210.0,186.0,153.0,120.0,118.0,108.0,106.0,106.0,106.0,106.0,116.0,114.0,114.0,114.0
2025-02-23,116.0,114.0,114.0,124.0,126.0,126.0,126.0,124.0,118.0,114.0,110.0,110.0,110.0,106.0,106.0,106.0,106.0,106.0,106.0,108.0,108.0,106.0,106.0,106.0,106.0,106.0,106.0,108.0,106.0,96.0,58.0,60.0,62.0,64.0,68.0,64.0,64.0,62.0,66.0,70.0,66.0,66.0,66.0,66.0,66.0,70.0,72.0,92.0,108.0,110.0,108.0,108.0,108.0,109.6,111.2,112.8,114.4,116.0,132.0,146.0,140.0,166.0,172.0,162.0,160.0,158.0,150.0,150.0,150.0,144.0,138.0,140.0,146.0,152.0,142.0,138.0,138.0,156.0,156.0,186.0,198.0,190.0,188.0,188.0,184.0,182.0,184.0,186.0,186.0,188.0,186.0,116.0,106.0,106.0,106.0,132.0
2025-02-24,116.0,114.0,114.0,124.0,186.0,186.0,150.0,112.0,110.0,110.0,110.0,108.0,108.0,108.0,106.0,106.0,106.0,104.0,104.0,104.0,104.0,104.0,102.0,104.0,112.0,112.0,94.0,100.0,90.0,91.33333333333333,92.66666666666667,94.0,95.33333333333333,96.66666666666667,98.0,99.33333333333333,100.66666666666667,102.0,66.0,70.0,64.0,60.0,66.0,60.0,52.0,64.0,56.0,16.0,16.0,16.0,16.0,16.0,16.0,16.0,16.0,16.0,16.0,18.0,18.0,18.0,26.0,58.0,92.0,94.0,90.0,90.0,92.0,96.0,96.0,106.0,104.0,100.0,108.0,132.0,136.0,148.0,194.0,206.0,210.0,196.0,198.0,226.0,114.0,106.0,104.0,158.0,174.0,180.0,180.0,178.0,178.0,178.0,178.0,168.0,164.0,184.0
2025-02-25,210.0,216.0,208.0,202.0,170.0,170.0,178.0,176.0,174.0,168.0,166.0,164.0,162.0,160.0,160.0,164.0,170.0,170.0,170.0,170.0,168.0,98.0,98.0,98.0,98.0,98.0,98.0,98.0,98.0,90.0,90.0,104.0,102.0,98.0,96.0,96.0,96.0,92.0,90.0,62.0,78.0,82.0,98.0,160.0,164.0,126.0,62.0,60.0,60.0,60.0,57.0,54.0,24.0,24.0,24.0,22.0,22.0,22.0,22.0,48.0,74.0,100.0,98.0,98.0,98.0,98.0,96.0,98.0,106.0,104.0,104.0,104.0,102.0,104.0,100.0,48.0,30.0,30.0,30.0,62.0,90.0,94.0,92.0,106.0,110.0,112.0,110.0,110.0,114.0,118.0,132.0,122.0,118.0,112.0,128.0,174.0
2025-02-26,184.0,182.0,180.0,174.66666666666666,169.33333333333334,164.0,164.0,162.0,154.0,152.0,152.0,152.0,160.0,166.0,162.0,156.0,154.0,154.0,154.0,154.0,144.0,92.0,102.0,114.0,118.0,118.0,112.0,102.0,94.0,96.0,94.0,90.0,74.0,50.0,56.0,42.0,34.0,30.0,56.0,118.0,128.0,128.0,126.0,126.0,124.0,124.0,122.0,124.0,124.0,122.0,124.0,126.0,124.0,30.0,28.0,28.0,28.0,28.0,28.0,26.0,26.0,26.0,26.0,26.0,26.0,26.0,26.0,28.0,110.0,112.0,66.0,86.0,124.0,154.0,156.0,162.0,166.0,168.0,166.0,190.0,200.0,200.0,172.0,206.0,212.0,216.0,216.0,220.0,220.0,212.0,160.0,106.0,112.0,110.0,166.0,182.0
2025-02-27,188.0,200.0,196.0,194.0,200.0,198.0,196.0,190.0,190.0,186.0,184.0,183.0,182.0,182.0,180.0,180.0,176.0,108.0,108.0,108.0,106.0,104.0,102.0,102.0,102.0,102.0,104.0,102.0,100.0,98.0,98.0,98.0,98.0,98.0,102.0,60.0,60.0,60.0,60.0,90.0,92.0,104.0,130.0,128.0,128.0,106.0,96.0,96.0,96.0,94.0,112.0,136.0,168.0,166.0,168.0,136.0,168.0,166.0,166.0,168.0,166.0,164.0,162.0,170.0,174.0,172.0,172.0,172.0,168.0,166.0,164.0,164.0,160.0,136.0,144.0,144.0,146.0,152.0,178.0,174.0,138.0,102.0,102.0,102.0,102.0,108.0,108.0,108.0,108.0,108.0,108.0,108.0,156.0,176.0,176.0,174.0
2025-02-28,176.0,180.0,192.0,192.0,192.0,192.0,194.0,194.0,192.0,192.0,188.0,186.0,182.0,183.0,184.0,182.0,180.0,180.0,180.0,180.0,180.0,182.0,182.0,154.0,152.0,152.0,148.0,138.0,150.0,135.0,120.0,132.0,120.4,108.8,97.2,85.6,74.0,84.0,82.0,88.0,90.0,88.0,90.0,88.0,88.0,130.0,122.0,122.0,126.0,130.0,130.0,126.0,134.0,134.0,142.0,142.0,142.0,128.0,106.0,108.0,106.0,104.0,102.0,100.0,104.0,110.0,104.0,104.0,104.0,116.0,118.0,116.0,112.0,112.0,116.0,138.0,136.0,132.0,164.0,172.0,172.0,192.0,182.0,172.0,172.0,178.0,176.0,174.0,174.0,180.0,178.0,178.0,178.0,186.0,184.0,184.0
2025-03-01,170.0,168.0,184.0,186.0,180.0,178.0,166.0,160.0,158.0,158.0,156.0,154.0,154.0,154.0,162.0,166.0,164.0,158.0,158.0,156.0,150.0,148.0,150.0,116.0,102.0,104.0,104.0,108.0,116.0,114.0,114.0,114.0,2.0,0.0,0.0,0.0,44.0,80.0,80.0,72.0,76.0,76.0,76.0,72.0,72.0,78.0,88.0,46.0,44.0,42.0,40.0,36.0,32.0,30.0,28.0,28.0,26.0,118.0,132.0,132.0,126.0,124.0,124.0,124.0,124.0,124.0,128.0,70.0,26.0,26.0,28.0,28.0,26.0,34.0,38.0,28.0,40.0,78.0,100.0,104.0,104.0,104.0,104.0,104.0,106.0,112.0,108.0,106.0,108.0,150.0,182.0,172.0,172.0,176.0,192.0,200.0
2025-03-02,202.0,202.0,200.0,200.0,200.0,202.0,198.0,196.0,190.0,188.0,186.0,184.0,180.0,180.0,176.0,176.0,174.0,176.0,174.0,174.0,172.0,172.0,172.0,158.0,102.0,104.0,102.0,100.0,102.0,146.0,162.0,174.0,174.0,172.0,172.0,166.0,158.0,80.0,108.0,160.0,164.0,148.0,96.0,102.0,122.0,128.0,92.0,88.0,88.0,88.0,88.0,96.0,94.0,104.0,108.0,112.0,108.0,110.0,110.0,110.0,110.0,112.0,106.0,132.0,135.0,138.0,138.0,132.0,104.0,106.0,104.0,102.0,102.0,104.0,104.0,32.0,66.0,96.0,82.0,82.0,90.0,88.0,84.0,80.0,76.0,78.0,80.0,78.0,82.0,106.0,0.0,0.0,0.0,0.0,0.0,0.0
2025-03-03,0.0,0.0,0.0,0.0,0.0,0.0,0.0,0.0,0.0,0.0,0.0,0.0,0.0,0.0,0.0,0.0,0.0,0.0,0.0,0.0,0.0,0.0,0.0,0.0,0.0,0.0,0.0,0.0,0.0,0.0,0.0,0.0,0.0,0.0,0.0,0.0,0.0,0.0,0.0,86.0,112.0,108.0,140.0,140.0,140.0,112.0,102.0,84.0,34.0,34.0,32.0,32.0,100.0,126.0,122.0,110.0,110.0,108.0,110.0,128.0,114.0,106.0,114.0,112.0,114.0,110.0,112.0,114.0,114.0,110.0,108.0,104.0,104.0,104.0,128.0,130.0,88.0,102.0,106.0,104.0,104.0,104.0,100.0,106.0,100.0,104.0,96.0,96.0,98.0,100.0,100.0,98.0,96.0,94.0,100.0,104.0
2025-03-04,92.0,98.0,102.0,102.0,112.0,110.0,100.0,96.0,96.0,150.0,148.0,150.0,150.0,144.0,140.0,136.0,132.0,134.0,160.0,158.0,158.0,154.0,136.0,110.0,108.0,106.0,106.0,104.0,98.0,96.0,96.0,96.0,100.0,94.0,94.0,94.0,100.0,64.0,44.0,56.0,36.0,36.0,30.0,30.0,30.0,30.0,30.0,32.0,32.0,30.0,56.0,96.0,114.0,118.0,120.0,118.0,124.0,128.0,126.0,124.0,128.0,128.0,128.0,126.0,132.0,130.0,106.0,104.0,102.0,102.0,102.0,100.0,102.0,102.0,122.0,146.0,144.0,100.0,98.0,98.0,102.0,118.0,116.0,102.0,98.0,98.0,90.0,90.0,88.0,88.0,92.0,90.0,86.0,80.0,78.0,80.0
2025-03-05,88.0,88.0,88.0,92.0,110.0,110.0,108.0,108.0,108.0,108.0,108.0,102.0,158.0,160.0,158.0,158.0,156.0,156.0,154.0,154.0,154.0,156.0,154.0,158.0,102.0,88.0,86.0,86.0,82.0,74.0,96.0,104.0,58.0,28.0,26.0,26.0,30.0,30.0,30.0,30.0,26.0,26.0,24.0,22.0,22.0,22.0,20.0,84.0,90.0,94.0,92.0,90.0,90.0,94.0,100.0,98.0,94.0,102.0,130.0,128.0,130.0,132.0,134.0,132.0,42.0,20.0,20.0,20.0,20.0,20.0,20.0,30.0,88.0,90.0,106.0,126.0,136.0,150.0,170.0,152.0,154.0,108.0,106.0,142.0,202.0,200.0,208.0,212.0,200.0,206.0,180.0,204.0,212.0,216.0,222.0,218.0
2025-03-06,222.0,228.0,224.0,216.0,198.0,184.0,212.0,202.0,200.0,194.0,186.0,126.0,124.0,124.0,122.0,124.0,122.0,122.0,124.0,120.0,116.0,130.0,130.0,130.0,128.0,128.0,128.0,128.0,118.0,124.0,124.0,114.0,104.0,94.0,84.0,74.0,64.0,50.0,36.0,36.0,46.0,42.0,76.0,102.0,100.0,98.0,134.0,150.0,146.0,142.0,142.0,142.0,142.0,142.0,142.0,142.0,142.0,142.0,140.0,140.0,138.0,136.0,136.0,134.0,134.0,134.0,134.0,134.0,134.0,132.0,132.0,118.0,108.0,106.0,114.0,120.0,124.0,130.0,122.0,126.0,152.0,168.0,158.0,108.0,82.0,88.0,90.0,90.0,90.0,90.0,88.0,86.0,166.0,226.0,224.0,182.0
2025-03-07,170.0,158.0,158.0,166.0,174.0,174.0,174.0,172.0,172.0,168.0,174.0,174.0,172.0,170.0,170.0,168.0,166.0,166.0,166.0,166.0,166.0,166.0,150.0,134.0,106.0,98.0,102.0,100.0,96.0,96.0,94.0,84.0,82.0,80.0,86.0,92.0,92.0,92.0,92.0,92.0,97.0,102.0,164.0,160.0,160.0,160.0,158.0,158.0,160.0,158.0,98.0,62.0,84.0,160.0,158.0,158.0,160.0,164.0,158.0,158.0,162.0,160.0,160.0,158.0,158.0,156.0,156.0,156.0,156.0,155.0,154.0,158.0,162.0,162.0,164.0,174.0,180.0,182.0,100.0,100.0,102.0,112.0,106.0,112.0,110.0,110.0,146.0,186.0,186.0,178.0,176.0,176.0,176.0,174.0,174.0,174.0
2025-03-08,174.0,184.0,134.0,130.0,130.0,130.0,128.0,126.0,126.0,124.0,126.0,124.0,124.0,124.0,124.0,124.0,124.0,124.0,124.0,134.0,142.0,142.0,144.0,144.0,140.0,90.0,86.0,78.0,70.0,78.0,78.0,78.0,70.0,74.0,70.0,116.0,138.0,138.0,122.0,86.0,86.0,94.0,86.0,86.0,96.0,36.0,36.0,34.0,36.0,34.0,84.0,148.0,138.0,138.0,138.0,138.0,138.0,140.0,140.0,140.0,140.0,138.0,140.0,142.0,144.0,146.0,128.0,148.0,148.0,148.0,156.0,154.0,150.0,150.0,148.0,112.0,50.0,176.0,200.0,144.0,100.0,100.0,100.0,100.0,100.0,100.0,100.0,100.0,102.0,102.0,80.0,78.0,78.0,76.0,76.0,134.0
2025-03-09,192.0,156.0,144.0,144.0,144.0,144.0,144.0,144.0,146.0,162.0,160.0,160.0,160.0,160.0,160.0,160.0,160.0,158.0,158.0,156.0,114.0,86.0,84.0,84.0,84.0,84.0,84.0,74.0,84.0,78.0,80.0,80.0,78.0,78.0,78.0,182.0,124.0,108.0,108.0,106.0,102.0,96.0,92.0,122.0,136.0,136.0,136.0,134.0,134.0,134.0,136.0,136.0,126.0,126.0,125.0,124.0,124.0,126.0,126.0,124.0,122.0,124.0,124.0,122.0,124.0,156.0,154.0,98.0,116.0,108.0,26.0,26.0,26.0,26.0,28.0,38.0,40.0,56.0,104.0,136.0,174.0,180.0,188.0,188.0,146.0,100.0,92.0,88.0,86.0,84.0,86.0,94.0,94.0,114.0,188.0,190.0
2025-03-10,188.0,178.0,178.0,178.0,178.0,160.0,158.0,156.0,156.0,154.0,146.0,142.0,138.0,136.0,136.0,136.0,136.0,134.0,134.0,144.0,142.0,140.0,140.0,118.0,82.0,84.0,84.0,82.0,82.0,80.0,80.0,80.0,78.0,78.0,82.0,78.0,70.0,68.0,66.0,68.0,66.0,116.0,140.0,136.0,136.0,136.0,136.0,136.0,136.0,148.0,168.0,142.0,142.0,140.0,78.0,78.0,136.0,130.0,130.0,2.0,108.0,130.0,130.0,130.0,126.0,130.0,132.0,132.0,132.0,131.0,130.0,140.0,116.0,36.0,30.0,28.0,42.0,68.0,64.0,60.0,60.0,64.0,62.0,134.0,196.0,198.0,220.0,238.0,218.0,218.0,228.0,162.0,118.0,118.56521739130434,119.1304347826087,119.69565217391305
2025-03-12,224.0,224.0,224.0,160.0,138.0,210.0,204.0,184.0,182.0,180.0,176.0,174.0,174.0,172.0,172.0,146.0,100.0,100.0,106.0,103.0,100.0,102.0,100.0,100.0,102.0,122.0,116.0,112.0,116.0,134.0,128.0,124.0,122.0,118.0,114.0,96.0,70.0,72.0,68.0,68.0,68.0,68.0,84.0,98.0,156.0,138.0,138.0,140.0,140.0,144.0,146.0,146.0,146.0,146.0,148.0,156.0,160.0,158.0,158.0,162.0,160.0,156.0,154.0,150.0,146.0,144.0,142.0,142.0,142.0,142.0,150.0,170.0,66.0,30.0,28.0,36.0,36.0,36.0,36.0,36.0,48.0,46.0,78.0,188.0,193.0,198.0,224.0,175.0,126.0,126.0,150.0,188.0,184.0,192.0,216.0,190.0
2025-03-13,190.0,188.0,188.0,190.0,188.0,188.0,132.0,130.0,128.0,126.0,126.0,128.0,126.0,116.0,88.0,144.0,156.0,150.0,144.0,148.0,148.0,148.0,148.0,156.0,164.0,162.0,112.0,94.0,86.0,78.0,82.0,80.0,80.0,80.0,80.0,88.0,78.0,86.0,72.0,64.0,62.0,62.0,62.0,62.0,62.0,62.0,60.0,62.0,62.0,62.0,106.0,166.0,168.0,174.0,178.0,178.0,178.0,178.0,178.0,178.0,176.0,178.0,176.0,174.0,174.0,174.0,170.0,166.0,164.0,166.0,164.0,166.0,165.0,164.0,178.0,4.0,116.0,96.0,120.0,178.0,178.0,158.0,104.0,112.0,112.0,112.0,112.0,118.0,124.0,122.0,124.0,122.0,120.0,118.0,114.0,164.0
2025-03-14,160.0,160.0,160.0,158.0,160.0,172.0,172.0,166.0,170.0,170.0,170.0,170.0,138.0,130.0,128.0,128.0,128.0,126.0,122.0,122.0,122.0,122.0,122.0,112.0,86.0,88.0,88.0,88.5,89.0,89.5,90.0,90.5,91.0,91.5,92.0,118.0,96.0,74.0,46.0,50.0,46.0,46.0,48.0,46.0,48.0,46.0,44.0,42.0,42.0,42.0,40.0,40.0,38.0,38.0,38.0,38.0,80.0,124.0,142.0,142.0,138.0,140.0,144.0,144.0,144.0,144.0,140.0,144.0,144.0,144.0,144.0,146.0,146.0,146.0,146.0,126.0,54.0,58.0,66.0,64.0,62.0,60.0,68.0,146.0,76.0,76.0,76.0,78.0,86.0,84.0,154.0,230.0,224.0,222.0,210.0,206.0
2025-03-15,128.0,118.0,118.0,116.0,116.0,116.0,116.0,114.0,114.0,114.0,114.0,114.0,114.0,112.0,112.0,112.0,114.0,110.0,112.0,112.0,112.0,116.0,114.0,114.0,80.0,78.0,74.88888888888889,71.77777777777777,68.66666666666667,65.55555555555556,62.44444444444444,59.33333333333333,56.22222222222222,53.111111111111114,50.0,56.0,60.0,54.0,68.0,72.0,56.0,12.0,2.0,8.0,4.0,0.0,0.0,0.0,0.0,0.0,0.0,0.0,0.0,0.0,0.0,0.0,0.0,0.0,0.0,0.0,0.0,0.0,0.0,0.0,0.0,0.0,0.0,0.0,0.0,0.0,0.0,0.0,8.0,12.0,20.0,14.0,14.0,14.0,14.0,14.0,16.0,16.0,16.0,14.0,18.0,20.0,20.0,20.0,20.0,20.0,20.0,20.0,20.0,20.0,18.0,16.0
2025-03-16,16.0,16.0,16.0,14.0,14.0,11.0,8.0,8.0,6.0,6.0,6.0,6.0,6.0,6.0,6.0,6.0,4.0,2.0,2.0,2.0,1.0,0.0,0.0,0.0,0.0,0.0,4.0,0.0,0.0,4.0,6.0,4.0,4.0,4.0,12.0,16.0,24.0,20.0,14.0,14.0,16.0,16.0,18.0,18.0,16.0,16.0,16.0,14.0,8.0,2.0,2.0,2.0,0.0,0.0,0.0,10.0,114.0,2.0,88.0,122.0,120.0,124.0,124.0,123.0,122.0,124.0,122.0,66.0,56.0,42.0,28.0,28.0,28.0,28.0,28.0,28.0,28.0,138.0,126.0,106.0,106.0,110.0,114.0,108.0,104.0,106.0,106.0,112.0,122.0,120.0,116.0,110.0,110.0,110.0,110.0,110.0
2025-03-17,108.0,108.0,124.0,166.0,166.0,164.0,152.0,140.0,128.0,128.0,130.0,130.0,130.0,126.0,124.0,122.0,120.0,120.0,120.0,118.0,118.0,118.0,118.0,118.0,118.0,78.0,82.0,84.0,74.0,76.0,78.0,80.8,83.6,86.4,89.2,92.0,72.0,72.0,72.0,118.0,180.0,178.0,176.0,176.0,173.33333333333334,170.66666666666666,168.0,166.0,168.0,178.0,172.0,168.0,168.0,142.0,142.0,142.0,142.0,112.0,98.0,98.0,96.0,96.0,96.0,96.0,96.0,96.0,96.0,98.0,98.0,96.0,50.0,34.0,50.0,34.0,36.0,44.0,46.0,52.0,56.0,60.0,58.0,134.0,188.0,206.0,182.0,182.0,182.0,172.0,142.0,150.0,62.0,36.0,34.0,34.0,34.0,32.0
2025-03-18,84.0,144.0,144.0,144.0,144.0,144.0,144.0,144.0,144.0,142.0,144.0,148.0,156.0,154.0,154.0,156.0,156.0,158.0,156.0,152.0,148.0,132.0,78.0,78.0,76.0,74.0,68.0,74.0,72.0,64.0,64.0,64.0,62.0,70.0,74.0,67.0,60.0,49.0,38.0,36.0,72.0,130.0,132.0,120.0,120.0,118.0,134.0,158.0,182.0,180.0,176.0,174.0,168.0,162.0,144.0,144.0,142.0,140.0,138.0,132.0,126.0,126.0,126.0,126.0,126.0,126.0,126.0,124.0,126.0,124.0,122.0,122.0,168.0,132.0,44.0,38.0,44.0,44.0,58.0,78.0,68.0,76.0,76.0,76.0,72.0,72.0,72.0,70.0,72.0,152.0,182.0,172.0,170.0,128.0,164.0,140.0
2025-03-19,136.0,128.0,132.0,134.0,140.0,142.0,142.0,154.0,156.0,154.0,150.0,146.0,144.0,142.0,140.0,140.0,138.0,138.0,138.0,136.0,132.0,106.0,104.0,104.0,104.0,101.0,98.0,88.0,74.0,60.0,60.0,56.0,56.0,56.0,54.0,54.0,62.0,64.0,62.0,36.0,36.0,38.0,38.0,36.0,36.0,36.0,36.0,36.0,36.0,96.0,130.0,130.0,128.0,106.0,110.0,106.0,110.0,110.0,138.0,136.0,136.0,134.0,132.0,132.0,128.0,132.0,134.0,128.0,126.0,128.0,126.0,126.0,124.0,126.0,134.0,140.0,142.0,140.0,90.0,72.0,74.0,76.0,81.0,86.0,84.0,74.0,76.0,76.0,74.0,66.0,64.0,140.0,150.0,146.0,88.0,102.0
2025-03-20,150.0,150.0,150.0,150.0,150.0,150.0,138.0,112.0,112.0,110.0,112.0,112.0,112.0,110.0,106.0,104.0,102.0,102.0,102.0,100.0,100.0,94.0,60.0,60.0,60.0,66.0,68.0,69.66666666666667,71.33333333333333,73.0,74.66666666666667,76.33333333333333,78.0,76.0,68.0,66.0,64.0,65.33333333333333,66.66666666666667,68.0,62.0,64.0,72.0,76.0,110.0,100.0,98.0,102.0,138.0,136.0,134.0,132.0,134.0,142.0,164.0,164.0,164.0,166.0,166.0,164.0,166.0,166.0,170.0,172.0,176.0,180.0,170.0,172.0,172.0,170.0,164.0,168.0,188.0,196.0,196.0,206.0,184.0,148.0,90.0,68.0,68.0,68.0,68.0,68.0,74.0,74.0,80.0,80.0,80.0,80.0,90.0,114.0,112.0,112.0,110.0,130.0
2025-03-21,150.0,148.0,140.0,94.0,98.0,94.0,96.0,96.0,94.0,92.0,94.0,90.0,86.0,84.0,82.0,82.0,80.0,80.0,80.0,80.0,80.0,80.0,80.0,80.0,58.0,40.0,42.0,40.0,32.0,33.0,34.0,36.0,32.0,32.0,60.0,66.0,72.0,72.0,72.0,72.0,72.0,70.0,66.0,64.0,62.0,84.0,164.0,166.0,166.0,166.0,166.0,166.0,166.0,166.0,144.0,136.0,136.0,104.0,102.0,102.0,102.0,102.0,102.0,102.0,102.0,102.0,102.0,102.0,100.0,78.0,30.0,30.0,32.0,34.0,36.0,50.0,50.0,48.0,96.0,144.0,168.0,164.0,160.0,152.0,118.0,126.0,154.0,182.0,182.0,182.0,146.0,132.0,140.0,160.0,122.0,118.0
2025-03-22,108.0,106.0,106.0,104.0,104.0,104.0,104.0,104.0,104.0,109.0,114.0,114.0,116.0,116.0,102.0,76.0,74.0,72.0,72.0,72.0,70.0,80.0,80.0,80.0,80.0,80.0,68.0,74.0,78.0,74.0,72.0,73.0,74.0,66.0,64.0,62.0,64.0,70.0,72.0,70.0,70.0,70.0,70.0,46.0,46.0,42.0,42.0,66.0,68.0,66.0,66.0,78.0,112.0,128.0,126.0,122.0,122.0,122.0,125.0,128.0,130.0,130.0,130.0,130.0,130.0,130.0,130.0,130.0,128.0,128.0,130.0,130.0,106.0,24.0,23.0,22.0,22.0,21.0,20.0,20.0,20.0,20.0,20.0,20.0,20.0,20.0,20.0,20.0,30.0,30.0,30.0,30.0,66.0,90.0,88.0,88.0
2025-03-23,88.0,88.0,92.0,92.0,88.0,90.0,100.0,100.0,100.0,100.0,68.0,66.0,62.0,60.0,58.0,58.0,58.0,56.0,56.0,56.0,56.0,56.0,58.0,57.0,56.0,56.0,56.0,56.0,56.0,56.0,56.0,58.0,70.0,80.0,80.0,78.0,76.0,76.0,74.0,66.0,70.0,76.0,76.0,76.0,78.0,94.0,110.0,126.0,142.0,148.0,148.0,148.0,148.0,148.0,156.0,154.0,158.0,152.0,148.0,150.0,154.0,160.0,160.0,140.0,104.0,104.0,104.0,104.0,104.0,104.0,104.0,104.0,104.0,104.0,96.66666666666667,89.33333333333333,82.0,82.0,76.0,96.0,110.0,134.0,132.0,134.0,126.0,94.0,88.0,92.0,190.0,188.0,190.0,164.0,102.0,88.0,182.0,184.0
2025-03-25,178.0,188.0,188.0,178.0,100.0,90.0,90.0,90.0,86.0,122.0,125.0,128.0,146.0,142.0,138.0,134.0,130.0,128.0,102.0,84.0,72.0,72.0,86.0,86.0,92.0,94.0,82.0,70.0,70.0,68.0,60.0,30.0,28.0,28.0,50.0,70.0,72.0,68.0,70.0,92.0,150.0,154.0,152.0,152.0,150.0,150.0,148.0,146.0,164.0,162.0,162.0,162.0,138.0,136.0,136.0,136.0,114.0,102.0,102.0,102.0,102.0,104.0,100.0,104.0,134.0,136.0,136.0,118.0,30.0,30.0,30.0,32.0,30.0,30.0,30.0,64.0,44.0,38.0,48.0,44.0,44.0,62.0,184.0,202.0,202.0,200.0,182.0,158.0,158.0,166.0,162.0,164.0,188.0,190.0,186.0,182.0
2025-03-26,178.0,154.0,152.0,152.0,150.0,146.0,144.0,144.0,144.0,142.0,140.0,140.0,140.0,142.0,140.0,140.0,142.0,86.0,82.0,80.0,80.0,76.0,76.0,78.0,78.0,78.0,73.55555555555556,69.11111111111111,64.66666666666667,60.22222222222222,55.77777777777778,51.33333333333333,46.888888888888886,42.44444444444444,38.0,38.0,38.0,38.0,38.0,38.0,38.0,38.0,38.0,38.0,38.0,38.0,38.0,108.0,142.0,146.0,146.0,146.0,144.0,130.0,116.0,108.0,110.0,110.0,136.0,142.0,142.0,142.0,142.0,142.0,142.0,142.0,140.0,140.0,89.0,38.0,38.0,38.0,38.0,38.0,38.0,38.0,58.0,89.0,120.0,122.0,120.0,118.0,132.0,162.0,230.0,228.0,220.0,186.0,146.0,144.0,108.0,98.0,98.0,98.0,84.0,48.0
2025-03-27,46.0,46.0,46.0,46.0,46.0,42.0,40.0,40.0,38.0,36.0,37.0,38.0,40.0,40.0,40.0,40.0,42.0,42.0,40.0,40.0,40.0,40.0,40.0,40.0,36.0,36.0,26.0,22.0,24.0,34.0,76.0,78.0,72.0,72.0,70.0,76.0,74.0,72.0,72.0,70.0,68.0,64.0,64.0,64.0,64.0,64.0,64.0,64.0,65.0,66.0,70.0,68.0,68.0,76.0,38.0,0.0,0.0,0.0,0.0,0.0,0.0,0.0,0.0,0.0,0.0,0.0,0.0,0.0,0.0,0.0,0.0,0.0,0.0,0.0,0.0,40.0,80.0,134.0,144.0,174.0,142.0,76.0,76.0,76.0,76.0,74.0,76.0,72.0,72.0,70.0,72.0,62.0,60.0,60.0,60.0,60.0
2025-03-29,148.0,146.0,144.0,150.0,156.0,158.0,154.0,156.0,154.0,148.0,146.0,144.0,140.0,138.0,140.0,136.0,132.0,132.0,104.0,74.0,74.0,74.0,76.0,76.0,74.0,70.0,58.0,56.0,60.0,56.0,56.0,86.0,78.0,76.0,76.0,80.0,78.0,76.0,74.0,74.0,74.0,66.0,66.0,66.0,66.0,68.0,68.0,68.0,140.0,146.0,146.0,144.0,144.0,142.0,142.0,142.0,144.0,145.0,146.0,144.0,146.0,146.0,134.0,112.0,112.0,112.0,62.0,40.0,40.0,42.0,42.0,40.0,40.0,38.0,38.0,38.0,44.0,60.0,70.0,90.4,110.8,131.2,151.6,172.0,154.0,94.0,120.0,162.0,156.0,172.0,170.0,169.0,168.0,174.0,178.0,180.0
2025-03-30,178.0,172.0,152.0,152.0,150.0,146.0,144.0,144.0,144.0,144.0,142.0,142.0,140.0,140.0,142.0,142.0,142.0,140.0,140.0,140.0,140.0,142.0,144.0,120.0,120.0,120.0,112.88888888888889,105.77777777777777,98.66666666666667,91.55555555555556,84.44444444444444,77.33333333333334,70.22222222222223,63.111111111111114,56.0,54.0,50.0,56.0,82.0,146.0,119.0,92.0,96.0,128.0,78.0,48.0,44.0,46.0,46.0,46.0,46.0,44.0,42.0,42.0,42.0,42.0,40.0,42.0,70.0,148.0,142.0,136.0,130.0,144.0,142.0,144.0,142.0,140.0,142.0,142.0,146.0,99.0,52.0,52.0,52.0,52.0,52.0,52.0,130.0,84.0,92.0,100.0,96.0,120.0,162.0,162.0,170.0,160.0,158.0,158.0,164.0,164.0,162.0,160.0,132.0,130.0
2025-03-31,128.0,148.0,134.0,134.0,134.0,134.0,132.0,130.0,128.0,128.0,128.0,126.0,126.0,126.0,126.0,126.0,128.0,126.0,98.0,86.0,86.0,86.0,88.0,88.0,86.0,86.0,86.0,86.0,88.0,82.0,78.0,84.0,82.0,80.0,80.0,78.0,78.0,78.0,78.0,70.0,58.0,58.0,58.0,58.0,58.0,58.0,58.0,56.0,92.0,102.0,94.0,100.0,100.0,100.0,98.0,80.0,98.0,98.0,98.0,100.0,102.0,100.0,76.0,68.0,68.0,66.0,66.0,66.0,66.0,64.0,56.0,20.0,20.0,20.0,20.0,20.0,20.0,20.0,77.0,134.0,172.0,126.0,92.0,90.0,88.0,90.0,100.0,100.0,102.0,108.0,96.0,90.0,184.0,194.0,218.0,212.0
2025-04-01,216.0,194.0,172.0,172.0,172.0,172.0,172.0,172.0,172.0,170.0,154.0,128.0,74.0,74.0,72.0,74.0,72.0,68.0,66.0,64.0,64.0,90.0,104.0,94.0,108.0,98.0,94.6,91.2,87.8,84.4,81.0,77.6,74.2,70.8,67.4,64.0,76.0,78.0,78.0,78.0,80.0,58.0,42.0,42.0,42.0,42.0,42.0,74.0,146.0,172.0,172.0,170.0,172.0,170.0,170.0,170.0,144.0,138.0,140.0,141.0,142.0,142.0,140.0,142.0,142.0,130.0,118.0,144.0,128.0,54.0,50.0,50.0,50.0,50.0,50.0,48.0,48.0,46.0,46.0,40.0,40.0,38.0,38.0,40.0,36.0,34.0,32.0,32.0,32.0,36.0,80.0,80.0,80.0,122.0,124.0,124.0
2025-04-02,128.0,126.0,118.0,116.0,150.0,152.0,150.0,140.0,128.0,128.0,127.0,126.0,124.0,124.0,124.0,124.0,126.0,118.0,62.0,62.0,62.0,64.0,64.0,64.0,62.0,62.90909090909091,63.81818181818182,64.72727272727273,65.63636363636364,66.54545454545455,67.45454545454545,68.36363636363636,69.27272727272727,70.18181818181819,71.0909090909091,72.0,78.0,86.0,90.0,90.0,90.0,90.0,88.0,122.0,168.0,168.0,166.0,164.0,118.0,62.0,62.0,62.0,62.0,62.0,60.0,60.0,62.0,62.0,60.0,96.0,132.0,130.0,128.0,130.0,64.0,62.0,62.0,102.0,184.0,190.0,190.0,190.0,192.0,192.0,174.0,124.0,60.0,48.0,64.0,80.0,84.0,82.0,82.0,84.0,84.0,82.0,82.0,82.0,80.0,80.0,72.0,68.0,68.0,68.0,66.0,66.0
2025-04-03,84.0,100.0,94.0,102.0,100.0,98.0,98.0,92.0,94.0,92.0,88.0,82.0,78.0,74.0,72.0,70.0,68.0,66.0,64.0,66.0,66.0,64.0,64.0,64.0,64.0,64.0,62.0,62.0,60.0,58.0,56.0,56.0,52.0,59.0,66.0,64.0,64.0,36.0,34.0,32.0,32.0,28.0,28.0,26.0,34.0,34.0,34.0,162.0,162.0,147.0,132.0,152.0,132.0,132.0,138.0,164.0,164.0,164.0,164.0,164.0,164.0,164.0,164.0,164.0,166.0,166.0,166.0,166.0,164.0,162.0,162.0,162.0,162.0,162.0,160.0,162.0,162.0,164.0,178.0,200.0,178.0,172.0,190.0,190.0,134.0,132.0,132.0,132.0,138.0,126.0,140.0,156.0,148.0,158.0,192.0,198.0
2025-04-04,154.0,80.0,72.0,64.0,64.0,64.0,64.0,62.0,62.0,62.0,62.0,106.0,138.0,146.0,154.0,164.0,170.0,170.0,156.0,88.0,82.0,100.0,108.0,108.0,108.0,106.0,104.0,102.0,100.0,86.0,86.0,70.0,42.0,50.0,58.0,58.0,58.0,62.0,74.0,78.0,78.0,78.0,96.0,120.0,144.0,174.0,172.0,172.0,172.0,172.0,172.0,142.0,136.0,136.0,136.0,136.0,136.0,136.0,138.0,138.0,140.0,142.0,150.0,152.0,148.0,158.0,158.0,156.0,162.0,160.0,122.0,104.0,80.0,80.0,84.0,76.0,84.0,92.0,100.0,106.0,150.0,190.0,186.0,190.0,184.0,166.0,122.0,102.0,96.0,96.0,98.0,100.0,110.0,106.0,108.0,106.0
2025-04-05,104.0,206.0,206.0,212.0,188.0,186.0,184.0,180.0,180.0,176.0,172.0,172.0,172.0,172.0,172.0,170.0,166.0,176.0,174.0,172.0,168.0,166.0,162.0,162.0,162.0,162.0,160.0,162.0,160.0,152.0,152.0,150.0,108.0,118.0,150.0,144.0,128.0,72.0,72.0,72.0,72.0,76.0,104.0,110.0,144.0,144.0,140.0,140.0,142.0,146.0,144.0,147.0,150.0,150.0,150.0,150.0,148.0,142.0,146.0,158.0,156.0,120.0,130.0,136.0,122.0,152.0,146.0,144.0,140.0,138.0,40.0,40.0,40.0,40.0,40.0,40.0,40.0,40.0,40.0,52.0,50.0,158.0,168.0,176.0,182.0,180.0,178.0,182.0,180.0,176.0,172.0,168.0,160.0,154.0,154.0,158.0
2025-04-06,164.0,164.0,166.0,170.0,174.0,176.0,178.0,176.0,176.0,176.0,176.0,172.0,170.0,169.0,168.0,168.0,166.0,164.0,164.0,164.0,164.0,122.0,94.0,94.0,94.0,94.0,96.0,96.0,96.0,96.0,96.0,100.0,96.0,88.0,84.0,86.0,74.0,78.0,80.0,114.0,112.0,112.0,96.0,100.0,114.0,120.0,142.0,138.0,136.0,106.0,94.0,98.0,98.0,94.0,86.0,94.0,90.0,92.0,96.0,104.0,102.0,94.0,92.0,92.0,92.0,92.0,96.0,104.0,104.0,104.0,64.0,20.0,20.0,20.0,20.0,20.0,20.0,20.0,158.0,194.0,176.0,164.0,186.0,180.0,176.0,174.0,174.0,174.0,174.0,182.0,176.0,170.0,170.0,156.0,172.0,138.0
2025-04-07,135.0,132.0,144.0,144.0,148.0,148.0,148.0,148.0,148.0,142.0,138.0,134.0,132.0,132.0,130.0,130.0,130.0,130.0,130.0,132.0,130.0,140.0,140.0,138.0,138.0,138.0,130.0,62.0,70.0,92.0,96.0,90.0,84.0,142.0,136.0,116.0,68.0,68.0,98.0,136.0,136.0,136.0,138.0,138.0,138.0,138.0,136.0,136.0,136.0,136.0,134.0,134.0,132.0,130.0,133.0,136.0,136.0,136.0,136.0,136.0,136.0,124.0,110.0,118.0,118.0,118.0,118.0,118.0,116.0,100.0,32.0,30.0,28.0,28.0,26.0,26.0,26.0,26.0,26.0,82.0,140.0,92.0,44.0,44.0,50.0,76.0,82.0,82.0,82.0,74.0,74.0,112.0,162.0,166.0,186.0,186.0
2025-04-08,186.0,186.0,162.0,152.0,152.0,152.0,152.0,152.0,152.0,152.0,160.0,164.0,162.0,162.0,164.0,164.0,162.0,158.0,156.0,156.0,154.0,144.0,90.0,90.0,86.0,88.0,88.0,86.0,88.0,88.0,88.0,90.0,90.0,90.0,74.0,74.0,74.0,74.0,122.0,116.0,54.0,52.0,52.0,50.0,46.0,50.0,82.0,166.0,150.0,134.0,132.0,106.0,106.0,112.0,118.0,118.0,116.0,116.0,116.0,116.0,118.0,118.0,116.0,116.0,116.0,118.0,116.0,52.0,46.0,44.0,46.0,46.0,46.0,44.0,46.0,46.0,46.0,46.0,46.0,46.0,46.0,46.0,46.0,46.0,46.0,56.0,56.0,56.0,56.0,56.0,112.0,138.0,138.0,138.0,172.0,160.0
2025-04-09,132.0,128.0,130.0,140.0,138.0,138.0,138.0,136.0,136.0,136.0,136.0,136.0,136.0,120.0,66.0,66.0,66.0,66.0,66.0,66.0,66.0,66.0,66.0,66.0,66.0,66.0,66.0,66.0,66.0,66.0,62.0,54.0,60.0,64.0,64.0,64.0,64.0,64.0,74.0,64.0,44.0,44.0,44.0,44.0,44.0,44.0,44.0,38.0,34.0,120.0,126.0,126.0,132.0,136.0,134.0,132.0,132.0,132.0,136.0,134.0,134.0,126.0,126.0,126.0,124.0,124.0,136.0,158.0,162.0,164.0,166.0,124.0,26.0,26.0,26.0,26.0,26.0,26.0,112.0,152.0,160.0,158.0,154.0,150.0,148.0,80.0,46.0,44.0,44.0,44.0,44.0,44.0,44.0,68.0,74.0,136.0
2025-04-10,146.0,156.0,156.0,154.0,156.0,156.0,152.0,150.0,148.0,146.0,146.0,146.0,145.0,144.0,144.0,144.0,144.0,126.0,84.0,84.0,84.0,86.0,86.0,86.0,86.0,82.0,80.0,84.0,78.0,76.0,76.0,74.0,74.0,66.0,40.0,42.0,44.0,44.0,40.0,96.0,74.0,40.0,40.0,38.0,38.0,36.0,50.0,96.0,142.0,142.0,144.0,144.0,142.0,138.0,136.0,136.0,136.0,136.0,136.0,136.0,136.0,134.0,134.0,134.0,134.0,136.0,134.0,134.0,132.0,132.0,134.0,134.0,132.0,132.0,36.0,34.0,34.0,34.0,34.0,34.0,36.0,42.0,42.0,42.0,42.0,40.0,104.0,116.0,102.0,100.0,64.0,60.0,62.0,138.0,178.0,186.0
2025-04-11,178.0,150.0,144.0,146.0,126.0,96.0,100.0,100.0,100.0,100.0,100.0,100.0,100.0,100.0,100.0,100.0,68.0,66.0,64.0,66.0,66.0,66.0,68.0,66.0,62.0,60.0,58.0,58.0,58.0,56.0,54.0,56.0,58.0,56.0,54.0,54.0,54.0,84.0,120.0,108.0,134.0,132.0,132.0,134.0,134.0,102.0,36.0,36.0,36.0,64.0,136.0,134.0,134.0,134.57142857142858,135.14285714285714,135.71428571428572,136.28571428571428,136.85714285714286,137.42857142857142,138.0,142.0,140.0,140.0,142.0,140.0,142.0,142.0,140.0,132.0,136.0,134.0,130.0,148.0,132.0,116.0,112.0,114.0,116.0,136.0,142.0,132.0,72.0,74.0,78.0,82.0,80.0,80.0,80.0,78.0,180.0,176.0,182.0,176.0,122.0,62.0,62.0
2025-04-12,64.0,70.0,70.0,70.0,74.0,52.0,56.0,56.0,54.0,56.0,56.0,56.0,56.0,56.0,52.0,50.0,48.0,48.0,48.0,46.0,46.0,46.0,46.0,46.0,48.0,46.0,44.0,36.0,36.0,36.0,54.0,62.0,62.0,62.0,62.0,62.0,62.0,118.0,132.0,132.0,132.0,96.0,42.0,34.0,34.0,34.0,34.0,34.0,34.0,34.0,58.0,118.0,140.0,138.0,138.0,110.0,106.0,106.0,106.0,106.0,106.0,106.0,106.0,106.0,48.0,34.0,34.0,34.0,34.0,34.0,34.0,34.0,34.0,34.0,34.0,34.0,40.0,62.0,72.0,82.0,84.0,110.0,86.0,82.0,82.0,82.0,82.0,82.0,82.0,82.0,82.0,82.0,82.0,82.0,164.0,142.0
2025-04-13,162.0,196.0,178.0,92.0,92.0,92.0,92.0,92.0,92.0,92.0,92.0,92.0,92.0,92.0,92.0,54.0,54.0,54.0,54.0,54.0,54.0,54.0,54.0,54.0,54.0,60.0,64.0,64.0,64.0,60.0,58.0,80.0,84.0,82.0,80.0,102.0,72.0,82.0,142.0,136.0,132.0,136.0,136.0,150.0,170.0,168.0,168.0,168.0,168.0,168.0,158.0,148.0,138.0,132.0,126.0,126.0,126.0,126.0,124.0,124.0,124.0,126.0,126.0,126.0,126.0,70.0,26.0,26.0,30.0,46.0,134.0,142.0,142.0,152.0,148.0,154.0,168.0,78.0,68.0,69.0,70.0,68.0,70.0,68.0,68.0,68.0,62.0,168.0,181.0,194.0,194.0,194.0,194.0,194.0,194.0,194.0
2025-04-14,194.0,174.0,162.0,162.0,162.0,164.0,162.0,160.0,156.0,156.0,154.0,154.0,154.0,152.0,84.0,82.0,82.0,82.0,82.0,94.0,122.0,122.0,122.0,122.0,122.0,126.0,132.0,132.0,108.0,84.0,70.0,62.0,62.0,72.0,58.0,46.0,44.0,40.0,38.0,38.0,36.0,28.0,27.0,26.0,26.0,26.0,26.0,26.0,24.0,24.0,26.0,26.0,26.0,26.0,28.0,28.0,26.0,24.0,26.0,24.0,24.0,82.0,98.0,100.0,90.0,28.0,28.0,28.0,30.0,28.0,32.0,30.0,28.0,28.0,26.0,26.0,26.0,26.0,26.0,26.0,26.0,26.0,26.0,26.0,26.0,52.0,150.0,150.0,152.0,176.0,194.0,194.0,194.0,176.0,120.0,162.0
2025-04-15,162.0,162.0,162.0,162.0,162.0,158.0,152.0,152.0,152.0,152.0,152.0,152.0,152.0,152.0,152.0,138.0,124.0,119.0,114.0,114.0,114.0,114.0,114.0,114.0,110.0,94.0,94.0,92.0,98.0,80.0,66.0,62.0,62.0,62.0,62.0,62.0,62.0,62.0,62.0,62.0,62.0,62.0,62.0,62.0,62.0,62.0,62.0,118.0,130.0,38.0,32.0,34.0,34.0,34.0,34.0,34.0,34.0,34.0,34.0,34.0,34.0,34.0,100.0,112.0,102.0,96.0,96.0,96.0,96.0,94.0,98.0,112.0,104.0,96.0,102.0,110.0,112.0,116.0,120.0,54.0,60.0,62.0,66.0,68.0,70.0,132.0,102.0,60.0,60.0,60.0,56.0,54.0,54.0,54.0,54.0,62.0
2025-04-16,166.0,164.0,164.0,164.0,164.0,164.0,164.0,164.0,164.0,164.0,164.0,164.0,164.0,164.0,159.0,154.0,154.0,156.0,156.0,156.0,156.0,2.0,0.0,0.0,0.0,0.0,0.0,0.0,0.0,0.0,0.0,0.0,0.0,0.0,0.0,0.0,0.0,0.0,12.0,64.0,64.0,62.0,62.0,62.0,62.0,62.0,62.0,62.0,62.0,62.0,62.0,62.0,62.0,62.0,62.0,62.0,64.0,62.0,62.0,62.0,84.0,106.0,126.0,146.0,144.0,144.0,146.0,146.0,144.0,140.0,138.0,136.0,132.0,132.0,88.0,34.0,34.0,34.0,34.0,34.0,34.0,128.0,152.0,86.0,82.0,82.0,82.0,82.0,82.0,96.0,176.0,178.0,180.0,186.0,188.0,186.0
2025-04-17,178.0,176.0,176.0,176.0,176.0,176.0,176.0,176.0,174.0,158.0,156.0,156.0,156.0,156.0,156.0,156.0,156.0,156.0,156.0,156.0,156.0,156.0,156.0,156.0,156.0,148.0,86.0,88.0,88.0,82.0,56.0,60.0,70.0,116.0,126.0,128.0,124.0,124.0,124.0,68.0,26.0,26.0,26.0,26.0,26.0,26.0,96.0,102.0,100.0,100.0,100.0,100.0,96.0,96.0,96.0,102.0,104.0,102.0,100.0,104.0,104.0,110.0,110.0,110.0,110.0,112.0,116.0,117.0,118.0,114.0,116.0,120.0,74.0,48.0,46.0,44.0,44.0,44.0,44.0,62.0,72.0,102.0,100.0,98.0,96.0,96.0,152.0,154.0,162.0,156.0,154.0,156.0,158.0,168.0,182.0,176.0
2025-04-18,172.0,166.0,168.0,178.0,148.0,140.0,136.0,136.0,134.0,134.0,134.0,134.0,134.0,132.0,132.0,132.0,130.0,128.0,128.0,128.0,126.0,124.0,124.0,124.0,124.0,126.0,126.0,124.0,124.0,126.0,56.0,54.0,54.0,56.0,88.0,84.0,84.0,82.0,82.0,82.0,82.0,72.0,62.0,62.0,66.0,102.0,102.0,102.0,126.0,70.0,34.0,32.0,33.0,34.0,34.0,34.0,34.0,84.0,102.0,102.0,102.0,104.0,106.0,108.0,108.0,108.0,110.0,108.0,112.0,104.0,98.0,46.0,44.0,44.0,44.0,68.0,74.0,102.0,130.0,132.0,142.0,152.0,152.0,158.0,154.0,150.0,2.0,148.0,146.0,90.0,100.0,86.0,88.0,88.0,90.0,94.0
2025-04-19,90.0,86.0,80.0,84.0,78.0,78.0,78.0,84.0,94.0,94.0,94.0,94.0,94.0,96.0,96.0,96.0,94.0,88.0,84.0,84.0,82.0,80.0,78.0,78.0,78.0,78.0,78.0,82.0,78.0,76.0,78.0,80.0,76.0,58.0,58.0,56.0,56.0,64.0,74.0,74.0,74.0,74.0,74.0,74.0,74.0,74.0,74.0,86.0,140.0,142.0,144.0,138.0,138.0,138.0,100.0,38.0,38.0,38.0,38.0,38.0,38.0,38.0,38.0,38.0,92.0,146.0,136.0,132.0,130.0,124.0,124.0,124.0,122.0,52.0,52.0,54.0,58.0,54.0,54.0,54.0,64.0,82.0,82.0,90.0,92.0,86.0,86.0,94.0,102.0,106.0,106.0,100.0,92.0,90.0,92.0,92.0
2025-04-20,90.0,76.0,70.0,68.0,112.0,138.0,138.0,138.0,138.0,138.0,138.0,138.0,138.0,138.0,76.0,58.0,58.0,56.0,56.0,56.0,56.0,74.0,78.0,76.0,74.0,72.0,64.0,58.0,56.0,54.0,52.0,50.0,50.0,52.0,50.0,54.0,34.0,88.0,124.0,138.0,142.0,142.0,84.0,34.0,34.0,34.0,34.0,34.0,32.0,104.0,104.0,116.0,120.0,118.0,118.0,108.0,72.0,36.0,28.0,60.0,38.0,48.0,86.0,76.0,66.0,64.0,102.0,112.0,110.0,62.0,90.0,104.0,102.0,88.0,26.0,26.0,26.0,26.0,26.0,26.0,32.0,68.0,80.0,118.0,124.0,124.0,124.0,150.0,160.0,154.0,84.0,96.0,160.0,162.0,98.0,102.0
2025-04-21,154.0,176.0,174.0,170.0,162.0,156.0,156.0,158.0,142.0,142.0,142.0,142.0,142.0,138.0,136.0,136.0,138.0,84.0,58.0,58.0,58.0,56.0,54.0,54.0,54.0,52.0,52.0,52.0,52.0,52.0,53.0,54.0,78.0,84.0,92.0,84.0,82.0,82.0,82.0,82.0,82.0,82.0,82.0,82.0,106.0,150.0,154.0,146.0,144.0,148.0,136.0,124.0,122.0,122.0,120.0,122.0,128.0,126.0,126.0,126.0,126.0,128.0,132.0,126.0,106.0,106.0,110.0,110.0,110.0,104.0,102.0,102.0,102.0,106.0,104.0,104.0,108.0,2.0,60.0,122.0,94.0,174.0,174.0,98.0,64.0,64.0,64.0,66.0,66.0,66.0,64.0,62.0,62.0,62.0,62.0,60.0
2025-04-22,58.0,56.0,56.0,88.0,190.0,178.0,162.0,162.0,152.0,118.0,62.0,106.0,100.0,96.0,94.0,90.0,90.0,90.0,86.0,64.0,42.0,42.0,44.0,44.0,44.0,40.0,42.0,120.0,128.0,126.0,120.0,88.0,68.0,60.0,112.0,128.0,128.0,124.0,32.0,32.0,30.0,110.0,126.0,112.0,108.0,104.0,104.0,104.0,102.0,102.0,102.0,102.0,100.0,102.0,101.0,100.0,98.0,100.0,100.0,99.33333333333333,98.66666666666667,98.0,98.0,100.0,100.0,100.0,100.0,100.0,92.0,34.0,34.0,34.0,34.0,36.0,32.0,34.0,34.0,34.0,32.0,32.0,32.0,30.0,30.0,26.0,20.0,116.0,120.0,80.0,80.0,80.0,80.0,80.0,106.0,128.0,150.0,148.0
2025-04-23,148.0,148.0,128.0,78.0,78.0,78.0,78.0,78.0,78.0,78.0,78.0,78.0,78.0,78.0,78.0,78.0,78.0,78.0,78.0,78.0,78.0,78.0,78.0,78.0,78.0,78.0,78.0,86.0,82.0,60.0,60.0,62.0,58.0,48.0,46.0,46.0,46.0,52.0,58.0,54.0,48.0,48.0,46.0,46.0,46.0,46.0,46.0,46.0,48.0,48.0,48.0,48.0,48.0,48.0,48.0,48.0,48.0,48.0,48.0,48.0,48.0,48.0,48.0,48.0,48.0,48.0,48.0,48.0,48.0,48.0,48.0,48.0,48.0,48.0,46.0,46.0,46.0,46.0,56.0,82.0,80.0,46.0,44.0,40.0,40.0,40.0,40.0,40.0,40.0,40.0,40.0,40.0,42.0,40.0,40.0,40.0
2025-04-24,40.0,56.0,96.0,122.0,120.0,120.0,122.0,118.0,116.0,114.0,112.0,112.0,112.0,110.0,2.0,0.0,0.0,0.0,0.0,0.0,0.0,0.0,0.0,10.0,40.0,40.0,40.0,40.0,42.0,68.0,54.0,32.0,20.0,20.0,20.0,20.0,20.0,20.0,20.0,20.0,20.0,20.0,20.0,20.0,20.0,20.0,20.0,20.0,20.0,20.0,20.0,20.0,20.0,20.0,24.0,28.0,96.0,96.0,98.0,98.0,98.0,98.0,96.0,100.0,102.0,104.0,102.0,106.0,132.0,128.0,88.0,90.0,54.0,24.0,26.0,26.0,26.0,26.0,26.0,26.0,114.0,152.0,94.0,78.0,78.0,78.0,78.0,76.0,78.0,92.0,150.0,150.0,180.0,184.0,154.0,154.0
2025-04-25,164.0,162.0,162.0,164.0,164.0,164.0,164.0,164.0,160.0,102.0,60.0,58.0,58.0,58.0,56.0,56.0,54.0,54.0,56.0,58.0,56.0,54.0,56.0,56.0,54.0,54.0,54.0,54.0,54.0,54.0,66.0,68.0,36.0,26.0,26.0,26.0,26.0,26.0,30.0,36.0,34.0,32.0,32.0,31.714285714285715,31.428571428571427,31.142857142857142,30.857142857142858,30.571428571428573,30.285714285714285,30.0,30.0,30.0,30.0,30.0,30.0,30.0,30.0,30.0,30.0,30.0,30.0,30.0,30.0,28.0,28.0,26.0,26.0,26.0,26.0,24.0,26.0,26.0,26.0,26.0,28.0,26.0,26.0,26.0,60.0,104.0,120.0,118.0,118.0,112.0,72.0,72.0,72.0,72.0,83.0,94.0,104.0,104.0,104.0,104.0,108.0,104.0
2025-04-26,104.0,104.0,106.0,104.0,104.0,102.0,104.0,104.0,104.0,104.0,104.0,104.0,104.0,104.0,104.0,109.0,114.0,114.0,114.0,114.0,116.0,116.0,116.0,112.0,110.0,82.0,74.0,74.0,74.0,72.0,72.0,72.0,64.0,52.0,48.0,26.0,26.0,26.0,26.0,26.0,26.0,26.0,26.0,26.0,26.0,26.0,26.0,44.0,70.0,70.0,70.0,70.0,70.0,70.0,70.0,70.0,69.0,68.0,70.0,68.0,70.0,68.0,68.0,69.0,70.0,70.0,70.0,70.0,70.0,70.0,70.0,50.0,26.0,26.0,26.0,26.0,26.0,26.0,26.0,26.0,26.0,26.0,26.0,26.0,26.0,38.0,52.0,64.0,62.0,62.0,62.0,62.0,64.0,72.0,72.0,72.0
2025-04-27,68.0,62.0,0.0,0.0,0.0,0.0,0.0,0.0,0.0,0.0,0.0,0.0,0.0,0.0,0.0,0.0,56.0,66.0,62.0,58.0,62.0,62.0,62.0,62.0,60.0,58.0,56.0,54.0,52.0,50.0,48.0,48.0,72.0,104.0,140.0,130.0,138.0,144.0,132.0,42.0,40.0,82.0,124.0,110.0,72.0,34.0,46.0,58.0,58.0,66.0,74.0,104.0,126.0,130.0,130.0,128.0,126.0,124.0,124.0,122.0,124.0,80.0,56.0,56.0,54.0,52.0,52.0,52.0,52.0,52.0,52.0,50.0,52.0,52.0,52.0,52.0,52.0,52.0,52.0,52.0,110.0,174.0,178.0,82.0,72.0,72.0,72.0,72.0,72.0,72.0,72.0,72.0,72.0,72.0,94.0,162.0
2025-04-28,190.0,150.0,118.0,124.0,126.0,126.0,126.0,126.0,126.0,126.0,126.0,126.0,126.0,126.0,126.0,122.0,122.0,120.0,120.0,120.0,118.0,58.0,48.0,48.0,48.0,46.0,44.0,44.0,46.0,48.0,46.0,46.0,46.0,44.0,44.0,44.0,44.0,50.0,54.0,54.0,54.0,28.0,24.0,24.0,24.0,24.0,24.0,24.0,24.0,26.0,26.0,26.0,26.0,26.0,26.0,26.0,26.0,26.0,26.0,26.0,24.0,26.0,26.0,26.0,26.0,26.0,26.0,26.0,26.0,24.0,26.0,26.0,26.0,26.0,26.0,30.0,28.0,30.0,26.0,26.0,60.0,72.0,72.0,72.0,74.0,80.0,82.0,88.0,88.0,88.0,88.0,82.0,76.0,44.0,44.0,44.0
2025-04-29,44.0,44.0,44.0,44.0,44.0,44.0,44.0,44.0,44.0,44.0,44.0,44.0,44.0,44.0,44.0,44.0,44.0,44.0,44.0,44.0,44.0,44.0,44.0,44.0,44.0,44.0,46.0,44.0,44.0,46.0,46.0,44.0,44.0,46.0,60.0,66.0,66.0,62.0,64.0,60.0,24.0,24.0,24.0,26.0,26.0,44.0,52.0,112.0,118.0,124.0,124.0,126.0,124.0,124.0,128.0,130.0,130.0,130.0,130.0,128.0,128.0,130.0,130.0,132.0,132.0,132.0,136.0,88.0,156.0,154.0,156.0,158.0,166.0,164.0,160.0,156.0,148.0,150.0,152.0,68.0,60.0,58.0,60.0,60.0,64.0,68.0,86.0,90.0,86.0,84.0,82.0,84.0,82.0,84.0,84.0,84.0
2025-04-30,84.0,84.0,84.0,80.0,56.0,56.0,54.0,54.0,54.0,54.0,54.0,54.0,54.0,54.0,54.0,54.0,54.0,54.0,54.0,54.0,54.0,54.0,54.0,54.0,54.0,88.0,164.0,162.0,162.0,162.0,161.0,160.0,160.0,158.0,148.0,92.0,64.0,64.0,64.0,64.0,64.0,64.0,64.0,64.0,84.0,130.0,132.0,132.0,130.0,134.0,150.0,148.0,148.0,144.0,140.0,142.0,144.0,142.0,146.0,142.0,144.0,144.0,146.0,146.0,144.0,143.0,142.0,140.0,138.0,122.0,110.0,110.0,112.0,112.0,114.0,116.0,154.0,160.0,154.0,200.0,260.0,172.0,140.0,144.0,164.0,164.0,145.0,126.0,122.0,114.0,122.0,122.0,122.0,140.0,194.0,238.0
2025-05-01,242.0,218.0,236.0,242.0,217.0,192.0,196.0,192.0,186.0,188.0,190.0,196.0,196.0,194.0,186.0,146.0,142.0,138.0,138.0,132.0,134.0,134.0,132.0,138.0,132.0,136.0,138.0,134.0,136.0,144.0,142.0,140.0,144.0,130.0,134.0,150.0,142.0,138.0,140.0,136.0,136.0,130.0,128.0,134.0,146.0,196.0,194.0,192.0,176.0,166.0,186.0,190.0,192.0,188.0,192.0,166.0,154.0,90.0,138.0,160.0,158.0,158.0,158.0,160.0,152.0,152.0,154.0,156.0,156.0,160.0,156.0,158.0,162.0,162.0,120.0,124.0,128.0,128.0,112.0,96.0,120.0,120.0,114.0,110.0,136.0,202.0,214.0,192.0,134.0,136.0,136.0,136.0,140.0,138.0,138.0,136.0
2025-05-02,138.0,138.0,144.0,144.0,142.0,150.0,150.0,146.0,148.0,150.0,144.0,146.0,150.0,198.0,206.0,208.0,214.0,208.0,212.0,208.0,200.0,198.0,200.0,198.0,196.0,208.0,180.0,148.0,148.0,154.0,146.0,144.0,142.0,136.0,134.0,132.0,126.0,124.0,132.0,126.0,118.0,116.0,118.0,112.0,110.0,110.0,106.0,106.0,134.0,172.0,158.0,144.0,162.0,160.0,152.0,148.0,148.0,148.0,142.0,136.0,144.0,157.0,170.0,170.0,168.0,186.0,214.0,212.0,216.0,214.0,196.0,184.0,184.0,164.0,148.0,156.0,152.0,174.0,200.0,208.0,220.0,218.0,206.0,214.0,220.0,184.0,160.0,136.0,140.0,166.0,180.0,200.0,204.0,180.0,140.0,134.0
2025-05-03,142.0,138.0,138.0,144.0,142.0,172.0,184.0,180.0,172.0,136.0,136.0,134.0,132.0,130.0,128.0,124.0,126.0,124.0,136.0,158.0,164.0,166.0,170.0,166.0,166.0,166.0,166.0,164.0,170.0,170.0,168.0,166.0,166.0,166.0,162.0,162.0,160.0,160.0,158.0,150.0,2.0,0.0,146.0,158.0,132.0,122.0,118.0,116.0,150.0,184.0,182.0,178.0,182.0,176.0,176.0,182.0,182.0,180.0,178.0,176.0,174.0,176.0,178.0,120.0,90.0,86.0,94.0,102.0,116.0,112.0,114.0,115.0,116.0,112.0,112.0,114.0,122.0,152.0,146.0,138.0,122.0,204.0,214.0,224.0,220.0,216.0,233.0,250.0,252.0,248.0,240.0,242.0,260.0,266.0,188.0,222.0
2025-05-04,218.0,208.0,214.0,214.0,216.0,208.0,212.0,202.0,206.0,202.0,188.0,200.0,192.0,202.0,196.0,186.0,176.0,118.0,122.0,122.0,118.0,114.0,116.0,120.0,116.0,114.0,120.0,116.0,116.0,118.0,132.0,146.0,146.0,144.0,160.0,162.0,158.0,156.0,150.0,140.0,140.0,130.0,118.0,118.0,116.0,116.0,112.0,106.0,116.0,176.0,174.0,174.0,178.0,174.0,174.0,178.0,182.0,186.0,168.0,164.0,162.0,164.0,162.0,160.0,154.0,164.0,164.0,164.0,164.0,162.0,158.0,152.0,120.0,90.0,96.0,94.0,102.0,100.0,104.0,104.0,104.0,106.0,102.0,108.0,106.0,104.0,118.0,172.0,178.0,174.0,178.0,174.0,174.0,178.0,182.0,186.0
2025-05-05,210.0,234.0,234.0,212.0,210.0,208.0,210.0,206.0,206.0,206.0,2.0,0.0,0.0,0.0,0.0,0.0,0.0,0.0,0.0,0.0,0.0,0.0,0.0,0.0,0.0,0.0,0.0,0.0,0.0,0.0,0.0,0.0,0.0,0.0,0.0,10.0,20.0,30.0,40.0,50.0,60.0,70.0,80.0,90.0,100.0,110.0,120.0,130.0,127.5,125.0,122.5,120.0,117.5,115.0,112.5,110.0,82.0,120.0,164.0,170.0,166.0,160.0,162.0,154.0,154.0,162.0,162.0,160.0,114.0,100.0,86.0,86.0,86.0,82.0,137.0,192.0,194.0,196.0,156.0,160.0,154.0,160.0,158.0,160.0,158.0,162.0,158.0,162.0,160.0,160.0,174.0,224.0,230.0,232.0,156.0,152.0
2025-05-06,154.0,156.0,152.0,158.0,166.0,174.0,172.0,172.0,172.0,174.0,170.0,168.0,164.0,4.0,0.0,0.0,0.0,0.0,0.0,0.0,0.0,0.0,0.0,0.0,0.0,0.0,0.0,0.0,0.0,0.0,0.0,0.0,0.0,134.0,194.0,154.0,128.0,118.0,114.0,108.0,104.0,104.0,104.0,98.0,100.0,96.0,96.0,92.0,92.0,94.0,106.0,220.0,216.0,190.0,188.0,187.0,186.0,184.0,186.0,186.0,190.0,190.0,192.0,192.0,192.0,194.0,192.0,192.0,188.0,188.0,106.0,93.0,80.0,82.0,84.0,88.0,84.0,86.0,132.0,144.0,144.0,146.0,148.0,150.0,142.0,134.0,136.0,140.0,148.0,222.0,234.0,234.0,236.0,240.0,236.0,242.0
2025-05-07,238.0,240.0,242.0,240.0,240.0,218.0,208.0,208.0,208.0,206.0,206.0,2.0,0.0,136.0,200.0,206.0,204.0,206.0,208.0,206.0,206.0,206.0,206.0,204.0,170.0,138.0,138.0,137.0,136.0,140.0,138.0,136.0,138.0,132.0,132.0,104.0,108.0,128.0,132.0,142.0,202.0,196.0,194.0,188.0,174.0,120.0,118.0,118.0,116.0,86.0,58.0,56.0,55.0,54.0,54.0,50.0,52.0,54.0,50.0,50.0,48.0,52.0,48.0,50.0,48.0,50.0,50.0,58.0,62.0,64.0,66.0,70.0,72.0,74.0,78.0,72.0,76.0,76.0,76.0,80.0,74.0,80.0,76.0,76.0,78.0,78.0,76.0,76.0,76.0,78.0,78.0,76.0,76.0,62.0,58.0,56.0
2025-05-08,64.0,64.0,62.0,66.0,66.0,70.0,70.0,68.0,68.0,70.0,70.0,68.0,72.0,72.0,68.0,66.0,68.0,70.0,72.0,70.0,68.0,70.0,70.0,74.0,74.0,74.0,70.0,70.0,68.0,69.0,70.0,68.0,66.0,64.0,64.0,64.0,62.0,58.0,62.0,64.0,56.0,58.0,60.0,52.0,80.0,78.0,76.0,78.0,76.0,74.0,76.0,68.0,72.0,66.0,68.0,68.0,60.0,64.0,64.0,66.0,62.0,60.0,60.0,60.0,61.0,62.0,62.0,62.0,62.0,66.0,66.0,62.0,64.0,66.0,70.0,68.0,74.0,70.0,76.0,72.0,76.0,76.0,76.0,78.0,76.0,78.0,78.0,80.0,78.0,78.0,80.0,80.0,80.0,80.0,80.0,80.0
2025-05-09,82.0,82.0,80.0,79.0,78.0,74.0,72.0,78.0,60.0,82.0,72.0,60.0,64.0,70.0,60.0,62.0,65.0,68.0,74.0,66.0,2.0,0.0,0.0,0.0,0.0,0.0,0.0,0.0,0.0,0.0,0.0,0.0,0.0,0.0,0.0,0.0,0.0,0.0,0.0,0.0,0.0,0.0,0.0,0.0,0.0,0.0,0.0,0.0,0.0,0.0,0.0,0.0,0.0,0.0,0.0,0.0,0.0,0.0,0.0,0.0,0.0,0.0,0.0,0.0,0.0,0.0,0.0,0.0,0.0,0.0,0.0,0.0,0.0,0.0,0.0,0.0,0.0,0.0,0.0,0.0,0.0,0.0,0.0,0.0,0.0,0.0,0.0,0.0,0.0,0.0,0.0,0.0,0.0,0.0,0.0,0.0
2025-05-10,0.0,0.0,0.0,0.0,0.0,0.0,0.0,0.0,0.0,0.0,0.0,0.0,0.0,0.0,0.0,0.0,0.0,0.0,0.0,0.0,0.0,0.0,0.0,0.0,0.0,0.0,0.0,0.0,0.0,0.0,0.0,0.0,0.0,0.0,0.0,0.0,0.0,54.0,108.0,106.0,88.0,66.0,58.0,76.0,76.0,76.0,78.0,74.0,70.0,88.0,86.0,82.0,78.0,76.0,76.0,76.0,72.0,70.0,68.0,68.0,66.0,66.0,66.0,68.0,68.0,66.0,66.0,68.0,66.0,70.0,68.0,68.0,68.0,72.0,72.0,74.0,78.0,78.0,80.0,82.0,82.0,84.0,82.0,86.0,86.0,88.0,86.0,90.0,86.0,90.0,86.0,88.0,90.0,92.0,92.0,92.0
2025-05-11,92.0,92.0,90.0,92.0,92.0,94.0,92.0,90.0,94.0,92.0,84.0,78.0,88.0,78.0,72.0,72.0,72.0,78.0,76.0,74.0,80.0,80.0,72.0,80.0,80.0,78.0,84.0,78.0,78.0,78.0,74.0,78.0,70.0,70.0,86.0,88.0,84.0,84.0,84.0,82.0,82.0,80.0,80.0,76.0,76.0,78.0,68.0,68.0,68.0,62.0,62.0,62.0,60.0,58.0,58.0,54.0,54.0,54.0,56.0,52.0,54.0,50.0,52.0,50.0,52.0,52.0,50.0,52.0,52.0,54.0,52.0,54.0,58.0,56.0,56.0,58.0,60.0,62.0,64.0,66.0,65.0,64.0,68.0,68.0,68.0,72.0,68.0,72.0,72.0,74.0,72.0,72.0,72.0,126.0,150.0,150.0
2025-05-12,148.0,146.0,148.0,150.0,150.0,146.0,152.0,150.0,132.0,128.0,128.0,136.0,130.0,150.0,128.0,130.0,130.0,126.0,130.0,134.0,132.0,134.0,130.0,134.0,134.0,132.0,134.0,126.0,122.0,122.0,122.0,116.0,118.0,120.0,116.0,112.0,116.0,106.0,100.0,96.0,114.0,112.0,110.0,110.0,100.0,96.0,84.0,84.0,82.0,76.0,84.0,76.0,76.0,72.0,72.0,70.0,74.0,66.0,66.0,68.0,68.0,66.0,66.0,66.0,64.0,70.0,66.0,68.0,70.0,68.0,68.0,70.0,70.0,70.0,72.0,74.0,76.0,78.0,78.0,80.0,90.0,86.0,96.0,92.0,94.0,104.0,96.0,106.0,108.0,96.0,112.0,110.0,112.0,116.0,120.0,120.0
2025-05-13,118.0,120.0,124.0,126.0,126.0,128.0,124.0,130.0,130.0,132.0,140.0,132.0,134.0,138.0,122.0,138.0,140.0,128.0,136.0,124.0,134.0,128.0,138.0,136.0,123.0,110.0,118.0,118.0,128.0,124.0,120.0,120.0,116.0,136.0,140.0,140.0,140.0,138.0,142.0,140.0,140.0,142.0,140.0,130.0,128.0,118.0,118.0,109.0,100.0,92.0,82.0,80.0,76.0,76.0,74.0,70.0,72.0,74.0,76.0,74.0,74.0,72.0,72.0,72.0,74.0,76.0,72.0,74.0,74.0,74.0,74.0,78.0,78.0,88.0,94.0,108.0,106.0,110.0,154.0,138.0,120.0,134.0,106.0,96.0,120.0,120.0,122.0,118.0,118.0,118.0,130.0,126.0,126.0,122.0,128.0,126.0
2025-05-14,120.0,134.0,132.0,124.0,126.0,132.0,134.0,134.0,136.0,136.0,136.0,138.0,138.0,138.0,140.0,140.0,144.0,146.0,146.0,140.0,144.0,148.0,148.0,150.0,152.0,152.0,152.0,148.0,148.0,6.0,0.0,0.0,0.0,0.0,0.0,0.0,0.0,0.0,0.0,0.0,0.0,0.0,0.0,0.0,0.0,0.0,0.0,0.0,0.0,0.0,0.0,0.0,0.0,0.0,0.0,0.0,0.0,0.0,0.0,0.0,0.0,0.0,0.0,0.0,0.0,0.0,0.0,0.0,0.0,0.0,0.0,0.0,0.0,0.0,0.0,0.0,0.0,0.0,0.0,0.0,90.0,164.0,96.0,122.0,134.0,128.0,131.0,134.0,134.0,128.0,126.0,132.0,136.0,134.0,128.0,134.0
2025-05-15,128.0,136.0,140.0,132.0,130.0,140.0,138.0,136.0,114.0,134.0,132.0,132.0,124.0,124.0,130.0,132.0,122.0,122.0,130.0,140.0,124.0,136.0,124.0,132.0,122.0,128.0,130.0,131.0,132.0,138.0,140.0,144.0,138.0,140.0,132.0,134.0,132.0,124.0,118.0,114.0,112.0,102.0,108.0,92.0,96.0,82.0,86.0,84.0,76.0,72.0,72.0,68.0,64.0,58.0,62.0,66.0,70.0,68.0,64.0,66.0,78.0,76.0,64.0,74.0,84.0,92.0,96.0,100.0,106.0,114.0,114.0,126.0,136.0,118.0,108.0,106.0,106.0,106.0,106.0,108.0,108.0,108.0,108.0,114.0,110.0,110.0,116.0,110.0,110.0,116.0,118.0,120.0,116.0,116.0,120.0,114.0
2025-05-16,120.0,124.0,116.0,122.0,124.0,126.0,124.0,122.0,126.0,130.0,130.0,130.0,130.0,130.0,128.0,128.0,126.0,128.0,130.0,130.0,130.0,130.0,130.0,130.0,130.0,130.0,128.0,144.0,130.0,134.0,130.0,124.0,132.0,124.0,118.0,122.0,112.0,118.0,112.0,108.0,106.0,94.0,106.0,88.0,74.0,76.0,80.0,72.0,64.0,64.0,72.0,58.0,60.0,44.0,60.0,46.0,46.0,44.0,44.0,46.0,94.0,134.0,136.0,144.0,142.0,144.0,116.0,62.0,72.0,70.0,64.0,86.0,78.0,78.0,82.0,100.0,98.0,92.0,106.0,146.0,220.0,218.0,222.0,252.0,270.0,274.0,282.0,226.0,190.0,186.0,188.0,190.0,188.0,228.0,248.0,258.0
2025-05-17,272.0,273.0,274.0,280.0,280.0,279.0,278.0,278.0,278.0,274.0,278.0,274.0,274.0,276.0,244.0,206.0,204.0,210.0,206.0,204.0,208.0,210.0,206.0,204.0,210.0,208.0,210.0,206.0,212.0,198.0,194.0,186.0,188.0,180.0,186.0,168.0,164.0,168.0,160.0,154.0,140.0,136.0,138.0,132.0,122.0,120.0,134.0,120.0,116.0,104.0,88.0,78.0,80.0,78.0,88.0,98.0,182.0,242.0,258.0,254.0,258.0,180.0,174.0,182.0,172.0,186.0,182.0,194.0,192.0,190.0,172.0,160.0,160.0,164.0,160.0,162.0,164.0,168.0,204.0,214.0,244.0,260.0,260.0,256.0,242.0,248.0,240.0,248.0,270.0,278.0,278.0,254.0,262.0,256.0,262.0,256.0
2025-05-18,258.0,254.0,254.0,248.0,254.0,252.0,252.0,252.0,252.0,246.0,256.0,250.0,258.0,250.0,250.0,252.0,250.0,258.0,252.0,252.0,256.0,4.0,0.0,0.0,0.0,0.0,0.0,0.0,0.0,0.0,0.0,0.0,0.0,0.0,0.0,0.0,0.0,0.0,0.0,0.0,0.0,0.0,0.0,0.0,0.0,0.0,0.0,0.0,0.0,0.0,0.0,0.0,0.0,0.0,0.0,0.0,0.0,0.0,0.0,0.0,0.0,0.0,0.0,0.0,0.0,0.0,0.0,0.0,0.0,0.0,0.0,0.0,0.0,0.0,0.0,0.0,0.0,0.0,0.0,0.0,0.0,0.0,136.0,182.0,180.0,190.0,192.0,192.0,192.0,192.0,190.0,234.0,262.0,252.0,234.0,274.0
2025-05-19,276.0,282.0,282.0,280.0,278.0,260.0,254.0,268.0,274.0,266.0,236.0,234.0,238.0,234.0,236.0,236.0,237.0,238.0,240.0,240.0,242.0,250.0,254.0,248.0,246.0,90.0,92.0,86.0,92.0,86.0,94.0,84.0,84.0,80.0,82.0,80.0,70.0,74.0,74.0,62.0,68.0,62.0,56.0,56.0,54.0,50.0,48.0,46.0,48.0,78.0,36.0,40.0,40.0,40.0,36.0,52.0,50.0,44.0,46.0,48.0,42.0,50.0,48.0,42.0,48.0,44.0,46.0,48.0,40.0,45.0,50.0,52.0,46.0,50.0,60.0,60.0,108.0,118.0,118.0,114.0,90.0,91.0,92.0,154.0,148.0,148.0,150.0,150.0,148.0,146.0,152.0,134.0,108.0,120.0,122.0,130.0
2025-05-20,130.0,124.0,132.0,130.0,126.0,134.0,134.0,134.0,128.0,132.0,134.0,138.0,140.0,140.0,140.0,136.0,138.0,138.0,140.0,144.0,144.0,148.0,144.0,138.0,146.0,146.0,148.0,148.0,140.0,142.0,139.0,136.0,138.0,136.0,130.0,134.0,132.0,134.0,134.0,114.0,112.0,110.0,98.0,94.0,100.0,92.0,88.0,76.0,84.0,76.0,70.0,70.0,72.0,78.0,80.0,66.0,64.0,68.0,72.0,96.0,130.0,160.0,152.0,164.0,156.0,156.0,148.0,144.0,132.0,130.0,134.0,138.0,148.0,158.0,178.0,132.0,132.0,134.0,132.0,132.0,134.0,134.0,134.0,138.0,138.0,138.0,138.0,138.0,138.0,136.0,136.0,138.0,140.0,138.0,140.0,140.0
2025-05-21,144.0,142.0,140.0,140.0,138.0,140.0,140.0,140.0,146.0,138.0,144.0,140.0,142.0,140.0,140.0,142.0,146.0,144.0,142.0,138.0,140.0,142.0,146.0,146.0,146.0,146.0,144.0,148.0,144.0,146.0,144.0,152.0,147.0,142.0,148.0,140.0,140.0,140.0,136.0,138.0,132.0,128.0,126.0,127.0,128.0,124.0,122.0,116.0,112.0,108.0,108.0,100.0,102.0,110.0,106.0,94.0,114.0,106.0,94.0,122.0,116.0,106.0,102.0,122.0,92.0,104.0,104.0,94.0,102.0,102.0,116.0,120.0,124.0,140.0,124.0,118.0,102.0,116.0,110.0,116.0,130.0,128.0,124.0,118.0,122.0,120.0,122.0,120.0,118.0,120.0,108.0,120.0,130.0,114.0,134.0,140.0
2025-05-22,128.0,126.0,140.0,146.0,166.0,154.0,158.0,136.0,128.0,138.0,126.0,130.0,134.0,134.0,138.0,134.0,140.0,138.0,136.0,132.0,142.0,140.0,144.0,164.0,176.0,176.0,173.0,170.0,168.0,174.0,162.0,166.0,166.0,150.0,144.0,140.0,134.0,126.0,140.0,100.0,88.0,122.0,120.0,98.0,82.0,108.0,100.0,80.0,64.0,82.0,78.0,68.0,52.0,60.0,76.0,92.0,66.0,58.0,68.0,70.0,76.0,70.0,56.0,69.0,82.0,100.0,62.0,60.0,62.0,78.0,70.0,64.0,72.0,80.0,72.0,76.0,80.0,82.0,78.0,88.0,126.0,106.0,108.0,102.0,102.0,110.0,110.0,102.0,104.0,118.0,114.0,114.0,114.0,124.0,110.0,122.0
2025-05-23,122.0,104.0,120.0,130.0,130.0,126.0,122.0,128.0,128.0,140.0,130.0,134.0,134.0,132.0,138.0,140.0,142.0,138.0,146.0,154.0,144.0,152.0,146.0,154.0,144.0,156.0,152.0,160.0,164.0,158.0,166.0,170.0,154.0,162.0,152.0,152.0,152.0,146.0,142.0,140.0,136.0,138.0,120.0,126.0,124.0,166.0,176.0,180.0,180.0,180.0,178.0,180.0,178.0,178.0,180.0,180.0,180.0,180.0,178.0,180.0,180.0,180.0,178.0,178.0,178.0,178.0,162.0,162.0,166.0,152.0,170.0,170.0,168.0,162.0,172.0,170.0,172.0,172.0,180.0,186.0,184.0,182.0,182.0,182.0,182.0,182.0,182.0,182.0,182.0,182.0,182.0,182.0,182.0,182.0,182.0,184.0
2025-05-24,182.0,182.0,182.0,182.0,182.0,182.0,182.0,182.0,182.0,184.0,184.0,184.0,184.0,184.0,184.0,182.0,182.0,182.0,182.0,184.0,184.0,184.0,184.0,184.0,184.0,184.0,184.0,184.0,184.0,184.0,184.0,182.0,182.0,182.0,178.0,170.0,172.0,172.0,172.0,150.0,138.0,146.0,130.0,136.0,134.0,132.0,132.0,130.0,124.0,126.0,124.0,116.0,104.0,108.0,94.0,96.0,94.0,92.0,96.0,94.0,94.0,92.0,96.0,96.0,96.0,102.0,90.0,88.0,106.0,96.0,102.0,104.0,100.0,110.0,108.0,122.0,110.0,110.0,118.0,120.0,136.0,126.0,124.0,128.0,134.0,136.0,136.0,134.0,134.0,132.0,128.0,140.0,140.0,132.0,134.0,140.0
2025-05-25,142.0,140.0,136.0,140.0,146.0,138.0,142.0,148.0,140.0,152.0,144.0,150.0,146.0,152.0,144.0,152.0,152.0,152.0,152.0,152.0,152.0,152.0,158.0,154.0,154.0,154.0,154.0,160.0,174.0,172.0,176.0,180.0,180.0,180.0,180.0,182.0,182.0,182.0,178.0,180.0,165.0,150.0,146.0,132.0,128.0,124.0,116.0,120.0,102.0,98.0,90.0,86.0,82.0,84.0,68.0,74.0,78.0,66.0,68.0,78.0,74.0,74.0,80.0,84.0,74.0,76.0,76.0,82.0,84.0,88.0,90.0,96.0,90.0,94.0,96.0,102.0,2.0,0.0,0.0,0.0,0.0,0.0,0.0,0.0,168.0,194.0,194.0,184.0,165.0,146.0,138.0,138.0,142.0,136.0,136.0,136.0
2025-05-26,142.0,146.0,146.0,142.0,146.0,154.0,142.0,154.0,158.0,152.0,157.0,162.0,152.0,158.0,152.0,160.0,154.0,146.0,164.0,158.0,160.0,162.0,162.0,162.0,162.0,150.0,158.0,156.0,152.0,158.0,124.0,168.0,142.0,132.0,126.0,130.0,114.0,116.0,114.0,110.0,106.0,102.0,98.0,98.0,94.0,92.0,86.0,84.0,88.0,86.0,80.0,72.0,74.0,68.0,70.0,68.0,66.0,56.0,62.0,56.0,50.0,60.0,52.0,66.0,56.0,56.0,56.0,62.0,56.0,62.0,64.0,64.0,78.0,68.0,73.0,78.0,84.0,82.0,84.0,84.0,82.0,86.0,100.0,88.0,104.0,98.0,104.0,102.0,110.0,100.0,108.0,110.0,104.0,107.0,110.0,114.0
2025-05-27,116.0,116.0,116.0,122.0,116.0,116.0,128.0,120.0,124.0,128.0,130.0,124.0,122.0,122.0,126.0,124.0,126.0,124.0,130.0,130.0,130.0,130.0,128.0,126.0,134.0,138.0,128.0,134.0,130.0,126.0,128.0,126.0,124.0,120.0,112.0,116.0,112.0,106.0,112.57142857142857,119.14285714285714,125.71428571428572,132.28571428571428,138.85714285714286,145.42857142857144,152.0,92.0,82.0,70.0,60.0,68.0,58.0,70.0,62.0,62.0,50.0,54.0,58.0,52.0,52.0,52.0,44.0,44.0,44.0,44.0,44.0,44.0,44.0,44.0,44.0,44.0,52.0,52.0,52.0,60.0,60.0,60.0,60.0,68.0,68.0,68.0,76.0,82.0,124.0,96.0,92.0,88.0,92.0,96.0,92.0,94.0,96.0,92.0,106.0,92.0,98.0,102.0
2025-05-28,98.0,100.0,108.0,106.0,106.0,112.0,110.0,108.0,106.0,106.0,108.0,110.0,118.0,112.0,120.0,112.0,114.0,126.0,110.0,114.0,122.0,116.0,122.0,114.0,122.0,114.0,128.0,112.0,118.0,114.0,108.0,120.0,142.0,126.0,112.0,112.0,96.0,98.0,90.0,94.0,86.0,78.0,80.0,82.0,76.0,74.0,88.0,82.0,74.0,60.0,64.0,66.0,50.0,44.0,44.0,44.0,44.0,68.0,80.0,94.0,82.0,82.0,104.0,102.0,106.0,98.0,110.0,110.0,103.0,96.0,102.0,96.0,106.0,104.0,104.0,105.0,106.0,108.0,106.0,124.0,118.0,116.0,122.0,130.0,128.0,128.0,130.0,124.0,132.0,132.0,134.0,134.0,132.0,132.0,136.0,138.0
2025-05-29,138.0,142.0,140.0,138.0,142.0,140.0,140.0,140.0,140.0,138.0,142.0,142.0,144.0,144.0,144.0,144.0,150.0,144.0,150.0,146.0,148.0,148.0,148.0,150.0,144.0,142.0,152.0,144.0,148.0,140.0,144.0,164.0,166.0,168.0,168.0,168.0,158.0,140.0,136.0,140.0,140.0,150.0,120.0,130.0,148.0,144.0,138.0,148.0,136.0,136.0,136.0,128.0,138.0,120.0,116.0,136.0,126.0,144.0,126.0,2.0,0.0,0.0,0.0,0.0,0.0,0.0,0.0,0.0,0.0,0.0,0.0,0.0,0.0,0.0,0.0,0.0,0.0,0.0,0.0,0.0,142.0,182.0,180.0,180.0,180.0,180.0,180.0,180.0,180.0,180.0,178.0,146.0,142.0,145.0,148.0,152.0
2025-05-30,150.0,150.0,152.0,152.0,150.0,148.0,148.0,150.0,150.0,150.0,152.0,152.0,154.0,154.0,154.0,152.0,152.0,154.0,152.0,148.0,148.0,150.0,156.0,158.0,156.0,152.0,150.0,148.0,152.0,148.0,148.0,150.0,148.0,148.0,136.0,142.0,136.0,120.0,120.0,122.0,120.0,110.0,118.0,116.0,110.0,110.0,114.0,94.0,90.0,90.0,92.0,86.0,88.0,0.0,0.0,0.0,0.0,0.0,0.0,0.0,0.0,0.0,0.0,0.0,0.0,0.0,0.0,0.0,0.0,0.0,0.0,0.0,0.0,0.0,0.0,0.0,0.0,0.0,0.0,0.0,0.0,0.0,90.0,168.0,168.0,168.0,144.0,120.0,118.0,118.0,118.0,118.0,118.0,116.0,116.0,114.0
2025-05-31,120.0,118.0,118.0,120.0,118.0,116.0,120.0,122.0,123.0,124.0,124.0,124.0,122.0,124.0,128.0,166.0,134.0,126.0,138.0,120.0,128.0,124.0,134.0,126.0,122.0,128.0,124.0,126.0,126.0,122.0,122.0,128.0,126.0,130.0,110.0,130.0,124.0,114.0,118.0,114.0,110.0,96.0,90.0,92.0,76.0,86.0,72.0,68.0,66.0,66.0,60.0,56.0,56.0,58.0,54.0,54.0,56.0,56.0,54.0,52.0,44.0,52.0,50.0,52.0,51.0,50.0,54.0,52.0,52.0,52.0,62.0,58.0,58.0,52.0,66.0,66.0,66.0,102.0,80.0,82.0,88.0,74.0,88.0,90.0,84.0,90.0,102.0,114.0,126.0,134.0,140.0,114.0,118.0,118.0,106.0,124.0
2025-06-01,112.0,100.0,136.0,114.0,122.0,146.0,174.0,98.0,116.0,160.0,162.0,178.0,164.0,144.0,118.0,152.0,110.0,166.0,156.0,158.0,130.0,126.0,136.0,152.0,158.0,148.0,140.0,159.0,178.0,162.0,118.0,130.0,144.0,134.0,154.0,160.0,138.0,138.0,136.0,128.0,122.0,116.0,122.0,116.0,98.0,98.0,88.0,94.0,92.0,88.0,80.0,84.0,86.0,124.0,84.0,90.0,82.0,80.0,90.0,92.0,108.0,106.0,104.0,114.0,102.0,116.0,110.0,94.0,102.0,100.0,2.0,0.0,0.0,0.0,0.0,0.0,0.0,0.0,0.0,0.0,0.0,0.0,0.0,0.0,0.0,0.0,0.0,0.0,0.0,0.0,0.0,0.0,0.0,0.0,0.0,0.0
2025-06-02,132.0,168.0,166.0,166.0,166.0,166.0,166.0,166.0,146.0,140.0,138.0,136.0,138.0,140.0,140.0,142.0,140.0,136.0,134.0,134.0,138.0,144.0,140.0,136.0,144.0,142.0,138.0,138.0,142.0,138.0,134.0,136.0,176.0,159.0,142.0,140.0,132.0,136.0,138.0,136.0,132.0,124.0,132.0,120.0,120.0,120.0,120.0,118.0,116.0,114.0,111.33333333333333,108.66666666666667,106.0,100.0,70.0,60.0,82.0,54.0,72.0,66.0,54.0,98.0,58.0,88.0,84.0,82.0,88.0,90.0,104.0,70.0,112.0,78.0,96.0,80.0,102.0,84.0,114.0,100.0,76.0,112.0,114.0,114.0,144.0,128.0,114.0,112.0,113.0,114.0,120.0,120.0,114.0,110.0,122.0,124.0,122.0,124.0
2025-06-03,122.0,126.0,122.0,128.0,126.0,126.0,128.0,132.0,136.0,130.0,128.0,130.0,136.0,135.0,134.0,136.0,138.0,130.0,138.0,138.0,136.0,134.0,140.0,142.0,134.0,138.0,142.0,138.0,140.0,140.0,138.0,134.0,136.0,138.0,130.0,128.0,124.0,130.0,124.0,122.0,114.0,120.0,116.0,112.0,110.0,110.0,100.0,102.0,94.0,80.0,68.0,84.0,82.0,78.0,54.0,72.0,56.0,72.0,56.0,68.0,46.0,44.0,52.0,50.0,62.0,54.0,59.0,64.0,54.0,58.0,64.0,62.0,68.0,76.0,72.0,88.0,102.0,104.0,2.0,0.0,0.0,0.0,0.0,0.0,0.0,0.0,0.0,0.0,0.0,0.0,0.0,0.0,0.0,0.0,0.0,0.0
2025-06-04,0.0,0.0,0.0,0.0,0.0,0.0,0.0,0.0,0.0,0.0,0.0,0.0,0.0,0.0,0.0,0.0,0.0,0.0,0.0,0.0,0.0,0.0,0.0,0.0,0.0,0.0,0.0,0.0,0.0,0.0,0.0,0.0,0.0,0.0,0.0,0.0,0.0,0.0,0.0,0.0,0.0,0.0,0.0,0.0,0.0,0.0,0.0,0.0,0.0,0.0,0.0,0.0,0.0,0.0,0.0,0.0,0.0,0.0,0.0,0.0,0.0,0.0,0.0,0.0,0.0,0.0,0.0,0.0,0.0,138.0,166.0,166.0,164.0,164.0,164.0,164.0,166.0,156.0,130.0,124.0,118.0,120.0,120.0,118.0,120.0,120.0,126.0,122.0,124.0,120.0,120.0,126.0,122.0,124.0,122.0,122.0
2025-06-05,122.0,126.0,126.0,128.0,126.0,126.0,128.0,128.0,130.0,128.0,132.0,136.0,132.0,136.0,134.0,134.0,134.0,132.0,134.0,142.0,136.0,138.0,134.0,134.0,134.0,134.0,136.0,138.0,138.0,134.0,132.0,126.0,128.0,164.0,142.0,110.0,116.0,124.0,114.0,124.0,112.0,108.0,108.0,108.0,96.0,100.0,84.0,84.0,76.0,78.0,78.0,69.0,60.0,54.0,60.0,52.0,52.0,52.0,58.0,46.0,52.0,56.0,54.0,52.0,56.0,54.0,57.0,60.0,58.0,54.0,62.0,62.0,76.0,72.0,72.0,80.0,82.0,79.0,76.0,80.0,82.0,94.0,84.0,106.0,160.0,132.0,124.0,122.0,128.0,128.0,128.0,126.0,130.0,126.0,130.0,126.0
2025-06-06,132.0,128.0,130.0,130.0,130.0,130.0,132.0,132.0,126.0,132.0,134.0,132.0,130.0,136.0,136.0,138.0,138.0,136.0,138.0,140.0,138.0,140.0,140.0,144.0,138.0,136.0,142.0,142.0,136.0,140.0,144.0,118.0,122.0,122.0,118.0,118.0,112.0,112.0,122.0,144.0,142.0,126.0,134.0,128.0,125.0,122.0,112.0,110.0,108.0,100.0,106.0,98.0,90.0,94.0,88.0,82.0,78.0,74.0,98.0,76.0,82.0,80.0,74.0,82.0,80.0,84.0,76.0,94.0,106.0,122.0,140.0,142.0,138.0,112.0,102.0,112.0,120.0,106.0,114.0,130.0,120.0,126.0,132.0,122.0,116.0,132.0,132.0,132.0,132.0,132.0,132.0,132.0,132.0,132.0,132.0,132.0
2025-06-07,132.0,132.0,132.0,132.0,136.0,130.0,122.0,130.0,140.0,132.0,132.0,142.0,142.0,138.0,130.0,132.0,136.0,142.0,142.0,144.0,152.0,128.0,136.0,154.0,150.0,152.0,154.0,150.0,162.0,146.0,142.0,144.0,134.0,136.0,136.0,122.0,130.0,106.0,132.0,144.0,142.0,162.0,162.0,162.0,162.0,160.0,160.0,160.0,148.0,162.0,160.0,162.0,150.0,160.0,161.0,162.0,162.0,162.0,162.0,122.0,160.0,132.0,160.0,144.0,132.0,146.0,144.0,146.0,158.0,162.0,166.0,160.0,161.0,162.0,160.0,128.0,138.0,152.0,152.0,152.0,162.0,162.0,144.0,164.0,164.0,162.0,162.0,162.0,162.0,162.0,162.0,160.0,162.0,162.0,162.0,162.0
2025-06-08,4.0,0.0,0.0,0.0,0.0,0.0,0.0,0.0,0.0,0.0,0.0,0.0,0.0,0.0,0.0,0.0,0.0,0.0,0.0,0.0,0.0,0.0,0.0,0.0,0.0,0.0,0.0,0.0,0.0,0.0,0.0,0.0,0.0,0.0,0.0,0.0,0.0,0.0,0.0,0.0,0.0,0.0,0.0,0.0,0.0,0.0,80.0,174.0,172.0,172.0,172.0,172.0,172.0,172.0,172.0,172.0,172.0,172.0,156.0,134.0,126.0,156.0,136.0,138.0,132.0,120.0,126.0,122.0,108.0,124.0,110.0,118.0,116.0,114.0,116.0,108.0,124.0,130.0,122.0,136.0,124.0,144.0,128.0,138.0,138.0,140.0,156.0,160.0,164.0,162.0,158.0,154.0,152.0,152.0,152.0,152.0
2025-06-09,146.0,150.0,152.0,152.0,152.0,154.0,154.0,162.0,154.0,154.0,160.0,160.0,162.0,156.0,164.0,156.0,164.0,166.0,166.0,164.0,166.0,164.0,164.0,166.0,170.0,170.0,164.0,166.0,164.0,164.0,156.0,148.0,148.0,140.0,136.0,142.0,126.0,118.0,112.0,92.0,132.0,150.0,118.0,116.0,112.0,100.0,112.0,112.0,92.0,78.0,76.0,84.0,80.0,70.0,66.0,74.0,66.0,64.0,58.0,66.0,54.0,70.0,52.0,74.0,52.0,74.0,72.0,75.0,78.0,74.0,108.0,82.0,92.0,82.0,94.0,88.0,102.0,94.0,94.0,108.0,102.0,114.0,106.0,126.0,122.0,114.0,114.0,118.0,120.0,116.0,114.0,120.0,118.0,116.0,129.0,142.0
2025-06-10,148.0,138.0,146.0,146.0,132.0,146.0,132.0,148.0,142.0,134.0,146.0,146.0,140.0,142.0,142.0,154.0,150.0,146.0,150.0,154.0,146.0,146.0,146.0,160.0,148.0,160.0,160.0,146.0,158.0,152.0,146.0,144.0,146.0,142.0,126.0,124.0,124.0,122.0,120.0,114.0,118.0,120.0,114.0,112.0,110.0,108.0,106.0,82.0,86.0,80.0,74.0,118.0,102.0,98.0,90.0,84.0,86.0,78.0,70.0,84.0,68.0,70.0,84.0,78.0,70.0,84.0,74.0,80.0,88.0,68.0,88.0,90.0,88.0,90.0,94.0,98.0,96.0,98.0,110.0,106.0,124.0,102.0,116.0,132.0,92.0,60.0,60.0,60.0,60.0,60.0,60.0,60.0,60.0,60.0,60.0,60.0
2025-06-11,60.0,60.0,60.0,60.0,60.0,60.0,60.0,60.0,60.0,60.0,60.0,60.0,60.0,60.0,60.0,60.0,60.0,60.0,60.0,60.0,60.0,60.0,60.0,60.0,60.0,60.0,60.0,60.0,60.0,60.0,60.0,60.0,60.0,60.0,60.0,58.0,60.0,60.0,60.0,58.0,60.0,60.0,54.0,55.0,56.0,60.0,60.0,60.0,60.0,60.0,60.0,60.0,60.0,60.0,60.0,60.0,60.0,60.0,60.0,60.0,58.0,60.0,60.0,60.0,60.0,60.0,60.0,58.0,60.0,80.0,80.0,162.0,166.0,166.0,164.0,166.0,164.0,166.0,166.0,166.0,165.0,164.0,164.0,164.0,164.0,164.0,164.0,164.0,164.0,164.0,162.0,162.0,162.0,162.0,162.0,162.0
2025-06-12,162.0,162.0,162.0,162.0,162.0,162.0,162.0,162.0,162.0,162.0,162.0,162.0,162.0,162.0,162.0,162.0,162.0,162.0,164.0,164.0,164.0,164.0,164.0,162.0,164.0,162.0,162.0,162.0,164.0,162.0,162.0,162.0,160.0,160.0,162.0,162.0,162.0,162.0,162.0,162.0,160.0,162.0,150.0,128.0,128.0,130.0,116.0,124.0,122.0,122.0,120.0,110.0,124.0,112.0,100.0,100.0,94.0,96.0,108.0,101.0,94.0,90.0,98.0,101.0,104.0,94.0,102.0,94.0,94.0,92.0,104.0,92.0,102.0,94.0,104.0,98.0,102.0,104.0,102.0,108.0,104.0,100.0,110.0,108.0,112.0,114.0,116.0,118.0,120.0,122.0,120.0,120.0,118.0,122.0,122.0,124.0
2025-06-13,126.0,126.0,124.0,124.0,126.0,124.0,126.0,128.0,128.0,127.0,126.0,126.0,126.0,126.0,132.0,132.0,132.0,126.0,128.0,136.0,132.0,128.0,128.0,128.0,128.0,128.0,134.0,132.0,128.0,136.0,144.0,128.0,128.0,128.0,126.0,124.0,120.0,120.0,118.0,116.0,116.0,116.0,114.0,114.0,112.0,108.0,108.0,112.0,110.0,108.0,104.0,110.0,108.0,100.0,108.0,100.0,100.0,102.0,122.0,98.0,104.0,106.0,94.0,90.0,92.0,94.0,90.0,90.0,84.0,100.0,92.0,94.0,104.0,106.0,100.0,116.0,0.0,0.0,0.0,0.0,0.0,0.0,0.0,0.0,0.0,0.0,0.0,0.0,0.0,0.0,0.0,0.0,0.0,0.0,0.0,0.0
2025-06-15,0.0,0.0,0.0,0.0,0.0,0.0,0.0,0.0,0.0,0.0,0.0,0.0,0.0,0.0,0.0,0.0,0.0,0.0,0.0,0.0,0.0,0.0,0.0,0.0,0.0,0.0,0.0,0.0,0.0,0.0,0.0,0.0,0.0,0.0,0.0,0.0,0.0,0.0,0.0,0.0,0.0,0.0,0.0,0.0,0.0,0.0,0.0,0.0,0.0,0.0,36.0,62.0,62.0,62.0,62.0,62.0,60.0,60.0,60.0,60.0,60.0,60.0,60.0,60.0,60.0,60.0,60.0,60.0,60.0,60.0,60.0,60.0,60.0,60.0,60.0,60.0,60.0,60.0,60.0,60.0,60.0,60.0,60.0,60.0,60.0,60.0,60.0,60.0,60.0,60.0,60.0,60.0,60.0,60.0,60.0,60.0
2025-06-16,60.0,60.0,60.0,60.0,62.0,60.0,60.0,60.0,60.0,60.0,60.0,61.0,62.0,60.0,61.0,62.0,62.0,60.0,62.0,62.0,62.0,62.0,62.0,62.0,62.0,62.0,62.0,62.0,62.0,62.0,62.0,62.0,62.0,62.0,60.0,60.0,60.0,60.0,60.0,62.0,60.0,60.0,62.0,62.0,60.0,60.0,62.0,60.0,60.0,60.0,60.0,60.0,60.0,60.0,60.0,60.0,60.0,60.0,60.0,52.0,52.8,53.6,54.4,55.2,56.0,54.0,54.0,52.0,54.0,52.0,54.0,54.0,52.0,54.0,56.666666666666664,59.333333333333336,62.0,60.0,60.0,60.0,60.0,60.0,60.0,60.0,60.0,60.0,60.0,60.0,60.0,60.0,60.0,60.0,60.0,60.0,60.0,60.0
2025-06-17,60.0,60.0,60.0,60.0,60.0,60.0,60.0,60.0,60.0,60.0,60.0,60.0,60.0,60.0,60.0,60.0,60.0,62.0,60.0,62.0,62.0,60.0,62.0,62.0,62.0,62.0,62.0,61.0,60.0,60.0,60.0,62.0,60.0,60.0,60.0,60.0,60.0,60.0,60.0,60.0,60.0,60.0,60.0,60.0,60.0,60.0,60.0,60.0,60.0,60.0,60.0,60.0,60.0,56.0,52.0,42.0,48.0,46.0,40.0,46.0,40.0,38.0,46.0,40.0,40.0,48.0,42.0,44.0,48.0,42.0,46.0,46.0,42.0,50.0,48.0,46.0,48.0,56.0,54.0,52.0,60.0,56.0,64.0,60.0,60.0,60.0,62.0,60.0,60.0,62.0,60.0,62.0,60.0,60.0,60.0,60.0
2025-06-18,60.0,60.0,62.0,62.0,62.0,62.0,62.0,60.0,62.0,62.0,62.0,62.0,62.0,62.0,60.0,62.0,62.0,62.0,62.0,62.0,62.0,62.0,62.0,62.0,62.0,61.0,60.0,60.0,60.0,60.0,60.0,60.0,60.0,60.0,60.0,60.0,60.0,60.0,60.0,60.0,60.0,60.0,60.0,60.0,60.0,52.0,61.0,70.0,66.0,58.0,52.0,52.0,54.0,50.0,48.0,46.0,48.0,50.0,46.0,44.0,46.0,50.0,66.0,70.0,70.0,68.0,68.0,70.0,70.0,68.0,68.0,68.0,68.0,68.0,68.0,68.0,68.0,70.0,68.0,68.0,68.0,68.0,70.0,70.0,70.0,70.0,70.0,70.0,70.0,70.0,70.0,70.0,70.0,70.0,70.0,70.0
2025-06-19,70.0,70.0,70.0,70.0,70.0,70.0,70.0,70.0,70.0,70.0,70.0,70.0,70.0,70.0,70.0,70.0,70.0,70.0,70.0,70.0,70.0,70.0,70.0,70.0,70.0,70.0,70.0,70.0,70.0,70.0,70.0,70.0,70.0,68.0,70.0,70.0,70.0,70.0,69.0,68.0,68.0,68.0,68.0,68.0,68.0,68.0,68.0,68.0,68.0,68.0,68.0,68.0,68.0,68.0,60.0,50.0,56.0,52.0,50.0,56.0,55.0,54.0,46.0,46.0,54.0,46.0,46.0,66.0,68.0,70.0,70.0,68.0,68.0,68.0,68.0,68.0,68.0,68.0,68.0,68.0,66.0,64.0,64.0,62.0,60.0,60.0,60.0,60.0,60.0,60.0,60.0,60.0,62.0,62.0,62.0,62.0
2025-06-20,60.0,60.0,61.0,62.0,60.0,60.0,62.0,62.0,62.0,62.0,62.0,62.0,62.0,62.0,62.0,62.0,62.0,62.0,62.0,62.0,62.0,62.0,62.0,62.0,62.0,62.0,60.0,60.0,60.0,60.0,60.0,60.0,62.0,62.0,62.0,62.0,62.0,62.0,60.0,60.0,60.0,60.0,60.0,60.0,60.0,60.0,60.0,60.0,60.0,60.0,60.0,56.0,50.0,44.0,40.0,46.0,38.0,36.0,36.0,36.0,36.0,36.0,36.0,38.0,44.0,40.0,38.0,36.0,42.0,42.0,38.0,42.0,46.0,40.0,44.0,50.0,56.0,60.0,60.0,60.0,60.0,60.0,62.0,60.0,60.0,60.0,60.0,60.0,60.0,60.0,60.0,60.0,60.0,60.0,60.0,60.0
2025-06-21,60.0,60.0,60.0,60.0,60.0,60.0,60.0,60.0,62.0,62.0,60.0,62.0,62.0,62.0,62.0,60.0,60.0,62.0,62.0,62.0,62.0,62.0,62.0,62.0,62.0,62.0,62.0,62.0,60.0,60.0,60.0,60.0,60.0,60.0,60.0,60.0,60.0,60.0,60.0,60.0,60.0,60.0,60.0,60.0,60.0,60.0,60.0,60.0,56.0,54.0,54.0,50.0,52.0,56.0,60.0,60.0,60.0,60.0,60.0,60.0,60.0,60.0,60.0,60.0,60.0,60.0,60.0,60.0,60.0,60.0,60.0,60.0,60.0,60.0,60.0,60.0,60.0,60.0,60.0,60.0,60.0,60.0,60.0,60.0,60.0,60.0,60.0,60.0,60.0,60.0,62.0,62.0,62.0,60.0,62.0,62.0
2025-06-22,62.0,62.0,62.0,62.0,62.0,62.0,62.0,62.0,62.0,62.0,62.0,62.0,62.0,62.0,62.0,62.0,62.0,62.0,62.0,62.0,62.0,62.0,62.0,62.0,62.0,62.0,62.0,62.0,0.0,0.0,0.0,0.0,0.0,0.0,0.0,0.0,0.0,0.0,0.0,0.0,0.0,0.0,0.0,0.0,0.0,0.0,0.0,0.0,0.0,0.0,0.0,0.0,0.0,0.0,0.0,0.0,0.0,0.0,0.0,0.0,0.0,0.0,0.0,0.0,0.0,0.0,0.0,0.0,0.0,0.0,0.0,0.0,0.0,0.0,0.0,0.0,0.0,0.0,0.0,0.0,0.0,0.0,0.0,0.0,0.0,0.0,0.0,0.0,0.0,0.0,0.0,0.0,0.0,0.0,0.0,0.0
2025-06-24,76.0,84.0,84.0,84.0,84.0,84.0,84.0,84.0,84.0,84.0,84.0,84.0,84.0,84.0,84.0,84.0,84.0,84.0,84.0,84.0,84.0,84.0,84.0,84.0,84.0,84.0,84.0,84.0,84.0,84.0,84.0,80.0,60.0,60.0,60.0,60.0,60.0,60.0,60.0,60.0,60.0,60.0,60.0,60.0,60.0,60.0,60.0,60.0,60.0,60.0,60.0,60.0,60.0,60.0,58.0,52.0,46.0,52.0,52.0,46.0,42.0,48.0,46.0,44.0,46.0,44.0,42.0,48.0,40.0,46.0,46.0,42.0,50.0,48.0,46.0,48.0,52.0,56.0,54.0,50.0,55.0,60.0,60.0,60.0,60.0,60.0,60.0,60.0,60.0,60.0,60.0,60.0,60.0,60.0,60.0,60.0
2025-06-25,60.0,60.0,60.0,60.0,60.0,62.0,62.0,62.0,62.0,62.0,62.0,62.0,60.0,60.0,60.0,60.0,62.0,62.0,62.0,62.0,62.0,62.0,62.0,62.0,62.0,62.0,62.0,62.0,62.0,62.0,60.0,60.0,60.0,60.0,62.0,62.0,60.0,60.0,60.0,60.0,60.0,60.0,60.0,60.0,60.0,60.0,60.0,60.0,60.0,56.0,52.0,50.0,44.0,46.0,50.0,40.0,42.0,42.0,36.0,36.0,34.0,36.0,34.0,36.0,36.0,36.0,36.0,36.0,36.0,38.0,38.0,38.0,38.0,46.0,42.0,40.0,50.0,46.0,44.0,52.0,52.0,52.0,56.0,54.0,58.0,58.0,60.0,60.0,60.0,60.0,60.0,60.0,60.0,60.0,60.0,60.0
2025-06-26,60.0,60.0,60.0,60.0,60.0,60.0,60.0,60.0,60.0,62.0,60.0,60.0,60.0,60.0,62.0,62.0,62.0,62.0,62.0,62.0,62.0,62.0,62.0,62.0,62.0,62.0,62.0,62.0,60.0,60.0,62.0,62.0,62.0,62.0,60.0,62.0,60.0,60.0,60.0,60.0,60.0,60.0,60.0,62.0,62.0,60.0,62.0,60.0,60.0,60.0,60.0,60.0,60.0,60.0,60.0,60.0,60.0,60.0,60.0,60.0,60.0,62.0,62.0,62.0,62.0,62.0,62.0,62.0,62.0,60.0,60.0,60.0,60.0,62.0,62.0,62.0,62.0,60.0,60.0,62.0,62.0,62.0,62.0,62.0,62.0,62.0,62.0,62.0,62.0,62.0,62.0,62.0,62.0,62.0,62.0,62.0
2025-06-27,62.0,62.0,62.0,62.0,62.0,62.0,62.0,62.0,62.0,62.0,62.0,62.0,62.0,62.0,62.0,62.0,62.0,62.0,62.0,62.0,62.0,62.0,62.0,62.0,62.0,62.0,62.0,62.0,62.0,62.0,60.0,62.0,62.0,62.0,62.0,62.0,62.0,60.0,60.0,60.0,62.0,60.0,60.0,62.0,0.0,0.0,0.0,0.0,0.0,0.0,0.0,0.0,0.0,0.0,0.0,0.0,0.0,0.0,0.0,0.0,0.0,0.0,0.0,0.0,0.0,0.0,0.0,0.0,0.0,0.0,0.0,0.0,0.0,0.0,0.0,0.0,0.0,0.0,0.0,0.0,0.0,0.0,0.0,0.0,0.0,0.0,0.0,0.0,0.0,0.0,0.0,0.0,0.0,0.0,0.0,0.0
2025-10-20,0.0,0.0,0.0,0.0,0.0,0.0,0.0,0.0,0.0,0.0,0.0,0.0,0.0,0.0,0.0,0.0,0.0,0.0,0.0,0.0,0.0,0.0,0.0,0.0,0.0,0.0,0.0,0.0,0.0,0.0,0.0,0.0,0.0,0.0,0.0,0.0,0.0,0.0,0.0,0.0,0.0,0.0,0.0,0.0,0.0,0.0,0.0,0.0,0.0,0.0,0.0,0.0,0.0,0.0,0.0,0.0,0.0,0.0,0.0,0.0,0.0,0.0,0.0,0.0,0.0,0.0,0.0,0.0,0.0,0.0,0.0,0.0,0.0,0.0,0.0,0.0,0.0,0.0,0.0,2.0,10.0,8.0,10.0,10.0,10.0,10.0,10.0,10.0,10.0,10.0,2.0,0.0,6.0,10.0,8.0,8.0
2025-10-21,10.0,10.0,10.0,10.0,10.0,10.0,10.0,10.0,10.0,10.0,10.0,10.0,10.0,10.0,10.0,10.0,8.0,10.0,10.0,10.0,10.0,10.0,10.0,10.0,10.0,10.0,2.0,0.0,0.0,0.0,0.0,0.0,0.0,0.0,0.0,0.0,0.0,0.0,0.0,0.0,0.0,0.0,0.0,0.0,0.0,0.0,0.0,0.0,0.0,0.0,0.0,0.0,0.0,0.0,0.0,0.0,0.0,0.0,0.0,0.0,0.0,0.0,0.0,0.0,0.0,0.0,0.0,0.0,0.0,0.0,0.0,0.0,0.0,0.0,0.0,0.0,10.0,8.0,8.0,10.0,10.0,8.0,8.0,10.0,8.0,10.0,10.0,10.0,10.0,10.0,10.0,10.0,10.0,0.0,0.0,0.0
2025-10-22,0.0,0.0,0.0,0.0,0.0,0.0,0.0,0.0,0.0,0.0,0.0,0.0,0.0,0.0,0.0,0.0,0.0,0.0,0.0,0.0,0.0,0.0,0.0,0.0,0.0,0.0,0.0,0.0,0.0,0.0,0.0,0.0,0.0,0.0,0.0,0.0,0.0,0.0,0.0,0.0,0.0,0.0,0.0,0.0,0.0,0.0,0.0,0.0,0.0,0.0,0.0,0.0,0.0,0.0,0.0,0.0,0.0,0.0,0.0,0.0,0.0,0.0,0.0,0.0,0.0,0.0,0.0,0.0,0.0,0.0,0.0,0.0,0.0,0.0,0.0,0.0,6.0,10.0,10.0,10.0,10.0,10.0,10.0,10.0,10.0,10.0,10.0,10.0,10.0,6.0,0.0,0.0,0.0,0.0,0.0,0.0
2025-10-23,0.0,0.0,0.0,0.0,0.0,0.0,0.0,0.0,0.0,0.0,0.0,0.0,0.0,0.0,0.0,0.0,0.0,0.0,0.0,0.0,0.0,0.0,0.0,0.0,0.0,0.0,0.0,0.0,0.0,0.0,0.0,0.0,0.0,0.0,0.0,0.0,0.0,0.0,0.0,0.0,0.0,0.0,0.0,0.0,0.0,0.0,0.0,0.0,0.0,0.0,0.0,0.0,0.0,0.0,0.0,0.0,0.0,0.0,0.0,0.0,0.0,0.0,0.0,0.0,0.0,0.0,0.0,0.0,0.0,0.0,0.0,0.0,0.0,0.0,0.0,0.0,6.0,10.0,10.0,10.0,10.0,10.0,10.0,10.0,10.0,10.0,10.0,6.0,0.0,0.0,0.0,0.0,0.0,0.0,0.0,0.0
2025-10-24,0.0,0.0,0.0,0.0,0.0,0.0,0.0,0.0,0.0,0.0,0.0,0.0,0.0,0.0,0.0,0.0,0.0,0.0,0.0,0.0,0.0,0.0,0.0,0.0,0.0,0.0,0.0,0.0,0.0,0.0,0.0,0.0,0.0,0.0,0.0,0.0,0.0,0.0,0.0,0.0,0.0,0.0,0.0,0.0,0.0,0.0,0.0,0.0,0.0,0.0,0.0,0.0,0.0,0.0,0.0,0.0,0.0,0.0,0.0,0.0,0.0,0.0,0.0,0.0,0.0,0.0,0.0,0.0,0.0,0.0,0.0,0.0,0.0,0.0,0.0,0.0,10.0,10.0,10.0,10.0,10.0,10.0,10.0,10.0,10.0,10.0,10.0,10.0,10.0,10.0,10.0,10.0,10.0,10.0,10.0,10.0
2025-10-25,12.0,12.0,12.0,10.0,10.0,10.0,10.0,10.0,10.0,10.0,10.0,10.0,10.0,10.0,10.0,10.0,10.0,10.0,10.0,10.0,10.0,10.0,4.0,0.0,0.0,0.0,0.0,0.0,0.0,0.0,0.0,0.0,0.0,0.0,0.0,0.0,0.0,0.0,0.0,0.0,0.0,0.0,0.0,0.0,0.0,0.0,0.0,0.0,0.0,0.0,0.0,0.0,0.0,0.0,0.0,0.0,0.0,0.0,0.0,0.0,0.0,0.0,0.0,0.0,0.0,0.0,0.0,0.0,0.0,0.0,0.0,0.0,0.0,0.0,0.0,0.0,6.0,10.0,10.0,10.0,10.0,10.0,10.0,10.0,10.0,10.0,10.0,10.0,10.0,10.0,10.0,10.0,10.0,10.0,10.0,10.0
2025-10-26,10.0,10.0,10.0,10.0,10.0,10.0,10.0,10.0,10.0,10.0,10.0,10.0,10.0,10.0,10.0,10.0,10.0,10.0,6.0,0.0,0.0,0.0,0.0,0.0,0.0,0.0,0.0,0.0,0.0,0.0,0.0,0.0,0.0,0.0,0.0,0.0,0.0,0.0,0.0,0.0,0.0,0.0,0.0,0.0,0.0,0.0,0.0,0.0,0.0,0.0,0.0,0.0,0.0,0.0,0.0,0.0,0.0,0.0,0.0,0.0,0.0,0.0,0.0,0.0,0.0,0.0,0.0,0.0,0.0,0.0,0.0,0.0,0.0,0.0,0.0,0.0,2.0,10.0,9.0,8.0,10.0,10.0,10.0,10.0,10.0,10.0,10.0,10.0,10.0,10.0,10.0,10.0,10.0,10.0,10.0,10.0
2025-10-27,10.0,10.0,10.0,10.0,10.0,10.0,10.0,10.0,10.0,10.0,10.0,10.0,10.0,10.0,10.0,10.0,10.0,10.0,10.0,10.0,10.0,10.0,10.0,10.0,10.0,2.0,0.0,0.0,0.0,0.0,0.0,0.0,0.0,0.0,0.0,0.0,0.0,0.0,0.0,0.0,0.0,0.0,0.0,0.0,0.0,0.0,0.0,0.0,0.0,0.0,0.0,0.0,0.0,0.0,0.0,0.0,0.0,0.0,0.0,0.0,0.0,0.0,0.0,0.0,0.0,0.0,0.0,0.0,0.0,0.0,0.0,0.0,0.0,0.0,0.0,0.0,4.0,10.0,8.0,8.0,10.0,10.0,10.0,10.0,10.0,10.0,10.0,10.0,10.0,10.0,10.0,10.0,10.0,10.0,10.0,10.0
2025-10-28,10.0,10.0,10.0,10.0,10.0,10.0,10.0,10.0,10.0,10.0,10.0,10.0,10.0,10.0,10.0,10.0,10.0,10.0,10.0,10.0,10.0,10.0,10.0,10.0,10.0,10.0,6.0,0.0,0.0,0.0,0.0,0.0,0.0,0.0,0.0,0.0,0.0,0.0,0.0,0.0,0.0,0.0,0.0,0.0,0.0,0.0,0.0,0.0,0.0,0.0,0.0,0.0,0.0,0.0,0.0,0.0,0.0,0.0,0.0,0.0,0.0,0.0,0.0,0.0,0.0,0.0,0.0,0.0,0.0,0.0,0.0,0.0,0.0,0.0,0.0,0.0,6.0,12.0,12.0,10.0,10.0,10.0,10.0,10.0,10.0,10.0,10.0,10.0,10.0,10.0,10.0,10.0,10.0,10.0,10.0,10.0
2025-10-29,10.0,10.0,10.0,10.0,10.0,10.0,10.0,10.0,10.0,10.0,10.0,10.0,10.0,10.0,10.0,10.0,10.0,10.0,10.0,10.0,10.0,10.0,10.0,10.0,10.0,0.0,0.0,0.0,0.0,0.0,0.0,0.0,0.0,0.0,0.0,0.0,0.0,0.0,0.0,0.0,0.0,0.0,0.0,0.0,0.0,0.0,0.0,0.0,0.0,0.0,0.0,0.0,0.0,0.0,0.0,0.0,0.0,0.0,0.0,0.0,0.0,0.0,0.0,0.0,0.0,0.0,0.0,0.0,0.0,0.0,0.0,0.0,0.0,0.0,0.0,2.0,10.0,10.0,10.0,10.0,10.0,10.0,10.0,10.0,10.0,10.0,10.0,10.0,10.0,10.0,10.0,10.0,10.0,10.0,10.0,10.0
2025-10-30,10.0,10.0,10.0,10.0,10.0,10.0,10.0,10.0,10.0,10.0,10.0,10.0,10.0,10.0,10.0,10.0,10.0,10.0,10.0,10.0,10.0,10.0,10.0,10.0,10.0,2.0,0.0,0.0,0.0,0.0,0.0,0.0,0.0,0.0,0.0,0.0,0.0,0.0,0.0,0.0,0.0,0.0,0.0,0.0,0.0,0.0,0.0,0.0,0.0,0.0,0.0,0.0,0.0,0.0,0.0,0.0,0.0,0.0,0.0,0.0,0.0,0.0,0.0,0.0,0.0,0.0,0.0,0.0,0.0,0.0,0.0,0.0,0.0,0.0,0.0,0.0,5.0,10.0,10.0,10.0,10.0,10.0,10.0,10.0,10.0,10.0,10.0,10.0,10.0,10.0,10.0,10.0,10.0,10.0,10.0,10.0
2025-10-31,10.0,10.0,10.0,10.0,10.0,10.0,10.0,10.0,10.0,10.0,10.0,10.0,10.0,10.0,10.0,10.0,10.0,10.0,10.0,10.0,10.0,10.0,10.0,10.0,6.0,0.0,0.0,0.0,0.0,0.0,0.0,0.0,0.0,0.0,0.0,0.0,0.0,0.0,0.0,0.0,0.0,0.0,0.0,0.0,0.0,0.0,0.0,0.0,0.0,0.0,0.0,0.0,0.0,0.0,0.0,0.0,0.0,0.0,0.0,0.0,0.0,0.0,0.0,0.0,0.0,0.0,0.0,0.0,0.0,0.0,0.0,0.0,0.0,0.0,0.0,0.0,10.0,10.0,10.0,10.0,10.0,10.0,10.0,10.0,10.0,10.0,10.0,10.0,10.0,10.0,10.0,10.0,10.0,10.0,10.0,10.0
2025-11-01,10.0,10.0,10.0,10.0,10.0,10.0,10.0,10.0,10.0,10.0,10.0,10.0,10.0,10.0,10.0,10.0,10.0,10.0,10.0,10.0,10.0,10.0,10.0,10.0,10.0,10.0,6.0,0.0,0.0,0.0,0.0,0.0,0.0,0.0,0.0,0.0,0.0,0.0,0.0,0.0,0.0,0.0,0.0,0.0,0.0,0.0,0.0,0.0,0.0,0.0,0.0,0.0,0.0,0.0,0.0,0.0,0.0,0.0,0.0,0.0,0.0,0.0,0.0,0.0,0.0,0.0,0.0,0.0,0.0,0.0,0.0,0.0,0.0,0.0,0.0,0.0,10.0,10.0,10.0,10.0,10.0,10.0,10.0,10.0,10.0,10.0,10.0,10.0,10.0,10.0,10.0,10.0,10.0,10.0,10.0,10.0
2025-11-02,10.0,10.0,10.0,10.0,10.0,10.0,10.0,10.0,10.0,10.0,10.0,10.0,10.0,10.0,10.0,10.0,10.0,10.0,10.0,10.0,10.0,10.0,10.0,10.0,10.0,8.0,0.0,0.0,0.0,0.0,0.0,0.0,0.0,0.0,0.0,0.0,0.0,0.0,0.0,0.0,0.0,0.0,0.0,0.0,0.0,0.0,0.0,0.0,0.0,0.0,0.0,0.0,0.0,0.0,0.0,0.0,0.0,0.0,0.0,0.0,0.0,0.0,0.0,0.0,0.0,0.0,0.0,0.0,0.0,0.0,0.0,0.0,0.0,0.0,0.0,0.0,0.0,10.0,10.0,10.0,10.0,10.0,10.0,10.0,10.0,10.0,10.0,10.0,10.0,10.0,10.0,10.0,10.0,10.0,10.0,10.0
2025-11-03,10.0,10.0,10.0,10.0,10.0,10.0,10.0,10.0,10.0,10.0,10.0,10.0,10.0,10.0,10.0,10.0,10.0,10.0,10.0,10.0,10.0,10.0,10.0,10.0,7.0,4.0,0.0,0.0,0.0,0.0,0.0,0.0,0.0,0.0,0.0,0.0,0.0,0.0,0.0,0.0,0.0,0.0,0.0,0.0,0.0,0.0,0.0,0.0,0.0,0.0,0.0,0.0,0.0,0.0,0.0,0.0,0.0,0.0,0.0,0.0,0.0,0.0,0.0,0.0,0.0,0.0,0.0,0.0,0.0,0.0,0.0,0.0,0.0,0.0,0.0,0.0,10.0,10.0,10.0,10.0,10.0,10.0,10.0,10.0,10.0,10.0,10.0,10.0,10.0,10.0,6.0,0.0,0.0,0.0,0.0,0.0
2025-11-04,0.0,0.0,0.0,0.0,0.0,0.0,0.0,0.0,0.0,0.0,0.0,0.0,0.0,0.0,0.0,0.0,0.0,0.0,0.0,0.0,0.0,0.0,0.0,0.0,0.0,0.0,0.0,0.0,0.0,0.0,0.0,0.0,0.0,0.0,0.0,0.0,0.0,0.0,0.0,0.0,0.0,0.0,0.0,0.0,0.0,0.0,0.0,0.0,0.0,0.0,0.0,0.0,0.0,0.0,0.0,0.0,0.0,0.0,0.0,0.0,0.0,0.0,0.0,0.0,0.0,0.0,0.0,0.0,0.0,0.0,0.0,0.0,0.0,0.0,0.0,8.0,10.0,10.0,10.0,10.0,10.0,10.0,10.0,10.0,10.0,10.0,10.0,10.0,10.0,10.0,10.0,10.0,10.0,10.0,10.0,12.0
2025-11-05,10.0,10.0,12.0,12.0,10.0,10.0,10.0,10.0,10.0,10.0,10.0,10.0,10.0,10.0,10.0,10.0,10.0,10.0,10.0,10.0,10.0,10.0,10.0,10.0,10.0,10.0,0.0,0.0,0.0,0.0,0.0,0.0,0.0,0.0,0.0,0.0,0.0,0.0,0.0,0.0,0.0,0.0,0.0,0.0,0.0,0.0,0.0,0.0,0.0,0.0,0.0,0.0,0.0,0.0,0.0,0.0,0.0,0.0,0.0,0.0,0.0,0.0,0.0,0.0,0.0,0.0,0.0,0.0,0.0,0.0,0.0,0.0,0.0,0.0,0.0,0.0,10.0,10.0,10.0,10.0,12.0,10.0,12.0,12.0,10.0,10.0,10.0,10.0,12.0,10.0,10.0,10.0,10.0,10.0,10.0,10.0
2025-11-06,10.0,10.0,10.0,10.0,10.0,10.0,10.0,10.0,10.0,10.0,10.0,10.0,10.0,10.0,10.0,10.0,10.0,10.0,10.0,10.0,10.0,10.0,10.0,10.0,10.0,0.0,0.0,0.0,0.0,0.0,0.0,0.0,0.0,0.0,0.0,0.0,0.0,0.0,0.0,0.0,0.0,0.0,0.0,0.0,0.0,0.0,0.0,0.0,0.0,0.0,0.0,0.0,0.0,0.0,0.0,0.0,0.0,0.0,0.0,0.0,0.0,0.0,0.0,0.0,0.0,0.0,0.0,0.0,0.0,0.0,0.0,0.0,0.0,0.0,0.0,0.0,10.0,10.0,10.0,10.0,10.0,10.0,10.0,10.0,10.0,10.0,10.0,10.0,10.0,10.0,10.0,10.0,10.0,10.0,12.0,12.0
2025-11-07,12.0,10.0,10.0,10.0,10.0,10.0,10.0,10.0,10.0,10.0,10.0,10.0,10.0,10.0,10.0,10.0,10.0,10.0,10.0,10.0,10.0,10.0,10.0,10.0,10.0,0.0,0.0,0.0,0.0,0.0,0.0,0.0,0.0,0.0,0.0,0.0,0.0,0.0,0.0,0.0,0.0,0.0,0.0,0.0,0.0,0.0,0.0,0.0,0.0,0.0,0.0,0.0,0.0,0.0,0.0,0.0,0.0,0.0,0.0,0.0,0.0,0.0,0.0,0.0,0.0,0.0,0.0,0.0,0.0,0.0,0.0,0.0,0.0,0.0,0.0,0.0,8.0,10.0,10.0,10.0,10.0,10.0,10.0,10.0,10.0,10.0,10.0,8.0,10.0,10.0,10.0,10.0,10.0,10.0,10.0,10.0
2025-11-08,10.0,10.0,10.0,10.0,10.0,10.0,10.0,10.0,10.0,10.0,10.0,10.0,10.0,10.0,10.0,10.0,10.0,10.0,10.0,10.0,10.0,10.0,10.0,10.0,2.0,0.0,0.0,0.0,0.0,0.0,0.0,0.0,0.0,0.0,0.0,0.0,0.0,0.0,0.0,0.0,0.0,0.0,0.0,0.0,0.0,0.0,0.0,0.0,0.0,0.0,0.0,0.0,0.0,0.0,0.0,0.0,0.0,0.0,0.0,0.0,0.0,0.0,0.0,0.0,0.0,0.0,0.0,0.0,0.0,0.0,0.0,0.0,0.0,0.0,0.0,0.0,10.0,10.0,10.0,10.0,10.0,10.0,10.0,10.0,10.0,10.0,10.0,10.0,10.0,10.0,10.0,10.0,10.0,10.0,10.0,10.0
2025-11-09,10.0,10.0,10.0,10.0,10.0,10.0,10.0,10.0,10.0,10.0,10.0,10.0,10.0,10.0,10.0,10.0,10.0,10.0,10.0,10.0,10.0,10.0,6.0,10.0,10.0,0.0,0.0,0.0,0.0,0.0,0.0,0.0,0.0,0.0,0.0,0.0,0.0,0.0,0.0,0.0,0.0,0.0,0.0,0.0,0.0,0.0,0.0,0.0,0.0,0.0,0.0,0.0,0.0,0.0,0.0,0.0,0.0,0.0,0.0,0.0,0.0,0.0,0.0,0.0,0.0,0.0,0.0,0.0,0.0,0.0,0.0,0.0,0.0,0.0,0.0,6.0,10.0,10.0,10.0,10.0,10.0,10.0,10.0,10.0,10.0,10.0,10.0,10.0,10.0,8.0,10.0,10.0,10.0,10.0,10.0,10.0
2025-11-10,10.0,10.0,10.0,10.0,10.0,10.0,10.0,10.0,10.0,10.0,10.0,10.0,10.0,10.0,10.0,10.0,10.0,10.0,10.0,10.0,10.0,10.0,10.0,10.0,10.0,2.0,0.0,0.0,0.0,0.0,0.0,0.0,0.0,0.0,0.0,0.0,0.0,0.0,0.0,0.0,0.0,0.0,0.0,0.0,0.0,0.0,0.0,0.0,0.0,0.0,0.0,0.0,0.0,0.0,0.0,0.0,0.0,0.0,0.0,0.0,0.0,0.0,0.0,0.0,0.0,0.0,0.0,0.0,0.0,0.0,0.0,0.0,0.0,0.0,0.0,0.0,10.0,10.0,10.0,10.0,10.0,10.0,10.0,10.0,10.0,10.0,10.0,10.0,10.0,10.0,10.0,10.0,10.0,10.0,10.0,10.0
2025-11-11,10.0,10.0,10.0,10.0,10.0,10.0,10.0,10.0,10.0,10.0,10.0,10.0,10.0,10.0,10.0,10.0,10.0,10.0,10.0,10.0,10.0,10.0,10.0,10.0,10.0,10.0,4.0,0.0,0.0,0.0,0.0,0.0,0.0,0.0,0.0,0.0,0.0,0.0,0.0,0.0,0.0,0.0,0.0,0.0,0.0,0.0,0.0,0.0,0.0,0.0,0.0,0.0,0.0,0.0,0.0,0.0,0.0,0.0,0.0,0.0,0.0,0.0,0.0,0.0,0.0,0.0,0.0,0.0,0.0,0.0,0.0,0.0,0.0,0.0,0.0,0.0,10.0,10.0,10.0,10.0,10.0,10.0,10.0,10.0,10.0,10.0,10.0,10.0,10.0,10.0,10.0,10.0,10.0,10.0,10.0,10.0
2025-11-12,10.0,10.0,10.0,10.0,10.0,10.0,10.0,10.0,10.0,10.0,10.0,10.0,10.0,10.0,10.0,10.0,10.0,10.0,10.0,10.0,10.0,10.0,10.0,10.0,10.0,10.0,2.0,0.0,0.0,0.0,0.0,0.0,0.0,0.0,0.0,0.0,0.0,0.0,0.0,0.0,0.0,0.0,0.0,0.0,0.0,0.0,0.0,0.0,0.0,0.0,0.0,0.0,0.0,0.0,0.0,0.0,0.0,0.0,0.0,0.0,0.0,0.0,0.0,0.0,0.0,0.0,0.0,0.0,0.0,0.0,0.0,0.0,0.0,0.0,0.0,5.0,10.0,10.0,10.0,10.0,10.0,10.0,10.0,10.0,10.0,10.0,10.0,10.0,10.0,10.0,10.0,10.0,10.0,10.0,10.0,10.0
2025-11-13,10.0,10.0,10.0,10.0,10.0,10.0,10.0,10.0,10.0,10.0,10.0,10.0,10.0,10.0,10.0,10.0,10.0,10.0,10.0,10.0,10.0,10.0,10.0,10.0,10.0,4.0,0.0,0.0,0.0,0.0,0.0,0.0,0.0,0.0,0.0,0.0,0.0,0.0,0.0,0.0,0.0,0.0,0.0,0.0,0.0,0.0,0.0,0.0,0.0,0.0,0.0,0.0,0.0,0.0,0.0,0.0,0.0,0.0,0.0,0.0,0.0,0.0,0.0,0.0,0.0,0.0,0.0,0.0,0.0,0.0,0.0,0.0,0.0,0.0,0.0,0.0,10.0,10.0,10.0,10.0,10.0,10.0,10.0,10.0,10.0,10.0,10.0,10.0,10.0,10.0,10.0,10.0,10.0,10.0,10.0,10.0
2025-11-14,10.0,10.0,10.0,10.0,10.0,10.0,10.0,10.0,10.0,10.0,10.0,10.0,10.0,10.0,10.0,10.0,10.0,10.0,10.0,10.0,10.0,10.0,10.0,10.0,10.0,6.0,0.0,0.0,0.0,0.0,0.0,0.0,0.0,0.0,0.0,0.0,0.0,0.0,0.0,0.0,0.0,0.0,0.0,0.0,0.0,0.0,0.0,0.0,0.0,0.0,0.0,0.0,0.0,0.0,0.0,0.0,0.0,0.0,0.0,0.0,0.0,0.0,0.0,0.0,0.0,0.0,0.0,0.0,0.0,0.0,0.0,0.0,0.0,0.0,0.0,0.0,10.0,10.0,10.0,10.0,10.0,10.0,10.0,10.0,10.0,10.0,10.0,10.0,10.0,10.0,10.0,10.0,10.0,10.0,10.0,10.0
2025-11-15,10.0,10.0,10.0,10.0,10.0,10.0,10.0,10.0,10.0,10.0,10.0,10.0,10.0,10.0,10.0,10.0,10.0,10.0,10.0,10.0,10.0,10.0,10.0,10.0,10.0,4.0,0.0,0.0,0.0,0.0,0.0,0.0,0.0,0.0,0.0,0.0,0.0,0.0,0.0,0.0,0.0,0.0,0.0,0.0,0.0,0.0,0.0,0.0,0.0,0.0,0.0,0.0,0.0,0.0,0.0,0.0,0.0,0.0,0.0,0.0,0.0,0.0,0.0,0.0,0.0,0.0,0.0,0.0,0.0,0.0,0.0,0.0,0.0,0.0,0.0,4.0,10.0,10.0,10.0,10.0,10.0,10.0,10.0,10.0,10.0,8.0,10.0,10.0,10.0,10.0,10.0,10.0,10.0,10.0,10.0,10.0
2025-11-16,10.0,10.0,10.0,10.0,10.0,10.0,10.0,10.0,10.0,10.0,10.0,10.0,10.0,10.0,10.0,10.0,10.0,10.0,6.0,6.0,10.0,10.0,10.0,10.0,10.0,6.0,0.0,0.0,0.0,0.0,0.0,0.0,0.0,0.0,0.0,0.0,0.0,0.0,0.0,0.0,0.0,0.0,0.0,0.0,0.0,0.0,0.0,0.0,0.0,0.0,0.0,0.0,0.0,0.0,0.0,0.0,0.0,0.0,0.0,0.0,0.0,0.0,0.0,0.0,0.0,0.0,0.0,0.0,0.0,0.0,0.0,0.0,0.0,0.0,0.0,0.0,10.0,10.0,10.0,10.0,10.0,10.0,10.0,10.0,10.0,10.0,10.0,10.0,10.0,10.0,10.0,10.0,10.0,10.0,10.0,10.0
2025-11-17,10.0,10.0,10.0,10.0,10.0,10.0,10.0,10.0,10.0,10.0,10.0,10.0,10.0,10.0,10.0,10.0,10.0,10.0,10.0,10.0,10.0,10.0,10.0,10.0,10.0,10.0,0.0,0.0,0.0,0.0,0.0,0.0,0.0,0.0,0.0,0.0,0.0,0.0,0.0,0.0,0.0,0.0,0.0,0.0,0.0,0.0,0.0,0.0,0.0,0.0,0.0,0.0,0.0,0.0,0.0,0.0,0.0,0.0,0.0,0.0,0.0,0.0,0.0,0.0,0.0,0.0,0.0,0.0,0.0,0.0,0.0,0.0,0.0,0.0,0.0,2.0,10.0,10.0,10.0,10.0,8.0,10.0,10.0,10.0,10.0,10.0,10.0,10.0,10.0,10.0,10.0,10.0,10.0,10.0,10.0,10.0
2025-11-18,10.0,10.0,10.0,10.0,10.0,10.0,10.0,10.0,10.0,10.0,10.0,10.0,10.0,10.0,10.0,10.0,10.0,10.0,10.0,10.0,10.0,10.0,10.0,10.0,10.0,4.0,0.0,0.0,0.0,0.0,0.0,0.0,0.0,0.0,0.0,0.0,0.0,0.0,0.0,0.0,0.0,0.0,0.0,0.0,0.0,0.0,0.0,0.0,0.0,0.0,0.0,0.0,0.0,0.0,0.0,0.0,0.0,0.0,0.0,0.0,0.0,0.0,0.0,0.0,0.0,0.0,0.0,0.0,0.0,0.0,0.0,0.0,0.0,0.0,0.0,4.0,8.0,10.0,10.0,10.0,10.0,10.0,10.0,10.0,10.0,10.0,10.0,10.0,10.0,10.0,10.0,10.0,10.0,10.0,10.0,10.0
2025-11-19,10.0,10.0,10.0,10.0,10.0,10.0,10.0,10.0,10.0,10.0,10.0,10.0,10.0,10.0,10.0,10.0,10.0,10.0,10.0,10.0,10.0,10.0,10.0,10.0,10.0,4.0,0.0,0.0,0.0,0.0,0.0,0.0,0.0,0.0,0.0,0.0,0.0,0.0,0.0,0.0,0.0,0.0,0.0,0.0,0.0,0.0,0.0,0.0,0.0,0.0,0.0,0.0,0.0,0.0,0.0,0.0,0.0,0.0,0.0,0.0,0.0,0.0,0.0,0.0,0.0,0.0,0.0,0.0,0.0,0.0,0.0,0.0,0.0,0.0,0.0,0.0,10.0,10.0,10.0,10.0,10.0,10.0,10.0,10.0,10.0,10.0,10.0,10.0,10.0,10.0,6.0,8.0,10.0,10.0,10.0,10.0
2025-11-20,10.0,10.0,10.0,10.0,10.0,10.0,10.0,10.0,10.0,10.0,10.0,10.0,10.0,10.0,10.0,10.0,10.0,10.0,10.0,10.0,10.0,10.0,10.0,10.0,10.0,10.0,4.0,0.0,0.0,0.0,0.0,0.0,0.0,0.0,0.0,0.0,0.0,0.0,0.0,0.0,0.0,0.0,0.0,0.0,0.0,0.0,0.0,0.0,0.0,0.0,0.0,0.0,0.0,0.0,0.0,0.0,0.0,0.0,0.0,0.0,0.0,0.0,0.0,0.0,0.0,0.0,0.0,0.0,0.0,0.0,0.0,0.0,0.0,0.0,0.0,5.0,10.0,10.0,10.0,10.0,10.0,10.0,10.0,10.0,10.0,10.0,10.0,10.0,10.0,10.0,10.0,10.0,10.0,10.0,10.0,10.0
2025-11-21,10.0,10.0,10.0,10.0,10.0,10.0,10.0,10.0,10.0,10.0,10.0,10.0,10.0,10.0,10.0,10.0,10.0,10.0,10.0,10.0,10.0,10.0,10.0,10.0,10.0,8.0,0.0,0.0,0.0,0.0,0.0,0.0,0.0,0.0,0.0,0.0,0.0,0.0,0.0,0.0,0.0,0.0,0.0,0.0,0.0,0.0,0.0,0.0,0.0,0.0,0.0,0.0,0.0,0.0,0.0,0.0,0.0,0.0,0.0,0.0,0.0,0.0,0.0,0.0,0.0,0.0,0.0,0.0,0.0,0.0,0.0,0.0,0.0,0.0,0.0,0.0,4.0,10.0,10.0,10.0,10.0,10.0,10.0,10.0,10.0,10.0,10.0,10.0,10.0,10.0,10.0,10.0,10.0,10.0,10.0,10.0
2025-11-22,10.0,10.0,10.0,10.0,10.0,10.0,10.0,10.0,10.0,10.0,10.0,10.0,10.0,10.0,10.0,10.0,10.0,10.0,10.0,10.0,10.0,10.0,10.0,10.0,10.0,8.0,0.0,0.0,0.0,0.0,0.0,0.0,0.0,0.0,0.0,0.0,0.0,0.0,0.0,0.0,0.0,0.0,0.0,0.0,0.0,0.0,0.0,0.0,0.0,0.0,0.0,0.0,0.0,0.0,0.0,0.0,0.0,0.0,0.0,0.0,0.0,0.0,0.0,0.0,0.0,0.0,0.0,0.0,0.0,0.0,0.0,0.0,0.0,0.0,0.0,0.0,10.0,10.0,10.0,10.0,10.0,10.0,10.0,10.0,10.0,10.0,10.0,10.0,10.0,10.0,10.0,10.0,10.0,10.0,10.0,10.0
2025-11-23,10.0,10.0,10.0,10.0,10.0,10.0,10.0,10.0,10.0,10.0,10.0,10.0,10.0,10.0,10.0,10.0,10.0,10.0,10.0,8.0,8.0,10.0,10.0,10.0,10.0,5.0,0.0,0.0,0.0,0.0,0.0,0.0,0.0,0.0,0.0,0.0,0.0,0.0,0.0,0.0,0.0,0.0,0.0,0.0,0.0,0.0,0.0,0.0,0.0,0.0,0.0,0.0,0.0,0.0,0.0,0.0,0.0,0.0,0.0,0.0,0.0,0.0,0.0,0.0,0.0,0.0,0.0,0.0,0.0,0.0,0.0,0.0,0.0,0.0,0.0,0.0,10.0,10.0,10.0,10.0,10.0,10.0,10.0,8.0,8.0,10.0,10.0,10.0,10.0,10.0,10.0,10.0,10.0,10.0,10.0,10.0
2025-11-24,10.0,10.0,10.0,10.0,10.0,10.0,10.0,10.0,10.0,10.0,10.0,10.0,10.0,10.0,10.0,10.0,10.0,10.0,10.0,10.0,10.0,10.0,10.0,10.0,10.0,8.0,0.0,0.0,0.0,0.0,0.0,0.0,0.0,0.0,0.0,0.0,0.0,0.0,0.0,0.0,0.0,0.0,0.0,0.0,0.0,0.0,0.0,0.0,0.0,0.0,0.0,0.0,0.0,0.0,0.0,0.0,0.0,0.0,0.0,0.0,0.0,0.0,0.0,0.0,0.0,0.0,0.0,0.0,0.0,0.0,0.0,0.0,0.0,0.0,0.0,0.0,10.0,10.0,10.0,10.0,10.0,10.0,10.0,10.0,10.0,10.0,10.0,10.0,10.0,10.0,8.0,8.0,10.0,10.0,10.0,10.0
2025-11-25,10.0,10.0,10.0,10.0,10.0,10.0,10.0,10.0,10.0,10.0,10.0,10.0,10.0,10.0,10.0,10.0,10.0,10.0,10.0,10.0,10.0,10.0,10.0,10.0,10.0,10.0,5.0,0.0,0.0,0.0,0.0,0.0,0.0,0.0,0.0,0.0,0.0,0.0,0.0,0.0,0.0,0.0,0.0,0.0,0.0,0.0,0.0,0.0,0.0,0.0,0.0,0.0,0.0,0.0,0.0,0.0,0.0,0.0,0.0,0.0,0.0,0.0,0.0,0.0,0.0,0.0,0.0,0.0,0.0,0.0,0.0,0.0,0.0,0.0,0.0,0.0,8.0,10.0,10.0,10.0,10.0,10.0,10.0,10.0,10.0,10.0,6.0,4.0,10.0,10.0,10.0,10.0,10.0,10.0,10.0,10.0
2025-11-26,10.0,10.0,10.0,10.0,10.0,10.0,10.0,10.0,10.0,10.0,10.0,10.0,10.0,10.0,10.0,10.0,10.0,10.0,10.0,10.0,10.0,10.0,10.0,10.0,8.0,6.0,0.0,0.0,0.0,0.0,0.0,0.0,0.0,0.0,0.0,0.0,0.0,0.0,0.0,0.0,0.0,0.0,0.0,0.0,0.0,0.0,0.0,0.0,0.0,0.0,0.0,0.0,0.0,0.0,0.0,0.0,0.0,0.0,0.0,0.0,0.0,0.0,0.0,0.0,0.0,0.0,0.0,0.0,0.0,0.0,0.0,0.0,0.0,0.0,0.0,1.0,2.0,10.0,10.0,10.0,10.0,8.0,8.0,10.0,10.0,10.0,10.0,10.0,10.0,10.0,10.0,10.0,10.0,0.0,0.0,0.0
2025-11-27,0.0,0.0,0.0,0.0,0.0,0.0,0.0,0.0,0.0,0.0,0.0,0.0,0.0,0.0,0.0,0.0,0.0,0.0,0.0,0.0,0.0,0.0,0.0,0.0,0.0,0.0,0.0,0.0,0.0,0.0,0.0,0.0,0.0,0.0,0.0,0.0,0.0,0.0,0.0,0.0,0.0,0.0,0.0,0.0,0.0,0.0,0.0,0.0,0.0,0.0,0.0,0.0,0.0,0.0,0.0,0.0,0.0,0.0,0.0,0.0,0.0,0.0,0.0,0.0,0.0,0.0,0.0,0.0,0.0,0.0,0.0,0.0,0.0,0.0,0.0,0.0,8.0,9.0,10.0,10.0,10.0,10.0,10.0,10.0,10.0,10.0,10.0,10.0,10.0,10.0,10.0,10.0,10.0,10.0,10.0,10.0
2025-11-28,10.0,10.0,10.0,10.0,10.0,10.0,10.0,10.0,10.0,10.0,10.0,10.0,10.0,10.0,10.0,10.0,10.0,10.0,10.0,10.0,6.0,10.0,10.0,10.0,10.0,10.0,0.0,0.0,0.0,0.0,0.0,0.0,0.0,0.0,0.0,0.0,0.0,0.0,0.0,0.0,0.0,0.0,0.0,0.0,0.0,0.0,0.0,0.0,0.0,0.0,0.0,0.0,0.0,0.0,0.0,0.0,0.0,0.0,0.0,0.0,0.0,0.0,0.0,0.0,0.0,0.0,0.0,0.0,0.0,0.0,0.0,0.0,0.0,0.0,0.0,0.0,8.0,10.0,10.0,10.0,10.0,10.0,10.0,10.0,10.0,10.0,10.0,10.0,10.0,10.0,10.0,10.0,10.0,10.0,10.0,10.0
2025-11-29,10.0,10.0,10.0,10.0,10.0,10.0,10.0,10.0,10.0,10.0,10.0,10.0,10.0,10.0,10.0,10.0,10.0,10.0,10.0,10.0,10.0,10.0,10.0,10.0,10.0,2.0,0.0,0.0,0.0,0.0,0.0,0.0,0.0,0.0,0.0,0.0,0.0,0.0,0.0,0.0,0.0,0.0,0.0,0.0,0.0,0.0,0.0,0.0,0.0,0.0,0.0,0.0,0.0,0.0,0.0,0.0,0.0,0.0,0.0,0.0,0.0,0.0,0.0,0.0,0.0,0.0,0.0,0.0,0.0,0.0,0.0,0.0,0.0,0.0,0.0,3.3333333333333335,6.666666666666667,10.0,10.0,10.0,10.0,10.0,10.0,10.0,10.0,10.0,10.0,10.0,10.0,10.0,10.0,10.0,10.0,10.0,10.0,10.0
2025-11-30,10.0,10.0,10.0,10.0,10.0,10.0,10.0,10.0,10.0,10.0,10.0,10.0,10.0,10.0,10.0,10.0,10.0,10.0,10.0,10.0,10.0,10.0,10.0,10.0,10.0,10.0,0.0,0.0,0.0,0.0,0.0,0.0,0.0,0.0,0.0,0.0,0.0,0.0,0.0,0.0,0.0,0.0,0.0,0.0,0.0,0.0,0.0,0.0,0.0,0.0,0.0,0.0,0.0,0.0,0.0,0.0,0.0,0.0,0.0,0.0,0.0,0.0,0.0,0.0,0.0,0.0,0.0,0.0,0.0,0.0,0.0,0.0,0.0,0.0,0.0,0.0,10.0,8.0,8.0,10.0,10.0,10.0,10.0,10.0,10.0,10.0,10.0,10.0,10.0,10.0,10.0,10.0,10.0,10.0,10.0,10.0
