season,seed,slot_0,slot_1,slot_2,slot_3,slot_4,slot_5,slot_6,slot_7,slot_8,slot_9,slot_10,slot_11,slot_12,slot_13,slot_14,slot_15,slot_16,slot_17,slot_18,slot_19,slot_20,slot_21,slot_22,slot_23,slot_24,slot_25,slot_26,slot_27,slot_28,slot_29,slot_30,slot_31,slot_32,slot_33,slot_34,slot_35,slot_36,slot_37,slot_38,slot_39,slot_40,slot_41,slot_42,slot_43,slot_44,slot_45,slot_46,slot_47,slot_48,slot_49,slot_50,slot_51,slot_52,slot_53,slot_54,slot_55,slot_56,slot_57,slot_58,slot_59,slot_60,slot_61,slot_62,slot_63,slot_64,slot_65,slot_66,slot_67,slot_68,slot_69,slot_70,slot_71,slot_72,slot_73,slot_74,slot_75,slot_76,slot_77,slot_78,slot_79,slot_80,slot_81,slot_82,slot_83,slot_84,slot_85,slot_86,slot_87,slot_88,slot_89,slot_90,slot_91,slot_92,slot_93,slot_94,slot_95
Dry season,0,94.68903659440839,98.47747214597707,97.19637133648098,100.6177947593708,103.29154249315106,105.79849076895525,111.89803973817702,115.97532169107713,113.97608833492478,112.15420512383845,109.91159383689224,107.63753053046158,108.51783000703553,113.97487174469238,107.78676375522255,109.9957798000675,111.63798972383523,113.42865764865904,114.12902048422504,117.2927884796946,116.60330198145866,115.09118799695813,123.31223875842507,129.78875437091483,135.1382777020501,127.27158605370688,117.29654336731369,104.71654960431009,92.96273303958004,80.0170557415352,68.76426490199489,59.13747956670399,49.66297857342139,47.657936886575634,45.34293621213455,46.482251761053696,50.71227477731159,57.975696801425364,59.3239044357991,57.682835188955885,52.536647449529156,42.473452071434025,43.939356744086986,45.27147088104282,48.78499778173231,44.19037128397348,37.34146809546499,26.42342735821393,31.509604660520534,44.90176927940571,51.79849728199273,57.55840522161892,69.32294932352592,84.56402884552631,92.84198187092014,97.20390459898272,94.22119173022067,90.77350708947853,90.69306535989882,89.44114594495406,89.89699163836305,91.14734919373024,95.40871179337319,95.10921686893974,100.59838768720608,98.72924356225754,99.96630995646078,105.9765628377015,98.72633998282112,95.45479216143892,94.76455375595836,90.0094259616998,93.9435798478306,99.19415407000108,98.41501352973604,96.76747173897812,95.15774898738134,98.25634666988411,101.78928913360825,101.94923448333931,100.47778525449313,99.99991254555624,101.39641585461719,95.39443177931597,93.09656185249,94.83789676028157,91.67904602187454,94.20304899494334,93.4246933946517,93.06579202790412,95.420275648191,99.03976973546627,101.22371079172389,96.75800532484229,97.22546178045761,94.68662007633151
Dry season,1,97.6176558820923,100.36056663967965,102.4962713491422,101.87100011897223,103.53063300309458,101.18002639806022,101.85910402682053,105.39474991454799,109.71405363882413,104.37297016467008,105.45609228030426,104.80263021223682,103.82938596184111,102.77809176048851,103.43138283879372,110.28774462991977,113.08058456352614,109.40486192218755,109.85639330017973,104.53054333195288,105.78911807632561,111.16016904685739,118.35041207134502,131.67763457279185,137.16797415273237,126.06857610406756,118.72445779517857,111.81946996357689,101.60824927785366,91.49333903526697,84.00880071787807,71.70132673002688,57.05083950125867,52.79070658608214,53.04852686883352,54.4195030152725,54.95575489202111,56.303909337293625,53.05978616256791,51.253477831718286,46.782279049371844,49.738023243797585,51.67082716286373,49.72288174124692,44.12519733857762,41.01101278415337,33.04299504412419,27.906749125055917,29.978418102736548,46.68469554399311,52.746681373270654,59.598823567168616,65.00003878540525,73.51666197902271,84.44129287747143,97.16395358454079,103.34341380309056,99.0600637913874,99.52426739438987,99.87253506365727,107.16175182660874,110.40990509872076,106.2865578176065,103.36530693097338,92.7319959897017,92.11562413594548,94.91450060487041,89.34842339066795,96.21719976910703,98.20474285631403,99.03595816747067,102.95897517327275,101.10782666325622,98.88206425439715,94.7204448338619,98.49108213204981,93.63886042244089,93.60698921288493,95.94377976617389,94.53190311709271,98.01769501126054,97.66092380445691,100.1035859625561,103.82605908635438,105.45107596597865,101.39384926134731,93.6725918364097,90.642654382249,93.48275139633174,97.21136547808638,93.9879792362639,93.22859707086145,95.09342976211265,94.78379481908219,95.88997825540234,100.87979358939829
Dry season,2,91.57972073959584,94.5274378605486,92.96767327916929,95.18844816030088,100.45410845826751,104.18732485671508,108.74193453142269,104.6788331364573,102.79110516028688,103.13901047595226,107.85373731594086,111.87855600113751,112.24101773827503,109.64025595312246,107.7591739010058,109.92384492547184,109.83456401882876,116.35195485456659,113.73311634959019,113.0153913925467,115.58500110539056,114.33932616387227,118.45725639157352,126.57279380303066,133.99375703764738,128.0769085283981,120.9782766576765,113.62825902577474,101.07558634125897,90.97617845688968,83.3771811350925,72.97798209261595,60.56341783904529,52.71750489582662,53.07040991254393,54.091850367653606,55.353826978402054,52.448797281653455,48.14855099360787,46.45469592670523,46.57458188668097,46.413647217525,53.69946425901468,51.66183974836956,49.69128938923881,46.11639071365493,37.62431212284178,29.72167129569143,24.971138120389234,29.914023171577295,38.45071949589289,46.50880261886468,61.63131727725207,76.11978742592956,89.54781223329817,99.74925070300972,105.16339031246073,106.36480050381893,106.64677795166446,104.92645557422958,97.3916246284752,95.6376652211808,88.78247988742487,92.35611060818681,90.57037766984158,91.84186257785035,102.18932574390159,101.50667701509312,100.56328704344845,93.95194191538013,99.4320627785335,100.59322352471281,102.05832509030365,96.9766182685635,89.37396422670105,86.33325018429925,88.60378996708484,91.09387346344857,89.69692291637622,92.95747712811908,95.3059064124625,94.37586712014131,93.62665694057696,93.54847733028677,99.7870866244274,98.63666563177615,98.31820474472876,97.34621809919811,95.70674889326791,92.90216998019932,99.9258730147104,98.24606803604185,95.62121746904546,94.20881400712032,97.5154256968393,95.67876629998321
Dry season,3,101.84532465710659,94.65941138261637,91.0951699087412,90.83944698873452,97.40619528768165,100.84255265521433,97.59499443673674,98.48484767064699,100.46734793381891,108.7792201349223,117.32295253489109,119.33779891440554,114.72865619386945,112.71375077914084,105.21975941974216,103.65682649782362,107.92136102965605,108.9193315872233,104.7656880769257,112.53798731437477,116.09760859945366,118.70787794813396,124.77506430675051,129.92617015865463,134.47904635222469,119.92757544595817,111.56334144280574,101.17132316493577,97.3134301443474,90.836878944317,79.952537140385,70.76495909669592,58.0326828766802,51.89719914724899,50.076543172606755,52.32542663032827,52.69821666659114,49.35595875695814,45.71877598375738,49.837468269911504,55.6268217865407,59.12346871154269,51.249825835907004,48.60715157445813,47.23034139564134,45.132668451022134,37.74700225330635,27.89197373006929,27.18894175885803,40.17440283579787,51.81450159005275,57.076968909338035,66.7247194875369,83.06495248293027,94.58705894100787,100.8802073578954,104.35265877920786,96.46031401410299,99.57799648724396,103.9455411281371,99.19017151007195,98.31171874124857,91.77913391831973,95.70115875028154,102.36333029715674,109.01744442460426,102.46038029150333,98.86943079480224,103.6873975738465,101.19015183753034,105.41836198450137,102.72147032092663,99.66868590669269,94.1887410358895,95.05358512660297,93.47016263922973,91.94951915185393,89.8873890929396,88.78206251996566,91.84210411736767,95.69424785893465,101.46935938408525,103.08855838205662,98.21164041735624,98.7407016845944,97.0672163389543,94.68606159676527,98.22895536286407,95.81143015846168,96.6126017742127,95.01832789120203,97.95377508641424,102.31139702777834,107.22639966774959,109.38917921344269,106.85383554692103
Dry season,4,90.02764440042269,87.87524584387097,98.13696773804412,103.13227779140274,100.79419692037801,102.79000482921354,104.52450745138502,106.56781112168115,106.85823098247562,105.26553532503151,104.34618247486004,102.62178765325007,101.8116414651473,106.85009547214419,110.8361197968728,113.54707696661994,117.89337799969081,111.896096120426,116.88535447168891,122.21964995555687,125.50328437516916,126.51722041856462,128.41945670565875,125.67207923262532,126.30394514487472,122.0089605822648,113.66520059945302,103.19953023935824,95.48574237530967,84.46369196914091,77.04971170698892,69.49740919655704,61.7847423139277,52.864608939044246,48.651673188670934,51.21195197137378,56.307684431647765,56.74563306884629,53.90193342413243,47.23738455318654,49.74069391199261,48.11451394031074,47.60645194738363,46.00071877316661,47.3887621918818,41.829497113285896,34.38489174743756,26.48159500678549,25.932114873007052,35.62175265690006,44.09318281123616,51.47911439746848,63.300089227899896,73.87707576686239,84.41874170279485,95.07905027323868,101.05717275020217,98.3792590313374,98.56990376594436,95.12142764010308,95.780716575553,100.50979238794233,101.81160982044699,98.99097480344815,95.41700231670288,101.30411121886826,101.70762578787402,105.30086634194181,104.56462252702627,99.01229058837635,95.30731875283364,96.26882249367422,98.206194508474,93.22576863374024,90.86041461318521,89.90990984953683,85.58244964718665,89.37177203284025,92.39050566748782,95.13207051972664,98.8169295830389,102.44356285752515,103.37403583037212,98.6584132885953,96.64932017054842,92.66992345973122,93.77099271757149,92.75101907337965,93.4688335285204,92.96314815935425,97.24346853757076,100.59204401854714,103.3832668279878,106.41493303378273,97.93767566410264,92.62376652700225
Dry season,5,93.87104013845321,98.92481307886482,100.30246762926637,102.54591586282443,105.52777721710851,101.98856425123178,104.53798870940925,111.69800735846644,112.18249764095481,114.63261331744475,111.30671012774518,109.56198162372364,109.4732197716582,110.24931135471455,105.68830520866193,108.82461141714359,108.97525969207433,107.97124174681376,111.23182858071951,112.48920295749666,121.33583668785806,124.14759702050031,123.1335961899951,125.38634903904722,129.62104256834314,121.95255204523941,114.51774933799723,107.78080567409306,92.51457045426608,81.77694718461203,71.67374557810018,64.26458442964194,54.84857802245907,51.77243253952066,52.151956873483996,60.51804521894116,57.76328125583789,50.72038621551979,52.96292125734539,53.175550974675595,54.80561886058022,49.09208238106809,48.702442029389765,42.04399024601742,41.218127272950944,39.865830823096275,43.165949613866964,29.96544044661142,29.738615053090317,42.995967649696794,47.88929836702207,55.05385888030696,66.15792242572567,78.70721386319562,89.09026495430457,97.76381919640484,102.782450158027,97.0247783566234,96.07150981834616,98.9748245032228,99.38211341992805,99.28908076022509,97.81638446819616,95.69406847716742,92.36279265774922,94.9238192858632,98.32575318131371,101.43124954242967,103.25344227704689,104.13349427329344,101.80309390153656,99.56641025456548,90.97268387702793,88.64876549939918,90.44941737606335,90.49937464141333,92.8543194266157,97.02558921862206,96.03152895780947,95.09682277699001,94.4929080408003,98.02953820632241,98.47912523691804,92.73819112758072,87.06872970841692,87.35463743059769,89.97435039793147,92.3610977725675,95.83431350871409,98.39980593624942,100.50994109407438,103.14528201066197,101.38454948187999,99.3876579776734,96.48020587257562,94.58352870782859
Dry season,6,93.43602282605713,99.97145300242444,107.35171779274104,110.68446124990349,110.48252825246794,104.84944435253644,101.79438207288626,105.37968439344789,107.71041461163465,105.58366336140939,103.95438762405749,103.69148690305296,104.07938113693578,112.31450316903707,120.45667164950096,115.57550148100968,112.50062599297318,107.77372872787947,104.0452087420408,100.48259335587572,99.03044892000737,102.7338808503515,102.94621540836049,120.80132601323353,125.02576229361313,126.74940051629261,121.3825847038276,112.83692617114845,103.79225819303137,98.44396909471816,87.15538348969787,72.52651729607564,63.50227984092635,54.163548599698444,57.26925335305592,55.780242646445636,50.81529284279468,45.21325685484934,39.731648208843616,47.79335008761849,54.087666671326026,54.65318187056936,49.188988797212204,49.01855784396293,49.21391724143613,42.8691868366925,39.16427530582947,28.118921560907598,27.83748717658954,37.60946046560934,43.97223554142761,48.136619610357116,59.1289976683043,77.41685720258515,92.05347227520423,100.34111140036944,98.53960450998046,97.87361810622082,95.88208787588259,98.89700286170505,102.50166366714254,98.70269447424077,96.06557156849316,93.22477566023801,96.49412631792406,97.43640323890183,101.1767630370267,103.00065387971702,96.26500662404626,96.25000356226431,91.98967828797203,93.09614800229717,95.01481396656985,99.46622969798837,96.90107366873332,89.4206890834922,88.96398228121991,91.27070355918345,95.19825158084481,106.20446867980999,105.94240146598206,103.77668537219661,104.6707920762535,101.02890908455878,104.2837632738481,104.32317083327003,98.65792792992985,92.08233764355491,87.61545591156893,84.75682138266872,87.74488562076955,90.76593909218559,97.81339703696668,97.54601745892845,91.25542695385043,89.3117825014303
Dry season,7,91.0174477709259,90.34785954606826,93.10792555663717,96.79809870885582,101.01618517589691,103.89300233291426,111.34258709844646,110.11698264798035,110.31271221100914,113.18209689422807,106.27106396693134,111.37123691249013,106.00110124093015,105.43893051764256,107.91213597895471,110.76724210695205,109.98253585416643,111.87930112974908,104.2585411062482,107.67350572145435,113.43551051172452,118.91420158917289,122.89466121571043,124.45023455838025,129.78921382240677,127.23688427108382,118.7539495330762,112.31915723700708,96.7028984234703,84.43085991735789,66.25665200991422,57.55654277940565,48.78116472517068,48.30166037946673,50.421582496466236,51.00107169574895,50.61815920971604,50.75155860915199,50.41821592930796,56.84167870568046,53.76289789223117,50.433762211065044,44.32436461477227,41.79095350900839,44.500785169368505,41.73596358640972,39.37036102407549,28.94083587076416,25.72385212190752,34.55728730678397,43.30175793461858,53.63603730997365,63.743723525169926,76.34318775871135,85.46607903961858,97.36908830769364,100.71838161110465,102.63593068350782,102.81769947107715,101.2923611662477,97.76564849733641,97.93962740212652,102.96208952350098,99.9471925192645,100.7688504369192,100.00131522535379,94.46853223685267,96.21014593378877,94.81363649099582,94.123105158422,94.68411038336545,94.80060576696604,94.78624407860008,99.11672376021147,102.30794012819642,107.23845079112719,104.8538210417942,103.4461462619652,97.78863574130726,94.53777913852515,94.1257330714635,88.4123258272794,87.8167405731296,87.20739174692889,85.23115059492899,90.62595039138147,93.85563914414003,99.52653378715148,103.92630042457856,103.22078677505421,106.1825331183356,103.72051069167289,101.6028962643654,100.11242215719794,94.91731946428682,94.31278622859506
Dry season,8,92.72263343024166,101.74311917745791,108.38137506664526,109.7981342979525,111.81972850184239,112.32282473385955,112.42636400290465,109.45434856587771,112.45231778282049,110.64309655480243,113.55791877874864,117.41465528195751,113.67943015563068,114.88888890626988,119.08882849742962,122.63006340419217,115.68831051542669,111.28840308876241,109.72213228070106,108.76748616605326,113.04766936746056,119.63945160482844,120.33548811753167,126.33479556448582,135.19629860382614,126.70688871506559,118.00675524704515,109.91799883712375,93.95103225431576,77.00529198230407,66.64993092906471,62.538321592816445,55.204310201276414,48.296075040577385,45.74055150178046,52.542569429501015,54.4877906858558,57.49365250228701,55.63219952676272,54.61021672212499,52.44557503174148,46.03561727957304,47.383297475903824,51.70149213676479,50.01114205241947,42.1333372754391,36.09678247127462,26.175514402418557,27.67871892260661,33.59156874581392,39.78089398100676,49.412307051561136,61.2387854665357,71.73778037635688,87.60643640043396,95.9343012518245,101.17267975444629,102.89144265427606,105.37784026799835,101.74119869579587,102.64987975619617,99.70213014150484,91.58076163032155,89.84194703775863,92.54301821621713,94.38471356518173,98.04735890292032,97.81355701775878,94.83456346614179,93.89983889148765,95.44893241681056,99.68274608899866,98.28001657208777,99.2637403299453,98.95702748496575,97.39693806013908,101.13654894088054,103.07281225229812,99.85308090467797,89.83513207175935,87.63390679637483,85.24947907516953,92.41459555617624,99.11974102357198,99.8519434742042,101.41517587999617,100.26270893975115,101.05923245733646,102.72803518638457,100.2402893290115,96.4711596718332,90.1023047979711,89.24838063198158,87.54417823860983,83.18318575305429,87.71356735088483
Dry season,9,96.503217837611,96.8138374962525,103.26432624161679,106.43888445646489,109.063786095447,108.77154402307862,110.90879489024773,107.97323215615702,103.23719275155067,104.8715599478414,106.4154332886964,106.42623732015143,109.94063239485892,111.8667412038764,119.53112104143081,122.61433966024069,121.09576620982116,117.62541306995745,117.98648941721623,111.95861685193158,111.71513615363364,116.45500184546707,117.07936734379176,122.73714122271763,124.42513453276662,117.41746586541544,113.0533921428527,108.2804675434427,94.99774741180819,82.0670757432202,72.4126181326488,64.62132720718148,61.281807711856366,60.6437920742846,59.50509640550749,56.90337269236848,52.822962619520894,50.880264501090885,50.10597711495206,47.49962375606007,40.27196915117346,36.78395273132208,40.715876120177164,46.9067806509571,52.178621944258836,47.921189409257536,38.41355808138399,28.81627255436086,26.720020216864746,37.39625277047555,46.507472414799594,51.72941710750341,61.52317404215077,75.24427552768105,85.62314479554863,95.93566410324293,98.15587953140309,100.90139071967806,103.30790690067953,108.19421824746499,105.5630440525832,98.35075592467287,98.74918513137544,93.10072169087367,93.97114116074434,97.88922968074574,95.20583525765673,89.72547034995677,88.9604941207618,86.28788985363605,89.20664330661891,92.49297119115583,93.01219758237593,91.0257296368812,89.91976710808744,88.51395298068744,91.12940736964305,96.44439511219417,98.60413888192988,99.90421922347214,104.47535576971296,102.12622313635558,98.34645878096693,95.75735698930671,89.72073455371492,91.99939060561019,92.47532804557665,89.60272763039504,91.82869150343542,96.87072048237376,100.09441056259494,102.6848752593624,104.12350687304561,101.90821311908809,98.37293326167651,96.4318485792352
Dry season,10,102.01815118640803,104.23857553293972,108.96799263664704,107.2076840930217,107.3041269024425,98.36590967091135,101.19762719402824,106.9638812379711,106.12780591175134,102.90207521219101,103.98586785844451,107.99364630081034,105.76040725924175,107.54106778967477,106.70560755268279,107.72933450425653,108.62144980442973,110.18382210883013,110.00803359755609,108.3785520998092,109.19091301323115,108.61243370195962,116.26181635184449,126.33936393803326,133.53012189959696,134.25495716753272,127.74392093974856,115.96028923494546,104.55924063403333,91.24871402029639,77.94666400937676,65.91693508490447,60.60039445087918,52.454779710429925,49.18317629107887,47.403676540243595,47.85271183983115,44.03226630695006,49.19476922284646,56.0680973571912,58.08748435797626,57.49413937031223,52.48576674506852,50.99356353379272,50.205496994481194,46.79745996863281,42.47304658306974,27.677402319382647,24.490790210557087,34.02317530217161,45.53361550779514,52.39602709028513,68.80250759715734,82.17008937762324,91.16796321403828,98.34251065202346,101.98684116803726,100.12192005423312,102.42597158382124,101.3948166731311,94.98705389624394,93.08176216210754,94.49517324178122,99.42998985296586,103.34571272418546,101.33521982890994,91.27502615595027,93.61813895022335,96.30178554196885,98.22589813753613,103.56799094411207,103.5228875666493,103.23890285142667,101.61900703124024,103.91031729540184,97.48138374224183,98.2872633031336,97.7463457499252,92.88086872122932,93.37893716487346,94.48503029340254,98.04995716878148,103.28904543709525,108.66411015210352,100.90728774929238,95.29094098304687,96.94909726529663,96.81537318772804,98.33188748456327,95.90400721300041,91.23444714764277,86.65951832183387,90.94094481796758,96.0776893877493,98.54791336708614,105.44316956754732
Dry season,11,95.20024123637201,92.67146667321657,97.6036880065846,97.02295894667076,99.45206222329868,100.23194728743887,101.55407333659954,106.01323107928096,112.41215172472086,111.78201242108527,110.63183271389805,109.16037822077386,104.63545725416958,103.68481099554745,106.86114167237571,108.49483754782153,110.42032885351583,104.37858850064421,106.44610322177911,107.91778601109198,117.53174280460237,118.67583536724462,119.7894297926121,128.78452898228,132.0789133922941,126.22675311952717,119.96038220022075,111.19060511740459,98.1314105320139,81.05130839116649,69.1837842031789,62.01346398335499,55.605696227660474,48.812539084684936,49.26585563990273,49.649263670574065,50.37241396624635,51.08051595604459,52.39530131563215,51.65252253151058,50.03593121249968,44.30948428082372,47.71398075316166,40.42774064199048,46.930983536994624,44.33757786069837,40.74797342139847,25.387902104765416,29.23474208854863,38.10850650334002,46.02515116799535,56.77561211780378,66.90760119565914,78.73269090475863,87.32205482086943,96.93626118136902,98.88829066605422,99.10434939990566,95.0754236186703,96.12639999802579,97.13243703784727,96.86076059350316,101.39613965129634,100.13810366242971,101.64782664549047,103.68182931472069,107.7094613799616,108.29572753724386,105.35566205761903,101.77686939226327,97.83795875737086,96.56838338585953,90.13276562247033,88.45088448702181,82.77949322629601,76.4221940819255,79.43905907194478,84.25321596889817,89.0024016318843,94.75727092195827,105.77474513286623,109.4790501951003,106.24704083427089,105.1825975017254,102.22500936573557,97.94909176135874,97.92861539926542,101.98982656814626,90.71314490083346,92.20553087538451,93.15822630342983,94.23669606951717,99.23911833451871,97.71920130149618,95.2836867228052,97.01262836470978
Dry season,12,92.77732466416026,97.70196952062801,102.9373845323497,106.46592102415472,110.25049886792519,108.39767049661342,103.22152792600713,100.85516879347273,101.75505099355277,102.46976125738985,103.45860218698245,103.34090197646213,106.70849628647534,105.3898088393805,109.67766152050906,117.00854918137969,114.14191839086013,113.20405374373475,108.83843613204607,107.29880911296449,113.6181749313045,119.26490073389631,124.08054255381475,127.8997113295576,129.81953083811143,126.82923284453568,118.59838069107678,111.59249479123258,98.79664162401933,85.70856099000048,70.41747604077729,63.722176950224224,58.205999602037785,58.12055362963583,55.31620864579831,53.120934044063986,52.935028891570276,53.8619754425598,51.06023026518846,49.12938295227285,51.94757694072531,49.181094139051545,43.56108714083476,42.28325401932445,49.86791870825208,43.196827024437475,38.74775767630445,28.426107736530078,25.362275758210767,33.73680086240982,41.123295279572076,43.52351443214986,51.30158256518095,63.44352318126049,73.76284958499042,82.02669645174782,85.58579685246644,83.55536880622516,88.82732605612952,93.17764622405097,98.84469929748904,102.25770091639029,98.7482541456112,99.76915130526632,102.41248465360248,106.89701401182214,103.65998257027339,98.35875702598443,96.81225699552085,91.05729701133626,96.16271256014782,96.53697695629393,97.05642868707642,99.17112228161508,95.65103977853511,90.3210358397058,91.9047800796457,92.08771236565327,96.79323323598773,98.04336342651595,96.6444412802965,95.34930245560487,94.09305680605459,95.96613446086288,98.76652568498075,95.6410825856105,95.45273973271546,97.37927693812176,93.8057936031246,94.22081942135641,94.37544513856491,91.51455127290173,94.59424337862677,95.92124424359898,96.11167428639207,95.93611386284364
Dry season,13,97.89486710520428,89.67094286052078,90.4169129857613,87.00668287540341,93.25570880769092,101.03863314746708,109.09951091432188,105.31303726090147,105.01027381153011,105.81754178107194,102.79588509895386,111.35833409914657,111.13280643127672,108.39709546208033,109.00815471384695,106.32503098927711,111.74014061172362,114.09081276932699,118.77790102611135,121.3325909760871,122.42502234054434,121.66439758127807,126.9573731535546,126.4234456672893,128.3876058534014,118.9425614949217,106.39269896877387,96.51902850472358,88.56270435090622,80.68140436129669,68.59840010380049,60.49817278273363,48.70464099283981,45.86121273203297,45.05557156624722,53.89762033180734,59.88293496931632,56.30803016439613,48.63771801664486,48.6422426109089,49.504404513531476,52.588919409348826,51.13261008710109,49.99043482684829,46.49150307703386,38.120000531357356,33.708326812652004,26.069874166128624,27.70975131770016,33.38917553877105,37.14317484868782,39.43823944105509,48.6022411116718,66.08155184824558,83.27091546607075,96.53979489593593,100.2046097270469,107.71770102273878,111.67783616713085,113.61927836646053,115.66713193704018,105.41072331590651,94.23048307761565,85.79112342795987,81.95628971759444,86.95259823687705,96.59754964893555,99.16631324916024,100.64693422590679,99.73715325851425,94.83865912629246,96.03414891454446,96.89234941681453,99.98455978089426,102.06956613835227,99.09195755827461,95.5220614523989,92.38723178744549,91.44019194142619,97.03128841838102,100.92458665971884,102.80086071255798,101.0822402827251,98.03500192712427,90.57156818567495,89.03075278881013,92.43250651283486,88.69548172105107,88.93721106836497,97.49204777571028,96.3641358558071,100.61388912667095,99.21731863869462,103.83602079761097,99.76761482110663,101.56542073409794
Dry season,14,90.03436215266315,86.09093454099997,84.4707408547748,91.25210879565411,94.93908750887415,104.29191584464644,110.61348942267487,112.25450530518896,115.743599793808,117.32253137703195,114.88304215580857,111.19121525376015,113.20327818326408,108.76950244069401,104.2721497887129,107.48313710051755,108.27500149548986,111.20799957686489,120.23600432855098,119.97716679080663,117.22200589760214,113.68427333857413,119.06029037994499,127.63907586008887,137.80701893042516,130.96641518037669,124.56063319756957,104.34688600826127,86.32266136063033,72.82202502094773,60.222106512701416,55.917946078328455,49.2296050398406,39.64236019200337,42.288138955876924,47.27507358441485,51.37568786195599,56.235282634473215,61.177114860750336,59.71939400417251,47.13637467541694,45.933365153409405,48.53626847895564,51.561836143067126,48.30010002730392,39.49184585409921,32.8562479171225,22.50620603114235,23.159522605763602,33.0223070954419,42.58611240798485,50.524787023138735,64.4262928219234,77.80555940263912,92.98382691672946,100.53891535189312,106.71782733278322,109.78081072092486,105.0295352431277,106.60550709271351,102.02438977225816,93.7580547937816,92.82589221649677,94.26070607853454,93.98077045190574,93.4276922936896,96.64897964763875,103.66909101462552,102.11733723858792,100.22289376298072,98.50788962079825,95.72910482087141,96.73755340831465,97.18908406924817,87.59225561757162,83.33619067234112,81.56287007339952,87.62371977556786,91.60461736666232,95.52726954449365,92.98839000985872,90.61999095354047,91.23554472621078,95.56174409368755,97.0140045361633,97.73960958682657,92.81954000088118,90.7805086391946,92.62975417297129,99.12967286219813,109.45921661350856,109.36297315545518,109.51203126160794,103.98428937620002,99.27473346299142,95.35784317095658
Dry season,15,100.46127889652894,94.95368509301055,90.06458592513847,96.04153956492226,99.69285092437468,100.87572193904849,105.00545331764305,99.56860330819958,100.23046467106848,103.42269263585844,103.75073060065937,106.56421365673353,105.71771780682143,107.28066789453663,107.3025140431679,114.21074593866318,125.22659479287542,122.79523374381967,115.37932005516801,117.43661376960374,117.40650069275631,119.06973561599534,122.1610236057463,121.60848190187453,125.71684276406535,114.3724200091869,109.8910806941271,102.3937340383402,91.66637436871628,74.73064834437824,63.89497388693265,53.8011250320383,49.81467861531454,47.97328089069829,53.00737053930645,52.130725556106775,52.45655401953169,52.639511696049944,58.699325190987956,57.22460669531101,47.62999225501249,47.407260268518804,44.97585872790748,49.344356998220974,48.45573509909942,44.30346327752133,37.052075001521025,26.0561630506969,31.01679542529688,40.491627121001976,48.204395556968294,53.745343960802686,57.385618057053975,69.25420163079393,82.0978962677725,92.09123097831896,94.94482786145949,93.41776814059311,96.02095061060731,101.2149926440057,106.20583543356284,104.88029180824705,102.89859689322664,100.73504973225623,99.26225674599186,98.55502909607421,91.44932778102084,93.74680798361533,97.79249048326548,98.46360648617484,98.06040645546449,98.52804923559403,96.77881382171338,95.53143623870797,96.21479650138961,100.75678705360583,99.4205932346417,90.91117765646376,93.98616547221177,98.3570386455639,101.90854541309916,104.4879437131669,95.57258490280829,92.28832366479936,94.9940073541576,93.73531159785297,93.34296081989315,99.00538440818602,98.8620012603547,96.43038369034915,99.86585590121403,99.54584354989414,101.31041620738151,106.1448896284074,106.20204140215614,101.42751832930068
Dry season,16,99.71399557490811,97.63708776831706,102.55712341832479,109.52917372224096,107.02746333996821,108.18170898609236,103.66949811216051,96.98675748877913,101.35511665287018,106.4946649087397,108.69869802410635,110.40598416679002,109.39911745115371,106.56013936484563,108.68765896624902,109.48520343361506,105.06334708326816,106.1086517711897,101.25818491138389,110.69561487302781,111.85597886650251,115.26265171852978,125.42428657906068,128.82133951372373,131.06642888752182,126.57493082578473,122.03589060820993,109.82498563333341,99.07790435306612,80.57678160338837,73.86216773326605,63.32088915048418,56.68777289777001,53.4666690610247,55.07146128011048,54.402247565772846,53.161659700192594,53.72403799428638,50.71263544259423,54.8582116432315,48.59740521694412,47.67084250164121,44.3365962887017,42.39239699752957,43.364459480930535,40.720513713964536,36.13691914975878,28.10502610542594,25.2216233510399,33.37235707632463,38.09834040056433,44.858694323534344,58.61939438784485,67.5537810800748,77.60825719935193,90.27795932265391,94.53859900696308,100.58215089074298,106.36040428192315,106.60638432787877,104.46173099296182,108.11635539012833,103.7913408431063,100.78847303033616,99.52359813654796,97.59880922183294,92.93367685403284,97.26158185353253,94.14576022370993,92.03850098941219,97.94367059090601,98.2044254335066,99.55885069357427,99.95106580850752,101.86938136991488,99.49240182327152,104.9674605197732,101.81159640335194,99.1184161812394,90.36668012706485,83.60476592939877,83.93019368679096,84.7734093959381,89.07322535541236,92.83049286208748,96.01095048380418,95.74484346558457,96.10881307311107,93.06667482724531,94.20123929680355,89.96095360373887,85.97219138266188,87.65437884332482,90.07442802379896,92.47944663388998,97.09268498983052
Dry season,17,93.98075525425516,98.25498631433068,100.25264877276054,101.24156067578785,99.30876704826872,97.19245841764452,101.6008384441603,104.58568473286154,113.37548084566531,114.04685688632695,110.72723401532365,111.78246234614845,112.1330793709938,109.64596371171439,102.39263457841321,97.09881252153089,99.84835063599138,101.62181511962214,109.01576121176224,113.33655023741035,117.85300293672292,119.53316686865469,120.4238444724668,131.90726048725486,138.0460849684503,126.80851777247867,119.01424006216506,108.1638232639957,96.17786303674,82.71898200139546,70.59557549530409,62.59098185739397,53.771708104894024,50.0222179648205,47.638052215305464,52.00874746117017,51.0836862089517,47.54908840428686,52.57351631051204,53.27851099609712,54.5437511402919,51.66269148724072,49.403985731151394,49.27089413255689,46.51554742863029,43.54847169458307,38.231369312861375,30.122796682675027,26.080957330946955,34.34957540672635,42.403809960365706,47.11161002809476,58.014893292258805,71.43725857140781,83.76032454628248,91.3048410304082,97.0860106276241,101.39387271509527,105.15902977975824,107.660844918156,107.45562420034055,106.39096697384961,101.69363676852485,100.15028673054286,95.67287215357517,92.4983843756659,87.96007890319346,92.80779540803908,91.63519801263887,97.52193919454508,96.9736605085048,95.80510905646766,101.19609488777019,101.10585156737737,104.82343251976636,99.80840227957091,97.48938248596156,92.83830350703258,94.40661653062581,98.95037599614342,100.2942429074168,103.22200242448069,100.16781057607885,100.40346867722067,99.00937240393048,96.92971001056759,96.61169102830532,93.7785964021193,90.3431362494102,89.45979793390588,92.11022083152392,92.71607806152375,100.51708160959873,102.66921170468441,98.37109664513214,96.67572726261277
Dry season,18,94.33216125491622,100.64053892871759,107.6422880122702,109.07285917901557,104.7746329367162,101.97662979658271,99.8937480209481,101.43857998596494,103.6123637420093,105.41276015928723,108.9552836346742,109.82506591567166,104.95595169029644,104.38232342229348,106.25459071773689,110.11226819059921,112.75692518094674,114.20415818163005,116.60583528295719,115.348038632698,118.98581762552024,117.17277510582949,124.16451748988769,127.43465425793144,135.23438313101258,129.39289719337054,119.05104591363325,106.71287124022496,97.2870005683255,92.78378199624025,84.10586411191049,70.07965632010067,62.073624785997566,54.54834538780482,51.59529568721992,52.01743198102999,56.52240933639283,50.68953968335255,45.1639701016821,37.37799768465638,43.598507674179224,40.459614279786095,48.23789186383835,50.65648071847785,58.790123502366626,55.18073690944541,44.560638437380604,26.731087155570727,27.799090353987808,36.550204708999246,45.258171669063124,47.635926441205875,64.8067283798399,81.06844516917451,93.87071662761227,104.73908270215085,109.78958729574634,111.96535848182462,111.4141844337199,111.54626141996437,100.21908055909132,94.54548831305554,89.37159696334315,82.66652312443644,85.76851430642499,86.42420600003386,92.66314489363535,101.99902962177362,102.41622303349209,101.47809704410139,101.0643365382664,99.6088340815716,98.01991961414664,100.9335912284548,102.91147680460719,98.48631366180976,93.6052893430804,92.19341818054542,97.89130442834936,101.87555868868192,103.70897438683669,99.97645957730346,96.54354318194005,98.30855868638984,95.70212068435443,97.45077631737739,93.18434041441063,90.60279862135879,92.94361408738271,91.25735257132325,93.17604667190709,95.35607247627512,95.11139009795643,99.11560037466388,99.21651757231682,97.02890971357505
Dry season,19,100.72369615567148,100.0804561284227,102.36328764601086,103.83567755484448,103.5726759697858,97.08828183972221,96.8034916524028,98.72543844910243,97.7710289389448,105.00088276612414,108.49287321881728,108.17745726247739,107.11316238110163,108.15319146493744,109.56023391831812,111.5761801197432,114.182874618957,118.74288529718423,118.35081341216019,118.22653424365384,119.6159385361704,125.15943509541579,125.50366803789795,130.75114332821323,131.19845412515798,127.86077616367996,120.75002073772094,107.66591085504875,89.57452645022592,78.0092554079449,72.20865013229117,64.96129520319464,53.94748028518434,52.53291540623934,55.69741602268419,61.5029248849302,65.53049779530143,58.26338710168904,50.642649421458785,44.129217756939134,44.62145188865449,45.8089570639049,42.202457609439854,44.945515787437365,43.07911750155577,45.48603786336768,37.862983105700586,29.36149354096054,30.156395329707802,39.35845507546573,44.974661453474894,47.77793334083687,61.2598849981957,73.14480030120724,84.13912202014679,90.73830863442373,95.81602047059188,105.14034324049793,107.42363770854669,110.00606955355853,104.1245622165259,102.11543376564461,100.46263210543562,97.31860920557914,94.63149579847314,88.95544476552672,85.18003192520557,88.03950614810941,86.24428985241379,90.41810443216782,94.70218887338044,101.17512297180446,99.36393633006642,100.64139122748837,98.97858750105166,98.90021843736307,99.95312494600152,92.73307506405523,89.80894553530467,81.45779840554484,83.44353898063059,92.36910568323555,93.89670571135304,100.06760943600169,99.56604414588286,95.7190767337756,100.40141858694308,100.65759682664661,95.71670554734746,92.88335746503715,88.68960712753133,86.575514160957,88.76416535184048,94.12881619506554,97.96796561666018,101.19546131673637
May,0,139.17517474697215,138.1960939607588,135.40822939667675,136.18560555373475,138.77271769220093,137.40307702255137,135.6438559120406,136.9170395296056,138.07649053471533,137.3622093551557,136.77833632200154,135.04671898940887,133.46077119954032,136.37517521362236,134.43873869931122,135.65321887642693,133.7126395674207,133.60764097000956,135.38559094804276,137.23008336567545,139.5696594627377,139.2690299659204,140.74947724411476,138.9759834133676,136.22421687916903,137.90400894172924,137.85421574814842,137.4196188302598,131.78183094054202,135.42966302099487,133.76905134067076,132.42444677451314,131.8006383806513,137.70840752765264,137.3407880304456,135.9880735546262,138.10806979122674,134.95771085755425,133.15470165221822,133.9027941031088,136.9597508715879,132.77386675636745,132.7038300399325,138.4905737830222,136.98658557697175,123.57686232266256,111.90695009770813,97.62332175822544,95.96102620181289,101.30349030010849,98.06551979279685,90.47421101972193,91.45582573828163,88.85642179865945,85.08271293279557,90.07008588549948,94.90623781818185,91.99385218162632,90.40027737162609,91.10541961264009,84.2075080605239,83.83476931612024,88.70386900662187,95.95471626864973,95.69674564892419,92.58899839878013,88.18493451124858,90.098013899664,89.14856368950714,93.59897349323677,90.3023681195004,83.92976366717888,84.68996088132658,89.98716268892424,94.44082548935448,91.8332083948036,85.10563039222258,87.0620030011233,94.22864275938097,89.28256171079218,81.32206851424071,78.82434741493587,76.64033160199243,68.35838723120719,71.00321439112041,94.11641107175478,110.54981948102198,123.24515817183638,134.7853919432286,144.26929996868273,143.26680239999044,141.46523312043934,139.4060555667998,138.38413526476361,138.49290432939353,139.45659670173364
May,1,132.46537743428786,134.09307557836416,137.07045324646353,136.18922291396723,136.52455556181246,135.72193930528147,137.09825384726955,136.1345866031582,138.9179731094164,138.70321698169775,140.86392417383212,141.30563251170483,139.06376768679,140.18752686500295,138.62131104623197,135.93828094093845,135.2438857815885,135.14234422575086,138.4385847491565,138.34727181358159,137.08737393704467,138.60991558164633,141.69110312201536,138.7912769935739,136.56710679917387,135.6037339391056,133.11955147021598,133.24002668237574,134.38265354178304,139.54221107690333,136.65668349455638,138.2191523081605,139.5133270832349,142.15789550238884,140.67783901159504,139.78198454603188,133.7025433815353,130.09026098686172,130.60659423812302,131.03883462910974,134.3941827849993,133.85389868427077,133.3730596957202,136.28609846936357,136.38617501111324,123.8746604400631,109.79718475232372,94.30135984274975,97.46971175617041,101.98426285368002,100.38543905112152,96.34290856244579,87.6296399920708,82.98778492519975,86.50588818638936,90.323597155316,94.77997026579966,92.58122957534509,88.17810421642474,84.50644250119566,88.61453421303054,88.02886067533859,92.2234736266037,93.4059034190695,95.39360808267435,90.88015622044445,85.57316691833934,83.04608921613945,91.55469718607456,95.14368989111212,93.70504685426947,90.13254415523433,85.26423830986579,83.99328903697801,86.61386603081515,87.13463067854605,92.25188823613733,92.73838111820837,88.64374552680901,82.42927540649751,80.47331870706519,82.93382260897748,82.95309911914516,66.90057276822284,77.04701661548125,100.00052360515902,117.95271748621927,129.09976134916292,137.91427265041037,143.88511309631414,143.58678303774488,143.1412240681721,138.83064700339173,139.83815939303943,137.46353951047482,133.078615887069
May,2,139.7816637180594,136.66559740569798,138.09503693988137,135.7596405730654,136.9004610207768,140.71870878247688,139.4231814775493,137.97860258559817,134.22618536005606,137.29391259797285,136.00400669649122,140.1240670577145,140.0997976380589,139.16570046019694,138.20969885133653,136.5154312113207,137.5678094578821,133.79961434349326,135.8361838010729,133.62930241015846,134.49226617996365,134.69685701437436,136.61020271565013,138.58777175251006,139.68487641923227,137.92227488355522,138.72547364548853,137.16261636284264,138.98201401629967,137.9046166669656,139.35155379528368,135.6030082261246,131.93803836949596,128.40351092116802,126.00444568907798,129.50979461443325,132.75643473363922,137.94610656787708,138.61304748294754,136.4282770271686,134.6337110125142,135.4418616200696,137.37766684395504,138.0058689936519,136.6249312397081,127.69963041876481,112.0752488952629,90.52701265555629,89.24562265185278,92.066478007212,96.77890471255179,100.6975449665926,94.81643301128193,86.34730444834307,88.24683135620572,91.75554621352816,90.7617879516292,94.08606651225341,91.55073222372786,86.82893899510425,84.08355811073014,89.64431086218097,92.74165340848731,91.76094852325932,88.79745507427634,86.73842012032506,88.5472564405004,91.09748006032432,87.70445031882,91.38351860812212,89.66562274469044,91.07549716751598,94.25383525273531,86.56883311420663,82.2563672883535,89.6301216016848,92.83019668013249,93.0549687294318,93.20041969882479,87.31070471546607,81.00159106709687,85.26339206764007,81.44133060753212,71.17888116584042,73.24786684950759,96.62140919365154,108.11244507831088,117.42050296160505,130.01309963199796,141.3232601049922,140.71365454644192,137.27485870708531,140.93773513245728,140.29447170758365,140.62988503947915,139.99065629786614
May,3,139.30657785092797,138.86174633341895,138.61237117518422,136.69673227040934,137.05315952303638,134.91195432368767,136.14681113235758,136.20850771099367,138.96126738369108,142.5007532589023,141.12455079216903,140.49685963142318,136.59172899991412,136.60292687683446,137.07806847207124,133.54313201564136,134.29411591233054,136.2239326251919,137.33843423554995,136.68770802178372,133.5654450870126,132.65536352344066,139.1232866151169,138.48080019556167,136.18642704242436,134.97718142801793,138.0573380226432,134.54677951336322,135.03852678470344,132.37098083512493,132.03534495786914,135.43766770068882,137.3230205374348,137.83549085636017,138.09559209523124,136.02801097890972,134.61688391916482,133.0776083401087,132.07472663862862,134.5428549840651,135.65295091311722,134.81737726364253,135.98598810304273,138.70932007644527,138.33614361794577,122.42454555655019,111.35099748683699,95.13930618074299,91.9828323044581,93.36247131049215,91.84495814607925,90.5971253156796,91.97482843518424,91.84560178505946,92.49917879950993,88.745406399773,86.74706385971263,89.69011561239043,88.83937596109644,93.61537377071565,93.07840177125551,89.9912785270083,85.27070126738606,86.31614788179536,87.196151099338,93.48864693102372,92.71399073837999,89.72729799002879,88.42875156078931,89.67683560568564,90.81750787556,90.36109128826547,90.96055803928375,88.95239314838257,89.54885277205477,89.5384861275206,90.56074462925652,90.13972839128633,91.5151456099358,86.15514728999777,81.29235772617491,83.58588201221727,80.09779697467825,69.17116185834998,71.88806681618047,91.06500525738238,104.8247410865654,121.62954798764977,132.48157625224323,142.3745632379144,142.90287599716805,142.79117143194267,140.17421022137412,138.61886169237513,142.73189538489072,140.58494012937732
May,4,137.09412889115225,136.84048823685328,138.4515669712204,137.32682921337525,138.72411637912901,139.3221427852951,134.3148452023122,132.39146741371096,132.0751598487686,132.0398447145819,133.27530862317002,136.66157830969684,137.04938404750416,140.44845152153826,141.00700259829358,139.5846194373963,135.52480389506022,136.00356498404466,134.16783162333985,135.50401959669574,136.14374794992204,137.07359069441608,136.7468315500931,140.60596297775243,137.91364370788727,135.77518020087308,135.35098571560425,135.68915114077313,137.9984875310275,136.22349765182543,134.26055793809442,130.7132818323143,127.94909285408772,132.60440451434116,136.45905422996483,135.97335654323723,138.7832583305049,139.6044123163562,134.04300403423525,130.2164696879298,130.90805869152487,127.81451511748097,130.1810631969188,137.25599355293838,137.62541240799922,122.67487628026053,109.5403395877961,92.37429615384903,95.93481036054389,98.22597013190686,98.62870324970022,97.37280791655265,89.30069427076775,81.64182077200128,90.41632495884929,94.98290152101622,96.2295505469273,90.10491490644262,83.67385190960998,85.673166424943,87.40854571800251,95.5634190141971,91.59561063345222,87.03810252715488,84.25933285106248,88.24905288644324,93.74369096312347,96.92195767391136,89.3391399487053,84.0962458857755,84.39925365271725,89.43175111212419,94.83108779001104,89.83100762904435,86.35971995731894,83.59124596446495,89.13230389153068,92.30818574090353,94.39391142034562,91.327955959166,86.10551884122124,84.1966507034367,84.49309783204409,71.86212405734636,73.51494541104336,91.38185379388317,104.63726731377803,118.21260909842985,131.80609491811694,141.464109221151,144.06414791248045,142.72628646204797,142.94761577990707,139.73570203292599,139.39808247461173,138.96982493427717
May,5,136.57717331370364,135.522264623787,138.0435854980455,139.68943564857776,142.01295949911633,138.48585298224432,137.60933519341805,135.9050802930552,138.98870042129062,140.72177256148862,139.3552870189156,137.31022451232178,134.42193354411822,132.64135493012267,132.56528431196915,134.90176678671335,138.67275449635363,138.18642563492668,134.882464648425,134.41932085456025,134.89864507161946,133.98990920380794,133.7256712428914,136.799229426902,136.81619173953484,135.60638728807263,138.7868899033166,140.0104258608244,138.88879631945318,133.33784952576443,131.92176358273494,131.43215502379965,133.49572667116934,127.94005100774993,132.67497984550812,136.54124707587997,138.06148823171486,140.08118112109807,136.52788665497454,135.00961875920135,130.76488310111733,129.13606578626235,130.36641939752266,139.03850105316047,137.29191620193828,125.04353147548903,111.7497004588171,92.84092812620274,90.2213309688543,88.76040893273714,93.28327897768402,97.09489433747973,96.80122396996668,92.53187960313878,90.39791350653834,88.68476668393205,87.7399327360034,88.4782404870378,90.14008362673829,92.46601946863264,88.6815348080259,91.98503082979238,88.64446978099558,87.95332153516846,89.67493156030508,91.29184314921721,91.65726698754722,92.02061134589232,87.91363353237519,87.44541224601886,95.34892528821514,96.09012708682104,90.92416414660694,83.24786367587679,84.34400917528875,90.42976410003735,95.90581779016706,98.48137498976071,95.47858223266903,85.13249756172736,81.45402380473942,82.85575412727074,73.93792344552217,67.71198432046948,69.66272125093299,92.8418515354108,110.32943185049233,124.764055282321,136.1460407796834,142.52470434817806,142.7538357188666,138.5128935949489,142.76356198281448,142.4020057824731,140.836195227071,138.77591916869486
May,6,136.03170878640563,136.90141775727528,138.73715894092936,135.7809405546801,135.37895858703197,135.63034655785248,135.16619250748977,139.8224005834408,136.41932033397993,135.63777161834875,137.1195562633362,139.0962672531217,137.59408534476296,137.73621917235232,137.10372139734358,135.11448237884244,139.1484480194266,133.99567185415074,139.37581234794362,142.86071475711952,143.04744501130466,139.34955520825812,136.64412771849717,134.7097832446331,133.54823203436612,137.7758719176354,140.05226037519182,135.95548229182657,136.9219594022587,135.20475420417924,135.74752281682365,139.34634469787497,141.18172068750988,142.162015322839,139.71394302613413,134.96956583908488,130.70209132784004,128.58676363838077,130.8907320266912,133.09364445016877,132.35137169185154,135.96903835911544,137.16673686188386,139.07822623157352,136.87947989110677,126.41643468038896,116.91230413445082,97.29835046123902,93.62218122568099,90.5561721877439,86.52334527675269,90.99209934205034,98.54102520476691,101.34146100945335,96.31629060206294,86.34084523898689,79.91548701518258,83.9954414996988,92.9755746419674,94.31626909975051,90.94732717559508,90.17815742894132,88.42985942253634,89.55568200208215,93.63832563896534,92.91961483675938,93.44252739401139,86.5405752818609,83.34338551523086,89.96993268497843,97.0709719047457,102.40674771372055,93.59246839557836,81.44115749915039,81.03351991754381,83.71390413418895,90.29145140026176,96.42229794173087,96.36308137817242,85.23261763360735,80.99664092339194,82.36650704356121,76.95701537211605,66.53482579650556,68.8769842735178,96.0027573687651,112.89166038190879,126.60500525446008,134.96275666780474,143.37231033971798,146.94487960252874,140.90261056718865,141.20419387978788,141.0506633558375,138.72114714882719,136.29042639931225
May,7,137.45804839916528,134.70397728430163,136.36188786436685,135.21781199224293,138.55152580738812,137.60693592701372,134.92174955503938,138.66613810185163,140.694730013128,139.61788382551543,138.1416973604589,137.85062733669173,136.85339966696475,134.54495835945096,134.8445735618311,135.1952157514678,135.5325326176353,137.19504108446742,138.5644132432416,140.45406352700957,139.53424717844555,140.5300846155973,138.90645411367225,136.5945775157639,134.62815077421436,135.23688193558112,133.1938617646949,134.21179872057206,133.88705197684513,134.01821872218784,137.67311745216466,137.49297610042274,135.3547495432632,137.8772487170929,138.9329156066063,140.24435418814156,139.6282829669044,137.60739757617688,132.40277740334287,132.84593261443646,127.64927158183488,131.56885117426367,136.0927618180718,140.4167028870023,135.48928441607447,122.31781593135354,109.09771977129134,94.71432651116505,100.64618823170973,103.11925426147631,94.52599398001327,88.57591167132385,81.37875419320648,85.57863720669305,96.32544815705958,94.85532821941132,87.19180176596366,91.16458622663131,88.86632740617614,88.72242870759239,86.2449323526534,85.77691625680396,86.78767269480248,89.50065424285442,92.69300230970761,96.71130603285434,93.90107408915914,87.37924886077515,81.0623443841567,91.58332852269635,93.70875405161999,91.25961247601055,96.36617645527541,89.63807223574885,83.98619685163543,89.27256070501947,91.98517231007648,88.99448191210563,93.00754443567342,87.64822751134056,82.18997030326793,87.35591044711116,80.96052520224849,65.25100153521247,72.38105924901326,93.64464788541292,106.8450151741827,118.83438727128308,130.3270276951217,140.31607273236048,146.66600860187256,144.13286730224272,142.1182773049477,137.68261773482982,136.2385452138209,138.33240342746643
May,8,140.34520428002187,137.64705531209145,135.18897009057824,134.89858540359415,137.420026494764,136.61101760317075,135.03662624736126,139.02475862005787,140.7053488693223,137.79541665827387,135.3253096992547,137.7833573541294,136.93057552742968,136.83781564695832,137.04580907704704,140.40532079814037,140.9986607484059,140.1898428500205,140.19187438524386,139.40023192832479,140.78773335083682,141.38454673661002,139.54560299526696,136.8161522673725,132.1681711568176,133.32524360300093,135.22734811911155,135.98557538697017,132.7434383813221,132.4668288992839,133.19481648301868,136.70816555229058,138.3289780464257,141.5605688499472,140.45821777724404,135.5378554163844,133.22813806126194,133.22581963473215,132.61838061165844,133.22396726174918,131.91846314432604,130.27494812361036,128.93504243914424,137.90154299072884,140.67782399598727,127.96211288690208,116.59930369122493,100.073501634256,98.78286517432365,97.52849014928992,92.63126448532097,91.65317053048196,90.92303898669645,92.43929393755772,92.8657312235201,85.64141364206506,84.01904379905386,90.07459508579149,88.49844675762749,87.64622833635373,87.97302766169881,87.04612086135464,85.70756480332899,89.55504263328562,88.65975766325928,89.7234024941146,91.02182455930941,87.18889908870294,83.16248092452064,88.23503560689143,90.05077675105534,92.01171239733812,89.44942583476573,81.58827438030332,82.14228858032774,89.99212587077683,89.91373940829412,91.13503349666662,94.56960286970578,88.74453746581146,81.58640861677878,81.92681466296638,79.65025238545175,69.42254964202924,69.67341715170235,91.08974675073799,108.50429652470093,125.35567758289747,138.4287231339022,144.161834365156,143.96944536030767,141.01621942452792,140.14930952681698,137.55854887107392,137.7124417344298,140.99433671629922
May,9,134.94976233238162,134.52699211657938,136.75921147377338,135.61817212963388,131.6763907317592,132.54518300685987,138.39878896320425,135.90686671374223,140.2964793634493,138.88948463663363,136.4909668999426,139.35372807954454,139.99373070541077,138.86305893833122,141.94830918819747,141.38094770082742,140.32172772968013,137.4533069480461,134.05527953681835,135.4123852814339,133.56701964077556,135.0240315515754,134.53584186384728,134.7044485987655,134.64410859229395,137.16920586110797,140.1187780801456,141.45088162342836,139.72424988002297,138.90764829676812,135.0008290260979,135.14944957999762,134.4774663421509,136.53976434661638,135.00342011382565,134.1802969000836,135.9484291000764,134.44582723311922,133.13495915471177,135.0604694141932,134.8162849173689,134.09184458147303,132.1721241736337,137.92501832182683,137.87387847923074,124.64314081339178,111.76619198490269,96.04226213390797,94.77365931931588,92.54530227006984,95.01188755661029,95.34195854211137,91.33147496831039,89.67699809018728,87.5795452745294,84.56149451873223,87.74971383209251,92.40009915207092,93.25375154596517,91.76537486105443,87.65177634710645,87.45154594636756,91.56621752475685,90.72851343823714,94.26697679069922,88.65408818284217,83.25423284141242,85.04164268488556,87.17960337812129,92.00051882844365,96.15278275419772,86.37632798583718,87.20313073801942,89.14240434357474,83.85993762167968,90.51442473257491,92.83809311355614,92.41430538609997,92.93681334299569,83.67797641461013,77.60643057317994,84.53175677518198,86.12758134706334,71.08336038928888,75.61221167680456,97.37726942670132,110.65445118580452,127.82432530307591,138.2431048111693,143.7387206245391,142.8106272989198,140.32943231973772,139.6177970958709,141.88410393139827,139.09955034647763,139.32956606660258
May,10,140.00107406344918,138.80857615367793,138.08492016144598,139.28099986230808,135.87198797003165,138.80041698192827,138.52111578140983,139.83833893042117,139.35658306356592,137.9024922887427,135.62504096758337,136.69546097745223,137.1563690052882,136.3242784246187,141.39421244561632,142.85137284175104,141.56331174357996,140.66004855429466,139.23523892004798,134.4075331874623,133.9799373242865,136.23449714503602,134.27151882983327,136.99184426395823,139.62706438733932,140.3349984779359,137.71924876232833,139.93804215537318,138.31809074169615,137.5436822569238,135.95650282904924,135.40218091494592,135.49155462326794,138.18409273935174,133.70440890962948,134.517102599768,134.37121987059743,131.76026641752853,135.87063285777816,132.78887180771727,132.78227113396457,134.53528229568678,136.7274201968382,140.3790703856257,137.7089079754028,125.90156726385712,114.23027390778415,97.88901603628628,90.591875181947,87.3344848047249,89.59377280004789,95.61728007143348,95.88634046398032,90.9210121414793,94.92202209692672,91.76104389190803,84.46290180910312,85.19818068467923,88.01703399149947,89.33036661806419,96.04855252078933,90.82369502339712,83.6345225499697,84.02807246247342,86.90399920896898,89.49486000532487,93.00425998027873,90.73714861002124,85.44267043871676,84.32018405956909,85.3256798480257,88.22704663928909,90.6121174032615,89.45783229232036,89.43649947268068,87.10814493361947,80.43819304710978,87.94099327108276,93.937278606471,85.65069744905836,78.69414143615327,81.84835069691754,82.24720942903757,72.11482878770039,73.51090867605454,94.8950636362536,109.97395367641927,123.88970641575416,134.11094836513828,143.92189784657037,145.07071640962587,141.13065333288102,140.24638112258606,139.86371863942216,137.7145594317226,137.01404461326695
May,11,138.11003314322133,137.61809183095926,141.12344814316327,142.92039444953582,141.49427161398708,142.8848227512115,143.06073885900378,140.23827811158208,140.00815271478493,141.49197962559353,135.17623734923203,135.10423576408047,133.7595120684475,132.48446950513383,133.77953178256928,137.0323933740233,134.85931894282808,136.76739207075528,138.001719823822,138.53338505070764,140.45271644093447,142.94683720983338,142.58966052348657,140.23367569642656,137.26435943645183,136.33173373847652,130.72105949130162,130.5279263959455,133.3108628906495,134.30268948375604,134.84532326693665,136.75554536433773,137.70844195529892,137.2014203627816,136.26510736650073,138.59302625510978,138.597793217847,137.16019765016387,134.53816839373337,130.60742939038772,130.83347190149271,135.27648869091706,134.78866412739742,135.64941880251988,134.9321941797689,118.52047933710669,106.00930961156087,92.02793237487725,95.36780675854683,99.32941754790889,99.3983218036132,94.0321443282294,87.57098150685376,85.26762404921942,88.64339438263535,88.76589877976848,90.95631066557368,93.06220304997906,86.7187109560905,83.96195802826004,89.10399340405519,92.57353407917094,94.19821099847736,90.19946266497773,79.77172566943764,83.90666359613034,92.91406709717587,92.00573998400854,93.37328415056206,90.37661114283111,85.77819202020437,87.38993921243204,87.27742109003658,87.39059905527968,92.40886755870838,87.74161452297024,87.03905105374133,92.62667934598348,94.72340578960748,89.13857295084546,80.71890479685219,79.59633927691517,77.72782644003088,67.96165225432448,73.07628415465085,95.39741656733887,111.05165317774642,123.99875495225979,136.09566808064014,144.4484458278593,144.52072686762293,140.0985469065461,138.47990517507313,137.73885377243116,139.05534968579255,136.45037981501267
May,12,140.52397887141754,139.11836294118928,132.76245871300392,132.28939163929712,135.21480042536612,137.72889098806135,135.85072225014918,135.7873147921347,135.56486974901907,133.3732893590507,138.12380907438182,141.89658192695327,139.33984469625014,140.20950827463514,139.46324521255102,135.61292761991425,138.28952035912323,141.14216539651923,142.0776496988499,139.79264962253202,140.84480149809022,139.6584986160063,133.5040059229699,132.3055935245828,133.769371819328,135.83535516596865,135.93009477436118,137.4754107204817,137.23663936903486,134.99558592577847,132.57173227947104,134.8288489884762,135.72939307286896,136.33315881826834,138.07577644485866,139.1320736018785,136.97564556914455,134.24682652031325,130.3216011806709,128.71472660672126,129.14071494583132,134.34936791942513,133.79449427503408,139.75321499692254,134.65189425002748,121.98197398157399,112.60471614855614,95.89905671539427,92.22628817937786,95.57265686756914,95.81395621475893,93.47041674840837,92.45387431976039,87.85718997491851,85.12306379324355,87.99132276169425,85.74223610929006,87.01733620424234,91.61950716618416,93.0423590846044,89.76616846008436,88.82406712107998,87.19482908343322,86.55543188475463,89.29042450078461,88.88503889566643,88.49714571519847,93.44792437778635,90.32440523324951,87.20505022486613,89.23667333995935,89.08873123596761,87.98013518886515,89.86029111759262,87.26275387455881,87.5413848675977,92.4284926847851,97.50480053752221,93.06438703413566,85.84108407437803,79.48469453608206,82.97601758424706,86.08147715521842,70.53450684464353,71.91391316501218,94.71752912053954,106.65110503710879,119.99445370998501,134.53810757243602,141.22919688442616,144.7496383853167,143.64985524196635,141.18959722107974,141.72391237847526,140.90599032851472,140.18397373961963
May,13,140.32550649948664,137.6891692255927,135.11774873082652,133.04331222584676,137.13796721504792,137.9910856924343,135.55092437282133,137.7884666419631,139.39044946201946,139.76871217368137,139.92476718823963,136.03293134978833,133.7664163601973,134.8576395442987,136.89150237279807,136.7184128401671,136.8000739283529,139.822795067471,139.8822985980245,140.81853319392482,141.56962573216933,139.83408404319502,135.25145428573796,133.52054528379338,137.9147724950334,135.784188673432,135.59406467365417,137.39978871321742,133.96576916077137,134.33849169216543,132.68585031826794,132.5577347158417,136.06708495294689,138.65149843303232,137.6587331773231,138.8413151561325,138.19932194133793,135.72407072144324,132.4511261420411,132.668258962291,130.24556028921353,133.41613482435213,132.93707756860675,140.61399469928722,136.0629134001397,122.8806260303557,112.54344036031938,94.65829304568965,92.82413913718543,101.46799342979097,96.42296253623135,94.09601127436386,90.6022721180169,81.61055533180387,88.65944419327677,97.79125413141723,95.92613633163124,87.60691669982648,81.56593401615383,79.5689113510774,86.52130027760874,94.16876839647284,90.7892917253764,91.15182352605633,89.27090131985626,83.48760239724146,85.70886492970136,87.34173781556646,90.73335625675266,92.49248147050918,90.65532172775973,89.06108009398673,86.96833707224356,87.01104903158333,88.20366606659472,92.8068878054216,92.99685491973395,91.31884063052136,90.51063083861239,87.9922390335341,81.04490573001405,77.26978637169324,75.21481010150286,68.89115547386857,73.43336169518825,95.21624223114122,109.213826485846,120.63585963433394,132.2387719976298,142.56078522865053,144.83196629630774,142.3021616940202,140.03657626507902,139.04713207276038,140.33341582806315,139.1611861319736
May,14,138.47969512051958,136.55540744574154,136.87376207884083,142.1199423567368,141.5902690467852,138.56592895570898,132.72804334329524,133.50835695815735,132.36050152142965,132.66890459859238,138.83247459237603,137.3023961868292,136.20128769142087,141.430867510798,140.95711599016047,137.61473950027087,135.8096984616962,138.29476176353364,137.38654052806925,138.30515726426384,138.20585480086072,136.79345431165922,137.66305514184654,138.03984152782746,138.23260506483476,137.39511288798715,139.62610196356084,136.71718248378212,137.1600563505858,141.03393232776298,140.0106804536422,135.2750418187719,132.10108963065568,129.46601750958402,135.27544774624806,134.50987343707308,135.11083262164237,134.46591941739496,134.28455688632712,130.71392323121515,128.82284005760033,130.9091846287952,134.8576898036038,141.64875284753387,137.40103687194843,125.3806749037253,110.68343663691417,91.60229269118759,88.23655440082015,91.59305032096695,96.34562435236506,96.65800817776939,100.53056979730465,93.30813356672931,84.31364674563521,84.31488416901448,84.12282443108225,86.39346809063463,92.11418529469681,95.31429483465382,90.90804378210497,92.72967925069496,91.15068608805387,88.55997502517296,93.4883658205,91.79758424354623,90.07373371135226,92.46073024377459,90.52911895679158,87.09668716428179,87.76572200078394,85.32201727160847,85.76845036298616,88.89639696184923,91.92940005529728,90.99911744088223,86.92710415230808,88.45759562526237,91.35307646377969,87.19191010311589,84.49351902073263,84.79567240387884,80.33931174801658,71.15872787759976,74.98637219445162,99.9576330912734,114.74480600646622,127.0077045687617,136.18715457917997,144.7578553496613,144.71378206231125,138.50529690998408,138.63734525644287,138.9821157942068,135.70174902210601,138.70342422370237
May,15,137.2402809683913,137.66748333447234,140.02395983889835,139.97086230815611,140.59040962791946,142.88951759276694,141.89703198074474,139.5041216180261,136.24650076505884,137.79388404040395,134.57209571804026,132.28579766958828,135.77797924564436,137.95636893370065,135.8819110183632,137.48535612099795,140.72106956584238,139.9398555013766,139.58428408907326,138.43276719179798,135.99328737865136,134.34801823406863,137.49419379704963,134.9950601633582,135.33036437351075,134.61989806854123,136.1351397240342,138.46445983805836,140.3543086224108,140.73226915927066,140.61617509716066,139.6809713934925,138.71942018304335,137.21272962608725,137.92104958628886,137.2398433863336,137.46401065106966,137.72165554227533,132.5652656154442,129.35483474861576,131.87918719807806,136.31086868540115,135.19089400394734,139.2573571843919,137.26538850308796,125.92872747914548,110.85835260566618,93.55560885530801,87.63226175816565,92.56515578480675,97.31695818897417,95.63629516550232,92.05479777151459,89.24840376923804,87.88379550508196,86.90799890017684,88.06701391022627,87.9814249306092,92.77419371938532,89.97338109934313,88.97931104659591,90.07756438237327,85.95224261626787,84.48672277597275,90.31315326778476,90.7790517822113,90.69572159699257,92.6459174877608,91.10803919176367,85.06794855154614,87.34445435700906,91.71759725606698,88.38248926421304,87.99047126326647,88.82199680123765,89.16338254683023,87.48094258089704,94.54936602445167,94.61377249184793,88.13425587624107,80.19035297030275,82.39113122544816,79.5801054142533,71.00708256656189,73.36396646223183,93.2482521488724,105.7791143212275,123.16088796935729,134.67141387303775,145.78623478547823,146.53641333057996,145.88924016227222,143.17064518264718,139.984623304426,141.12244369455854,138.10949740965103
May,16,136.20707134924132,136.1076927854156,134.62879817601248,138.91181293808467,141.2683746793265,139.0997408124764,138.41775174843613,135.93659963453746,140.13034230136373,138.11946667465153,137.97106589383154,136.06655675320246,141.53553487565324,140.7344498265454,139.14113215486535,137.68853898474444,138.76458107173644,139.61184632173502,139.7496314367583,142.1243737014044,139.58019201117693,140.02496974243644,136.56229320128693,138.56989707420044,136.0234233461049,136.93033807464346,136.73721250283765,140.42537668184076,138.3013507315625,137.89704315442364,136.0624407827601,138.39716308836765,139.5943916887257,138.6590945767135,137.28308384767396,138.6529540692376,136.72502712716715,138.55526259452492,135.96925761051722,132.97538257685457,132.37681912618342,132.57733273062524,132.28446867571654,140.51435944437864,135.8580096737807,125.31936648341733,112.48633674047983,96.41401074879114,87.85216343132807,91.96199840522279,92.13111174740996,98.64627838748957,98.36852048223919,89.63981202639093,82.66209026836866,84.032642646966,87.04127448948772,93.48719442599923,94.8767659328112,88.19327512745325,86.69935538457429,85.99053999604224,91.6959992332011,95.92329570671812,87.0358179971649,86.29916360511206,90.98003346716202,91.16973434756827,93.52343082805808,95.50691099019097,88.29462963632491,84.32218931671764,85.99898431189271,88.983619356795,89.44491585413016,89.69016546124227,84.62281470632216,86.80372527792315,93.62701653996263,91.53389270049838,85.08413649317633,83.72204197369203,77.82447361664444,65.99832109380259,71.21806151716851,90.75051036044296,106.13633970922008,120.36038857637239,133.53035481384694,143.01089265855893,143.84413761112972,142.67553131167332,138.03722722667206,139.94302761091848,137.20583140317896,136.2053945258909
May,17,132.35501349410845,133.98660706026584,138.5167382942095,134.18247088552204,137.64473283897067,137.70905876136732,137.97878534514297,139.10429426400702,137.97854984841936,138.0597704376969,137.12092572109344,136.55375395813903,139.0912399491602,139.88482486679274,138.91911450174277,137.71547196179438,135.36573868608733,135.85417840772988,137.89962924991485,139.65161935281378,135.46336611102052,134.4833116864273,134.44203862102785,135.4413841006678,137.04614229602146,136.4438277366295,137.93828650144744,138.39280836935217,138.42731272114762,139.0168208303858,137.18284933107404,134.0469393740153,135.09733172732572,137.76247524810094,136.41728857545453,136.2809772078961,136.10633042425079,134.3897223748382,134.7082525259473,130.86922059875545,127.07808685772414,131.98755205810824,135.54978962589527,140.9677939145763,138.30622072560703,123.73579084888148,107.29276764569148,94.16606000126833,97.78160183726267,100.99566531444039,98.65497050187167,97.809748919135,88.75516666826101,85.82788402704948,88.19489334266245,87.97462447857698,90.79191171898903,92.36151978521663,84.47763806298313,88.33342997017084,90.48845121484553,90.274390264912,95.11543343396458,91.78262626372202,87.35976347169675,86.95674945103364,89.18960703777245,89.95134286779926,89.8983903575075,89.40078863734516,87.44913378844703,87.16690131879203,87.78974735665474,91.11930413516585,90.1722589423232,88.792551103105,88.35392462978781,92.1192856827683,94.16568020923869,87.35890339899248,84.3738718763103,84.53217644681276,73.68060467058194,66.61332908738243,73.46679379324988,92.72729605055017,110.61809061660855,123.3106782930227,134.8399511842974,144.13504415939107,145.89744912617957,143.04254294700678,140.69023084453187,136.63472211498663,136.41025433723175,133.89125070391498
May,18,133.7870572988797,131.84803251412606,134.4999662179964,140.6626503388014,138.9384521314026,139.52660703914836,139.19681330183752,141.04957924557712,140.31424847789245,139.31992645586396,137.87129127395008,137.39136879917342,135.27187918753827,134.18152201105255,136.36083153826672,134.71547323423886,133.89671171370895,134.2403358885002,137.63341350837035,140.31175049226147,141.21614018617095,142.8356118012788,143.09883666044044,139.38038675538525,137.5276609479677,136.7077300867973,138.35988819751503,138.61927363949994,137.7362282100488,137.94418109653495,137.47865892667127,136.98729166996307,137.1988505179726,135.9429426041663,135.7996936579892,133.92724021003744,136.31442201132242,134.39881203785384,135.89066541709448,133.3597344542337,129.61931040916446,129.39923952969949,132.36084613390494,140.934476719115,138.16565063863177,130.17041707610568,118.66387576482614,97.34652506714686,91.59452039951088,88.10266265504626,88.02270197708432,94.496346174579,93.2804375723946,94.91112461709012,92.01701675245032,87.76902272205635,85.23263885964053,89.18369955555828,89.28067613133446,87.71286028196303,87.59351997502941,87.6567827832868,90.47529260947661,92.97438605771673,93.06703864317659,91.91461855510583,87.18125246797473,88.05415805604045,86.92330465127819,90.52662994558047,92.61561209744744,92.56773163149435,87.85544854593054,88.08000571485572,90.2500826724176,90.95027404295939,90.89978118865598,92.25351684628532,90.66558702973575,81.53714647222637,82.44030177838695,89.15794879883174,83.98027761463435,68.83771432643853,72.68132010482232,92.13018114438897,106.12522067110702,118.76867057989078,131.90538482616515,143.71842561676138,144.7344274664653,142.73491648903376,138.75001118142688,136.71193413370506,137.43008283917123,135.52155622159017
May,19,136.6192525669065,136.60688702738074,135.85918914559312,135.0565233366887,134.4553488390879,130.57699791225414,132.45774792128253,134.66813523115812,138.0075967229622,140.64252623530794,139.56126603346098,136.2705377463708,137.11624345862228,136.06787660560406,135.16538501068158,133.97622077558725,132.96931418893556,134.96265407337162,136.61484833936666,136.65174727301144,139.49296445418025,137.94184775925976,139.1072404489598,135.87901740581316,135.63185130917415,137.3570866443965,139.0189225570464,139.03486193758664,139.44701620436356,136.79089495935574,137.0558979761209,136.40046847467312,135.21655573402043,133.89093443197638,132.27116112927513,134.01239630777317,135.05655350620933,132.60839296345685,130.37064228728389,133.09731385280205,132.23824312912603,133.38498581535666,131.27431652476113,138.69734923818632,137.1523561422386,126.61970202793081,114.80788362821876,95.90302659043554,91.58953561529594,93.33769249848454,91.35232906037231,94.82483093175519,95.44293631263204,86.53773561746343,86.45422561405886,90.33284210076235,89.98228079292315,89.07516702801821,93.33113122231535,88.12139974153233,88.56229140303061,90.05090291565772,89.03870469945717,90.28383868733303,91.1172279228146,90.39673909300114,89.0547699407568,84.99067873055122,83.03732195647495,86.4827572419958,92.65844128784404,91.07076441588985,85.49648550098837,85.58793209212476,84.86251243019667,89.42145433362099,90.68165251366344,88.75901795441928,91.2916216005329,90.04142358150638,84.8236095110711,83.4667536698034,82.02032360013054,68.19319712559704,68.81345797944262,88.94351085271704,108.23781829417614,118.87831193107222,130.30837362683897,143.85121463371763,146.88247488092537,143.0385302929247,139.35175218824645,137.20918240011255,138.44671129192008,140.23341122863187
Rainy season,0,72.20743841237297,79.4816119802061,82.67723154662151,84.59010379322304,88.07998093401282,86.26452690893727,94.92564843030051,91.80303815336383,94.32076634876442,90.03387907405617,99.04140605256893,96.15952203028732,99.51519583878199,97.7012267519416,95.5334690935392,102.58523663249558,94.76078386922231,99.1706494544324,102.13058889175947,100.4212975715151,97.42145010965069,100.48048844968972,99.99031334719874,99.616475640333,105.8028262762955,100.12722505732977,103.86575710545584,105.8114755924806,107.69661619694405,103.2717533537355,106.92807316926817,106.40903100842657,107.0874807488483,103.12856088346774,105.43725607792447,106.91471406175012,105.91953854504808,102.65673588163938,105.54050124168471,103.62231659372463,105.48993080202307,106.055022689867,103.22807144821725,102.69621092628185,102.17786840174375,69.02453799100918,68.9934372947489,66.81748141917343,68.90002008432266,64.4159773224362,70.4901193408131,63.02128981949628,68.76036220022979,65.97958348041762,72.25022045849407,64.25457534206723,69.27685902137942,63.9583974607726,68.19624588577979,65.9674883043661,68.40926931709096,67.80228253055918,66.04318697894796,67.71547627482586,68.38091025679323,65.56524521755522,66.67502291415256,66.09363477127904,68.98269372398603,64.45002054068544,68.70988909066249,65.86099035500199,65.94241022136654,69.88040879216997,62.38163826563994,59.22089255251537,60.166120914600945,62.09119196882738,73.38997916433145,69.25920832810294,69.76982529156227,70.02149366772538,71.15564179137786,68.4770305599062,73.46585383808593,69.40836950493255,73.19445831242265,68.62987773300202,71.95425309645037,68.69514652991727,73.4033787011224,71.44652702939463,69.50580448196676,73.14495840976188,70.20369938804134,71.58627887538037
Rainy season,1,71.95821573123048,80.89318154566634,78.89274108111236,81.92886625719511,83.04778859099603,85.96038997008752,88.50164892492563,88.69238102434547,91.88083056237637,92.2761766369878,91.28247010759259,92.82353312777373,93.82115295032418,96.70091436748636,92.51593710331595,98.31395902935414,94.44640461560088,97.6258505152004,93.48175860749292,99.24133650970323,99.47261785598306,101.84747726675619,101.65006204514083,101.03301394688575,104.29718859901286,101.45226180642892,104.07003477577844,104.6708764593077,105.24155059465602,101.76261224907701,102.78425249065653,106.8366219661632,105.12361147425862,103.68884599373973,107.83114557083753,104.25420578077846,105.02572458100569,96.85168413545361,102.74257619550343,103.46251256347432,107.42163964404261,98.03616846469878,104.86054913221629,96.07825900083925,93.96026313837555,74.22043449673406,65.08608198048782,64.54385846912767,68.08396914542062,64.56171259697791,67.8782100728686,66.55229074212578,68.3310371467069,67.38363295011216,67.25402696032063,68.72264758473065,65.97149410477816,66.74881344491442,70.03607111094205,63.93414657594292,72.31958299198305,65.82355749555248,69.38913649802387,65.57097436520864,67.3953866097369,66.86032814200583,66.27051229155478,66.71998341408076,64.846119877508,67.44761144442546,63.865919924946034,69.23826690619207,62.63717172131699,68.1770066241979,61.81015492214056,58.66865805797083,60.777368721811044,62.26100841452675,70.54421401068295,67.84938603032396,69.04275256204264,68.11436235718413,70.907437820684,68.23070989966045,71.36856379139937,72.27248869395162,68.64866691395383,71.82008253161023,69.68834713943326,71.93930496650758,72.90872098906326,72.11852054578709,70.439889369462,74.75184568025522,68.96836199959007,75.55859496674692
Rainy season,2,70.79026926463304,80.57487398401616,79.31802124177878,85.97250837736118,86.42341589933315,83.52451413228579,87.87928269200572,87.77123637903301,92.81262874592157,95.10995485953738,93.19453986154912,100.35711667015885,93.20870932246407,99.69096640271772,94.05169592344483,103.18573829326074,98.48786189622642,103.23505158093376,101.462152579782,99.76283117636623,106.16578384010295,104.1365237573511,107.95873616424039,104.01291166891562,107.14459918261994,104.25515394349199,104.12627345780699,105.1802329293303,107.62418752976649,107.1454981653362,107.45483054012026,107.87462431814888,104.665683659363,109.48612524343109,101.52383019067366,111.7547867839052,102.85081220232124,108.50483103714423,101.6816107071141,106.67454792108096,107.01926868849111,105.18600657347999,103.62033074285635,100.81371134264856,99.04543606471012,72.18534817433675,70.8324538076874,67.25255861748686,64.39238145391637,69.85897172221263,64.74329024595517,65.56715274819338,68.03510623557622,66.61988061276041,65.94468677551382,67.89816691082302,66.503313181539,65.79223837261812,67.43905902466838,63.89369180409106,66.35513296102454,64.56189158603702,66.81054773464255,64.71810718166279,65.95256700393405,64.89862514333896,67.9204388948111,67.26627897407533,66.12468806969268,66.14038201342673,66.71533885039021,64.94693627322012,63.66805959531861,64.3233213226151,61.72365486113569,59.10199461269627,58.18546083669112,61.28556838735804,72.9238640098602,64.85292313987063,69.38636841942017,70.4097648311612,70.54301830842438,67.23983815511615,69.96294027360528,66.99847033780705,71.59569639346678,70.44153960011072,71.90525306237782,73.26852737450947,70.40807003774836,70.72060555510443,67.15466808031833,71.78956373505727,68.38841374949465,71.37005098160814
Rainy season,3,74.86313017653131,80.46419095540008,83.59483844633138,88.59094433271162,87.77040248645592,93.10030305235234,87.97939944539795,93.04019758162403,92.64110934736794,94.317246257939,95.09693457737947,97.25481286155606,100.67199895385536,100.98373257784527,100.78796455230622,103.08604666056452,97.87711268083491,101.54633894765911,99.04824534723161,105.54445562144649,102.17898348473067,105.32209770859006,107.18483433357207,106.25592656053912,108.46902089778214,102.14793226227806,104.47170673118818,103.62465189306992,102.6285397567053,102.90119803743173,102.75289748059504,105.48241201405035,106.06966380334016,107.05296379342012,105.40757063196737,106.47838757938706,106.61604675851899,105.92393950334576,105.97200529276545,104.2433209649846,107.61061290080579,106.77238162285305,101.40924448362321,102.54211077742761,97.10704176991798,70.32546468137977,66.33128702283062,65.63788169128571,65.8862620828458,66.2258974025918,64.3179771866185,66.40535342141908,68.09631721828185,66.69789167101136,66.81771520634682,69.85956171887484,66.7861821562962,66.85864866932675,65.84730590472866,67.01261508733211,67.77173440054314,66.8447092523103,68.16962344954045,65.97405983264414,68.16978063778464,65.35859644474446,68.18631447260267,65.33055032825196,68.59542955095088,66.28016015387767,70.07875503305253,67.20265831273971,68.27522844875415,65.45194349222355,64.2252607328299,58.034901737016995,60.508671361618205,62.13473940421208,73.39463143641498,66.78097579580759,68.87528799680511,66.59735356770808,69.39585000682698,70.56698945265278,70.73989495923371,67.80210091517547,72.03361898830885,68.17245010712772,72.8664827883582,71.06185795229865,73.4431189137081,70.66094069977454,74.83233263319765,69.60574353129023,72.97896833251905,69.07296424135524
Rainy season,4,71.00856191615458,83.05167558403996,82.23981210644074,84.08785169288525,90.1994103344651,90.79110496855893,91.53564074267804,88.26362722673666,93.51121815320201,94.21784094900539,95.29732472420878,100.13598936981224,95.50948676100845,101.03748378930324,97.57817070395082,101.20216343216929,96.00811429339517,98.87168738377486,99.6190531932777,97.15581224064631,102.95030569171037,98.98164173098631,106.26838328100662,98.91637742071359,104.78353659206192,100.70202810006117,103.1259106536525,101.68237675378442,102.36373272888031,104.68712681519975,98.97266250692148,107.0190770900454,102.49434206998491,109.57931475041227,101.12881391973582,112.89168885238958,102.02274018051509,110.0213245544203,107.66810127713325,108.72869766118501,99.18081876064714,105.961620153859,92.49807722740285,103.92781729898259,95.95069982229384,70.10452722534349,71.33422257757631,64.89268978748683,69.83466237534101,66.26929636947149,67.0764304497736,66.8078593429448,66.25924600679956,66.9275491417252,70.53054127190363,66.63930509912333,68.29740548453843,67.79237641033681,69.22474956438484,68.42641349723557,66.84601099775196,67.19784662144703,70.72684292285668,66.75668881599634,70.03074140128278,65.4007063774666,71.6678677992072,65.22440190502023,68.87329557181683,65.04430264561047,67.49560371700771,67.43788882229691,65.73137039624628,65.77695906581087,64.63604197761683,59.40699605582084,59.426048733082894,60.251456689182426,73.16610025584913,69.1406929874641,69.26470530598203,70.65712524473379,67.76614575383208,69.67933203204305,68.68101226091818,71.66783804511469,67.80021016358971,73.0300607924703,67.73035345874216,69.64865351737814,70.67906789617311,69.39041559103876,72.66822355096097,71.34695893658655,71.0941595646551,70.38754444293095
Rainy season,5,77.55582283549484,79.73437950576027,86.0043910163033,81.70263181759265,88.64658697862379,87.79239989718867,90.98915508573221,91.86495960908847,100.57394272019329,92.99966687963243,96.08180977399522,99.86580434723821,99.21913219771905,97.05217859850002,99.55075320266694,96.78379427509337,102.16807536278046,99.21993799573393,97.71660353091966,105.7862495306258,98.50572008413374,107.24104640930632,100.99541543531735,110.31215090539919,106.06696554672557,108.8325572342662,105.09033380114964,107.3140678028224,107.48250800033722,109.31215951968633,104.35499842368797,107.57436397619917,108.90633186231786,108.92932821562201,110.64784197827625,105.99195201557168,109.52292260440582,100.71177973380544,110.12060240562072,100.90273611222693,113.44414729145731,106.1007712764879,103.13653965839045,103.97445054085605,101.07246278650241,70.08724793924246,67.11825430231038,69.48920418194102,64.8832532605492,67.6380844032863,68.59834451813207,68.79742034011244,64.22186565136946,68.78202406898507,66.71852500402414,67.50635199629254,68.50641344397289,68.26968718174528,68.43251329962919,68.21052749125974,67.36763588339731,67.73787754214369,65.65911344568896,67.3902801494474,66.71984451918671,65.66649135235276,68.36781384235923,65.97299713642806,68.2555026301647,63.924801595168134,66.75637983247682,67.86989198408577,63.2272477062939,66.97218703358467,61.53391965057418,62.67024032419794,56.35256418002971,61.52633686223056,72.66803237191178,67.25072764221797,71.85685972571414,68.74064869671525,73.36297589894063,66.9509995668948,74.14157602386976,66.02193394577998,74.97333628236613,67.12577774129124,71.45720673764156,68.32520090850063,71.76720613436355,69.3144747324206,71.8540015708676,69.39840052488749,71.01707750053278,68.20836087406691
Rainy season,6,75.01777890663244,82.11194234070705,84.34413080215538,88.96666462292515,86.23601840358273,91.93385201304496,92.85592105429775,90.77519334745486,97.4852491162862,94.70012386986303,100.3139804249352,99.99265162331214,102.43814673263972,100.05797713421798,101.11143966423771,104.8766745919349,103.29613637168951,104.95948701623796,103.03704517821542,103.95791473381685,107.87401035967416,102.6378066343215,108.31538761589432,103.98960431912344,106.79954934548444,108.92788698411049,103.88441218498889,105.54206666626153,103.43342871100108,106.0785517696242,106.70965755623388,107.38837726143389,107.89642482363155,109.89502787202929,108.69425583394101,104.68298440128213,104.91575438800065,106.42201873268569,104.35819051894802,106.71059152453134,108.06245737920219,111.50432482500914,103.63468621127781,104.76566841346843,102.64854170194036,69.55839394035412,71.72798765667851,66.84623901350858,64.93465732303119,70.60808187270977,66.64609698148553,68.82111760646197,67.19210709644797,67.90107387981521,65.97246209785217,71.62260691671125,64.42797103515339,71.87315339620957,67.7333797040745,68.69591942694001,67.8837877674799,66.94573722365784,69.19481138733519,64.80551880210379,68.70641545828158,67.45939548378165,67.17311043292719,70.13278731485077,65.39895376856212,67.25166582941546,68.26722134621576,62.96377408305132,68.42008453094834,66.06381649076707,64.16671010236131,61.98076376198021,59.29262673433667,62.71179603181525,73.18240743802811,70.94605237688685,70.52069312359627,70.03434799205677,70.50015708000907,67.85714879122443,72.13587102276588,68.40544886108674,73.11008404898121,70.03928010057334,71.48690997942577,70.52065633586513,73.81021132719391,70.1667989135531,70.8388167300658,70.48353168335242,70.38764639133387,71.40486426733622
Rainy season,7,78.27468437473405,73.88219899556186,86.21090839752989,80.50637365295103,92.09202901291104,86.53239959702759,94.34472410299449,93.39240333369163,90.84407225696198,94.72453538295892,94.68870499884194,98.4684141330311,101.53498741256118,97.57247990805716,98.40767552867325,100.3340645970905,100.10650885941013,103.23644077694341,99.62272004063311,101.3441174747081,104.87119449779416,101.81317533998154,105.53051671594397,101.77311231540962,105.65129699760458,101.10370889169734,107.99810573776644,100.98898652097114,107.96654883236059,101.99465597963611,113.02562248450697,102.03855130510387,111.43490179684566,102.58431765186491,108.83541865862382,101.58046264421594,107.14907199664637,106.72569986651747,103.47838633804496,101.95588026500377,103.62005265055231,102.3379582577463,96.76511467554721,98.29323133378185,103.66606644218912,66.92174097808197,71.46591108154682,63.352336928025494,67.69494732827039,63.59175138322348,69.57353248544699,66.15564963475113,69.98297840812538,63.81074056315319,69.72239412236624,65.97328125088654,69.54173707022056,66.82019935898485,69.0493180431978,65.94476285878515,66.10709909156678,66.07706743992756,68.41798072942558,65.75736444140688,68.48611538356974,66.36603498615449,66.50926954487767,66.71909834833626,67.29558841378807,66.42250943467957,69.1486418995321,63.87888360338651,69.57137590654,63.68409414712445,65.67898911218671,56.10055843865053,57.55626695590817,61.52568365220457,72.4845304678261,66.54683590909451,70.15080280022485,67.04906241662235,72.05662746290277,67.20255101722155,71.03867900218347,70.98631800506823,72.60609134552692,70.11184057696546,71.78541526077483,71.95368621172324,70.23878982069007,71.25806054116129,73.56094767677006,67.23024964707368,75.72827902494323,67.18983497914232
Rainy season,8,73.25915815718886,77.94648274792112,83.87300439807258,84.97552061920646,83.12650987610286,87.33623198951798,91.21163128099836,88.10481131405797,89.79094703405376,92.74819545385152,93.36180154393237,96.38034418655305,97.3346013235281,94.40164413405053,96.62355261434291,87.80270751806695,101.0749451249561,96.63443392874102,105.02313972767098,96.45290747145445,106.8482885590682,101.40119801189554,105.37573469476783,103.53775532878923,103.309591925834,108.47073403946297,102.15550067593139,105.56447578595426,102.72638945874948,105.50053407551083,98.78324589663056,103.29491186678676,105.03945787915785,105.28591907009358,107.24744872517257,104.2535624720413,104.35079695179574,103.20381098803936,104.11190826324338,104.65843847379831,103.73913926681472,105.58161972371414,102.5887014234095,106.27317852595509,91.90599140199467,67.0240631603267,71.68333541825585,65.60142030447442,70.74752311198911,65.39894598166765,71.54809896833814,67.62006369522844,69.94135638559648,69.25520126205478,67.2240290931349,69.43682418194423,68.06458637193862,68.30252982609123,68.8893912372414,69.99284654197048,65.68794533940253,70.17272707802235,65.65551172417078,70.99925850525298,67.49489991308934,69.16526643823993,67.58038478497953,67.97732423223354,66.55466202689448,69.20752594133776,65.87475007815729,67.33843502482678,64.10636619413407,65.53171434084244,65.62097209769058,57.782806128286786,58.26417855028809,61.30696513341806,72.19936719239361,68.50687427409895,69.96000154632824,70.23944556493622,69.00012297501122,68.11089325228794,71.87293747123083,66.5605270308638,72.20528210695552,70.12604628935891,70.35080313791254,70.00977247709952,67.99949964986055,71.4783059450004,70.199732320143,71.703533109649,70.56651017597584,69.98666027713041
Rainy season,9,71.00262317762953,81.95298339054328,84.76038062028469,86.55475103847205,88.00451518426836,87.92285183393084,89.00375497807242,91.82399878699282,89.30879832895477,95.535485224427,92.03930792444685,97.74232975916556,96.17829471948409,96.97200638706886,102.1372735768884,98.09471864455142,101.0412370778542,103.10069087454936,100.2307097057657,106.63234941426487,102.09562570167436,106.42547898323825,103.05645302147838,99.52477430872536,103.26338942354255,98.72913804986503,104.82140345207219,103.89839444203409,105.50565672282728,104.67358766292072,101.86349890315445,103.64369184802366,103.46040473744952,103.829632988023,104.73832574713875,107.62982377179681,104.51913538609013,103.55777925473787,100.66778020809186,103.84690120028692,101.70444921904489,103.41371162292732,102.35019823143088,95.79560588719612,94.91647544885973,70.23146731972871,71.58125597437316,62.937909864431965,68.47116828080877,66.0860109575155,68.13890282083165,66.14374878926736,68.36891895753917,66.06647336476792,66.14858038951424,68.37287771804306,67.03006429105766,66.6586430595812,68.99387652795215,66.10680858397633,66.72776467336507,68.92356935259448,67.00655965275016,68.17029267712878,64.86818087783637,66.86636477298882,64.13060675732922,69.36118001372003,62.99181294248191,67.8456657820482,63.78450394270628,65.78616869959725,64.56548274186846,67.55822445894673,61.19321821053388,57.76667529805116,57.15314859258213,62.99570141621356,68.97132126914373,71.79994344095353,68.79436403716721,66.9364361356432,71.78187579960401,70.0752057447791,71.40218707992325,72.69814487832919,68.35303930011574,71.80452765117502,68.63485007323406,71.54891586914086,70.40701557015002,70.62810910423735,71.07655307006999,72.23634082452682,69.27679801201587,73.08888487342148
Rainy season,10,75.95299437404313,75.99971799562049,85.26792104950717,82.07345390057691,90.49873287936468,87.78190505413718,91.30527215669221,90.82292253315023,94.55386908354717,91.19672474520281,94.43052685254828,92.23053726872507,95.44428285604434,94.2439486912663,94.96989706284805,97.89641775024894,99.59396731562407,99.53776816656165,94.81493033066502,100.30957951878732,97.30518439272898,99.46391684116742,96.55996183305804,100.1237465917749,99.1250521463637,99.24164125097313,100.47972382140232,100.66519760796032,98.27891472420391,101.847894436009,100.46591808981809,100.59176278540829,100.46701615264557,102.4595366069086,103.8736314486259,100.85664281471875,98.14970178254508,103.36140237547566,101.47020371605821,103.64693053375073,102.76384293325425,103.12836448578504,98.23170326135552,103.36294489706928,96.68164865664994,68.65782037770114,69.98302509810371,64.97208280475012,66.42922566499082,67.72275510453366,67.3057894217359,68.87748949156011,64.9448591644364,67.95108361958472,66.8150607217756,67.84224833629203,68.25074544910878,67.90011141497838,69.72984350226845,66.21629233336314,68.8062358846349,65.43850186269295,68.3306060104553,66.19713089202655,66.35941453879285,65.20189584891894,66.56185761009543,66.98934137250517,67.25715201872278,66.01543641690559,65.4651075956613,66.90676733695699,65.28761654110184,66.4170213036328,61.86416274479905,60.46967272368398,59.69422714181328,62.80303772091464,69.08065111938049,72.15459247242043,67.38340355822842,73.23960893038772,68.17311159752272,71.98860792752463,71.82169841449283,69.65064605854387,72.024649644352,67.73832396390223,73.71644738006472,67.50617515623172,73.14332471886452,69.71290048074789,72.67982075918185,68.60999846877073,72.85321477208534,69.075454575919
Rainy season,11,72.35936246721893,84.5107788896725,78.39136827178658,86.60238630337972,85.15142991062415,87.45973341626437,92.15661883815912,89.94662470657424,96.47512816031674,91.0537892083922,101.2511389268015,93.09593465468242,105.366276636778,94.12786494576184,102.9037993458185,99.24684553416265,103.97591519935537,99.9756554007116,99.08906016057057,100.3511913835862,103.20746723997961,104.34375425783465,103.3733287157475,104.70682836339239,101.66240690833652,109.5844273790538,100.97989948991476,101.71991644853429,106.82358354283134,101.36738081965322,107.73282936943785,105.66919941726582,101.98135334779036,106.00342765195914,104.69193666363454,104.72418972319538,103.97814539675288,101.37591630079841,111.3357508679321,102.08668645900848,106.46593481719333,101.34744777668395,105.53186350181726,101.06814867495852,102.56366647293063,70.43543028323391,72.2280538211854,63.275455690397955,66.60183518463911,67.76820768707051,64.44360873896785,71.25644628040732,64.9468495464521,69.08749562196748,64.23452267108895,69.1014050251015,67.04958390461336,68.90839169784054,68.66867833616502,68.44716358746521,65.26923945177234,69.41181006737322,64.74737500339212,67.58989227758562,68.13408689947194,67.66204766243126,67.72862593162075,68.70707215622953,66.98555680128665,67.89387038787297,66.4305723431707,63.80961721000792,68.88558003340157,66.3497531201943,63.73669456023549,59.719416718366574,56.80815343803793,64.17719202159596,70.97771151614151,68.25148900521484,69.87384435208948,70.20406398407653,68.77324318196584,71.94004615609703,67.84602014415138,71.62477109316664,69.56136573821874,71.5877710341603,69.71446375153384,70.94578687631609,71.4244753684171,71.5824593213072,70.05087613314097,72.92264967806075,72.4580890948155,73.111812996038
Rainy season,12,72.16226653491236,80.3924831386812,75.94465129820507,89.18676255242073,78.28167695330552,89.50225387845485,88.31546738852732,92.91142125088192,89.48873383944995,92.33094382491775,93.58021301676281,94.76221247811449,93.9620639356536,96.78357533258024,95.82599612984146,97.07478550208376,98.19305471527474,99.48583853290846,98.99086630224707,97.59837515129026,100.13806395669796,96.98712202286792,103.34672011559135,97.87105118957403,104.81138459237324,102.3173368532995,105.77804584039015,105.57190969002795,100.75713697198832,106.48255723404887,101.21782113261891,107.22175160874853,102.55556903519603,104.84701914352142,102.70518195559644,105.68394958508942,102.77959066120853,106.24638609017536,100.6677617450527,105.97792102684735,102.52846807591426,103.31674091108246,96.9300433945104,104.43204089440104,94.90962377824522,70.46605249537939,69.5022973609122,65.60970814664135,63.520553917287856,69.21315474831039,65.87667343950308,68.71534787008856,63.71882650257032,64.85422140538444,66.73236155856908,63.862390648483206,67.06983484539498,67.25348791391345,67.29582254323108,67.78525884205492,64.67267832682553,70.84766300350152,64.20006746330377,70.37865173696508,63.73865583414331,70.05546198133996,65.62409759695599,65.37537105681463,68.12040445096419,64.1530797298883,66.91481370523071,64.99808834091515,66.94001998055708,65.61987275135769,66.005957510727,59.048945562548425,58.6997826729666,61.30478906921972,73.95757207398673,66.06536808091884,68.08167221584695,69.10573631714541,69.5885599145667,68.68472307115357,72.95992159186909,67.04851818559013,70.52109167294817,68.04736801515389,68.27572575325452,70.35703464847678,69.63992452012592,69.71635534307846,70.18313094847475,71.05488327980532,69.92865860112171,71.14024197457186
Rainy season,13,71.37008836413179,81.23425370537902,83.63945586927886,85.8379395500376,87.20589028240853,95.59881947403785,92.83895255240736,96.0259850674412,92.5576349937243,92.07864401860095,95.58468739708525,96.32852910241476,100.4168100711188,100.98347417758343,100.08250311765123,100.98730017677885,101.09832065993575,100.44993148977623,102.0474992379904,101.72240423714906,104.66215602154055,100.5133434225043,108.62216559070674,102.02294947192952,107.43808374230791,104.41997093060668,105.56488317828553,105.32858119550383,107.56951220118209,107.30227697907442,107.61959219816559,106.33779483509578,103.67092812994701,104.93348648626106,107.48027290179571,106.76564834876659,109.66594262390808,109.8419448926474,105.599060260664,102.55522462980875,104.20515786671471,103.14001176420342,103.9959779006858,93.77728106764569,98.41309760256902,67.65455290486562,69.87714216894672,61.8844411704181,69.57581421751519,64.21451707237158,67.74101020432937,66.1574884307728,67.07387859735073,67.6421546187583,64.87771567069389,67.84670897601885,67.80053019482139,66.2592679532372,67.59273336543467,66.35170821722593,68.53231797122973,68.66586189482618,67.88899395064081,66.74082215475602,67.45851477664287,67.05858735086285,65.84504450599675,67.0262813164251,67.68007560024499,65.37063034273578,63.99367046474656,67.05641445988712,62.49354423478931,66.93582131087223,61.48250918273417,61.13359127133485,59.7682995136836,63.36652022077268,70.91719377005663,68.11798651842074,69.33048688011696,69.60059612753646,69.56667232234844,70.47989331027178,70.49981892931329,72.35060200279932,70.66323996566693,69.8307147270645,71.9515107710185,70.39654608391739,69.91737155084702,72.76184275765506,69.10200661462872,71.33139951232019,70.87514449947892,70.81005253605795
Rainy season,14,75.30357366159116,75.76133573381779,85.44922782757864,85.80149992496554,86.68423194508836,89.20598995492266,87.56826486125102,95.7541213290613,92.06418663420548,96.67631309329337,93.35479310044852,96.17992943671028,96.54402972596145,97.08578639902358,98.81053386806258,96.46971134585031,99.6845725133002,94.37196739146893,99.65626597773984,93.71089863466945,100.25202498222627,97.31387377162505,95.48808754963737,104.1875128979528,101.55850359441634,103.03036175662875,103.18790894713433,102.96611686300778,103.15974431803212,103.3244621053963,101.5391962521897,105.37799813551653,107.0416685299313,105.15101566291875,108.36630716818347,107.35812614581751,110.22575788127291,107.14438683967644,104.4636726054796,108.78261161953768,107.71376207905816,102.6977574770715,106.29142938533617,101.58336228133,98.12598250074069,70.81602693865995,66.84376891834368,67.93864431379615,65.28552978325041,62.388670383900184,65.49453241036032,67.62762827700152,66.15877052237741,67.67504907883016,68.22899423076204,66.75050745192053,66.03267064445608,68.09955638486606,68.58924550821783,67.07630435360755,67.49596584040464,67.02251279578391,68.11108978303696,66.34323036011963,68.83188563259857,65.5923250544436,68.83450465641104,64.09346228164435,68.3733365115927,65.73037172930452,65.34081943046928,70.33130372135183,62.36576760852532,66.77933493863641,60.74434191787149,60.571622190815525,58.98048579964255,61.64730388183981,70.01748359469399,69.47839234988949,68.97224992424718,69.79691873846149,69.46395856003683,70.94616000751525,70.28329419686854,70.90956727952211,67.9977393317185,71.56081318768807,69.67275446534663,73.69762678850513,68.09415602421046,73.01374227619314,71.55421199210431,71.1573680775027,72.65810559850122,68.39499339295168
Rainy season,15,71.52427023938434,77.50527001577134,83.02502550759422,86.24202858707642,87.94141470058821,90.2232162996797,91.90187784244941,96.92900982641008,92.77442595099106,100.7346496121423,92.48273227109796,101.75275292037435,99.09422287692989,105.74185041134783,104.51959185460395,103.75082571950256,101.84975722207074,102.61823892349157,106.75432843028844,101.10501098585716,104.45134536463439,106.33620060950183,108.72917390142563,104.41283387473547,106.55961211589805,107.76186354232955,109.09960567233925,105.54182570598742,104.78053950009847,108.18830339857692,106.42357239637089,110.98845989612144,107.40685765766065,106.49698953483058,111.25771564413887,107.54035761164997,109.37683861040247,107.62416657882929,106.77185282213742,106.90890833213852,102.53145358060462,103.27703178616554,100.5623212039452,99.27947119045884,99.8401349891964,69.83119293616326,70.42043995754572,66.94830417205661,66.65729977518696,68.27186783840695,66.32849024581942,68.29513271151986,66.74267441056004,68.75765185167523,64.92544549076166,69.46792793938594,65.08520307343332,68.45454203227932,66.7010340378066,67.493835724659,66.92540952391158,68.72221120057452,66.80095914526285,68.42069102776902,64.55304610219602,67.88006422838208,68.35247726000956,64.60207158059792,71.14446805028363,66.60185159769902,70.14765951489859,66.64930738344339,66.47569827740047,67.78830382952293,63.98859591455501,59.413043979015406,58.22926472430604,63.477764720871235,70.31307416513233,69.20472052932968,66.54264931721802,69.25750835842587,69.14199046152501,68.60281544349773,69.18617711496783,72.1190037696721,68.72629187505096,71.74855322384943,71.45257138520068,69.82367150422479,71.10413354093367,69.74031466970771,71.40624027200167,71.28462076044198,70.74757415884474,73.87745444055649
Rainy season,16,72.1454086452895,78.78743029017768,81.81183275951717,78.01981507379212,89.14926793725131,80.47122454169971,93.06601283781923,86.41881553655294,94.69920022652875,90.05377001659278,93.67617971832132,97.22645348962222,95.10077410468035,97.87228046932742,97.17465117042144,94.04653684813547,102.70727747867605,93.7012766860626,101.0805309587359,95.25748077572963,103.04678932414777,99.50474003664155,103.95369440342752,99.58177975974812,104.22816765008794,101.33689684284847,102.54064591744991,105.79381545566076,103.38180234520311,108.38154489614777,99.61265049584198,103.97754397058394,99.98903990928382,105.20106846747916,101.95388163295222,102.7577291232084,100.58121364072258,103.55072952434462,99.84845694919895,104.57453295712602,105.39701427118904,102.15552684226058,109.29868603672936,99.05523512538299,94.0025595876019,75.21689457030634,64.79727436953785,66.17506284627751,65.14834592857936,66.50261933822698,64.6487929058575,66.98206080271585,65.25108199063119,67.37233809246094,66.75255137228075,63.38258510488617,67.19108183425323,65.01988563005459,65.2824337115064,66.77980769468755,65.34372622809057,65.7509359941349,66.06346068876806,66.4139147838965,64.92933188588746,68.08359740587238,64.03982691431132,68.70286856017267,63.54252318305006,67.23927109186657,63.4232028053262,64.31474965933246,62.935475085665225,64.46052485893718,59.97296269058778,62.373000671150514,55.87608846942154,62.43244454909897,70.27748637576474,65.82297853863707,68.66772077020032,68.9638913805738,70.0646721975808,68.15836387163993,72.00960594411056,68.98682633625059,68.81804625068429,72.3097494897024,67.29220944301076,74.60264475276215,65.84073678973803,75.82749267202375,65.33344357608675,74.98633277737797,67.56848347964461,71.81967551755356
Rainy season,17,72.17866605461266,78.7225932703854,82.14447197669095,81.57282989687572,86.40086695103626,90.93258860346457,88.34192337206792,94.46101398101996,90.70715501936895,98.45976935502857,94.21159471744444,103.43622253836716,96.73932561702433,105.85098145281542,100.07896016655474,109.67268950063,100.54949664829618,106.46103968537177,104.73435945474878,107.99322396137859,105.48100047709482,101.68517941206855,103.29350745995416,106.35853154794225,105.47317320362988,108.67126390276046,106.59197938189536,108.41518995343155,109.50278453794068,108.79530881511944,108.11020383211617,107.31110661010135,108.67245094307147,105.19127919546209,105.72784116546707,104.03893907236098,102.28146112028955,109.08793478551442,106.90409302994586,109.47505383974332,102.28483469108525,108.66411344845902,100.53609589973371,99.34683300226966,101.50620211414484,66.21790889132367,74.3864980009521,63.979753281948405,68.54140101817352,65.74602771231508,67.44339198374942,65.90319386407545,68.0552998127946,65.96456221831595,67.91800920495345,66.99396750320273,66.72434293575353,67.62568306113992,67.82192538746615,69.3463691776551,66.20364334941952,68.75253911930554,68.64515005831196,68.37817294327763,66.90206269060353,68.8475338679399,67.49781389753056,65.00756042384218,70.16888648488663,63.5896962150521,68.19991668058799,66.20427317666764,65.37966425049817,68.53898530950792,64.39922778501983,61.15351075885729,57.070641029953,64.20686718340015,72.27998136743852,67.71475715976469,69.64188513552442,66.76486732712517,71.81367650681297,72.12034139371137,70.06746592707728,69.48422010176839,72.68731238831613,67.54965801759253,73.79025953342973,66.99537421653356,73.2378249173409,69.17577781620342,77.47677117456578,68.92988811947745,72.06496136354394,70.80787756850809
Rainy season,18,72.99698508122735,78.23546856643478,81.76623569600815,85.06777739985756,89.35131646552921,89.02506569504206,91.4186568251137,91.64288176562876,93.19422722371691,95.05396763588632,96.6724719803634,92.38012543352013,98.90757666482344,95.17015251388518,97.28697846547205,99.44421606007761,99.96493707824933,100.75202274887941,98.0480278029515,98.21747451933543,99.26028459805555,101.62525370612425,101.52735826287514,98.88556919030688,103.27432392115786,97.94428195170278,106.09187856144266,102.5362186111994,107.4775206694917,103.36237561116424,103.1651847601063,102.13892097429552,102.38924592712432,104.51354759667977,104.98423489503315,106.08384413123235,104.13486710477352,103.01466310000468,107.59650234997208,101.85512455232035,104.79285488397986,98.85905791477217,103.76636619076565,101.14840427479622,101.63681226384215,70.28216023314499,72.48220482435782,65.63030104018485,66.42619128522675,66.69113816106741,66.92127998754148,67.07337416052863,67.33673481742571,69.03286669295979,67.29185872075081,70.81110566317811,67.4236851289369,68.19844289704275,67.88425443993147,65.7596030439171,71.56343575729328,66.6271959869069,68.96052610697286,68.0960976951127,65.4852237260777,70.09084141860772,66.29786578352429,70.92086790351708,66.22895252973785,67.83184176420897,65.32196947595189,66.07086743604053,65.08828464249679,64.69879361286331,68.08399614243044,57.709667157256604,59.74364859844751,60.574006531597774,73.92856479933978,66.5478418939157,71.73132879126416,68.19835060471519,68.34453685723616,69.85081187618465,69.87422102331169,69.6607401752979,71.87931892944798,70.82988415847362,70.69881362762113,71.14424157830645,69.02549894312467,71.29160999852951,68.8213023800741,71.94604993350535,71.50985786264688,71.57048894149928
Rainy season,19,70.46427888196672,79.9088742443359,85.11594845956922,85.62970099942459,87.93826712387045,87.11409529947566,92.83919175348163,92.34725671624489,97.76289660067035,90.89954659542768,96.86631167045357,97.10132498268749,93.32396308317678,99.67381650346788,99.34213957284487,100.2676543159756,100.21578624972395,97.07942458652951,100.5617415108648,100.6062314737395,99.83514554988751,104.54859656878658,97.81052901346814,103.97705634673736,103.8838671678759,108.92899550341276,104.78002096377755,108.24869411896458,109.82793189737973,104.70114209956833,109.7354835595987,107.87536754196839,110.76660174295304,100.91396854080404,105.87591738311954,103.5735953543801,101.498582725977,106.39895633496398,105.44156093683873,105.69421631553134,104.5377226146554,103.85380105802474,102.2829991982183,102.36324755545971,97.8257391021112,70.50269907041235,71.17588109190827,62.694940927977456,67.12422970021318,63.598394807383116,65.79383506083859,65.8047618710086,67.70460036229635,67.88686703888703,66.81225428482163,67.57175448661464,69.04724373350608,66.69411300321356,66.39933586724706,66.4657539077955,67.06650107818368,67.28101827695032,66.56611935437753,65.85641391140906,68.62957937366451,67.51801542631738,66.2685441868653,69.4542001970317,66.08899834950336,66.11085770589244,66.68658922047702,64.88657238555415,69.59116473223797,63.83505202887095,61.03372688686648,60.800044516652484,60.88289275067647,60.69587405358205,74.14906257830151,67.73508290370947,68.58385159816251,72.35017893141273,67.61377449549431,71.97109308967535,69.02275953660708,70.3693446915977,71.7357262754497,71.6660615692722,70.29678745816655,72.03687918328652,70.40609956567306,70.0353444965497,69.59363336665092,72.49007351653795,68.97102563129036,72.5643676175266
